car_id,model,car_type,fuel_type,target_class,min_rating,mean_rating,max_speed,driver_rating_mean,driver_accident_mean,avg_destroy_degree,total_work_duration,speed_avg_mean,speed_avg_std,year,price,power,box
y13744087j,Kia Rio X-line,economy,petrol,another_bug,0.1,4.737758620689656,180.85572556050948,8.229885057471265,17.724137931034484,3.0485714285714285,933,44.66091954022989,9.736705551042842,2020.0,944900.0,100.0,Механическая
O41613818T,VW Polo VI,economy,petrol,electro_bug,0.0,4.48051724137931,187.8627335471007,7.988505747126437,6.965517241379311,2.917142857142857,873,49.86206896551724,15.183023995896075,,,,
d-2109686j,Renault Sandero,standart,petrol,gear_stick,0.1,4.7683908045977015,102.38285735291586,7.843103448275862,9.775862068965518,3.74,915,44.00574712643678,9.675364775687878,2018.0,697000.0,82.0,Механическая
u29695600e,Mercedes-Benz GLC,business,petrol,engine_fuel,0.1,3.880919540229885,172.79323664031617,8.524137931034483,19.991304347826087,4.085714285714285,1007,49.3448275862069,14.815105231947742,2019.0,4690000.0,197.0,Классический автомат
N-8915870N,Renault Sandero,standart,petrol,engine_fuel,0.1,4.181149425287356,203.46228927518268,8.112068965517242,15.758333333333333,3.88,981,50.60344827586207,14.75496153077892,2018.0,697000.0,82.0,Механическая
b12101843B,Skoda Rapid,economy,petrol,engine_ignition,0.1,4.3517816091954025,180.8862893763377,8.020114942528735,7.436781609195402,3.568571428571429,831,48.13218390804597,13.21147683109151,2019.0,847000.0,90.0,Механическая
Q-9368117S,Nissan Qashqai,standart,petrol,engine_overheat,0.1,4.392126436781609,174.98478561145714,7.818965517241379,9.232558139534884,3.0142857142857142,755,51.66091954022989,15.935018740840732,2017.0,1413000.0,115.0,Механическая
O-2124190y,Tesla Model 3,premium,electro,gear_stick,0.1,4.7123563218390805,95.89073640916286,9.11896551724138,14.566265060240964,3.2314285714285718,970,43.85057471264368,9.71445348973437,,,,
h16895544p,Kia Sportage,standart,petrol,gear_stick,0.32,4.507758620689655,101.79861494928544,7.8212643678160925,9.60919540229885,3.742857142857143,993,43.13218390804597,9.132284018138488,2018.0,1544900.0,150.0,Механическая
K77009462l,Smart ForFour,economy,petrol,gear_stick,0.1,4.376839080459771,125.25498324154968,7.87183908045977,9.630057803468208,3.3085714285714283,882,44.95977011494253,11.043978923697685,2014.0,890000.0,71.0,Механическая
s45684436W,VW Polo,economy,petrol,engine_check,0.1,4.675804597701149,164.22020969763824,8.121264367816092,14.272,2.5457142857142854,1101,45.695402298850574,10.540002610983182,,,,
E-7624014J,VW Polo VI,economy,petrol,electro_bug,0.0,4.226379310344828,187.0,8.040229885057471,8.10919540229885,3.742857142857143,985,49.770114942528735,13.900722440930018,,,,
I49569137x,Kia Rio,economy,petrol,engine_check,0.16,4.70051724137931,153.54720575175003,8.112068965517242,14.991935483870968,2.5285714285714285,942,44.0,10.008666764590789,2020.0,944900.0,100.0,Механическая
f20619972B,Skoda Rapid,economy,petrol,engine_check,0.1,4.57948275862069,158.0,8.114367816091955,17.390243902439025,3.2,1078,44.16666666666666,10.132693798904151,2019.0,847000.0,90.0,Механическая
N18554472N,Smart Coupe,economy,petrol,engine_check,0.1,4.6533908045977,164.0,8.14080459770115,17.417391304347827,2.7485714285714287,863,45.64367816091954,9.807955967772443,,,,
O-2225875m,VW Tiguan,economy,petrol,wheel_shake,0.13,4.642126436781609,126.51942289744318,8.035632183908046,16.81512605042017,3.3485714285714288,912,44.53448275862069,10.574069358317011,,,,
B11433908y,VW Tiguan,economy,petrol,engine_fuel,0.1,4.031896551724138,165.91195642713998,8.074137931034484,16.876033057851238,3.597142857142857,924,50.30459770114943,14.671126202745082,,,,
K20059604P,Skoda Rapid,economy,petrol,electro_bug,0.0,4.285747126436782,209.98283950882248,8.017241379310345,7.166666666666667,3.051428571428571,992,48.37356321839081,14.018303145111204,2019.0,847000.0,90.0,Механическая
D10115495S,Smart ForTwo,economy,petrol,gear_stick,0.1,4.387931034482759,101.83942030119768,7.840229885057472,9.045977011494251,4.094285714285714,1023,44.67816091954023,9.576578187297558,2014.0,890000.0,71.0,Механическая
s-2136281x,Smart ForTwo,economy,petrol,engine_fuel,0.1,3.85867816091954,161.08277896296124,8.032183908045976,18.08,3.717142857142857,1059,52.63218390804597,14.595204646430435,2014.0,890000.0,71.0,Механическая
z72983842Y,Kia Rio X,economy,petrol,gear_stick,0.1,4.456436781609195,120.02441407681069,7.829885057471265,9.491329479768789,4.388571428571429,1062,44.33908045977012,10.379223982506492,2020.0,944900.0,100.0,Механическая
s-1094161i,Mercedes-Benz E200,business,petrol,engine_overheat,0.1,4.447126436781609,175.24442527517795,8.086206896551724,9.739884393063583,3.848571428571428,894,48.72413793103448,13.745994397252764,,,,
Z-1155909A,Nissan Qashqai,standart,petrol,engine_overheat,0.1,3.897471264367816,181.59713594116903,7.787931034482758,8.313953488372093,3.68,984,50.76436781609196,14.995440362955602,2017.0,1413000.0,115.0,Механическая
Z-1196295K,Smart ForTwo,economy,petrol,engine_overheat,0.1,4.130114942528736,186.1179531519749,7.908620689655172,9.264367816091951,4.731428571428571,863,50.3448275862069,13.918696691865923,2014.0,890000.0,71.0,Механическая
i31421704Y,Renault Kaptur,standart,petrol,engine_check,0.1,4.571494252873563,156.0,8.059770114942529,18.204918032786885,3.145714285714285,1023,43.80459770114943,9.4628437726175,2020.0,1140000.0,114.0,Механическая
t10463236f,Mini Cooper,business,petrol,engine_ignition,0.1,4.074942528735632,195.2360632275796,8.017816091954023,7.390804597701149,3.0885714285714285,912,50.68390804597701,14.091692904557323,2014.0,1950000.0,231.0,Классический автомат
v13404305i,Kia Sportage,standart,petrol,break_bug,0.33,5.331206896551724,112.2626779670123,7.998850574712644,6.965517241379311,3.6885714285714286,859,45.172413793103445,9.888636435632025,2018.0,1544900.0,150.0,Механическая
m20203244V,Kia Rio,economy,petrol,engine_overheat,0.1,4.217011494252874,177.13405127768635,7.8356321839080465,9.275862068965518,3.748571428571428,876,49.89655172413793,14.92798472417006,2020.0,944900.0,100.0,Механическая
k-1015732Y,Nissan Qashqai,standart,petrol,engine_overheat,0.1,4.1498275862068965,197.5346514078148,7.83735632183908,8.948275862068966,4.694285714285715,956,51.05747126436781,15.520529996491808,2017.0,1413000.0,115.0,Механическая
m-8965256V,VW Tiguan,economy,petrol,engine_ignition,0.1,4.067528735632184,183.49692933404805,7.967241379310344,6.982758620689655,2.3342857142857145,936,49.33908045977012,14.371011736837096,,,,
U13022243O,Renault Sandero,standart,petrol,electro_bug,0.0,3.916206896551724,185.339612336748,8.020689655172413,7.689655172413793,3.237142857142857,857,49.37356321839081,13.797192977228866,2018.0,697000.0,82.0,Механическая
j12330862q,Hyundai Solaris,economy,petrol,gear_stick,0.1,4.660172413793103,101.33342383388566,7.80632183908046,9.44767441860465,3.237142857142857,927,44.51724137931034,10.229575244704144,2020.0,780000.0,100.0,Механическая
C-5320082T,Kia Rio X,economy,petrol,electro_bug,0.0,4.278965517241379,172.0510387003145,8.030459770114943,8.454022988505747,2.6228571428571428,829,50.41379310344828,14.514136401157227,2020.0,944900.0,100.0,Механическая
s17672064L,Smart ForTwo,economy,petrol,gear_stick,0.1,4.508448275862069,110.02402089612136,7.852298850574712,9.098265895953755,3.4657142857142857,985,44.02873563218391,9.74022596556884,2014.0,890000.0,71.0,Механическая
d19359573S,Smart ForTwo,economy,petrol,engine_overheat,0.1,3.944827586206896,193.7127461972635,7.850574712643678,9.248554913294798,4.191428571428571,921,48.7183908045977,13.975867133577305,2014.0,890000.0,71.0,Механическая
O22361854N,VW Polo VI,economy,petrol,engine_overheat,0.1,4.046149425287356,192.4459711469768,7.749425287356322,9.114942528735632,2.8,917,47.770114942528735,14.160272644762,,,,
i-1479300M,Skoda Rapid,economy,petrol,another_bug,0.1,4.67183908045977,169.08232539229763,8.063218390804598,15.263565891472869,3.8,848,45.98850574712644,11.276856706381764,2019.0,847000.0,90.0,Механическая
L60286103R,VW Polo VI,economy,petrol,break_bug,0.36,5.319080459770115,122.63770448111772,8.020114942528735,7.517241379310345,3.105714285714286,919,44.97701149425287,10.697065678895102,,,,
p26377723i,Hyundai Solaris,economy,petrol,break_bug,0.45,5.414597701149425,113.61741681708182,8.00919540229885,6.890804597701149,3.9,883,45.367816091954026,9.597826033385807,2020.0,780000.0,100.0,Механическая
W-1512641W,Renault Kaptur,standart,petrol,engine_overheat,0.1,4.275977011494253,189.4908427961317,7.912643678160919,9.815028901734104,4.645714285714286,946,49.58045977011494,14.58607570293213,2020.0,1140000.0,114.0,Механическая
y-3838245t,Kia Sportage,standart,petrol,engine_overheat,0.1,4.044310344827586,181.5948050220017,7.855747126436782,8.982558139534884,2.74,919,51.195402298850574,14.214572901962155,2018.0,1544900.0,150.0,Механическая
b-2719977Z,Kia Rio X,economy,petrol,another_bug,0.94,4.767241379310345,200.0,8.083333333333334,13.945736434108529,3.2142857142857144,942,43.867816091954026,9.374655221441246,2020.0,944900.0,100.0,Механическая
D-2109758O,VW Tiguan,economy,petrol,engine_fuel,0.1,3.9442528735632174,168.47728484452395,8.047126436781609,16.388429752066116,3.765714285714286,817,48.833333333333336,14.175238254650534,,,,
M89853598O,Kia Rio X,economy,petrol,engine_overheat,0.1,3.995,199.4113740601043,7.899999999999999,9.46551724137931,3.3457142857142856,819,51.43103448275862,14.669907938486167,2020.0,944900.0,100.0,Механическая
z34396656x,Nissan Qashqai,standart,petrol,engine_ignition,0.1,3.96396551724138,185.2793921491877,7.91551724137931,6.655172413793103,2.8885714285714283,975,51.58620689655172,15.424664374900791,2017.0,1413000.0,115.0,Механическая
S19803153J,Hyundai Solaris,economy,petrol,another_bug,0.12,4.627988505747126,177.0,8.063218390804598,17.70175438596491,3.505714285714286,1064,43.735632183908045,8.899515827727686,2020.0,780000.0,100.0,Механическая
y35650754l,VW Tiguan,economy,petrol,wheel_shake,0.1,4.63,124.25252355038036,8.068965517241379,15.042372881355933,2.782857142857143,853,43.62643678160919,8.964515271384931,,,,
U-1719392C,Skoda Rapid,economy,petrol,engine_overheat,0.1,3.972298850574712,197.01095885357128,7.856896551724137,9.167630057803468,4.722857142857143,1033,50.72413793103448,14.36211269432352,2019.0,847000.0,90.0,Механическая
Q12359942h,Kia Rio,economy,petrol,electro_bug,0.0,4.1194252873563215,176.29222859928723,7.979885057471264,7.574712643678161,3.617142857142857,802,50.32758620689656,15.201218308759334,2020.0,944900.0,100.0,Механическая
F-2082660j,Kia Rio X,economy,petrol,engine_ignition,0.1,4.167356321839081,191.0884826422516,7.969540229885058,7.068965517241379,3.125714285714286,779,49.63218390804597,13.961230333620671,2020.0,944900.0,100.0,Механическая
C15164392z,Skoda Rapid,economy,petrol,electro_bug,0.0,4.655459770114942,188.9783976993745,7.975287356321839,6.839080459770115,4.334285714285714,914,50.51724137931034,15.451854795573253,2019.0,847000.0,90.0,Механическая
A-6969550V,Smart ForFour,economy,petrol,engine_overheat,0.1,4.099540229885058,198.48929834405112,7.893103448275863,10.43103448275862,4.051428571428572,918,49.195402298850574,14.846683972582186,2014.0,890000.0,71.0,Механическая
H21489304G,Renault Kaptur,standart,petrol,another_bug,0.21,4.839252873563218,174.22778926826246,8.101149425287355,11.383928571428571,3.5,1002,44.55172413793103,11.046678281565375,2020.0,1140000.0,114.0,Механическая
Y-4731644Z,Kia Rio X,economy,petrol,electro_bug,0.0,4.926149425287356,173.3784470017017,8.079885057471264,7.954022988505747,3.211428571428572,914,47.0919540229885,12.06258456752702,2020.0,944900.0,100.0,Механическая
Y-1002609O,Renault Kaptur,standart,petrol,gear_stick,0.1,4.51735632183908,106.10855165450626,7.775287356321839,8.884393063583815,3.954285714285714,855,45.38505747126437,10.851387367527996,2020.0,1140000.0,114.0,Механическая
q11941907L,Skoda Rapid,economy,petrol,engine_ignition,0.1,3.8498275862068967,188.93888746580387,8.073563218390804,7.977011494252873,3.0771428571428574,1025,52.01724137931034,15.921946223272297,2019.0,847000.0,90.0,Механическая
W17831606Y,Hyundai Solaris,economy,petrol,another_bug,0.1,4.567528735632184,190.0,8.091954022988507,16.897435897435898,3.3028571428571425,808,44.37931034482759,10.127215526457125,2020.0,780000.0,100.0,Механическая
u-1788771U,VW Polo,economy,petrol,engine_fuel,0.1,4.005057471264368,176.41196496069557,8.120689655172415,20.43548387096774,4.445714285714286,949,51.17816091954023,14.085510328792145,,,,
F-1257166O,Kia Rio X,economy,petrol,engine_overheat,0.1,3.967126436781609,182.81232444321336,7.892528735632184,9.64367816091954,3.6885714285714286,907,48.45977011494253,14.640433833634194,2020.0,944900.0,100.0,Механическая
k82740809C,Renault Sandero,standart,petrol,engine_fuel,0.1,4.11235632183908,177.16996506616007,8.067241379310346,16.26271186440678,3.1,906,51.17816091954023,15.225753398122183,2018.0,697000.0,82.0,Механическая
A13746070T,Renault Sandero,standart,petrol,break_bug,0.1,5.20448275862069,123.619141685415,8.047701149425286,7.666666666666667,4.414285714285715,936,45.16091954022989,10.466984773459073,2018.0,697000.0,82.0,Механическая
E-1356165C,Kia Sportage,standart,petrol,break_bug,0.85,5.402298850574713,106.6379771119483,7.985057471264368,7.17816091954023,4.114285714285714,1023,44.41379310344828,9.525204440496116,2018.0,1544900.0,150.0,Механическая
w-1247670S,Nissan Qashqai,standart,petrol,engine_overheat,0.1,4.254425287356321,181.0461654805773,7.83448275862069,9.601156069364162,3.397142857142857,842,49.741379310344826,14.456104990519078,2017.0,1413000.0,115.0,Механическая
t11173721p,Kia Rio X,economy,petrol,engine_overheat,0.1,4.097758620689655,182.2791399577897,7.913218390804598,8.942196531791907,4.268571428571429,780,48.5919540229885,13.525832432073557,2020.0,944900.0,100.0,Механическая
i-1340626g,Smart ForTwo,economy,petrol,electro_bug,0.0,4.256264367816092,184.88662278210808,7.931609195402299,6.977011494252873,3.142857142857143,876,50.695402298850574,13.9915036815471,2014.0,890000.0,71.0,Механическая
G11530237Q,VW Polo VI,economy,petrol,engine_fuel,0.1,3.985344827586207,179.75906074515763,8.159770114942528,15.912280701754383,3.8314285714285714,876,48.88505747126437,13.47137859783318,,,,
z-1854947J,Smart Coupe,economy,petrol,another_bug,0.22,4.856896551724138,196.6015272676526,8.132758620689655,13.98165137614679,3.5142857142857142,892,44.672413793103445,9.793925091933174,,,,
G-1102710u,VW Polo,economy,petrol,electro_bug,0.0,4.346206896551724,198.5944433202849,7.991954022988505,8.005747126436782,4.002857142857143,859,49.4367816091954,15.824690702344302,,,,
q-1861373D,Smart ForTwo,economy,petrol,another_bug,0.1,4.795919540229885,181.0690689368081,8.148275862068965,18.871794871794872,3.76,1094,43.88505747126437,9.780747027933174,2014.0,890000.0,71.0,Механическая
F-1720906M,Volkswagen ID.4 ,premium,electro,another_bug,0.1,4.793275862068965,171.0,9.22528735632184,22.02912621359223,3.877142857142857,1043,44.90229885057471,10.06950960009834,,,,
N-1361542t,Kia Sportage,standart,petrol,engine_ignition,0.1,3.9530459770114943,191.02478969031603,7.929885057471264,6.5344827586206895,3.222857142857143,1007,49.62068965517241,14.403549160653444,2018.0,1544900.0,150.0,Механическая
b-1432630h,VW Polo,economy,petrol,wheel_shake,0.1,4.567471264367816,119.0,8.068390804597701,14.86065573770492,3.442857142857143,849,45.32183908045977,10.748834326232735,,,,
h-5381376K,Kia Sportage,standart,petrol,engine_ignition,0.1,4.288045977011494,191.9809966070908,7.922988505747126,7.057471264367816,2.1685714285714286,845,48.58620689655172,14.198470750625518,2018.0,1544900.0,150.0,Механическая
P-1870462h,Hyundai Solaris,economy,petrol,break_bug,0.1,5.322011494252873,136.88354743464512,7.859195402298851,7.339080459770115,2.9228571428571426,797,44.672413793103445,11.116390956472772,2020.0,780000.0,100.0,Механическая
v-9248915k,Kia Rio,economy,petrol,gear_stick,0.1,4.392011494252873,105.05018426587966,7.842528735632183,8.491329479768787,3.337142857142857,856,45.68390804597701,9.557134230337976,2020.0,944900.0,100.0,Механическая
K51907129A,Smart ForTwo,economy,petrol,electro_bug,0.0,4.191091954022989,200.0,7.959195402298851,7.442528735632184,3.3400000000000003,864,48.92528735632184,14.396135627841762,2014.0,890000.0,71.0,Механическая
X-1892335q,Hyundai Solaris,economy,petrol,engine_overheat,0.1,4.2748850574712645,191.66632929664712,7.741379310344827,8.982758620689655,2.8400000000000003,861,50.08045977011494,12.831697017242217,2020.0,780000.0,100.0,Механическая
v19385068r,Smart ForTwo,economy,petrol,wheel_shake,0.26,4.645114942528736,146.07247806839624,8.183333333333334,18.39090909090909,3.58,880,45.0919540229885,11.652117507238676,2014.0,890000.0,71.0,Механическая
m-9741436p,Kia Rio X-line,economy,petrol,electro_bug,0.0,4.294655172413793,180.94447330813827,7.970689655172414,7.942528735632184,3.517142857142857,979,50.00574712643678,14.01588575455787,2020.0,944900.0,100.0,Механическая
I13605989C,VW Tiguan,economy,petrol,wheel_shake,0.1,4.669022988505747,137.91845786696285,8.128735632183908,15.11111111111111,3.1942857142857144,830,44.367816091954026,10.003600441469656,,,,
C-1374739x,Hyundai Solaris,economy,petrol,another_bug,0.65,4.761091954022988,173.0,8.176436781609196,16.511627906976745,3.237142857142857,822,45.97701149425287,11.911015945073606,2020.0,780000.0,100.0,Механическая
h20080273C,Kia Rio,economy,petrol,wheel_shake,0.1,4.368850574712644,131.8727997742751,8.086781609195402,15.786324786324789,3.16,877,44.82183908045977,11.302840456211856,2020.0,944900.0,100.0,Механическая
g-1944591e,Skoda Rapid,economy,petrol,engine_overheat,0.1,4.341034482758621,199.88926587922344,7.899425287356322,9.705202312138727,3.091428571428572,770,49.02298850574713,14.222409258675349,2019.0,847000.0,90.0,Механическая
b17225071g,VW Polo VI,economy,petrol,gear_stick,0.1,4.56867816091954,99.40808742247174,7.735057471264368,8.751445086705202,3.325714285714286,1034,44.741379310344826,10.127899447538654,,,,
O13657804w,Mini Cooper,business,petrol,engine_overheat,0.1,4.371149425287356,182.4054623537517,7.887931034482759,9.327586206896552,3.1028571428571428,963,49.62643678160919,14.245721067498634,2014.0,1950000.0,231.0,Классический автомат
V-7306183J,Renault Sandero,standart,petrol,engine_fuel,0.1,4.122413793103448,167.53882607433934,8.112068965517242,14.543859649122806,4.4,914,51.10919540229885,16.1289825099269,2018.0,697000.0,82.0,Механическая
A56074965v,Skoda Rapid,economy,petrol,engine_fuel,0.1,3.925114942528736,176.98447366780988,8.070689655172414,18.446428571428573,4.088571428571428,916,52.43103448275862,15.029195559139998,2019.0,847000.0,90.0,Механическая
f19927901y,Smart Coupe,economy,petrol,engine_fuel,0.1,4.347413793103448,164.44147310022723,8.037931034482758,16.10924369747899,2.7885714285714287,1003,50.06896551724138,15.367778846317522,,,,
a-7058206h,Kia Rio X,economy,petrol,engine_check,0.1,4.60896551724138,179.7583006041497,8.064942528735632,15.442622950819672,2.857142857142857,866,45.54597701149425,10.426492541971731,2020.0,944900.0,100.0,Механическая
a55365942d,Hyundai Solaris,economy,petrol,engine_fuel,0.1,4.110114942528735,179.61804476901682,8.11551724137931,16.852459016393443,3.4657142857142857,965,49.64367816091954,13.946203006569393,2020.0,780000.0,100.0,Механическая
z-1220018d,VW Polo VI,economy,petrol,wheel_shake,0.14,4.780919540229885,119.0,8.083908045977012,13.481818181818182,3.3200000000000003,957,42.798850574712645,9.63794277155226,,,,
R21058725x,Kia Rio,economy,petrol,engine_overheat,0.1,3.9791954022988505,182.0,7.808045977011494,8.60344827586207,4.454285714285715,834,51.94252873563219,14.820978977314232,2020.0,944900.0,100.0,Механическая
b-2371028p,Smart ForFour,economy,petrol,engine_ignition,0.1,4.32867816091954,165.41888157592098,7.991954022988505,7.416184971098266,3.431428571428571,957,49.14942528735632,14.498179064958064,2014.0,890000.0,71.0,Механическая
G43865383Q,Kia Rio,economy,petrol,electro_bug,0.0,4.202931034482758,200.0,7.961494252873563,6.747126436781609,4.168571428571429,911,49.17816091954023,15.033964824102016,2020.0,944900.0,100.0,Механическая
e78313402L,Kia Rio X,economy,petrol,wheel_shake,0.1,4.670574712643678,128.6081739429445,8.09655172413793,15.491379310344827,3.4571428571428573,917,43.41954022988506,9.152646909617427,2020.0,944900.0,100.0,Механическая
d-6672088A,Kia Rio X,economy,petrol,engine_fuel,0.1,4.378218390804597,155.0373454944734,8.066091954022989,17.251968503937007,3.0142857142857142,929,47.28735632183908,12.061890539015474,2020.0,944900.0,100.0,Механическая
b-8415196u,Smart ForFour,economy,petrol,another_bug,0.1,4.938505747126436,183.0,8.191379310344827,15.73873873873874,3.648571428571429,918,43.33908045977012,10.09578240013846,2014.0,890000.0,71.0,Механическая
N18957837j,VW Polo,economy,petrol,engine_fuel,0.1,4.042643678160919,184.05052424110104,8.086781609195402,14.836065573770492,3.1714285714285717,987,49.64942528735632,14.34537143990078,,,,
v69592222X,Smart ForFour,economy,petrol,another_bug,0.1,4.6819540229885055,192.0,8.070689655172414,15.657657657657658,3.5742857142857143,905,44.42528735632184,9.815797322916724,2014.0,890000.0,71.0,Механическая
n19871201N,Tesla Model 3,premium,electro,another_bug,0.1,4.648448275862069,195.2439613171936,9.245977011494253,20.782258064516128,3.56,858,44.747126436781606,11.190126108795296,,,,
A-1683178f,Smart ForTwo,economy,petrol,engine_check,0.1,4.3372988505747125,177.03417210125264,8.077011494252874,15.22608695652174,2.9057142857142857,991,47.02873563218391,10.725383516281562,2014.0,890000.0,71.0,Механическая
c-1462399e,Kia Sportage,standart,petrol,engine_ignition,0.1,3.748620689655173,187.0,7.929885057471264,7.271676300578035,2.934285714285714,865,50.2816091954023,14.072726286728765,2018.0,1544900.0,150.0,Механическая
C38293729H,Smart ForTwo,economy,petrol,engine_fuel,0.1,4.267988505747127,162.29877905302413,8.058045977011494,17.67479674796748,3.2314285714285718,983,47.37931034482759,13.27542070509816,2014.0,890000.0,71.0,Механическая
M-4645533N,Hyundai Solaris,economy,petrol,break_bug,0.1,5.328390804597701,113.68580195567236,7.97183908045977,6.839080459770115,3.611428571428572,863,43.35632183908046,9.002860189697651,2020.0,780000.0,100.0,Механическая
i22101695X,Fiat 500,business,petrol,engine_check,0.1,4.450114942528736,159.69889100318608,8.149425287356323,18.512396694214875,2.982857142857143,965,45.206896551724135,10.249644495213186,2015.0,990000.0,100.0,Механическая
c22334367p,Renault Sandero,standart,petrol,engine_overheat,0.1,4.129540229885057,190.9486179582776,7.859770114942528,9.46551724137931,3.454285714285714,955,51.52873563218391,14.301735276467154,2018.0,697000.0,82.0,Механическая
S61532080S,Hyundai Solaris,economy,petrol,engine_overheat,0.1,4.10551724137931,185.50880081960668,7.905172413793103,9.21264367816092,3.3457142857142856,932,48.70114942528736,14.634755482595068,2020.0,780000.0,100.0,Механическая
W-3482364r,Kia Rio X,economy,petrol,another_bug,0.33,4.804022988505747,194.0,8.051724137931034,14.68032786885246,3.111428571428572,823,44.10919540229885,10.23112255390592,2020.0,944900.0,100.0,Механическая
r-1098555x,VW Polo,economy,petrol,engine_fuel,0.1,4.152873563218391,159.72187442931693,8.100574712643677,15.108333333333333,3.7628571428571433,1008,48.95977011494253,14.110775284781448,,,,
J-2221564E,Smart ForTwo,economy,petrol,engine_ignition,0.1,3.9685057471264367,191.4318597471467,7.994827586206896,7.190751445086705,3.54,746,49.310344827586206,15.208235025707934,2014.0,890000.0,71.0,Механическая
t89744603y,Smart ForFour,economy,petrol,another_bug,0.1,4.886264367816092,196.0,8.104022988505747,15.252032520325203,3.3514285714285714,989,43.51149425287356,10.587777065457509,2014.0,890000.0,71.0,Механическая
R22777636m,Kia Rio X,economy,petrol,wheel_shake,0.1,4.6994252873563225,126.00949600809513,8.094827586206897,16.936,4.208571428571429,940,44.695402298850574,9.828840516896395,2020.0,944900.0,100.0,Механическая
g95201799l,Kia Rio X-line,economy,petrol,engine_ignition,0.1,4.107126436781609,185.326009245476,8.027586206896551,7.402298850574713,2.894285714285714,929,49.235632183908045,14.05878226755747,2020.0,944900.0,100.0,Механическая
b18050488U,Skoda Rapid,economy,petrol,break_bug,0.1,5.354770114942529,109.9067149081344,8.01206896551724,7.22543352601156,3.931428571428571,883,44.61494252873563,10.654099362858984,2019.0,847000.0,90.0,Механическая
C-2187827F,Kia Sportage,standart,petrol,engine_fuel,0.1,3.842068965517241,193.3685732877934,8.11609195402299,16.14406779661017,3.557142857142857,940,51.867816091954026,16.13024297881398,2018.0,1544900.0,150.0,Механическая
a-6471303K,Renault Sandero,standart,petrol,engine_ignition,0.1,4.267183908045977,173.04906333826102,7.9655172413793105,7.329479768786127,2.6714285714285717,952,48.95402298850575,14.182874999787035,2018.0,697000.0,82.0,Механическая
u16335953I,VW Tiguan,economy,petrol,engine_overheat,0.1,4.410057471264368,173.46117014572314,7.854022988505746,8.597701149425287,3.954285714285714,986,48.48275862068966,14.046053130007545,,,,
Z-1478978u,Kia Rio,economy,petrol,another_bug,0.1,4.748850574712644,196.045081713896,8.074712643678161,15.78225806451613,4.225714285714286,975,45.310344827586206,10.808164698868318,2020.0,944900.0,100.0,Механическая
u-1774078g,Smart ForFour,economy,petrol,another_bug,0.1,4.436149425287356,200.0,8.136206896551725,16.168316831683168,3.66,956,43.45977011494253,10.595346996749536,2014.0,890000.0,71.0,Механическая
e13179173i,VW Polo VI,economy,petrol,engine_ignition,0.1,4.068620689655172,189.8047665509525,8.102873563218392,8.241379310344827,3.08,760,48.54597701149425,13.64477756580435,,,,
V-9361538G,Kia Rio X-line,economy,petrol,break_bug,1.22,5.39235632183908,126.61832377854712,8.122413793103448,7.488505747126437,4.868571428571428,860,45.66091954022989,11.81724864862996,2020.0,944900.0,100.0,Механическая
C22072062B,Nissan Qashqai,standart,petrol,engine_ignition,0.1,4.244712643678161,194.8169460268608,7.9781609195402305,7.385057471264368,3.0771428571428574,932,49.793103448275865,12.679360982999633,2017.0,1413000.0,115.0,Механическая
E68314843q,Kia Sportage,standart,petrol,engine_ignition,0.1,4.208390804597701,182.0445787879931,7.958620689655172,7.189655172413793,2.8457142857142856,820,47.5632183908046,12.858681554350412,2018.0,1544900.0,150.0,Механическая
k88534152q,VW Polo,economy,petrol,wheel_shake,0.1,4.446551724137931,136.63040685162372,8.159770114942528,15.530434782608696,4.448571428571428,1001,44.21264367816092,9.874101168988608,,,,
q12920406o,Kia Sportage,standart,petrol,electro_bug,0.0,4.258965517241379,179.0,8.059195402298851,8.25287356321839,3.9,855,48.04597701149425,13.852992035884856,2018.0,1544900.0,150.0,Механическая
u-1057398c,Smart ForFour,economy,petrol,engine_ignition,0.1,4.119195402298851,180.25959685932625,8.061494252873564,7.959537572254336,2.9971428571428573,841,51.4080459770115,15.29404068756152,2014.0,890000.0,71.0,Механическая
s-3746188l,Smart ForFour,economy,petrol,break_bug,0.1,5.636091954022988,120.08519408646436,8.037931034482758,7.729885057471264,4.394285714285715,1033,45.54022988505747,9.889919662439445,2014.0,890000.0,71.0,Механическая
j37934708f,Smart ForFour,economy,petrol,engine_ignition,0.1,3.978620689655172,185.30720473884284,7.970114942528736,7.689655172413793,2.7,964,48.22988505747127,13.93187483445415,2014.0,890000.0,71.0,Механическая
M-2125716U,Smart ForFour,economy,petrol,gear_stick,0.15,4.374367816091954,102.5502181006026,7.80632183908046,9.208092485549132,3.52,926,45.2528735632184,9.88104788480657,2014.0,890000.0,71.0,Механическая
A-6734908O,VW Polo,economy,petrol,engine_check,0.79,4.671551724137931,161.3040638815686,8.108045977011495,17.776,3.1714285714285717,960,44.95977011494253,10.11686578725111,,,,
f82085811L,VW Polo,economy,petrol,engine_check,0.1,4.606034482758621,160.0,8.188505747126436,17.344,2.5771428571428574,889,44.367816091954026,9.946812243914795,,,,
T-1299777v,Kia Sportage,standart,petrol,electro_bug,0.0,4.069367816091955,176.2560884982147,8.060919540229884,8.32183908045977,3.337142857142857,809,49.89080459770115,14.216518375629214,2018.0,1544900.0,150.0,Механическая
i21928776j,Kia Sportage,standart,petrol,gear_stick,0.1,4.5297701149425285,110.32876720748573,7.772413793103449,9.39080459770115,3.92,869,46.01724137931034,10.927757591914364,2018.0,1544900.0,150.0,Механическая
y11348057n,Renault Sandero,standart,petrol,engine_check,0.1,4.527126436781609,166.79793971734432,8.094252873563219,16.695652173913043,3.1142857142857143,976,45.48850574712644,10.766968597669624,2018.0,697000.0,82.0,Механическая
a-1515400J,VW Polo,economy,petrol,engine_overheat,0.1,4.075057471264367,189.99768465057588,7.909770114942528,10.011695906432749,3.0,888,49.58620689655172,14.500190729571132,,,,
S17262804N,Skoda Rapid,economy,petrol,wheel_shake,0.1,4.68867816091954,115.0,7.968965517241378,18.40650406504065,2.9857142857142858,817,43.88505747126437,9.582529005195148,2019.0,847000.0,90.0,Механическая
W14795073t,Skoda Rapid,economy,petrol,engine_ignition,0.1,4.09028735632184,173.46929074424847,8.036781609195403,7.977011494252873,3.2857142857142856,1187,48.2816091954023,13.298094337252174,2019.0,847000.0,90.0,Механическая
u-1594350q,Kia Rio X-line,economy,petrol,engine_fuel,0.1,4.206264367816092,149.3680569656025,8.079885057471264,14.481818181818182,2.6885714285714286,844,49.02298850574713,12.87330617310319,2020.0,944900.0,100.0,Механическая
j-1145477E,Mercedes-Benz GLC,business,petrol,engine_fuel,0.1,3.9744252873563215,176.0704027710107,8.560919540229884,16.292035398230087,3.702857142857143,941,51.189655172413794,16.058192834370875,2019.0,4690000.0,197.0,Классический автомат
a-7125351Z,VW Tiguan,economy,petrol,engine_ignition,0.1,4.050114942528736,167.51723312036128,7.941379310344828,7.431034482758621,2.48,1000,47.36206896551724,12.485874019462884,,,,
C73458374Q,Kia Sportage,standart,petrol,engine_check,0.1,4.630862068965517,156.0,8.157471264367816,12.991596638655462,3.16,801,44.06896551724138,10.077495219860864,2018.0,1544900.0,150.0,Механическая
H42487546s,Kia Rio X-line,economy,petrol,electro_bug,0.0,4.107586206896552,195.2861626427412,7.960919540229885,7.310344827586207,3.6457142857142855,903,49.695402298850574,14.985321589209146,2020.0,944900.0,100.0,Механическая
f-4873956c,Nissan Qashqai,standart,petrol,engine_fuel,0.1,3.955,175.61102217329213,8.16896551724138,15.893805309734514,4.177142857142857,1203,49.14367816091954,15.135879366472198,2017.0,1413000.0,115.0,Механическая
n-2171056h,Kia Rio X-line,economy,petrol,gear_stick,0.61,4.432183908045977,112.35296240295077,7.789080459770115,9.517441860465116,3.148571428571429,930,44.2816091954023,11.573639859268718,2020.0,944900.0,100.0,Механическая
B18328752a,Renault Kaptur,standart,petrol,break_bug,0.1,5.197068965517241,111.80345313624804,8.010344827586207,7.528735632183908,3.362857142857143,948,45.37931034482759,10.411466976768054,2020.0,1140000.0,114.0,Механическая
N-4929388x,VW Tiguan,economy,petrol,engine_overheat,0.1,4.254080459770115,187.92088758471965,7.862068965517241,9.289017341040465,3.571428571428572,950,49.05172413793103,14.474720735225484,,,,
s-1723833v,BMW 320i,business,petrol,engine_check,0.1,4.675919540229885,158.50322429837283,8.033908045977013,18.5982905982906,2.98,886,45.6551724137931,10.31955054159367,,,,
N15139629D,Renault Sandero,standart,petrol,engine_overheat,0.1,4.094252873563218,195.18456912262545,7.885057471264368,9.201149425287356,4.102857142857142,785,48.48850574712644,13.787293515922055,2018.0,697000.0,82.0,Механическая
z-3170763V,Audi A4,premium,petrol,gear_stick,0.1,4.557873563218391,108.51946819318027,7.9270114942528735,9.316091954022989,3.531428571428571,985,45.14942528735632,11.514784400213626,2015.0,2125000.0,150.0,Робот с одним сцеплением
w-2294853S,Kia Sportage,standart,petrol,another_bug,0.1,4.8612068965517246,167.23283788179316,8.065517241379311,16.43076923076923,3.417142857142857,968,44.241379310344826,9.772517223530167,2018.0,1544900.0,150.0,Механическая
v13590850L,Kia Rio X,economy,petrol,engine_ignition,0.1,4.150977011494253,194.5313150545371,7.933908045977011,7.316091954022989,2.842857142857143,855,48.63793103448276,14.088118565372003,2020.0,944900.0,100.0,Механическая
N-7018320r,Nissan Qashqai,standart,petrol,engine_ignition,0.1,4.157413793103448,193.5739295092904,8.059770114942529,7.729885057471264,2.677142857142857,869,49.48275862068966,14.176722816034424,2017.0,1413000.0,115.0,Механическая
C-8860661H,VW Polo,economy,petrol,gear_stick,0.1,4.523103448275862,101.74359099449605,7.76264367816092,9.0,4.34,960,43.367816091954026,9.925869676990272,,,,
e-1657282o,Nissan Qashqai,standart,petrol,engine_overheat,0.1,4.175689655172414,195.8715085366833,7.836206896551724,9.341040462427744,4.134285714285714,1021,49.867816091954026,13.384910788700596,2017.0,1413000.0,115.0,Механическая
a-1090366N,VW Tiguan,economy,petrol,engine_overheat,0.1,4.169942528735633,174.15821427344915,7.792528735632184,9.36046511627907,3.065714285714286,847,51.02298850574713,14.357110994344,,,,
T-1979577d,Audi Q3,premium,petrol,electro_bug,0.0,4.105919540229885,185.08461278706253,8.036206896551723,7.074712643678161,3.817142857142857,803,50.18390804597701,14.98479285838935,2014.0,2045000.0,150.0,Механическая
T10443943B,Kia Rio X,economy,petrol,break_bug,0.58,5.449022988505747,103.72493460170924,7.967816091954023,7.080459770114943,3.78,841,44.706896551724135,10.317517435676054,2020.0,944900.0,100.0,Механическая
C-7059083l,Kia Rio X-line,economy,petrol,electro_bug,0.0,4.274597701149425,199.89739857965424,7.995402298850575,7.867052023121388,3.7371428571428575,866,49.80459770114943,14.059608098913127,2020.0,944900.0,100.0,Механическая
V-2775445H,Smart Coupe,economy,petrol,electro_bug,0.0,4.092586206896552,158.97588577793218,8.02816091954023,7.189655172413793,4.0,871,49.70114942528736,13.558364474600095,,,,
Y-1359331n,Kia Rio,economy,petrol,engine_check,0.23,4.35183908045977,163.85365932663854,8.097701149425287,16.054545454545455,2.8314285714285714,884,45.10344827586207,11.558881161487976,2020.0,944900.0,100.0,Механическая
J-3845561g,VW Tiguan,economy,petrol,engine_check,0.1,4.516091954022988,153.0,8.158045977011493,16.267857142857142,2.3342857142857145,896,44.247126436781606,9.7815366841308,,,,
J-1519931T,Hyundai Solaris,economy,petrol,break_bug,0.5,5.433448275862069,112.95927324568466,8.044252873563218,7.114942528735632,3.6885714285714286,875,44.49425287356322,9.716648680347754,2020.0,780000.0,100.0,Механическая
w-1534281h,VW Tiguan,economy,petrol,gear_stick,0.1,4.344080459770115,102.91040144607732,7.763218390804598,8.591954022988507,3.2685714285714287,975,43.30459770114943,10.151128620255278,,,,
q25090977a,Skoda Rapid,economy,petrol,engine_ignition,0.1,3.9597701149425286,180.9163530193012,7.960919540229885,6.844827586206897,2.92,850,49.56896551724138,13.965827910033726,2019.0,847000.0,90.0,Механическая
P14343623p,Skoda Rapid,economy,petrol,electro_bug,0.0,4.690344827586207,189.76002902562985,8.122988505747127,7.896551724137931,3.968571428571429,910,47.14367816091954,13.278564595708772,2019.0,847000.0,90.0,Механическая
S87921938R,Kia Sportage,standart,petrol,gear_stick,0.1,4.499080459770116,105.29097027079976,7.798275862068966,8.67816091954023,3.565714285714286,926,44.4080459770115,9.387615977018765,2018.0,1544900.0,150.0,Механическая
Z-2503410m,Renault Sandero,standart,petrol,break_bug,0.57,4.986609195402298,117.71189851291987,8.075287356321839,7.854651162790698,3.834285714285714,966,43.82183908045977,9.03924552183494,2018.0,697000.0,82.0,Механическая
X15138491s,Nissan Qashqai,standart,petrol,engine_ignition,0.1,4.208045977011494,179.59710559588757,8.065517241379311,6.994252873563219,2.1942857142857144,961,50.4080459770115,15.27058995412446,2017.0,1413000.0,115.0,Механическая
s12797973g,VW Tiguan,economy,petrol,wheel_shake,0.1,4.479597701149426,157.22385771459471,8.056896551724138,18.603448275862068,3.5742857142857143,818,44.54022988505747,9.9725688479256,,,,
S-2166867a,Renault Sandero,standart,petrol,another_bug,0.1,4.572183908045977,165.08810537896602,8.069540229885057,13.788617886178862,4.22,858,44.75862068965517,11.32337652336855,2018.0,697000.0,82.0,Механическая
l21968436d,Renault Sandero,standart,petrol,engine_ignition,0.1,4.151551724137931,185.7531778228108,7.975287356321839,7.82183908045977,2.697142857142857,837,49.17816091954023,14.838139618890157,2018.0,697000.0,82.0,Механическая
e48349275H,Smart Coupe,economy,petrol,gear_stick,0.16,4.556436781609196,113.06371740992842,7.9287356321839075,10.189655172413794,3.582857142857143,938,45.4367816091954,9.23889885266817,,,,
J-2076735y,Smart ForFour,economy,petrol,gear_stick,0.44,4.559252873563218,103.37714424951857,7.8356321839080465,8.781609195402298,4.048571428571428,904,44.98850574712644,9.825052622046272,2014.0,890000.0,71.0,Механическая
H73023939E,Kia Rio,economy,petrol,engine_ignition,0.1,4.337758620689655,180.95105856087332,7.954597701149424,7.316091954022989,2.882857142857143,856,49.1551724137931,13.48576863773246,2020.0,944900.0,100.0,Механическая
N-6929570j,Kia Sportage,standart,petrol,engine_overheat,0.1,4.370689655172414,193.52150143052245,7.802873563218391,8.293103448275861,3.7142857142857135,902,50.28735632183908,14.441356833421844,2018.0,1544900.0,150.0,Механическая
a68025486E,Kia Rio X-line,economy,petrol,electro_bug,0.0,4.064655172413793,187.24103112798144,7.924137931034482,7.132183908045977,4.297142857142857,854,51.40229885057471,15.538845427768797,2020.0,944900.0,100.0,Механическая
q-4068323Z,Kia Rio X-line,economy,petrol,electro_bug,0.0,3.942068965517241,160.62432160903296,8.050574712643678,7.511494252873563,3.1085714285714285,906,50.03448275862069,14.298589829706916,2020.0,944900.0,100.0,Механическая
V15348382y,Renault Sandero,standart,petrol,engine_overheat,0.1,4.189655172413793,193.39175021079745,7.8660919540229886,9.235632183908049,3.6,1050,49.66666666666666,15.540859192193953,2018.0,697000.0,82.0,Механическая
u14532736a,Smart ForFour,economy,petrol,engine_overheat,0.1,3.9982758620689656,193.6793229926388,7.824137931034484,9.580459770114942,3.6771428571428566,998,51.03448275862069,14.974311935411505,2014.0,890000.0,71.0,Механическая
V40334761U,Smart Coupe,economy,petrol,electro_bug,0.0,4.156206896551724,200.0,8.022988505747126,7.502890173410405,3.4,807,49.85632183908046,14.448114873129656,,,,
B-2214084P,Kia Rio X,economy,petrol,wheel_shake,0.1,4.501896551724138,143.5682345264992,8.101724137931035,19.570247933884296,3.1942857142857144,873,45.08045977011494,10.227717515053705,2020.0,944900.0,100.0,Механическая
q-1404140E,VW Tiguan,economy,petrol,electro_bug,0.0,4.0248275862068965,192.45785026244403,8.113793103448275,7.385057471264368,4.248571428571428,923,50.04022988505747,14.645072242474937,,,,
A-3681208u,Smart ForFour,economy,petrol,engine_ignition,0.1,4.23948275862069,191.93403535267203,8.020689655172413,7.775862068965517,3.277142857142857,870,50.85057471264368,14.866674323739764,2014.0,890000.0,71.0,Механическая
E16896376o,VW Polo VI,economy,petrol,engine_overheat,0.1,4.147758620689656,187.86917597722763,7.863793103448276,9.728323699421964,2.9457142857142857,921,49.235632183908045,14.380329186674013,,,,
d-2534590I,Renault Kaptur,standart,petrol,another_bug,0.1,4.692701149425287,167.52398525605378,8.108620689655172,20.375,3.4885714285714284,920,44.55747126436781,10.458540578167732,2020.0,1140000.0,114.0,Механическая
S-1965116I,Kia Rio,economy,petrol,break_bug,0.1,5.2443103448275865,107.1943675066249,8.01494252873563,6.873563218390805,3.111428571428572,908,45.50574712643678,10.490153448866796,2020.0,944900.0,100.0,Механическая
b-4266665E,Kia Rio X-line,economy,petrol,gear_stick,0.1,4.758275862068966,119.94281302305744,7.763793103448276,9.046511627906977,4.251428571428572,1032,44.98850574712644,10.09434598553514,2020.0,944900.0,100.0,Механическая
I13914989Z,Tesla Model 3,premium,electro,engine_ignition,0.1,4.152241379310345,195.32130114292468,9.188505747126436,11.901734104046245,3.2857142857142856,896,51.35057471264368,15.718553328564964,,,,
m47130393l,Smart ForTwo,economy,petrol,engine_overheat,0.1,3.862298850574712,196.48412024707844,7.827586206896552,9.304597701149426,3.091428571428572,986,50.4367816091954,13.91568429330278,2014.0,890000.0,71.0,Механическая
Q-7410329X,Audi A3,premium,petrol,engine_overheat,0.1,4.32948275862069,184.9905588172024,7.963218390804597,9.528735632183908,3.888571428571428,899,50.5632183908046,15.025759114964258,2016.0,1645000.0,150.0,Робот с одним сцеплением
d-1297927q,Hyundai Solaris,economy,petrol,engine_check,0.1,4.609597701149426,152.19880173051618,8.105747126436782,17.211382113821138,3.5285714285714285,1046,43.48850574712644,10.016598078222987,2020.0,780000.0,100.0,Механическая
f-1056352e,Hyundai Solaris,economy,petrol,break_bug,0.1,5.599597701149426,110.36229316417312,8.02528735632184,7.413793103448276,4.1085714285714285,1049,46.04597701149425,10.89721611156388,2020.0,780000.0,100.0,Механическая
u-2070489i,Volkswagen ID.4 ,premium,electro,electro_bug,0.0,4.426149425287356,163.3118428973253,9.11896551724138,11.54335260115607,3.537142857142857,853,50.12643678160919,14.69521143955424,,,,
C16363758Y,Smart ForTwo,economy,petrol,electro_bug,0.0,4.044252873563218,170.44005858234846,8.005747126436782,7.810344827586207,4.782857142857143,839,51.36206896551724,16.426784425495153,2014.0,890000.0,71.0,Механическая
i14933910A,Kia Rio X,economy,petrol,engine_ignition,0.1,4.016551724137931,193.7883486812672,7.97183908045977,7.459770114942529,3.1542857142857144,831,49.60344827586207,14.554588877904576,2020.0,944900.0,100.0,Механическая
r-1475357U,Smart ForFour,economy,petrol,break_bug,0.14,5.396954022988506,118.73347052896624,8.120689655172415,7.729885057471264,3.0228571428571427,867,43.41954022988506,10.700973312983876,2014.0,890000.0,71.0,Механическая
X61893871I,Smart ForTwo,economy,petrol,another_bug,0.1,4.83183908045977,198.0,8.060919540229884,16.666666666666668,3.9257142857142857,958,45.189655172413794,10.097427526601669,2014.0,890000.0,71.0,Механическая
j-1317678J,Kia Rio,economy,petrol,another_bug,0.1,4.765229885057472,196.82563704401423,8.055172413793104,15.956521739130435,3.774285714285714,943,44.32183908045977,9.773734121570811,2020.0,944900.0,100.0,Механическая
B-1975805X,Kia Rio X-line,economy,petrol,break_bug,0.74,5.411436781609195,120.82621782249888,7.963218390804597,7.390804597701149,4.242857142857143,999,43.67816091954023,10.017896416980667,2020.0,944900.0,100.0,Механическая
x-7526060y,Kia Rio X-line,economy,petrol,gear_stick,0.71,4.640229885057472,108.05622708112956,7.8212643678160925,9.39655172413793,2.9285714285714284,764,44.85632183908046,9.68325174864378,2020.0,944900.0,100.0,Механическая
v-1386883Q,Renault Sandero,standart,petrol,engine_overheat,0.1,4.395344827586206,176.33722722565014,7.889655172413793,9.83815028901734,4.26,930,49.810344827586206,15.349256045557478,2018.0,697000.0,82.0,Механическая
A-1463575c,Renault Sandero,standart,petrol,engine_check,0.1,4.510804597701149,161.0,8.099425287356322,17.224137931034484,2.882857142857143,803,45.5,11.27212019283056,2018.0,697000.0,82.0,Механическая
w-9263433r,Renault Sandero,standart,petrol,another_bug,0.1,4.909655172413793,200.0,8.111494252873564,17.256880733944953,3.642857142857143,837,44.32758620689656,10.277740576865998,2018.0,697000.0,82.0,Механическая
w19872753k,Kia Rio X-line,economy,petrol,engine_check,0.1,4.504540229885057,165.0,8.010344827586207,18.25409836065574,3.6342857142857135,774,43.798850574712645,9.19850445563395,2020.0,944900.0,100.0,Механическая
C-7911141r,VW Tiguan,economy,petrol,engine_check,0.1,4.713275862068966,159.0,8.085632183908046,17.339285714285715,2.894285714285714,879,46.2816091954023,11.263835718057289,,,,
s-1960417S,Audi Q3,premium,petrol,engine_check,0.1,4.650229885057471,154.0,8.17816091954023,16.491803278688526,2.742857142857143,832,45.22988505747127,9.395240646599802,2014.0,2045000.0,150.0,Механическая
a-8546767B,VW Polo VI,economy,petrol,engine_check,0.1,4.530114942528735,156.85902775345622,8.077586206896552,14.088,2.722857142857143,842,43.85057471264368,9.666734252728936,,,,
F93868144g,Renault Sandero,standart,petrol,break_bug,0.6,5.448103448275862,135.6142367340562,8.044252873563218,7.988505747126437,3.6028571428571428,933,44.32758620689656,10.028378111655387,2018.0,697000.0,82.0,Механическая
T-2012068H,VW Polo,economy,petrol,another_bug,0.1,4.629770114942529,195.0,8.144252873563218,18.289473684210527,3.202857142857143,949,43.5,10.116517712920697,,,,
w38704997k,Hyundai Solaris,economy,petrol,another_bug,0.1,4.770862068965517,200.0,8.168390804597701,18.35897435897436,4.345714285714285,1006,44.44827586206897,9.16736940185405,2020.0,780000.0,100.0,Механическая
R14058273F,VW Polo,economy,petrol,break_bug,0.1,5.600057471264368,117.28937999796013,7.897701149425288,6.67816091954023,3.1514285714285712,958,45.13793103448276,10.576090838714572,,,,
Y-1582411z,Smart ForFour,economy,petrol,engine_ignition,0.1,4.188218390804598,194.47519027388284,7.912643678160919,6.67816091954023,2.882857142857143,988,50.310344827586206,14.645570140349534,2014.0,890000.0,71.0,Механическая
Q14512280H,Kia Sportage,standart,petrol,electro_bug,0.0,4.574597701149425,200.0,7.992528735632185,6.931034482758621,3.251428571428572,775,51.04022988505747,15.599154859055336,2018.0,1544900.0,150.0,Механическая
S18780622c,Kia Sportage,standart,petrol,engine_ignition,0.1,4.312356321839081,186.6152777003699,7.964367816091953,7.057471264367816,3.2857142857142856,958,47.770114942528735,13.748947326536236,2018.0,1544900.0,150.0,Механическая
K20448785V,Smart ForFour,economy,petrol,engine_fuel,0.1,4.128333333333334,197.82220126115232,8.148275862068965,18.10483870967742,4.231428571428571,926,51.41379310344828,14.32250480574901,2014.0,890000.0,71.0,Механическая
c95874857y,Nissan Qashqai,standart,petrol,engine_ignition,0.1,3.911666666666666,184.51942487229485,7.980459770114942,7.448275862068965,2.9057142857142857,933,50.5,14.476111476090813,2017.0,1413000.0,115.0,Механическая
g25517695C,Mercedes-Benz E200,business,petrol,engine_overheat,0.1,4.170344827586207,188.1945551643204,8.019540229885058,9.304597701149426,3.462857142857143,940,49.25862068965517,13.936553605902914,,,,
R-1442786V,VW Polo VI,economy,petrol,engine_check,0.2,4.744885057471264,170.0961805158371,8.005172413793105,15.959677419354838,2.8685714285714288,831,46.37356321839081,12.150957618439511,,,,
g-2283000q,Tesla Model 3,premium,electro,gear_stick,0.1,4.413735632183908,101.97681304452236,9.135632183908044,14.35672514619883,3.4,796,45.08620689655172,10.004538535562126,,,,
I-9353552N,Renault Sandero,standart,petrol,engine_overheat,0.1,4.2011494252873565,186.4851703081078,7.905172413793103,9.273255813953488,3.637142857142857,998,47.810344827586206,13.866152364058912,2018.0,697000.0,82.0,Механическая
n-1751164y,Smart ForTwo,economy,petrol,gear_stick,0.27,4.428275862068966,123.37593392777023,7.917241379310345,9.24712643678161,3.5771428571428574,945,45.14942528735632,9.89777663552556,2014.0,890000.0,71.0,Механическая
E-2364794p,Smart Coupe,economy,petrol,engine_ignition,0.1,4.46632183908046,163.0,8.037931034482758,7.988505747126437,3.76,758,50.33908045977012,14.769714805985124,,,,
Z10584890Y,Kia Rio X,economy,petrol,engine_fuel,0.1,4.070057471264368,176.124471564081,8.086781609195402,15.721739130434782,2.8342857142857145,879,50.52873563218391,14.749420743370424,2020.0,944900.0,100.0,Механическая
r21240148Z,Fiat 500,business,petrol,gear_stick,0.1,4.469885057471265,114.12995459391676,7.903448275862069,9.454022988505749,3.628571428571429,872,44.85632183908046,10.953239562483876,2015.0,990000.0,100.0,Механическая
d13892145k,VW Polo VI,economy,petrol,wheel_shake,0.1,4.782988505747126,139.126176670277,8.135057471264368,14.706349206349206,3.871428571428571,874,44.44252873563219,10.863026672241418,,,,
N10423478l,MINI CooperSE,business,electro,break_bug,0.1,5.337471264367816,99.9402170497675,8.064367816091954,7.531791907514451,3.4,937,43.56896551724138,9.946292891135908,2014.0,1950000.0,231.0,Классический автомат
X45507052P,Smart ForTwo,economy,petrol,electro_bug,0.0,4.449252873563218,171.86661286907662,7.941954022988506,6.942528735632184,3.537142857142857,872,49.7816091954023,14.157597921201605,2014.0,890000.0,71.0,Механическая
w-1247054B,Smart ForFour,economy,petrol,gear_stick,0.1,4.314425287356322,104.4800586040186,7.815517241379311,9.42528735632184,4.674285714285714,991,43.85057471264368,10.06571326249785,2014.0,890000.0,71.0,Механическая
k-7428263u,Smart ForTwo,economy,petrol,engine_fuel,0.1,3.664080459770114,177.32978453952325,8.064942528735632,16.008849557522122,3.891428571428571,971,51.1551724137931,15.01498487442962,2014.0,890000.0,71.0,Механическая
I-1834975z,Mercedes-Benz GLC,business,petrol,electro_bug,0.0,4.072758620689655,181.2135890492056,8.423563218390806,8.741379310344827,3.517142857142857,887,49.47126436781609,13.108563216691838,2019.0,4690000.0,197.0,Классический автомат
X21759757Y,Kia Rio X,economy,petrol,engine_ignition,0.1,3.9685632183908046,195.9175636782577,7.931034482758621,6.005780346820809,2.8914285714285715,959,49.33908045977012,13.834069165281392,2020.0,944900.0,100.0,Механическая
g16808805U,Kia Rio,economy,petrol,another_bug,0.1,4.688908045977011,185.514166971624,8.056321839080459,16.429752066115704,4.051428571428572,903,44.3448275862069,9.613126365809146,2020.0,944900.0,100.0,Механическая
t15817307U,Renault Kaptur,standart,petrol,engine_check,0.1,4.706609195402299,159.0,8.058620689655173,15.124031007751938,2.191428571428572,881,45.206896551724135,9.981645503639912,2020.0,1140000.0,114.0,Механическая
K12580160n,Kia Sportage,standart,petrol,gear_stick,0.33,4.528448275862069,93.68598078826598,7.847701149425287,9.557471264367816,4.048571428571428,1007,45.05172413793103,10.762956832800729,2018.0,1544900.0,150.0,Механическая
v24501032Z,Smart ForFour,economy,petrol,engine_ignition,0.1,3.987988505747126,185.016229320041,7.987931034482759,7.833333333333333,3.2342857142857144,865,49.63218390804597,14.29791604729382,2014.0,890000.0,71.0,Механическая
r-1234134E,Kia Rio X-line,economy,petrol,gear_stick,0.1,4.500287356321839,101.26302719773884,7.852873563218392,9.063583815028904,3.377142857142857,871,45.50574712643678,9.1788567842799,2020.0,944900.0,100.0,Механическая
F-4368553P,Kia Rio X,economy,petrol,gear_stick,0.1,4.509137931034483,122.2234030327454,7.8212643678160925,8.557471264367816,4.211428571428572,1032,45.2183908045977,10.591113394948373,2020.0,944900.0,100.0,Механическая
e19460921k,Renault Kaptur,standart,petrol,break_bug,0.1,5.242471264367817,119.33118428238272,7.994827586206896,7.057471264367816,4.177142857142857,948,44.39655172413793,11.157733503825758,2020.0,1140000.0,114.0,Механическая
l60900580P,VW Polo,economy,petrol,break_bug,0.75,5.426954022988506,99.80874076101192,7.971264367816092,7.706896551724138,4.062857142857142,939,44.94252873563219,9.429208490604346,,,,
L-1528963w,Kia Rio,economy,petrol,break_bug,0.1,5.082126436781609,118.27383390675894,7.966091954022988,7.137931034482759,3.717142857142857,929,43.706896551724135,11.346373137550158,2020.0,944900.0,100.0,Механическая
h-5894617f,Kia Sportage,standart,petrol,engine_ignition,0.1,3.96683908045977,194.73009752206173,7.998275862068966,7.241379310344827,2.58,803,52.81609195402299,15.539640703497868,2018.0,1544900.0,150.0,Механическая
s-4342091J,Renault Kaptur,standart,petrol,another_bug,0.1,4.689022988505747,186.19342763615404,8.06264367816092,15.585585585585584,3.8942857142857146,979,43.9080459770115,10.307001025912577,2020.0,1140000.0,114.0,Механическая
d19132071d,Nissan Qashqai,standart,petrol,engine_overheat,0.1,4.024770114942529,196.91943729126584,7.832758620689655,9.07514450867052,3.8542857142857145,885,51.52298850574713,15.546203381279993,2017.0,1413000.0,115.0,Механическая
T17230987N,Hyundai Solaris,economy,petrol,break_bug,0.38,5.388390804597702,111.35594986133988,8.060919540229884,7.747126436781609,3.6885714285714286,959,45.0,10.673829483280604,2020.0,780000.0,100.0,Механическая
y-9963220p,Kia Sportage,standart,petrol,gear_stick,0.1,4.473448275862069,106.1682100006882,7.790229885057471,8.74712643678161,3.6857142857142855,931,43.45977011494253,10.552707893118392,2018.0,1544900.0,150.0,Механическая
e47564578c,Renault Kaptur,standart,petrol,gear_stick,0.31,4.540919540229885,104.8885372896872,7.808045977011494,8.919540229885058,3.948571428571429,834,44.298850574712645,10.365700378456078,2020.0,1140000.0,114.0,Механическая
A-1925405h,Nissan Qashqai,standart,petrol,engine_overheat,0.1,4.304022988505747,198.209702814105,7.862643678160919,8.68208092485549,3.025714285714286,822,51.00574712643678,15.644717709602242,2017.0,1413000.0,115.0,Механическая
K-1675111t,Mercedes-Benz E200,business,petrol,engine_check,0.1,4.455172413793104,155.0,8.310344827586206,17.10169491525424,2.8657142857142857,958,44.98850574712644,9.813279021466064,,,,
H97009055R,VW Polo VI,economy,petrol,another_bug,0.1,4.766379310344828,193.0,8.013218390804598,13.724409448818898,3.951428571428572,964,44.94252873563219,10.44927889410001,,,,
I19047773k,VW Polo VI,economy,petrol,wheel_shake,0.1,4.5792528735632185,129.4139049774766,8.1183908045977,16.594827586206897,3.277142857142857,955,43.67816091954023,10.226333741891317,,,,
n-4539806B,Kia Sportage,standart,petrol,engine_check,0.1,4.787471264367816,158.0,8.130459770114943,18.13953488372093,3.374285714285714,820,45.55172413793103,10.47458649914566,2018.0,1544900.0,150.0,Механическая
i-1648732d,Renault Kaptur,standart,petrol,break_bug,0.1,5.490402298850575,125.4164246265576,8.001149425287357,7.327586206896552,3.965714285714286,971,44.88505747126437,11.147902456849422,2020.0,1140000.0,114.0,Механическая
e16769908F,Renault Kaptur,standart,petrol,engine_check,0.1,4.508563218390805,159.0,8.107471264367817,17.163636363636364,2.897142857142857,854,44.46551724137931,11.65677086316568,2020.0,1140000.0,114.0,Механическая
F16255698J,Kia Rio X,economy,petrol,engine_ignition,0.1,4.08316091954023,190.4868535639057,8.079885057471264,7.902298850574713,3.565714285714286,933,51.05172413793103,16.34818659982357,2020.0,944900.0,100.0,Механическая
G62687264j,Skoda Rapid,economy,petrol,engine_check,0.42,4.701724137931035,168.04561761944154,8.072413793103447,13.194690265486726,2.882857142857143,994,44.51724137931034,10.406603138287512,2019.0,847000.0,90.0,Механическая
o-1192530z,Renault Sandero,standart,petrol,engine_fuel,0.1,4.067528735632184,181.3080206706258,8.052873563218391,16.866071428571427,2.822857142857143,910,48.61494252873563,13.731782708558256,2018.0,697000.0,82.0,Механическая
I-3923390F,VW Polo,economy,petrol,gear_stick,0.1,4.633793103448276,114.82124394594123,7.779310344827586,9.275862068965518,3.948571428571429,946,44.89655172413793,10.658150543680645,,,,
O-4279569M,VW Polo VI,economy,petrol,gear_stick,0.1,4.628333333333334,106.57309477549748,7.8,9.121387283236997,3.128571428571429,777,44.66091954022989,10.438643815107932,,,,
H16125822e,Smart ForFour,economy,petrol,engine_check,0.1,4.629367816091954,177.30479987123434,8.157471264367816,17.528,3.1885714285714286,970,44.82758620689656,10.751213827480212,2014.0,890000.0,71.0,Механическая
o86542160V,Hyundai Solaris,economy,petrol,gear_stick,0.1,4.57051724137931,123.53239730843904,7.8212643678160925,8.982758620689655,3.294285714285714,885,44.07471264367816,10.406208889070053,2020.0,780000.0,100.0,Механическая
G13398649k,VW Polo,economy,petrol,engine_ignition,0.1,4.133390804597702,187.40151060701365,7.994827586206896,7.551724137931035,3.071428571428572,780,50.32758620689656,14.215177020485507,,,,
a11345005q,Audi A4,premium,petrol,engine_ignition,0.1,3.9803448275862072,199.41420045649733,8.082183908045977,7.252873563218391,2.6,954,50.59770114942529,15.389704365746775,2015.0,2125000.0,150.0,Робот с одним сцеплением
I-1647122N,VW Tiguan,economy,petrol,break_bug,0.3,5.589885057471264,121.98535207401925,8.03103448275862,6.85632183908046,3.74,869,45.31609195402299,10.569783232728629,,,,
j39765515y,Kia Sportage,standart,petrol,break_bug,0.53,5.215919540229885,112.28255124012205,8.059195402298851,7.310344827586207,3.294285714285714,845,43.87356321839081,9.803626317041486,2018.0,1544900.0,150.0,Механическая
s22685968d,Skoda Rapid,economy,petrol,electro_bug,0.0,4.14367816091954,192.30120347804703,8.078735632183909,7.327586206896552,3.42,848,49.793103448275865,14.471928522779102,2019.0,847000.0,90.0,Механическая
Z-3081671k,Nissan Qashqai,standart,petrol,another_bug,0.1,4.694137931034483,193.2754265418052,8.047126436781609,16.504065040650406,3.905714285714285,977,43.02298850574713,10.11149064383336,2017.0,1413000.0,115.0,Механическая
q14945093N,VW Polo VI,economy,petrol,wheel_shake,0.2,4.68448275862069,119.0,8.154022988505746,16.166666666666668,3.462857142857143,896,43.97701149425287,9.657698730776064,,,,
F72202302t,Smart ForTwo,economy,petrol,engine_check,0.37,4.605862068965517,177.4203352309604,7.961494252873563,14.705426356589149,2.8114285714285714,909,45.04597701149425,11.479469531133896,2014.0,890000.0,71.0,Механическая
l21849080k,Skoda Rapid,economy,petrol,break_bug,0.46,5.464712643678161,109.72536447831288,7.996551724137931,7.005747126436781,3.88,949,44.48275862068966,10.72176983596401,2019.0,847000.0,90.0,Механическая
s54993523h,Smart Coupe,economy,petrol,another_bug,0.1,4.567988505747127,187.0,8.125862068965517,17.321100917431192,2.771428571428572,1021,43.78735632183908,9.451162018016513,,,,
y-1123775i,Renault Kaptur,standart,petrol,gear_stick,0.1,4.5086781609195405,131.3321720854777,7.794827586206896,9.104651162790695,3.5142857142857142,815,45.64367816091954,10.33371161013726,2020.0,1140000.0,114.0,Механическая
M14149808l,Kia Rio X,economy,petrol,electro_bug,0.0,4.300747126436782,193.0,7.967241379310344,6.982758620689655,3.568571428571429,878,48.60919540229885,15.223465551415137,2020.0,944900.0,100.0,Механическая
M20404037C,Kia Rio X,economy,petrol,engine_check,0.1,4.702471264367817,159.86812484340285,8.132758620689655,18.47244094488189,3.182857142857143,798,44.10344827586207,9.859163728630586,2020.0,944900.0,100.0,Механическая
b-1571829x,Mercedes-Benz E200,business,petrol,gear_stick,0.1,4.657183908045977,98.97046194043769,8.045402298850576,9.011494252873565,4.057142857142857,941,45.735632183908045,9.671434334346817,,,,
s16958043k,VW Polo VI,economy,petrol,gear_stick,0.1,4.468793103448276,113.40314344182477,7.851149425287356,9.413793103448276,3.6342857142857135,827,45.27586206896552,9.635783088391406,,,,
Y-1266722f,Renault Kaptur,standart,petrol,electro_bug,0.0,3.985804597701149,166.71917522327357,8.036206896551723,7.770114942528735,4.071428571428571,902,49.51149425287356,15.313199756146426,2020.0,1140000.0,114.0,Механическая
d10076210Q,Hyundai Solaris,economy,petrol,engine_overheat,0.1,3.936149425287356,188.2766790344525,7.779885057471264,9.195402298850574,4.385714285714286,878,50.10919540229885,14.517066951519237,2020.0,780000.0,100.0,Механическая
H10820003r,Kia Rio X,economy,petrol,engine_ignition,0.1,4.295977011494253,172.20622436003742,7.960919540229885,7.603448275862069,3.3114285714285714,915,49.95977011494253,14.866013998418763,2020.0,944900.0,100.0,Механическая
W10593018G,Skoda Rapid,economy,petrol,engine_check,0.1,4.808275862068966,153.0,8.186781609195402,17.096491228070175,3.031428571428571,842,44.12068965517241,9.097565423312606,2019.0,847000.0,90.0,Механическая
s-5287107D,Kia Rio,economy,petrol,wheel_shake,0.35,4.409655172413793,145.10363039446585,8.13103448275862,15.934959349593496,4.24,919,44.49425287356322,9.791318040802665,2020.0,944900.0,100.0,Механическая
U66280408d,Renault Kaptur,standart,petrol,break_bug,0.1,5.23316091954023,106.43580899719068,7.989080459770115,7.442528735632184,3.531428571428571,847,44.55172413793103,9.15916877957322,2020.0,1140000.0,114.0,Механическая
D-1146124x,VW Polo VI,economy,petrol,another_bug,0.1,4.544482758620689,176.0,8.092528735632184,14.336065573770492,3.42,928,45.05172413793103,10.172652470316764,,,,
Q-2259244S,Kia Rio X-line,economy,petrol,engine_fuel,0.1,3.775804597701149,177.88003159628315,8.17183908045977,14.792792792792794,3.3714285714285714,836,49.63793103448276,16.110562659964728,2020.0,944900.0,100.0,Механическая
D-7559160p,Smart ForTwo,economy,petrol,gear_stick,0.1,4.302701149425287,111.0491341443846,7.829885057471265,9.316091954022989,4.051428571428572,962,45.41954022988506,10.217963769872082,2014.0,890000.0,71.0,Механическая
h13839988K,Kia Rio X,economy,petrol,break_bug,0.1,5.257011494252874,115.51713862462746,7.970114942528736,7.902298850574713,3.2085714285714286,727,45.741379310344826,12.25154515888292,2020.0,944900.0,100.0,Механическая
H72631192M,Kia Rio X,economy,petrol,engine_fuel,0.1,4.035919540229885,181.032533476098,8.141379310344828,15.302521008403362,4.417142857142857,1010,49.54022988505747,14.62502771911895,2020.0,944900.0,100.0,Механическая
L-4889905g,VW Tiguan,economy,petrol,wheel_shake,0.55,4.645747126436782,132.23199185530038,8.072413793103447,15.366666666666667,4.359999999999999,999,45.47126436781609,10.437082710315176,,,,
z21607339H,Smart Coupe,economy,petrol,wheel_shake,0.13,4.532873563218391,119.0,8.054597701149426,16.43220338983051,3.3657142857142857,905,44.26436781609196,10.469288717264046,,,,
p-3327570V,Skoda Rapid,economy,petrol,break_bug,0.1,5.433850574712643,120.24237644534138,7.8839080459770114,7.862068965517241,4.177142857142857,866,44.01149425287356,10.407305407586902,2019.0,847000.0,90.0,Механическая
g12467053Z,BMW 320i,business,petrol,engine_overheat,0.1,4.024137931034483,191.332150519089,7.850574712643678,9.281609195402298,3.611428571428572,921,48.47701149425287,14.099442051432986,,,,
N21846215c,Mini Cooper,business,petrol,engine_ignition,0.1,4.095114942528736,194.4645425490072,8.055172413793104,7.85632183908046,2.3057142857142856,911,48.810344827586206,13.82105735716345,2014.0,1950000.0,231.0,Классический автомат
i-2453146k,Skoda Rapid,economy,petrol,engine_overheat,0.1,4.213735632183908,188.5540108259918,7.874712643678161,8.867816091954023,2.817142857142857,939,51.833333333333336,16.021330915875634,2019.0,847000.0,90.0,Механическая
m20786215a,Smart Coupe,economy,petrol,engine_ignition,0.1,4.284827586206896,188.92034005261908,7.939655172413793,7.942528735632184,2.6,936,50.22988505747127,14.905638572647202,,,,
n20592045x,VW Polo VI,economy,petrol,gear_stick,0.1,4.623275862068966,121.27781190377776,7.794827586206896,9.011494252873565,3.537142857142857,945,46.30459770114943,11.76230294825247,,,,
H22026851l,Kia Rio X,economy,petrol,engine_check,0.1,4.333333333333333,152.0,8.122988505747127,15.11864406779661,2.974285714285714,876,44.58620689655172,9.55852278249814,2020.0,944900.0,100.0,Механическая
E51339321G,Smart Coupe,economy,petrol,another_bug,0.1,4.9033908045977,197.06420862972595,8.15,19.25,3.262857142857143,869,44.793103448275865,11.18125798813931,,,,
k27919049d,Skoda Rapid,economy,petrol,electro_bug,0.0,4.336436781609195,196.48013717751056,8.047701149425286,7.362068965517241,3.857142857142857,844,48.53448275862069,13.050655666085513,2019.0,847000.0,90.0,Механическая
c33662054g,VW Polo VI,economy,petrol,break_bug,0.1,5.302758620689655,119.01123514608985,7.983333333333332,7.436781609195402,3.4457142857142857,1048,45.39655172413793,11.137510937834035,,,,
S12759270J,Nissan Qashqai,standart,petrol,engine_ignition,0.1,4.036264367816091,191.8532659219865,7.967241379310344,6.7514450867052025,2.7657142857142856,960,50.56896551724138,15.008412364345071,2017.0,1413000.0,115.0,Механическая
M-1009693J,Kia Rio,economy,petrol,electro_bug,0.0,4.134885057471265,178.7924401159983,8.007471264367815,7.712643678160919,3.7,845,49.2528735632184,13.68068415184468,2020.0,944900.0,100.0,Механическая
H82330164N,Smart ForFour,economy,petrol,engine_check,0.1,4.551781609195403,153.0,8.07183908045977,14.051282051282053,3.137142857142857,936,44.53448275862069,9.260299094861384,2014.0,890000.0,71.0,Механическая
Q-1696362K,Skoda Rapid,economy,petrol,gear_stick,0.1,4.408620689655173,107.8513385392724,7.872413793103448,8.982758620689655,3.085714285714286,706,44.35057471264368,10.089087260437434,2019.0,847000.0,90.0,Механическая
a-1300283K,Kia Rio X-line,economy,petrol,engine_ignition,0.1,4.341436781609195,192.08222911651453,7.967816091954023,6.879310344827586,3.0942857142857143,1007,50.50574712643678,15.023968182833949,2020.0,944900.0,100.0,Механическая
f11377802P,VW Polo VI,economy,petrol,engine_ignition,0.1,4.036551724137931,196.155292509854,8.016666666666667,7.172413793103448,2.7,853,50.87356321839081,15.086497885326375,,,,
r-4630038Z,VW Polo VI,economy,petrol,engine_ignition,0.1,3.9728735632183914,178.35666518399452,7.959195402298851,7.287356321839081,3.0228571428571427,937,50.293103448275865,15.596807833348231,,,,
N-1766675j,Kia Rio X,economy,petrol,gear_stick,0.67,4.586206896551724,108.29509156374785,7.712068965517242,8.84393063583815,3.397142857142857,897,44.45977011494253,10.702821839242675,2020.0,944900.0,100.0,Механическая
D-1038999X,Kia Rio X-line,economy,petrol,engine_ignition,0.1,3.996149425287357,198.9541632493945,8.025862068965518,7.809248554913295,3.3342857142857145,757,48.60919540229885,14.215806818845358,2020.0,944900.0,100.0,Механическая
H-2121225S,Renault Kaptur,standart,petrol,engine_check,0.1,4.520977011494253,176.16583939831125,8.102873563218392,14.872,2.8657142857142857,795,45.44827586206897,10.080323213335472,2020.0,1140000.0,114.0,Механическая
U92034837a,Hyundai Solaris,economy,petrol,electro_bug,0.0,4.261609195402299,200.0,8.027586206896551,7.304597701149425,3.8285714285714287,895,50.206896551724135,14.608682137042482,2020.0,780000.0,100.0,Механическая
e47878499e,VW Polo VI,economy,petrol,engine_check,0.37,4.575,162.9898742461263,8.133333333333333,15.991071428571429,3.04,974,45.60919540229885,9.878283909186806,,,,
y15784992m,Smart Coupe,economy,petrol,engine_overheat,0.1,4.058620689655172,192.6492701852916,7.768965517241379,8.735632183908047,3.3685714285714288,988,48.53448275862069,13.616823389127276,,,,
Q19568266H,VW Polo,economy,petrol,break_bug,0.38,5.444540229885058,116.46597415191566,7.93735632183908,6.793103448275862,3.791428571428571,803,44.810344827586206,10.239541789815489,,,,
F-1306753r,Smart Coupe,economy,petrol,engine_overheat,0.1,4.238563218390804,187.2608422220993,7.86551724137931,9.367816091954024,4.325714285714286,853,49.7816091954023,13.92209977465347,,,,
g-1001106Y,Skoda Rapid,economy,petrol,engine_fuel,0.1,4.39551724137931,176.65913739458497,8.11264367816092,14.141592920353984,3.782857142857143,937,50.93103448275862,13.938173227223825,2019.0,847000.0,90.0,Механическая
e41548122F,Smart ForTwo,economy,petrol,electro_bug,0.0,4.440919540229885,197.95334986042505,7.935632183908046,6.931034482758621,3.877142857142857,861,50.52873563218391,15.011239781557572,2014.0,890000.0,71.0,Механическая
d-1191791F,Smart ForTwo,economy,petrol,break_bug,0.1,5.077126436781609,105.46867813033744,7.991954022988505,7.255813953488372,3.842857142857143,929,45.20114942528736,10.541401934304035,2014.0,890000.0,71.0,Механическая
a-3508437r,Audi A4,premium,petrol,another_bug,0.1,4.722873563218391,199.0,8.120689655172415,15.20353982300885,3.682857142857143,894,45.42528735632184,10.167535533190094,2015.0,2125000.0,150.0,Робот с одним сцеплением
n10768003a,Nissan Qashqai,standart,petrol,engine_ignition,0.1,4.077183908045977,191.65484808114607,7.942528735632184,7.5344827586206895,3.525714285714286,989,48.770114942528735,15.180761440250183,2017.0,1413000.0,115.0,Механическая
V-1058917A,Mercedes-Benz E200,business,petrol,gear_stick,0.1,4.565057471264368,109.08188147763322,8.104022988505747,9.218390804597702,3.374285714285714,884,45.22413793103448,11.21318861713848,,,,
G-1064210J,Smart Coupe,economy,petrol,gear_stick,0.1,4.341494252873563,98.63937472682927,7.799425287356321,8.820809248554914,3.414285714285714,944,44.18390804597701,9.096183199603232,,,,
b37898483B,Smart ForTwo,economy,petrol,electro_bug,0.0,4.326781609195402,180.0203032805705,8.036206896551723,7.873563218390805,3.842857142857143,828,48.93103448275862,14.389537868872958,2014.0,890000.0,71.0,Механическая
W-1942072H,Kia Rio,economy,petrol,break_bug,0.48,5.203045977011494,109.61755862499172,8.055172413793104,7.557471264367816,3.277142857142857,882,44.77586206896552,10.11616305883254,2020.0,944900.0,100.0,Механическая
U11089784O,Skoda Rapid,economy,petrol,wheel_shake,0.1,4.712183908045977,124.83103420700316,8.070689655172414,15.508771929824562,3.1514285714285712,902,43.833333333333336,10.350551259136656,2019.0,847000.0,90.0,Механическая
o17364992e,Smart ForFour,economy,petrol,electro_bug,0.0,4.08787356321839,200.0,8.001724137931035,6.942528735632184,4.094285714285714,935,51.10344827586207,15.179872955791058,2014.0,890000.0,71.0,Механическая
w10076088n,Kia Sportage,standart,petrol,engine_overheat,0.1,4.348275862068966,175.9854725130741,7.828160919540229,9.277456647398845,3.377142857142857,910,48.16666666666666,12.52192681868124,2018.0,1544900.0,150.0,Механическая
C-2006279f,Audi A4,premium,petrol,engine_check,0.1,4.633045977011494,157.0,8.13103448275862,18.875,2.582857142857143,954,45.26436781609196,10.947018777651962,2015.0,2125000.0,150.0,Робот с одним сцеплением
E39641246E,Kia Sportage,standart,petrol,gear_stick,0.1,4.519252873563219,105.87056878375618,7.803448275862069,8.331395348837209,3.105714285714286,924,44.77586206896552,10.507431617419067,2018.0,1544900.0,150.0,Механическая
z14099268L,VW Polo VI,economy,petrol,engine_ignition,0.1,3.875229885057471,195.7009337492476,8.032758620689656,6.589595375722543,2.697142857142857,804,50.83908045977012,15.162986241196494,,,,
V-1025313d,VW Tiguan,economy,petrol,wheel_shake,0.1,4.560919540229885,122.70622223407162,8.222413793103449,15.193277310924367,3.3542857142857145,935,45.12643678160919,10.54174700913709,,,,
K20554631n,Nissan Qashqai,standart,petrol,electro_bug,0.0,4.38235632183908,200.0,8.003448275862068,7.827586206896552,2.8028571428571425,821,50.66091954022989,13.26061451877152,2017.0,1413000.0,115.0,Механическая
F51416137Z,Renault Sandero,standart,petrol,engine_ignition,0.1,4.066149425287357,192.62393633922,8.035632183908046,7.526011560693641,3.3714285714285714,863,50.293103448275865,14.923708050924768,2018.0,697000.0,82.0,Механическая
b-3264280n,Hyundai Solaris,economy,petrol,engine_ignition,0.1,3.967528735632184,197.6651833084334,8.02816091954023,7.17816091954023,2.8285714285714287,1031,48.798850574712645,14.00411990786026,2020.0,780000.0,100.0,Механическая
D22362642k,Smart ForFour,economy,petrol,engine_ignition,0.1,3.9155747126436777,188.76619476419148,8.03735632183908,7.511494252873563,2.8857142857142857,984,51.206896551724135,15.020323750607105,2014.0,890000.0,71.0,Механическая
q-1916829q,Audi A4,premium,petrol,engine_fuel,0.1,3.9891379310344823,164.16226193721528,8.113793103448275,17.03076923076923,4.734285714285714,994,51.14942528735632,14.74956939560126,2015.0,2125000.0,150.0,Робот с одним сцеплением
K-3971663p,Kia Rio X,economy,petrol,engine_check,0.62,4.486034482758621,151.2045711893736,8.152298850574713,13.21818181818182,3.4514285714285715,954,45.13793103448276,10.884227771952771,2020.0,944900.0,100.0,Механическая
A-3756325r,VW Tiguan,economy,petrol,break_bug,0.32,5.380114942528736,122.73716856364824,7.970114942528736,6.683908045977011,2.7,909,43.90229885057471,10.05284852521243,,,,
t50494237j,Nissan Qashqai,standart,petrol,engine_fuel,0.1,3.7585632183908046,168.50809500874198,8.127011494252873,15.649572649572647,4.031428571428571,1032,48.810344827586206,13.822730166091231,2017.0,1413000.0,115.0,Механическая
O-1799431p,VW Polo VI,economy,petrol,engine_overheat,0.1,4.177931034482759,192.49849547105205,7.889080459770115,9.632183908045976,3.148571428571428,869,49.58045977011494,14.500223949480144,,,,
R13692872e,Hyundai Solaris,economy,petrol,engine_overheat,0.1,3.9470114942528736,186.32995321060744,7.933908045977011,9.735632183908049,2.674285714285714,777,51.66666666666666,15.00571503202532,2020.0,780000.0,100.0,Механическая
C12335518x,Smart ForFour,economy,petrol,electro_bug,0.0,4.314655172413793,176.73801830244295,7.898850574712644,7.505747126436781,3.4571428571428573,735,49.61494252873563,14.789701374932616,2014.0,890000.0,71.0,Механическая
F19492836W,VW Tiguan,economy,petrol,engine_fuel,0.1,4.224942528735632,171.06762929918253,8.089080459770114,16.693548387096776,4.208571428571429,924,49.2183908045977,14.52279474955556,,,,
X-1992655I,Mercedes-Benz GLC,business,petrol,another_bug,0.1,4.707356321839081,180.42297070546743,8.61609195402299,18.016666666666666,3.8857142857142857,1070,45.247126436781606,11.108600418396446,2019.0,4690000.0,197.0,Классический автомат
l10472079P,Kia Sportage,standart,petrol,break_bug,0.1,5.433735632183908,122.59224574453552,7.957471264367816,6.735632183908046,3.257142857142857,904,45.52298850574713,11.640423895797593,2018.0,1544900.0,150.0,Механическая
O-4874952L,VW Tiguan,economy,petrol,another_bug,0.1,4.503735632183908,185.82930452319647,7.9977011494252865,15.145454545454545,3.52,932,44.270114942528735,10.621796925610486,,,,
R-7424780C,MINI CooperSE,business,electro,break_bug,0.1,5.424942528735632,108.72429722530556,8.043678160919539,7.212643678160919,3.4771428571428573,815,45.13793103448276,10.323296975023172,2014.0,1950000.0,231.0,Классический автомат
m17609944Y,Hyundai Solaris,economy,petrol,another_bug,0.1,4.967701149425287,187.0,8.157471264367816,16.872,3.98,895,44.18390804597701,12.042822183432945,2020.0,780000.0,100.0,Механическая
i-4390733F,Mini Cooper,business,petrol,engine_check,0.1,4.634022988505747,158.0,8.11551724137931,14.727272727272728,2.9885714285714284,849,44.5,9.689843320911592,2014.0,1950000.0,231.0,Классический автомат
W-1301331r,Smart Coupe,economy,petrol,engine_fuel,0.1,3.937988505747127,161.72257743415474,8.136206896551725,16.024590163934427,4.362857142857142,934,49.63793103448276,14.423445439755294,,,,
M50269450O,Hyundai Solaris,economy,petrol,another_bug,0.55,4.948850574712644,171.0,8.025862068965518,14.363636363636363,3.8085714285714287,912,45.52873563218391,10.195022111245311,2020.0,780000.0,100.0,Механическая
I17502941F,VW Polo VI,economy,petrol,another_bug,0.1,4.802586206896551,188.76652007765972,8.070114942528736,14.984251968503935,4.28,948,44.30459770114943,10.93566481134649,,,,
v-9234388J,VW Polo VI,economy,petrol,another_bug,0.1,4.766494252873564,178.0,8.00287356321839,16.43243243243243,3.511428571428572,949,44.06896551724138,8.993630505813803,,,,
I16979704r,VW Polo VI,economy,petrol,electro_bug,0.0,4.476379310344828,186.39266848893817,7.966666666666667,7.07514450867052,3.2885714285714283,832,49.37931034482759,14.864506648494238,,,,
s16218530z,Smart ForTwo,economy,petrol,gear_stick,0.1,4.469597701149426,104.12644220079504,7.814942528735631,9.264367816091951,3.165714285714285,922,44.44252873563219,9.356437395513517,2014.0,890000.0,71.0,Механическая
k-1405918G,Skoda Rapid,economy,petrol,engine_fuel,0.1,4.204827586206896,177.85718960988564,8.158045977011493,17.03305785123967,4.188571428571429,1005,50.42528735632184,13.40833334520513,2019.0,847000.0,90.0,Механическая
d-7352777o,VW Polo VI,economy,petrol,another_bug,0.1,4.751206896551724,191.0,8.15919540229885,16.805084745762713,3.625714285714286,806,44.48275862068966,10.239741313754616,,,,
l61851567T,VW Polo,economy,petrol,engine_check,0.1,4.616609195402298,167.0898822378815,8.204597701149424,18.441666666666663,2.8657142857142857,846,44.706896551724135,11.169749538991605,,,,
j-2201624B,Kia Sportage,standart,petrol,engine_overheat,0.1,3.8443678160919537,196.826975776542,7.815517241379311,8.977011494252874,3.617142857142857,848,49.55172413793103,14.921574263899092,2018.0,1544900.0,150.0,Механическая
n11802717C,Skoda Rapid,economy,petrol,engine_fuel,0.1,4.55919540229885,158.9013145828281,8.09712643678161,15.21551724137931,3.942857142857143,879,47.41954022988506,13.003417417251278,2019.0,847000.0,90.0,Механическая
j17565618E,Kia Rio X,economy,petrol,break_bug,0.1,5.464712643678161,113.33299785227928,7.898275862068965,7.526011560693641,4.182857142857143,844,44.47701149425287,10.99379963086314,2020.0,944900.0,100.0,Механическая
k16623645q,Smart ForFour,economy,petrol,another_bug,0.1,4.636149425287357,180.60720600365025,8.074137931034484,14.564102564102564,3.4085714285714284,1076,45.41379310344828,10.631561393696089,2014.0,890000.0,71.0,Механическая
b14467388K,VW Polo VI,economy,petrol,engine_ignition,0.1,4.168390804597701,198.1125408095321,8.001724137931035,6.775862068965517,3.1685714285714286,986,49.95977011494253,14.662822791031155,,,,
W-6742818R,Renault Kaptur,standart,petrol,engine_check,0.68,4.859022988505747,168.0,8.09655172413793,16.458333333333332,2.702857142857143,1023,45.26436781609196,10.187785693844276,2020.0,1140000.0,114.0,Механическая
u22457924s,Skoda Rapid,economy,petrol,electro_bug,0.0,4.054367816091954,186.0,8.0183908045977,7.103448275862069,3.5228571428571427,838,51.241379310344826,15.77512897063802,2019.0,847000.0,90.0,Механическая
t18723800A,Skoda Rapid,economy,petrol,gear_stick,0.1,4.699310344827586,110.40356483962174,7.819540229885057,9.658959537572256,2.682857142857143,879,44.45402298850575,9.816563854961858,2019.0,847000.0,90.0,Механическая
v-7054365O,Skoda Rapid,economy,petrol,another_bug,0.1,4.704425287356322,177.41427842412344,8.088505747126437,19.273504273504276,3.834285714285714,859,44.2816091954023,11.018429424872563,2019.0,847000.0,90.0,Механическая
z-1602998Z,Kia Rio,economy,petrol,engine_check,0.1,4.635344827586207,157.0,8.078735632183909,15.75,2.525714285714286,824,43.85632183908046,10.43765084581094,2020.0,944900.0,100.0,Механическая
x-3347185z,Kia Rio X-line,economy,petrol,gear_stick,0.1,4.687701149425287,111.03427176661884,7.831609195402299,8.925287356321839,3.4028571428571426,981,43.60919540229885,9.688031257066518,2020.0,944900.0,100.0,Механическая
n-5767544o,Audi A3,premium,petrol,gear_stick,0.12,4.533160919540229,107.75449660948344,7.913793103448276,9.022988505747126,4.485714285714286,1026,43.83908045977012,9.328771534361296,2016.0,1645000.0,150.0,Робот с одним сцеплением
e63361984l,Skoda Rapid,economy,petrol,gear_stick,0.1,4.569942528735632,105.44723469576388,7.860344827586207,10.063583815028904,4.282857142857143,887,44.11494252873563,9.992974743104837,2019.0,847000.0,90.0,Механическая
Y54367590b,Kia Rio,economy,petrol,engine_ignition,0.1,4.127528735632184,189.4819261617484,8.032758620689656,7.758620689655173,2.8342857142857145,858,47.7816091954023,12.828279172534012,2020.0,944900.0,100.0,Механическая
y11935658q,Mercedes-Benz E200,business,petrol,engine_overheat,0.1,3.859367816091954,192.5684481097162,8.045402298850576,9.419540229885058,3.4028571428571426,722,50.810344827586206,14.213634539301436,,,,
r12380190C,Skoda Rapid,economy,petrol,gear_stick,0.1,4.289942528735632,110.5431823151826,7.759770114942529,8.218390804597702,3.4914285714285715,938,45.27586206896552,11.290376131164855,2019.0,847000.0,90.0,Механическая
k19526508X,Audi A4,premium,petrol,break_bug,0.33,5.595,103.91456268996312,8.061494252873564,7.2988505747126435,3.611428571428572,852,44.45977011494253,10.032092547006473,2015.0,2125000.0,150.0,Робот с одним сцеплением
v53440686O,Kia Sportage,standart,petrol,engine_fuel,0.1,4.130919540229885,176.2086937559003,8.124712643678162,18.803418803418804,3.797142857142857,701,50.02298850574713,14.283647638510926,2018.0,1544900.0,150.0,Механическая
P-8697515N,Renault Sandero,standart,petrol,break_bug,0.1,5.306609195402299,111.50272113193716,7.901149425287356,6.5,3.877142857142857,917,45.44252873563219,10.07283455044668,2018.0,697000.0,82.0,Механическая
A-1737634s,MINI CooperSE,business,electro,gear_stick,0.1,4.347701149425287,104.65825501560136,7.867816091954023,8.350574712643677,3.6771428571428566,1033,44.37356321839081,10.087111444208784,2014.0,1950000.0,231.0,Классический автомат
m-3564148V,Smart Coupe,economy,petrol,break_bug,0.75,5.521724137931034,118.00987880427374,8.008620689655173,7.022988505747127,3.4371428571428573,995,45.48850574712644,11.735396043493996,,,,
p22837387w,VW Tiguan,economy,petrol,engine_fuel,0.1,4.442988505747127,172.46222926782195,8.063793103448276,14.483050847457626,4.271428571428571,1003,49.4367816091954,14.204697708185536,,,,
l34820395K,Renault Sandero,standart,petrol,engine_check,0.1,4.128275862068966,161.8610893502895,8.140229885057472,17.62295081967213,2.674285714285714,968,44.206896551724135,9.62731894567341,2018.0,697000.0,82.0,Механическая
y-2198122N,Smart ForTwo,economy,petrol,engine_ignition,0.1,4.059827586206897,183.78764847853853,8.059770114942529,7.919540229885057,2.5742857142857143,967,49.59770114942529,14.672895675943058,2014.0,890000.0,71.0,Механическая
T-1279192Y,Smart ForTwo,economy,petrol,break_bug,0.16,5.57132183908046,99.02304917060876,8.03735632183908,7.477011494252873,2.551428571428571,921,42.51724137931034,9.980167696953709,2014.0,890000.0,71.0,Механическая
n-8990441z,Renault Sandero,standart,petrol,engine_overheat,0.1,4.190172413793103,184.6052767097144,7.89367816091954,8.695402298850574,3.88,825,48.22413793103448,14.244410448359297,2018.0,697000.0,82.0,Механическая
P16794241p,Renault Sandero,standart,petrol,engine_ignition,0.1,4.320574712643678,188.67163067281936,8.05,7.448275862068965,2.862857142857143,842,49.66091954022989,14.881224204736622,2018.0,697000.0,82.0,Механическая
t73149868J,Hyundai Solaris,economy,petrol,engine_check,0.1,4.433390804597701,159.8160673865057,8.051724137931034,15.338235294117649,3.274285714285714,893,45.47126436781609,9.966810913196692,2020.0,780000.0,100.0,Механическая
j-7040669b,Smart Coupe,economy,petrol,electro_bug,0.0,4.073045977011494,159.1067873153957,8.02183908045977,7.653179190751445,3.974285714285714,979,49.36206896551724,13.569387012784723,,,,
U22436282H,Renault Sandero,standart,petrol,engine_check,0.1,4.292068965517242,155.71607417260137,8.151149425287356,17.575,2.4257142857142857,998,44.85632183908046,9.560095304497803,2018.0,697000.0,82.0,Механическая
p79405056U,Smart ForTwo,economy,petrol,electro_bug,0.0,4.070747126436781,189.8004633122136,7.958620689655172,7.712643678160919,3.5485714285714285,849,48.54597701149425,14.07640837498518,2014.0,890000.0,71.0,Механическая
m-1601301c,Renault Sandero,standart,petrol,engine_check,0.91,4.62183908045977,167.6697478484411,8.066666666666666,18.276422764227643,3.1342857142857143,953,44.35057471264368,9.412700478801728,2018.0,697000.0,82.0,Механическая
X72181201T,VW Tiguan,economy,petrol,another_bug,0.1,4.635919540229885,181.0,8.17816091954023,18.565217391304348,4.5685714285714285,1046,43.92528735632184,10.039237683686457,,,,
t-9455268R,Nissan Qashqai,standart,petrol,engine_fuel,0.1,4.103965517241379,185.2388785364344,8.051149425287356,15.513043478260869,3.648571428571429,914,50.695402298850574,15.508128825355096,2017.0,1413000.0,115.0,Механическая
C-1104155H,VW Tiguan,economy,petrol,break_bug,0.1,5.367816091954023,107.0293271331836,8.011494252873563,7.080459770114943,3.717142857142857,862,44.810344827586206,9.239504709628685,,,,
U16248458j,Kia Rio X,economy,petrol,wheel_shake,0.1,4.513965517241379,118.0,8.064367816091954,17.610169491525422,3.6942857142857135,937,44.0632183908046,10.373461191740123,2020.0,944900.0,100.0,Механическая
S-4120469L,Mini Cooper,business,petrol,engine_fuel,0.1,3.953390804597701,176.09782506169174,8.203448275862069,17.112903225806452,3.665714285714286,886,50.57471264367816,14.592049608148264,2014.0,1950000.0,231.0,Классический автомат
n-1232719B,Kia Sportage,standart,petrol,gear_stick,0.1,4.44632183908046,106.01236778221644,7.783333333333333,9.10919540229885,3.5,810,45.22988505747127,9.519922705064957,2018.0,1544900.0,150.0,Механическая
S18963318k,Smart Coupe,economy,petrol,engine_fuel,0.1,4.132586206896552,178.5492779805232,8.1316091954023,13.818897637795276,3.44,927,49.49425287356322,14.02835572928906,,,,
G-2226752k,Audi Q3,premium,petrol,gear_stick,0.1,4.33632183908046,116.56356247464424,7.901724137931035,9.051724137931034,3.1314285714285712,822,44.07471264367816,9.764282183773052,2014.0,2045000.0,150.0,Механическая
k93390324e,Mini Cooper,business,petrol,engine_fuel,0.1,4.233793103448275,164.28389768688672,8.193103448275862,19.40983606557377,3.5828571428571427,899,49.810344827586206,13.293212092706495,2014.0,1950000.0,231.0,Классический автомат
V-1918392R,Skoda Rapid,economy,petrol,engine_check,0.93,4.5809195402298855,149.43257425634403,8.082758620689656,13.327868852459016,2.9857142857142858,860,44.31609195402299,10.298890153609756,2019.0,847000.0,90.0,Механическая
N17803792H,Kia Rio,economy,petrol,gear_stick,0.83,4.528275862068965,93.0,7.841954022988506,8.994186046511627,3.205714285714286,919,43.36206896551724,8.5240868021299,2020.0,944900.0,100.0,Механическая
A32458478u,VW Polo VI,economy,petrol,engine_check,0.16,4.594942528735632,159.0,8.033333333333333,15.939130434782609,2.342857142857143,835,45.2816091954023,10.61169633610131,,,,
R-1710572o,Skoda Rapid,economy,petrol,break_bug,0.54,5.349080459770115,105.81033274205868,8.066666666666666,7.67816091954023,4.557142857142857,1051,44.270114942528735,10.027795070460456,2019.0,847000.0,90.0,Механическая
p81265760I,VW Polo VI,economy,petrol,engine_overheat,0.1,4.238333333333333,177.0,7.76551724137931,8.833333333333334,4.385714285714286,982,48.7183908045977,13.77968705850042,,,,
v-1155372j,Kia Sportage,standart,petrol,engine_ignition,0.1,4.232586206896552,191.80033764372743,7.9977011494252865,7.583815028901734,3.257142857142857,857,51.71264367816092,15.60043577720747,2018.0,1544900.0,150.0,Механическая
z73688663a,Skoda Rapid,economy,petrol,engine_check,0.1,4.808448275862069,165.0,8.15632183908046,16.840336134453782,2.705714285714286,911,45.367816091954026,9.780971194882197,2019.0,847000.0,90.0,Механическая
X-1036784d,VW Polo,economy,petrol,wheel_shake,0.61,4.87367816091954,140.97809491386093,8.104022988505747,16.743362831858406,3.5942857142857143,840,45.01149425287356,10.498548485274268,,,,
r-1281369M,Kia Sportage,standart,petrol,gear_stick,0.18,4.494597701149425,104.84839915848671,7.864367816091955,9.149425287356324,4.52,1001,44.2528735632184,9.939956607533246,2018.0,1544900.0,150.0,Механическая
e-2751485D,Kia Sportage,standart,petrol,engine_overheat,0.1,4.458735632183909,189.24927886489576,7.8212643678160925,9.10919540229885,3.271428571428572,984,51.47701149425287,14.846304700885788,2018.0,1544900.0,150.0,Механическая
Q-1670265e,Smart Coupe,economy,petrol,engine_ignition,0.1,4.4110919540229885,184.2194864863617,7.983333333333332,6.764367816091954,3.342857142857143,793,49.82183908045977,14.68778679690362,,,,
v-1937023k,Kia Rio,economy,petrol,break_bug,0.1,5.51103448275862,111.5664156244652,8.0183908045977,7.540229885057471,4.282857142857143,1093,45.02298850574713,10.1360422684063,2020.0,944900.0,100.0,Механическая
l20591979C,Renault Kaptur,standart,petrol,break_bug,0.1,5.403390804597701,111.64602069468302,7.941954022988506,7.0,4.2457142857142856,962,44.85632183908046,10.617742824796084,2020.0,1140000.0,114.0,Механическая
c50744646N,VW Polo,economy,petrol,another_bug,0.1,4.765862068965517,155.40621382525953,8.017816091954023,17.71900826446281,4.2,836,45.89655172413793,10.286681981618306,,,,
P13663597M,Kia Sportage,standart,petrol,engine_ignition,0.1,3.939885057471264,186.2764126407857,8.017816091954023,7.793103448275862,3.182857142857143,902,52.38505747126437,14.079296723894002,2018.0,1544900.0,150.0,Механическая
Q11996423R,VW Polo,economy,petrol,wheel_shake,0.56,4.72,149.23264132703434,8.056896551724138,17.966101694915253,3.982857142857143,862,43.66091954022989,11.040910328576272,,,,
p33048720U,Renault Sandero,standart,petrol,engine_fuel,0.1,4.151149425287356,182.3550595522883,8.071264367816093,17.868852459016395,3.14,802,49.56896551724138,14.812639582775535,2018.0,697000.0,82.0,Механическая
W17327191z,Smart Coupe,economy,petrol,gear_stick,0.1,4.419827586206896,92.38487449690062,7.776436781609195,9.120689655172416,4.140000000000001,1004,44.41379310344828,10.282204981735491,,,,
X27634860c,VW Polo,economy,petrol,wheel_shake,0.1,4.692183908045977,117.0,8.18735632183908,16.098214285714285,4.34,970,44.97126436781609,9.934134625727378,,,,
h11151569D,Smart ForFour,economy,petrol,gear_stick,0.1,4.527988505747127,116.11252091498324,7.825862068965518,9.005747126436782,3.2342857142857144,949,44.97126436781609,10.937250429017649,2014.0,890000.0,71.0,Механическая
w13862354L,Kia Sportage,standart,petrol,engine_check,0.31,4.526781609195402,160.6789688128813,8.094252873563219,17.8046875,2.8885714285714283,980,44.49425287356322,11.130205284260905,2018.0,1544900.0,150.0,Механическая
G-1225214b,Kia Sportage,standart,petrol,engine_check,0.49,4.454080459770115,161.26479019229834,8.149425287356323,15.798245614035087,3.237142857142857,981,44.45977011494253,10.97480519552832,2018.0,1544900.0,150.0,Механическая
A-1049127W,Hyundai Solaris,economy,petrol,engine_overheat,0.1,4.255172413793104,179.72965247919922,7.817816091954023,9.298850574712644,2.7142857142857144,962,49.45977011494253,15.168650815972564,2020.0,780000.0,100.0,Механическая
B-1232981t,Kia Rio X,economy,petrol,electro_bug,0.0,4.64264367816092,194.97560066684235,7.951724137931034,7.942196531791907,2.6142857142857143,798,49.08620689655172,13.546688031672783,2020.0,944900.0,100.0,Механическая
m70682170q,Kia Rio X-line,economy,petrol,break_bug,0.1,5.386954022988506,113.43349206822596,7.974137931034483,6.885057471264368,3.36,913,44.66091954022989,10.070558661301478,2020.0,944900.0,100.0,Механическая
K-1744621w,VW Polo VI,economy,petrol,wheel_shake,0.1,4.553850574712643,118.78815472699677,8.106896551724137,13.81578947368421,2.8914285714285715,830,45.38505747126437,10.369252332126642,,,,
V43499402t,Nissan Qashqai,standart,petrol,another_bug,0.1,4.522183908045977,177.12467301694423,8.148275862068965,15.297709923664122,2.917142857142857,982,45.04597701149425,10.763788625373628,2017.0,1413000.0,115.0,Механическая
f-2278263a,Renault Kaptur,standart,petrol,break_bug,0.1,5.214540229885058,126.71140884501352,8.017241379310345,7.632183908045977,4.214285714285714,1041,43.40229885057471,10.655899904617357,2020.0,1140000.0,114.0,Механическая
g-6471498I,MINI CooperSE,business,electro,another_bug,0.21,4.706724137931035,188.0,8.020114942528735,17.342105263157894,3.7314285714285713,772,42.88505747126437,9.045709598224247,2014.0,1950000.0,231.0,Классический автомат
i-3205593N,Smart ForFour,economy,petrol,engine_fuel,0.1,4.132471264367815,155.72744019078985,8.141954022988505,18.97345132743363,4.062857142857142,912,49.09770114942529,14.27908027195947,2014.0,890000.0,71.0,Механическая
l65240349Z,Renault Sandero,standart,petrol,gear_stick,0.1,4.226091954022989,116.0,7.851149425287356,9.32183908045977,3.7314285714285713,1041,45.310344827586206,10.461943524419937,2018.0,697000.0,82.0,Механическая
L-2024330N,Kia Sportage,standart,petrol,engine_check,0.1,4.5120114942528735,171.50655449716027,8.092528735632184,16.873873873873872,2.645714285714285,905,44.02873563218391,10.53890571417398,2018.0,1544900.0,150.0,Механическая
c20826490j,Kia Rio X-line,economy,petrol,electro_bug,0.0,4.044885057471265,190.8460106221391,8.045402298850576,7.712643678160919,2.8314285714285714,899,49.44827586206897,15.6184703318627,2020.0,944900.0,100.0,Механическая
c-1675806d,Skoda Rapid,economy,petrol,wheel_shake,0.1,4.61448275862069,124.28008226278638,8.151149425287356,18.65079365079365,3.165714285714285,929,45.770114942528735,10.95255258280906,2019.0,847000.0,90.0,Механическая
Q-2037054s,Renault Sandero,standart,petrol,gear_stick,0.1,4.467011494252874,109.79146074088548,7.839080459770115,8.3121387283237,3.902857142857143,923,46.08045977011494,11.203548561300757,2018.0,697000.0,82.0,Механическая
i-8030392l,Kia Rio X-line,economy,petrol,engine_ignition,0.1,3.974310344827586,195.25376048904133,7.993678160919541,7.425287356321839,2.9657142857142857,849,49.63793103448276,14.185026228563787,2020.0,944900.0,100.0,Механическая
H56874337I,Smart ForTwo,economy,petrol,engine_overheat,0.1,4.160574712643679,194.0,7.870689655172414,8.502890173410405,3.157142857142857,900,50.08620689655172,14.764374184731738,2014.0,890000.0,71.0,Механическая
l-2088564B,VW Polo VI,economy,petrol,wheel_shake,0.1,4.793390804597701,151.22710796873963,8.139655172413793,16.214876033057852,3.605714285714286,870,43.95977011494253,9.421632466210426,,,,
g-1503076Q,Smart ForFour,economy,petrol,engine_check,0.1,4.381954022988506,152.0,8.155747126436781,17.473684210526315,3.0342857142857143,867,44.770114942528735,10.471763463930769,2014.0,890000.0,71.0,Механическая
z22851238e,VW Polo,economy,petrol,gear_stick,0.1,4.257413793103448,123.12010946208444,7.754597701149425,9.040229885057473,3.628571428571429,913,45.40229885057471,10.454370737500584,,,,
I-7566385U,Kia Sportage,standart,petrol,break_bug,0.17,5.528333333333333,101.68913597415798,7.971264367816092,6.896551724137931,3.902857142857143,906,43.7816091954023,9.096051722208603,2018.0,1544900.0,150.0,Механическая
Z16147645X,Skoda Rapid,economy,petrol,engine_fuel,0.1,4.216896551724138,158.93607171726043,8.09655172413793,16.464285714285715,3.54,1011,48.33908045977012,13.67183389030618,2019.0,847000.0,90.0,Механическая
r-1558153U,Audi Q3,premium,petrol,electro_bug,0.0,4.211494252873563,177.05674248299593,8.052298850574712,7.097701149425287,3.905714285714285,857,49.27586206896552,14.271269213881595,2014.0,2045000.0,150.0,Механическая
o-9448236d,Renault Kaptur,standart,petrol,engine_fuel,0.1,4.320632183908046,179.33011786925508,8.055172413793104,16.392,4.277142857142857,1008,48.62643678160919,14.894759599626388,2020.0,1140000.0,114.0,Механическая
m17658099N,Hyundai Solaris,economy,petrol,engine_check,0.1,4.382701149425287,153.0,8.141379310344828,17.136752136752136,3.5942857142857143,977,43.95977011494253,9.016593050363577,2020.0,780000.0,100.0,Механическая
q-1536726P,Renault Kaptur,standart,petrol,another_bug,0.1,4.916724137931034,194.00510835900224,8.075862068965517,18.7734375,3.0485714285714285,922,44.95402298850575,10.525397905212529,2020.0,1140000.0,114.0,Механическая
v-1736895l,Skoda Rapid,economy,petrol,engine_check,0.1,4.557701149425287,162.90268124822367,8.11551724137931,14.42063492063492,2.9714285714285715,876,45.241379310344826,11.327459619840054,2019.0,847000.0,90.0,Механическая
H-1807268T,VW Polo,economy,petrol,wheel_shake,0.1,4.533275862068965,116.65121326476677,8.083333333333334,15.991803278688524,3.525714285714286,996,44.49425287356322,9.898179389105977,,,,
n-1768418D,Nissan Qashqai,standart,petrol,engine_fuel,0.1,4.1659770114942525,166.3689220029719,8.117241379310345,15.478260869565217,4.248571428571428,1010,48.41379310344828,14.234251392216969,2017.0,1413000.0,115.0,Механическая
k55997232L,Hyundai Solaris,economy,petrol,gear_stick,0.27,4.667816091954023,114.30288388974122,7.852873563218392,8.77456647398844,3.182857142857143,952,45.89080459770115,10.233382211547111,2020.0,780000.0,100.0,Механическая
L-2169697n,Kia Sportage,standart,petrol,engine_fuel,0.1,3.81632183908046,165.61171386668656,8.145977011494253,17.754716981132077,3.6342857142857135,872,51.58620689655172,13.881040193684347,2018.0,1544900.0,150.0,Механическая
E-5768743C,Mercedes-Benz GLC,business,petrol,engine_overheat,0.1,4.083103448275862,182.0,8.289080459770116,10.5,3.4714285714285715,934,49.27586206896552,14.73048010250274,2019.0,4690000.0,197.0,Классический автомат
s-4094631m,VW Polo,economy,petrol,break_bug,0.1,5.170919540229885,98.96940186135028,7.958045977011494,7.591954022988506,2.974285714285714,786,43.51149425287356,10.461456096082216,,,,
V20793549R,Renault Sandero,standart,petrol,another_bug,0.1,4.668045977011494,187.05842981971372,8.10632183908046,14.184,4.048571428571428,1062,43.735632183908045,10.620581796235024,2018.0,697000.0,82.0,Механическая
g11868644O,VW Tiguan,economy,petrol,electro_bug,0.0,4.683965517241379,196.28584099268468,8.043103448275861,7.304597701149425,3.397142857142857,790,48.62068965517241,13.898676594637353,,,,
k50823429c,Skoda Rapid,economy,petrol,engine_ignition,0.1,4.069195402298851,189.0,8.037931034482758,7.367816091954023,3.16,904,49.00574712643678,13.71320494636477,2019.0,847000.0,90.0,Механическая
T-5659136s,Hyundai Solaris,economy,petrol,engine_ignition,0.1,4.241954022988506,187.55097433832785,8.025862068965518,7.436781609195402,2.914285714285714,911,50.310344827586206,15.5093187313455,2020.0,780000.0,100.0,Механическая
Y17601105t,Renault Kaptur,standart,petrol,gear_stick,0.1,4.347586206896552,103.35082017429194,7.891379310344827,9.275862068965518,3.08,884,45.03448275862069,11.464898201527014,2020.0,1140000.0,114.0,Механическая
c60273416t,Renault Kaptur,standart,petrol,break_bug,0.1,5.235402298850575,121.91736703925844,8.02816091954023,7.473988439306359,4.797142857142857,897,44.51149425287356,11.129681456133223,2020.0,1140000.0,114.0,Механическая
t21606510Y,Hyundai Solaris,economy,petrol,engine_ignition,0.1,3.909770114942528,195.76142400229853,7.969540229885058,7.316091954022989,3.374285714285714,1026,50.20114942528736,14.295389080406382,2020.0,780000.0,100.0,Механическая
R88159240t,VW Polo VI,economy,petrol,electro_bug,0.0,3.9929310344827584,168.8058782767598,8.010919540229885,7.442528735632184,4.428571428571429,973,49.833333333333336,14.864740191587313,,,,
L21442805h,Kia Sportage,standart,petrol,engine_check,0.1,4.649655172413793,155.0,8.070689655172414,16.858333333333334,2.8028571428571425,869,44.16666666666666,10.521699753522508,2018.0,1544900.0,150.0,Механическая
u-2025209s,Mercedes-Benz GLC,business,petrol,another_bug,0.1,4.684712643678161,183.0,8.571264367816093,19.51260504201681,3.8028571428571434,989,45.241379310344826,10.279296794780102,2019.0,4690000.0,197.0,Классический автомат
I97024995K,Kia Rio X,economy,petrol,break_bug,0.1,5.214252873563218,110.67152981814372,7.982758620689655,7.189655172413793,3.5971428571428574,867,42.89080459770115,9.762179376025095,2020.0,944900.0,100.0,Механическая
P95971972i,Kia Rio X-line,economy,petrol,engine_overheat,0.1,4.0343103448275865,197.13045115344136,7.825287356321838,8.959770114942529,3.0028571428571427,877,49.270114942528735,14.19116076708835,2020.0,944900.0,100.0,Механическая
P10296494R,Kia Rio,economy,petrol,gear_stick,0.1,4.616666666666666,100.92792843135452,7.833333333333333,9.517241379310343,3.6771428571428566,934,42.96551724137931,8.822525395553836,2020.0,944900.0,100.0,Механическая
o-1588203t,VW Polo VI,economy,petrol,engine_check,0.1,4.501149425287356,165.12676091060533,8.007471264367815,16.273504273504273,3.0142857142857142,837,46.18390804597701,10.720332079698371,,,,
S-1915237T,VW Tiguan,economy,petrol,engine_fuel,0.1,3.925114942528736,164.38951085809165,8.1,15.704,3.271428571428572,1029,50.20114942528736,14.985534406411777,,,,
u-1715408i,Renault Kaptur,standart,petrol,engine_check,0.1,4.557873563218391,157.60161455560697,7.926436781609196,17.609375,3.42,971,44.62643678160919,9.472417637573033,2020.0,1140000.0,114.0,Механическая
P-7445835e,Renault Kaptur,standart,petrol,gear_stick,0.1,4.487586206896552,110.00034335023408,7.756321839080459,9.057471264367816,4.854285714285714,1119,44.9080459770115,9.616498568327083,2020.0,1140000.0,114.0,Механическая
Z-3125529h,Smart ForTwo,economy,petrol,wheel_shake,0.1,4.536436781609195,121.0581184532262,8.100574712643677,16.53435114503817,3.474285714285714,1029,43.88505747126437,10.677538725458794,2014.0,890000.0,71.0,Механическая
C-1198893D,Kia Rio X-line,economy,petrol,engine_overheat,0.1,4.175229885057472,193.80171508418115,7.875287356321839,9.421965317919074,3.605714285714286,991,49.4080459770115,14.67962859140819,2020.0,944900.0,100.0,Механическая
u-1140095Q,Kia Rio,economy,petrol,engine_overheat,0.1,4.343448275862069,192.2821565671486,7.887356321839081,9.30813953488372,4.105714285714285,949,49.08045977011494,14.318199252880689,2020.0,944900.0,100.0,Механическая
I-8039148a,VW Polo,economy,petrol,engine_ignition,0.1,3.938965517241379,190.07005154735967,8.022988505747126,7.471264367816092,2.6514285714285712,891,49.94252873563219,13.157433839652558,,,,
C23250927C,Fiat 500,business,petrol,engine_overheat,0.1,4.137298850574712,191.7530783865008,7.9189655172413795,9.254335260115608,3.657142857142857,1004,50.07471264367816,13.233350043929054,2015.0,990000.0,100.0,Механическая
i36367577X,Smart Coupe,economy,petrol,engine_check,0.35,4.411954022988506,163.0,8.050574712643678,15.198412698412698,2.934285714285714,955,44.25862068965517,8.873341925702881,,,,
J-1264842C,MINI CooperSE,business,electro,engine_overheat,0.1,4.010287356321839,194.8697496864626,7.919540229885057,8.942528735632184,3.608571428571429,907,50.55747126436781,15.102142650752514,2014.0,1950000.0,231.0,Классический автомат
X-1729593v,Nissan Qashqai,standart,petrol,another_bug,0.1,4.853793103448275,165.28217983789034,8.083908045977012,17.24137931034483,3.877142857142857,1011,45.747126436781606,11.633336979008138,2017.0,1413000.0,115.0,Механическая
W18935144W,Nissan Qashqai,standart,petrol,engine_overheat,0.1,4.141264367816092,199.624489190712,7.817816091954023,8.942528735632184,3.6885714285714286,828,51.38505747126437,15.223422998791902,2017.0,1413000.0,115.0,Механическая
c-5615180M,Mercedes-Benz GLC,business,petrol,another_bug,0.1,4.6947126436781605,165.0,8.571264367816093,17.691056910569106,3.968571428571429,998,44.51724137931034,10.387144198496465,2019.0,4690000.0,197.0,Классический автомат
a-1993580l,Kia Rio,economy,petrol,wheel_shake,0.1,4.414367816091954,119.0,8.117241379310345,16.608,2.862857142857143,879,44.38505747126437,10.8118969876089,2020.0,944900.0,100.0,Механическая
l20015000O,Hyundai Solaris,economy,petrol,engine_overheat,0.1,3.9680459770114944,199.2257113867342,7.838505747126438,9.13872832369942,4.328571428571428,1023,49.41379310344828,14.753114082273497,2020.0,780000.0,100.0,Механическая
t-1890179i,Kia Sportage,standart,petrol,engine_check,0.32,4.635977011494253,159.0,8.222413793103449,17.28688524590164,2.64,829,46.36206896551724,9.719234744481566,2018.0,1544900.0,150.0,Механическая
r-2150771s,Hyundai Solaris,economy,petrol,engine_fuel,0.1,4.329137931034483,161.76322578857065,8.161494252873563,15.418604651162791,3.5142857142857142,975,49.172413793103445,13.36651574917234,2020.0,780000.0,100.0,Механическая
b-8006722p,VW Tiguan,economy,petrol,gear_stick,0.28,4.671896551724138,99.00692437760245,7.820114942528736,8.477011494252874,3.3885714285714283,843,44.00574712643678,10.02049756269086,,,,
h-1013836h,Smart ForFour,economy,petrol,break_bug,0.12,5.082241379310346,117.19502748202515,7.979310344827587,7.545977011494253,3.682857142857143,961,44.89655172413793,10.584681354209083,2014.0,890000.0,71.0,Механическая
O15208534I,Hyundai Solaris,economy,petrol,engine_ignition,0.1,4.504770114942529,190.31738693600505,7.955172413793104,7.425287356321839,2.914285714285714,958,47.52298850574713,13.908330777115111,2020.0,780000.0,100.0,Механическая
a-2094929a,Audi Q3,premium,petrol,engine_ignition,0.1,4.384942528735633,190.44321428812373,8.065517241379311,7.281609195402299,2.94,769,50.76436781609196,15.38585400149302,2014.0,2045000.0,150.0,Механическая
z-1514384W,Kia Rio X-line,economy,petrol,electro_bug,0.0,4.205172413793104,178.88041379070444,7.986206896551724,7.574712643678161,3.928571428571429,933,49.18390804597701,14.564608887221732,2020.0,944900.0,100.0,Механическая
s-1243339h,MINI CooperSE,business,electro,another_bug,0.56,4.61051724137931,200.0,8.108620689655172,18.175925925925927,3.6628571428571424,891,43.89655172413793,10.740808123178052,2014.0,1950000.0,231.0,Классический автомат
Z-1691162B,Mini Cooper,business,petrol,break_bug,0.1,5.328275862068965,117.9614761947394,8.104022988505747,7.172413793103448,3.908571428571429,928,44.235632183908045,10.17344925918674,2014.0,1950000.0,231.0,Классический автомат
P-1412506Z,Volkswagen ID.4 ,premium,electro,electro_bug,0.0,4.333735632183909,196.6838493617104,9.120114942528735,11.430232558139537,4.217142857142857,1034,50.99425287356322,15.06651807086216,,,,
I77886789f,Kia Rio X,economy,petrol,wheel_shake,0.1,4.807528735632184,119.0,8.085632183908046,15.178861788617889,3.5457142857142854,971,43.64367816091954,9.172057353937191,2020.0,944900.0,100.0,Механическая
e89496897S,Smart ForTwo,economy,petrol,wheel_shake,0.1,4.630632183908046,131.5501485557683,8.083908045977012,15.887931034482758,3.8685714285714288,937,45.07471264367816,8.445688004579985,2014.0,890000.0,71.0,Механическая
H-2061992E,Audi A3,premium,petrol,another_bug,0.1,4.62264367816092,187.0,8.101149425287355,17.445454545454545,3.257142857142857,865,45.08620689655172,10.446037193292565,2016.0,1645000.0,150.0,Робот с одним сцеплением
r12485993Y,Kia Rio,economy,petrol,gear_stick,0.1,4.6097701149425285,99.03531563838712,7.7281609195402305,8.867816091954023,3.7685714285714287,934,43.741379310344826,9.882945568776933,2020.0,944900.0,100.0,Механическая
h-4055905a,Kia Rio X-line,economy,petrol,engine_overheat,0.1,4.052413793103448,185.0,7.760919540229885,8.739884393063583,3.394285714285714,971,49.95402298850575,13.890911110063175,2020.0,944900.0,100.0,Механическая
g66229611W,Hyundai Solaris,economy,petrol,another_bug,0.1,4.729310344827586,175.73641608126175,8.114367816091955,14.53781512605042,3.04,970,43.89655172413793,10.09038285650999,2020.0,780000.0,100.0,Механическая
t-5576466l,VW Tiguan,economy,petrol,engine_overheat,0.1,4.2683908045977015,170.55406490945566,7.823563218390804,8.84393063583815,3.6542857142857135,933,48.27586206896552,13.777496651874962,,,,
O13566304w,Hyundai Solaris,economy,petrol,gear_stick,0.1,4.477586206896552,100.84513781705256,7.768390804597701,8.867816091954023,4.48,1183,44.52873563218391,8.176293209423731,2020.0,780000.0,100.0,Механическая
M-1459552x,Renault Sandero,standart,petrol,break_bug,0.1,5.298850574712644,106.03719613056232,8.086206896551724,7.583815028901734,3.797142857142857,1019,44.14942528735632,10.58139793821004,2018.0,697000.0,82.0,Механическая
t18819186j,Smart ForFour,economy,petrol,engine_ignition,0.1,4.081666666666667,180.7002829859832,7.982183908045977,7.132183908045977,3.0457142857142854,1070,50.02298850574713,14.488964915134748,2014.0,890000.0,71.0,Механическая
b-6894725S,Renault Sandero,standart,petrol,electro_bug,0.0,4.346206896551724,177.71225095854282,7.994827586206896,7.396551724137931,3.262857142857143,796,49.39655172413793,14.336911803585286,2018.0,697000.0,82.0,Механическая
U-1517611e,Smart Coupe,economy,petrol,wheel_shake,0.1,4.732701149425288,141.8255095846796,8.182758620689654,17.614035087719298,2.9085714285714284,882,44.88505747126437,11.832086567466895,,,,
f-1766985X,Audi A4,premium,petrol,electro_bug,0.0,4.370747126436782,182.46134233740187,8.07183908045977,6.982658959537572,3.971428571428572,1009,51.53448275862069,14.458090341414742,2015.0,2125000.0,150.0,Робот с одним сцеплением
r-4232284g,Kia Sportage,standart,petrol,engine_ignition,0.1,4.171781609195402,180.13207820463953,8.045402298850576,7.844827586206897,2.8285714285714287,890,49.706896551724135,14.85616038199625,2018.0,1544900.0,150.0,Механическая
u-7756149A,VW Polo VI,economy,petrol,engine_overheat,0.1,3.862873563218391,177.35574953052634,7.7844827586206895,8.764367816091953,3.702857142857143,938,50.247126436781606,15.341276364143605,,,,
x-5093569t,Hyundai Solaris,economy,petrol,another_bug,0.4,4.813103448275863,189.0,8.124712643678162,18.07627118644068,4.122857142857143,1003,44.689655172413794,9.4872111604491,2020.0,780000.0,100.0,Механическая
i-1106718P,Tesla Model 3,premium,electro,engine_ignition,0.1,3.839827586206897,197.93890089761868,9.21264367816092,12.045977011494251,2.64,914,51.59770114942529,15.85079255881365,,,,
m19179340R,Nissan Qashqai,standart,petrol,engine_ignition,0.1,3.977816091954023,179.24767547985363,7.968390804597701,7.402298850574713,3.0971428571428574,1119,49.706896551724135,13.790348414310658,2017.0,1413000.0,115.0,Механическая
p-8676887s,Smart ForFour,economy,petrol,break_bug,0.81,5.327298850574713,111.62281915585216,8.052873563218391,7.735632183908046,3.571428571428572,957,44.1551724137931,9.785210718938671,2014.0,890000.0,71.0,Механическая
O21645254m,Mercedes-Benz E200,business,petrol,break_bug,0.15,5.3470114942528735,123.2425723826531,8.145977011494253,7.160919540229885,3.791428571428571,861,44.53448275862069,10.620977471385476,,,,
F18814121v,Renault Kaptur,standart,petrol,another_bug,0.1,4.501264367816092,200.0,8.091379310344829,18.0,3.748571428571428,805,45.82183908045977,10.682890272539137,2020.0,1140000.0,114.0,Механическая
M-1529406d,Renault Kaptur,standart,petrol,engine_fuel,0.1,4.204425287356322,166.58752001594092,8.086206896551724,15.448,4.405714285714286,920,48.94827586206897,14.016203357105578,2020.0,1140000.0,114.0,Механическая
S-1051984S,Skoda Rapid,economy,petrol,engine_check,0.1,4.461781609195403,163.0,8.035632183908046,15.504347826086956,2.7885714285714283,978,45.90229885057471,10.830629623310902,2019.0,847000.0,90.0,Механическая
v10745703c,VW Tiguan,economy,petrol,another_bug,0.1,4.514885057471265,185.64359038980064,8.104597701149425,17.867768595041323,2.3514285714285714,810,44.80459770114943,9.690993471337064,,,,
l57128172Q,Hyundai Solaris,economy,petrol,gear_stick,0.73,4.621206896551724,101.11814965462742,7.795977011494253,8.641618497109826,3.7714285714285714,882,44.10344827586207,9.134239065230192,2020.0,780000.0,100.0,Механическая
Z-7997184C,Kia Rio,economy,petrol,gear_stick,0.1,4.443275862068965,103.81248834033856,7.833908045977011,8.959537572254336,3.4771428571428573,901,45.78735632183908,10.006105703622646,2020.0,944900.0,100.0,Механическая
z86911952C,Nissan Qashqai,standart,petrol,electro_bug,0.0,4.430977011494253,173.42811643954593,8.014367816091953,7.597701149425287,3.417142857142857,943,47.1551724137931,13.88074941439985,2017.0,1413000.0,115.0,Механическая
n-3242143c,Nissan Qashqai,standart,petrol,electro_bug,0.0,4.104022988505747,200.0,8.027586206896551,7.557471264367816,3.928571428571429,852,50.05172413793103,14.350391121285336,2017.0,1413000.0,115.0,Механическая
I29523102L,Nissan Qashqai,standart,petrol,engine_fuel,0.1,4.056494252873564,161.09125877225728,8.109770114942528,13.472727272727273,3.434285714285714,927,48.93103448275862,14.132153396326448,2017.0,1413000.0,115.0,Механическая
g-7424670L,Volkswagen ID.4 ,premium,electro,electro_bug,0.0,4.170344827586207,188.59741134335093,9.163793103448276,11.624277456647398,3.94,840,48.85057471264368,13.259986953351662,,,,
z45708153c,Smart ForTwo,economy,petrol,engine_overheat,0.1,4.427988505747127,173.83760363759174,7.8660919540229886,8.947976878612717,4.025714285714286,1070,47.94252873563219,13.915813204852554,2014.0,890000.0,71.0,Механическая
P-1980717v,Mini Cooper,business,petrol,engine_overheat,0.1,4.135459770114943,196.3950685740848,7.954597701149424,9.78735632183908,4.882857142857144,1126,49.81609195402299,13.478759771793367,2014.0,1950000.0,231.0,Классический автомат
O-2198733k,Renault Kaptur,standart,petrol,engine_check,0.1,4.799540229885057,170.0,8.155172413793103,15.675438596491228,2.8285714285714287,905,44.08620689655172,10.208153517946512,2020.0,1140000.0,114.0,Механическая
j21765409E,VW Tiguan,economy,petrol,another_bug,0.51,4.618908045977012,170.0,8.075862068965517,16.433333333333334,4.042857142857143,990,44.5632183908046,10.464585086240843,,,,
P-2832417U,VW Tiguan,economy,petrol,engine_check,0.22,4.607528735632184,154.0,8.064367816091954,13.957264957264956,2.6542857142857144,975,45.44252873563219,11.58804578560282,,,,
S11905138M,Mercedes-Benz E200,business,petrol,engine_fuel,0.1,3.880632183908046,180.08977983165295,8.25,16.04424778761062,3.377142857142857,1053,50.85632183908046,15.310166641088587,,,,
V21472170q,Smart Coupe,economy,petrol,break_bug,0.1,5.379080459770115,105.32102719389552,8.02183908045977,7.833333333333333,3.3657142857142857,959,44.25862068965517,10.649258995894993,,,,
F-5640696g,VW Polo VI,economy,petrol,another_bug,0.1,4.761091954022988,200.0,8.048850574712644,14.96694214876033,4.088571428571428,914,44.30459770114943,10.512545855188996,,,,
i10103684i,Kia Sportage,standart,petrol,engine_check,0.1,4.51264367816092,152.0,8.145402298850575,16.458333333333332,2.5542857142857143,939,45.61494252873563,9.763445198054136,2018.0,1544900.0,150.0,Механическая
L13493904m,Smart Coupe,economy,petrol,break_bug,0.1,5.412471264367816,114.76509097859255,8.001149425287357,7.879310344827586,3.9257142857142857,969,44.833333333333336,12.04907275032323,,,,
S17718285e,VW Tiguan,economy,petrol,engine_overheat,0.1,4.464540229885058,199.7084807115582,7.867816091954023,8.75,3.657142857142857,876,48.94827586206897,13.830630010593664,,,,
W-2201967O,Skoda Rapid,economy,petrol,another_bug,0.12,4.626839080459771,182.0,8.104022988505747,19.81896551724138,2.8685714285714288,849,45.21264367816092,10.563633818178058,2019.0,847000.0,90.0,Механическая
G36366245G,Kia Rio X,economy,petrol,electro_bug,0.0,4.269195402298851,177.34619898603324,7.998275862068966,7.816091954022989,3.62,904,46.66666666666666,11.987147902492216,2020.0,944900.0,100.0,Механическая
k-1039028Y,Renault Kaptur,standart,petrol,engine_fuel,0.1,4.048045977011494,170.80161790957587,8.13448275862069,19.2,4.8,1097,49.45402298850575,15.147660912525597,2020.0,1140000.0,114.0,Механическая
d-2008716O,Smart ForFour,economy,petrol,another_bug,0.1,4.862528735632184,176.0,8.081609195402299,15.903508771929824,3.565714285714286,871,43.51149425287356,9.656372603537433,2014.0,890000.0,71.0,Механическая
x-1299683h,Kia Rio X-line,economy,petrol,engine_check,0.1,4.5569540229885055,160.5678304383427,8.075862068965517,15.73015873015873,3.56,1064,44.72988505747127,9.75548003627484,2020.0,944900.0,100.0,Механическая
r95144569S,Nissan Qashqai,standart,petrol,break_bug,0.1,5.401551724137931,114.19524256557168,7.980459770114942,7.586206896551724,4.148571428571429,1037,44.270114942528735,10.758597744141094,2017.0,1413000.0,115.0,Механическая
v19098891O,Fiat 500,business,petrol,break_bug,0.1,5.2011494252873565,114.5217583367471,8.044827586206896,7.554913294797688,4.08,791,45.42528735632184,9.890302582684953,2015.0,990000.0,100.0,Механическая
l-5953507c,Hyundai Solaris,economy,petrol,gear_stick,0.1,4.476896551724138,106.45619950639012,7.848275862068965,8.971098265895954,3.3028571428571425,969,45.46551724137931,10.63403117801884,2020.0,780000.0,100.0,Механическая
W-1211129e,VW Polo VI,economy,petrol,engine_check,0.1,4.664655172413793,165.08162854101622,8.11896551724138,20.008474576271187,3.005714285714286,953,43.81609195402299,9.951360014680636,,,,
f18094807B,Kia Rio,economy,petrol,gear_stick,0.1,4.492701149425288,122.2181943751335,7.801149425287357,9.03448275862069,3.2,943,45.60919540229885,11.603623434321191,2020.0,944900.0,100.0,Механическая
W78003964P,Renault Kaptur,standart,petrol,engine_check,0.1,4.521091954022988,151.0,8.0183908045977,15.165289256198347,2.5742857142857143,1014,44.5919540229885,10.978178233012656,2020.0,1140000.0,114.0,Механическая
X-1621523j,Kia Sportage,standart,petrol,another_bug,0.1,4.550459770114943,200.0,8.117816091954023,18.03846153846154,3.86,970,43.833333333333336,10.336021155809105,2018.0,1544900.0,150.0,Механическая
V-1546513V,Kia Sportage,standart,petrol,gear_stick,0.42,4.467413793103448,106.16985302030646,7.838505747126438,9.195402298850574,3.5942857142857143,919,44.5632183908046,10.394197079846462,2018.0,1544900.0,150.0,Механическая
F-8586878o,Renault Kaptur,standart,petrol,engine_ignition,0.1,3.810402298850575,171.83444621108544,8.058045977011494,8.10344827586207,3.1514285714285712,996,49.867816091954026,14.7933666923101,2020.0,1140000.0,114.0,Механическая
U55413283u,Renault Sandero,standart,petrol,engine_fuel,0.1,4.054942528735632,196.90095564067087,8.028735632183908,18.774774774774773,4.025714285714286,960,50.03448275862069,14.74597880004502,2018.0,697000.0,82.0,Механическая
G60874546x,Kia Sportage,standart,petrol,break_bug,0.22,5.372701149425287,115.20223344034596,8.051149425287356,7.4655172413793105,4.448571428571428,906,45.55172413793103,10.05965859829307,2018.0,1544900.0,150.0,Механическая
j-3298639y,Smart Coupe,economy,petrol,engine_fuel,0.1,4.462816091954023,175.09531917429993,8.07183908045977,14.30952380952381,2.1028571428571428,915,48.37931034482759,13.56955226433704,,,,
a-2231592K,Kia Rio X,economy,petrol,another_bug,0.1,4.7716666666666665,200.0,8.054597701149426,13.637931034482758,4.031428571428571,845,43.02873563218391,9.666955908786512,2020.0,944900.0,100.0,Механическая
u20900113b,VW Polo,economy,petrol,electro_bug,0.0,4.190229885057471,188.6417358577536,8.03448275862069,7.925287356321839,3.734285714285714,905,50.55747126436781,14.582617986005085,,,,
t41251369W,Hyundai Solaris,economy,petrol,another_bug,0.7,4.753850574712644,191.3114963781613,8.124137931034483,16.421875,3.877142857142857,948,44.58620689655172,9.799789692373498,2020.0,780000.0,100.0,Механическая
J-2227260C,Smart ForTwo,economy,petrol,wheel_shake,0.1,4.683103448275862,126.75641271723748,8.05,16.333333333333332,4.828571428571428,965,44.55172413793103,9.96439745611066,2014.0,890000.0,71.0,Механическая
B23940306W,Kia Rio,economy,petrol,engine_ignition,0.1,4.185402298850574,185.58689860628348,7.9781609195402305,7.0,3.205714285714286,1001,49.8448275862069,14.273709683203968,2020.0,944900.0,100.0,Механическая
P10250273P,Nissan Qashqai,standart,petrol,another_bug,0.1,4.71028735632184,200.0,8.105172413793102,16.95,3.4457142857142857,939,44.53448275862069,10.0488095241328,2017.0,1413000.0,115.0,Механическая
r22736648k,Kia Rio,economy,petrol,engine_ignition,0.1,4.330632183908046,183.25678676328377,8.047126436781609,8.091954022988507,3.065714285714286,1004,47.82758620689656,13.40494852683054,2020.0,944900.0,100.0,Механическая
c46100183j,Skoda Rapid,economy,petrol,break_bug,0.4,5.175517241379311,108.57269878903112,7.989655172413793,6.839080459770115,3.0771428571428574,866,42.75862068965517,9.391873891632724,2019.0,847000.0,90.0,Механическая
G62087174h,Renault Kaptur,standart,petrol,electro_bug,0.0,4.331091954022988,167.00473178925046,8.074712643678161,7.908045977011494,3.8857142857142857,902,49.59770114942529,13.711696850604914,2020.0,1140000.0,114.0,Механическая
q-5999331f,VW Polo VI,economy,petrol,wheel_shake,0.1,4.649367816091954,152.41342806125954,8.060344827586206,17.58974358974359,3.96,1146,44.706896551724135,11.746368698290247,,,,
i13348473C,Renault Kaptur,standart,petrol,gear_stick,0.1,4.554827586206897,106.87202372928688,7.840804597701149,10.051724137931034,4.2457142857142856,957,44.672413793103445,9.542217597774467,2020.0,1140000.0,114.0,Механическая
L22673753u,VW Tiguan,economy,petrol,gear_stick,0.22,4.552643678160919,109.85120192005418,7.79655172413793,9.69942196531792,3.582857142857143,951,43.96551724137931,10.179826220011968,,,,
c18052201Q,Mercedes-Benz GLC,business,petrol,break_bug,0.1,5.255,101.2438954401855,8.459195402298851,8.666666666666666,3.117142857142857,956,44.04597701149425,9.108095929867922,2019.0,4690000.0,197.0,Классический автомат
A-1784046i,Smart ForTwo,economy,petrol,break_bug,0.1,5.538275862068965,110.7531086810274,8.017241379310345,7.236994219653179,3.66,843,43.45977011494253,9.356527933787678,2014.0,890000.0,71.0,Механическая
i93529341g,VW Polo,economy,petrol,engine_check,0.1,4.416781609195402,163.0,8.089080459770114,17.608695652173914,3.04,840,44.810344827586206,10.29808371514361,,,,
p22304025u,Skoda Rapid,economy,petrol,gear_stick,0.1,4.404252873563219,119.55876866519844,7.773563218390804,9.080459770114942,3.954285714285714,925,45.72413793103448,10.50481822307936,2019.0,847000.0,90.0,Механическая
m-4969495i,Hyundai Solaris,economy,petrol,engine_overheat,0.1,4.416609195402299,199.87641391507475,7.862068965517241,9.560693641618498,2.3857142857142857,845,49.298850574712645,15.107411144982937,2020.0,780000.0,100.0,Механическая
E-4032546h,Kia Rio X,economy,petrol,engine_ignition,0.1,4.275747126436782,179.0,7.913218390804598,7.120689655172414,2.9085714285714284,1061,49.39655172413793,14.18898822624758,2020.0,944900.0,100.0,Механическая
t-1355401k,Kia Rio X-line,economy,petrol,gear_stick,0.1,4.550459770114943,101.6689256280214,7.749425287356322,9.46551724137931,4.502857142857143,954,44.46551724137931,9.207716386835266,2020.0,944900.0,100.0,Механическая
I47101924n,Kia Rio X-line,economy,petrol,engine_check,0.1,4.496954022988506,165.0,8.055172413793104,16.722689075630253,3.1542857142857144,828,43.21264367816092,10.010726092606998,2020.0,944900.0,100.0,Механическая
z-1297205A,Hyundai Solaris,economy,petrol,wheel_shake,0.1,4.470689655172413,119.0,8.174712643678161,15.879310344827584,3.5542857142857143,844,42.87931034482759,9.49367465637853,2020.0,780000.0,100.0,Механическая
b15966462n,Kia Rio X-line,economy,petrol,wheel_shake,0.1,4.5424712643678165,144.9236684304933,8.027011494252873,15.03448275862069,3.774285714285714,958,44.00574712643678,9.268317046997378,2020.0,944900.0,100.0,Механическая
R-1683951Y,Skoda Rapid,economy,petrol,another_bug,0.1,4.68948275862069,200.0,8.136206896551725,16.919354838709676,3.157142857142857,879,44.78735632183908,10.104406462765954,2019.0,847000.0,90.0,Механическая
O23711712l,Renault Sandero,standart,petrol,engine_ignition,0.1,4.1161494252873565,189.0,8.046551724137931,7.247126436781609,2.4771428571428573,971,49.71264367816092,14.342957060802473,2018.0,697000.0,82.0,Механическая
f-1250190O,Hyundai Solaris,economy,petrol,engine_overheat,0.1,4.19264367816092,193.72848926548724,7.802873563218391,9.398843930635838,2.46,916,50.14942528735632,14.196823495263208,2020.0,780000.0,100.0,Механическая
B-8541235p,Renault Sandero,standart,petrol,engine_check,0.23,4.55528735632184,162.0,8.032758620689656,15.917355371900827,2.751428571428572,861,44.52298850574713,8.95570604620285,2018.0,697000.0,82.0,Механическая
A20603057e,Skoda Rapid,economy,petrol,engine_overheat,0.1,4.301091954022988,167.1674520942073,7.810919540229884,9.005747126436782,3.5542857142857143,1007,49.40229885057471,13.961101841435552,2019.0,847000.0,90.0,Механическая
r89880873T,Renault Sandero,standart,petrol,engine_overheat,0.1,3.952183908045977,178.17751614176044,7.750574712643678,9.120689655172416,2.9971428571428573,866,53.13218390804597,16.1377666708269,2018.0,697000.0,82.0,Механическая
T-8925134M,Hyundai Solaris,economy,petrol,engine_fuel,0.1,3.95867816091954,172.43235145022084,8.12816091954023,17.82051282051282,3.9,969,49.70114942528736,14.546012259709665,2020.0,780000.0,100.0,Механическая
V-9725752D,Nissan Qashqai,standart,petrol,engine_ignition,0.1,3.832758620689655,193.53145468203127,7.945977011494253,7.919540229885057,2.9,924,50.92528735632184,14.371219781543756,2017.0,1413000.0,115.0,Механическая
s19895093b,Renault Sandero,standart,petrol,engine_fuel,0.1,3.900804597701149,182.9859433105412,8.132183908045977,16.672,3.174285714285714,944,49.53448275862069,14.30576364373244,2018.0,697000.0,82.0,Механическая
x58256990o,VW Tiguan,economy,petrol,engine_check,0.1,4.594540229885058,155.0,8.167241379310344,18.59016393442623,2.525714285714286,920,44.32183908045977,10.853191909890596,,,,
l-1554787I,Renault Sandero,standart,petrol,another_bug,0.1,4.812471264367816,181.98236755145385,8.025862068965518,16.063492063492063,2.0,856,45.07471264367816,11.169743590712676,2018.0,697000.0,82.0,Механическая
b-2065373n,Kia Rio,economy,petrol,engine_check,0.1,4.340459770114943,155.35943497090815,8.068965517241379,17.271929824561404,2.86,978,44.01149425287356,10.71705922573649,2020.0,944900.0,100.0,Механическая
U20118110o,Renault Kaptur,standart,petrol,electro_bug,0.0,4.244597701149425,184.97885689471445,7.983908045977012,6.896551724137931,2.897142857142857,939,49.333333333333336,15.22218237387487,2020.0,1140000.0,114.0,Механическая
f17295371z,Smart ForFour,economy,petrol,wheel_shake,0.1,4.797701149425287,136.5631993628769,8.188505747126436,13.907563025210084,3.797142857142857,944,43.81609195402299,9.514854508356658,2014.0,890000.0,71.0,Механическая
H-3434345i,Kia Sportage,standart,petrol,gear_stick,0.1,4.322298850574713,107.12110997928325,7.86896551724138,10.017241379310343,3.591428571428572,949,44.97701149425287,10.391723041931684,2018.0,1544900.0,150.0,Механическая
c-1038656M,VW Polo,economy,petrol,electro_bug,0.0,4.190574712643678,184.046578147058,7.999425287356322,7.126436781609195,3.3400000000000003,926,49.1551724137931,13.023058772680526,,,,
b-3993593n,Hyundai Solaris,economy,petrol,engine_fuel,0.1,3.95448275862069,171.38565320819606,8.075287356321839,19.89430894308943,2.72,921,49.76436781609196,13.72844376086172,2020.0,780000.0,100.0,Механическая
A-4064758I,VW Polo VI,economy,petrol,wheel_shake,0.1,4.691781609195402,144.68007045394725,8.099425287356322,15.120967741935484,4.031428571428571,970,44.43103448275862,11.272933570885696,,,,
p-1862043f,Kia Rio X-line,economy,petrol,engine_ignition,0.1,4.308218390804598,183.7555958144764,7.991379310344827,7.327586206896552,3.3200000000000003,1041,49.48275862068966,14.654291382726038,2020.0,944900.0,100.0,Механическая
n-3147237F,Smart ForTwo,economy,petrol,another_bug,0.19,4.719827586206897,182.0,8.022988505747126,14.025862068965518,4.585714285714285,904,43.75862068965517,9.686968204748103,2014.0,890000.0,71.0,Механическая
L18676057l,VW Polo,economy,petrol,engine_check,0.1,4.845114942528736,165.0,8.10919540229885,15.206611570247937,2.557142857142857,960,45.735632183908045,10.82969560160704,,,,
v77404713z,Nissan Qashqai,standart,petrol,electro_bug,0.0,4.367816091954023,187.02540889036345,8.040804597701149,8.097701149425287,3.3400000000000003,902,50.14942528735632,14.563418209912587,2017.0,1413000.0,115.0,Механическая
h-2382400T,Kia Rio,economy,petrol,engine_overheat,0.1,4.303045977011494,176.89479230406292,7.890804597701149,9.137931034482758,3.7057142857142855,938,48.10344827586207,13.795814463495152,2020.0,944900.0,100.0,Механическая
j-3753181u,Kia Rio X,economy,petrol,engine_overheat,0.1,4.390402298850574,179.9190787651696,7.844827586206897,8.649425287356323,3.3685714285714288,937,51.367816091954026,15.66603405296443,2020.0,944900.0,100.0,Механическая
m-1806910Q,Smart ForFour,economy,petrol,wheel_shake,0.1,4.559770114942529,159.8118230416465,8.102298850574712,12.875,4.271428571428571,910,44.87356321839081,11.71758679973292,2014.0,890000.0,71.0,Механическая
N-1293747R,Nissan Qashqai,standart,petrol,engine_ignition,0.1,4.285977011494253,189.1953774676997,7.933333333333334,6.931034482758621,3.48,867,49.47126436781609,15.398250092350898,2017.0,1413000.0,115.0,Механическая
H-1213278K,Skoda Rapid,economy,petrol,another_bug,0.1,4.918793103448276,199.2441297219764,8.070689655172414,12.594594594594597,4.122857142857143,1028,45.32758620689656,11.597370537689963,2019.0,847000.0,90.0,Механическая
k-1284276t,Smart ForTwo,economy,petrol,electro_bug,0.0,4.216609195402299,197.3488342214413,8.00632183908046,7.554913294797688,3.2314285714285718,779,48.28735632183908,13.86592116843232,2014.0,890000.0,71.0,Механическая
w-4839718z,Kia Sportage,standart,petrol,engine_fuel,0.1,4.379482758620689,170.57117084233872,8.068965517241379,17.70769230769231,3.7714285714285714,757,49.7528735632184,13.816797509879343,2018.0,1544900.0,150.0,Механическая
L11781730e,VW Polo,economy,petrol,engine_ignition,0.1,3.729885057471265,165.00775719347448,8.02471264367816,7.229885057471264,3.1885714285714286,930,49.67816091954023,13.789075220701474,,,,
X25302782p,BMW 320i,business,petrol,engine_ignition,0.1,4.098735632183908,182.0728098208202,8.162068965517241,7.994219653179191,3.322857142857143,827,50.88505747126437,16.315123157313167,,,,
l-4285389z,Smart ForTwo,economy,petrol,engine_fuel,0.1,4.155229885057471,163.80455662938178,8.071264367816093,15.663793103448276,3.225714285714285,907,51.62643678160919,14.78178819949038,2014.0,890000.0,71.0,Механическая
A-2110919g,VW Polo VI,economy,petrol,another_bug,0.1,4.607586206896552,195.37542113118155,8.158045977011493,14.991869918699187,3.922857142857143,983,45.63793103448276,11.266141831345916,,,,
B28690472s,VW Polo,economy,petrol,engine_check,0.1,4.500632183908046,152.0,8.03448275862069,11.622047244094489,3.011428571428572,914,43.62068965517241,9.92426975436806,,,,
b-2278301E,Renault Kaptur,standart,petrol,engine_check,0.1,4.666666666666667,156.37745626871373,8.113218390804597,17.666666666666668,2.628571428571429,932,43.87931034482759,10.739281662191951,2020.0,1140000.0,114.0,Механическая
n-9660895o,Hyundai Solaris,economy,petrol,engine_check,0.1,4.344080459770115,158.0,8.116666666666667,13.448275862068966,2.325714285714286,881,44.63793103448276,9.725180253072631,2020.0,780000.0,100.0,Механическая
I92805218s,Kia Sportage,standart,petrol,another_bug,0.1,4.75,194.6187935826929,8.149425287356323,18.82758620689655,2.8314285714285714,820,44.20114942528736,10.098921069286073,2018.0,1544900.0,150.0,Механическая
F14265516N,Kia Rio X-line,economy,petrol,engine_check,0.1,4.661494252873563,171.70381037049765,8.110344827586207,18.938053097345133,2.7857142857142856,887,43.36206896551724,9.818641481902146,2020.0,944900.0,100.0,Механическая
J38284226P,Volkswagen ID.4 ,premium,electro,engine_fuel,0.1,4.3148275862068965,172.73287272790034,9.202298850574714,22.91379310344828,3.76,995,48.33908045977012,14.636440834630104,,,,
f11975477T,Kia Rio X-line,economy,petrol,engine_ignition,0.1,4.074080459770115,186.740352204099,7.998275862068966,7.431034482758621,2.414285714285714,923,50.39080459770115,14.81590796504383,2020.0,944900.0,100.0,Механическая
p71128508c,Kia Rio X-line,economy,petrol,engine_fuel,0.1,4.269252873563219,172.9839570923501,8.083908045977012,13.94915254237288,3.162857142857143,839,48.71264367816092,14.330458322926496,2020.0,944900.0,100.0,Механическая
T19870933B,Renault Sandero,standart,petrol,another_bug,0.1,4.465172413793104,200.0,8.220689655172414,16.65546218487395,3.68,868,45.98850574712644,10.945999087346843,2018.0,697000.0,82.0,Механическая
L-2146603e,Smart ForTwo,economy,petrol,engine_overheat,0.1,4.214137931034482,179.1288217135436,7.818390804597701,9.369942196531792,3.3057142857142856,916,49.02873563218391,12.931758711143342,2014.0,890000.0,71.0,Механическая
G13349292r,Kia Rio X-line,economy,petrol,engine_overheat,0.1,4.027298850574713,191.6489375877553,7.733908045977012,8.803468208092486,4.345714285714285,924,49.2183908045977,14.367533476723494,2020.0,944900.0,100.0,Механическая
c-4737890p,Renault Kaptur,standart,petrol,gear_stick,0.1,4.656551724137931,109.06056841205516,7.811494252873564,8.994252873563218,2.954285714285714,1063,45.2528735632184,10.385871228485012,2020.0,1140000.0,114.0,Механическая
S15627573c,Kia Sportage,standart,petrol,another_bug,0.1,4.726264367816092,200.0,8.113793103448275,15.6890756302521,4.457142857142857,1068,45.1551724137931,11.302158560221615,2018.0,1544900.0,150.0,Механическая
X83844922n,VW Polo,economy,petrol,another_bug,0.1,4.813103448275863,200.0,8.164942528735633,17.04,4.014285714285714,1052,45.695402298850574,11.726866619189972,,,,
y19652944A,Smart ForFour,economy,petrol,engine_ignition,0.1,3.9720114942528735,188.6342478248028,8.02471264367816,7.635838150289017,3.142857142857143,1039,50.867816091954026,15.088938598700256,2014.0,890000.0,71.0,Механическая
N-4842662w,Kia Rio X-line,economy,petrol,wheel_shake,0.1,4.673275862068965,152.92374625779271,8.088505747126437,15.705882352941176,3.6685714285714286,831,44.735632183908045,11.77875011290718,2020.0,944900.0,100.0,Механическая
W-1949796N,Nissan Qashqai,standart,petrol,engine_overheat,0.1,4.031724137931034,187.0,7.811494252873564,8.878612716763005,4.362857142857142,891,50.0919540229885,14.639508017814478,2017.0,1413000.0,115.0,Механическая
u71964968t,Audi A3,premium,petrol,another_bug,0.1,4.777068965517242,167.0,8.163793103448276,17.029850746268657,2.645714285714285,898,44.38505747126437,11.050384124682555,2016.0,1645000.0,150.0,Робот с одним сцеплением
D46039134C,VW Polo VI,economy,petrol,engine_fuel,0.1,4.128218390804597,156.96959240699147,8.10344827586207,15.428571428571429,3.551428571428571,898,49.689655172413794,14.422453868983249,,,,
F11676889s,Kia Rio,economy,petrol,engine_ignition,0.1,4.319540229885058,185.67768456006792,8.11896551724138,7.787356321839081,2.4114285714285715,954,47.97126436781609,12.057870171560744,2020.0,944900.0,100.0,Механическая
R-6844153a,Skoda Rapid,economy,petrol,break_bug,0.1,5.391264367816092,119.15798030824854,8.062068965517241,7.448275862068965,3.7685714285714287,933,44.7183908045977,11.7761395750677,2019.0,847000.0,90.0,Механическая
n95681185i,Kia Rio X,economy,petrol,electro_bug,0.0,4.161781609195402,200.0,8.003448275862068,7.224137931034483,3.505714285714286,922,50.11494252873563,14.544271889454132,2020.0,944900.0,100.0,Механическая
y53052788O,Renault Kaptur,standart,petrol,another_bug,0.51,4.517471264367816,198.0,8.09080459770115,17.150793650793652,4.2,1064,44.91379310344828,10.256735245639463,2020.0,1140000.0,114.0,Механическая
e17156131L,Smart ForFour,economy,petrol,gear_stick,0.1,4.303045977011494,110.2657405334196,7.858620689655173,9.41279069767442,3.871428571428571,907,44.8448275862069,11.046619639574413,2014.0,890000.0,71.0,Механическая
I20900258y,Smart ForTwo,economy,petrol,engine_overheat,0.1,4.137298850574712,197.7767277334353,7.773563218390804,8.445086705202312,4.008571428571429,928,51.88505747126437,15.090038276922632,2014.0,890000.0,71.0,Механическая
o87681914x,Nissan Qashqai,standart,petrol,another_bug,0.1,4.615459770114943,200.0,7.956896551724138,15.706349206349206,3.877142857142857,948,43.39080459770115,9.817827740667092,2017.0,1413000.0,115.0,Механическая
Q-5554551x,Renault Kaptur,standart,petrol,engine_ignition,0.1,4.088045977011495,189.06519102776383,7.983333333333332,6.954022988505747,2.8142857142857145,940,48.689655172413794,14.363819628889583,2020.0,1140000.0,114.0,Механическая
l-1607581F,Smart ForTwo,economy,petrol,engine_fuel,0.1,4.221379310344828,182.8495399292202,8.120689655172415,16.69298245614035,3.18,995,49.82183908045977,14.258447858254293,2014.0,890000.0,71.0,Механическая
a-9339461G,Nissan Qashqai,standart,petrol,break_bug,0.1,5.416264367816092,107.97792849490942,8.088505747126437,7.402298850574713,3.8028571428571434,828,45.38505747126437,11.19021071707909,2017.0,1413000.0,115.0,Механическая
n28625799A,Kia Sportage,standart,petrol,engine_overheat,0.1,3.9129885057471263,177.0,7.875287356321839,8.695402298850574,4.111428571428571,870,48.810344827586206,14.189212987277545,2018.0,1544900.0,150.0,Механическая
N21890923Q,VW Polo,economy,petrol,another_bug,0.1,4.46396551724138,200.0,8.067241379310346,18.00854700854701,4.442857142857143,950,44.71264367816092,10.335312435721386,,,,
g-1957069S,VW Polo,economy,petrol,engine_check,1.07,4.770977011494253,161.0,8.177011494252874,17.931818181818183,2.837142857142857,789,44.5,10.852532268894612,,,,
e-5741942D,Kia Rio,economy,petrol,engine_ignition,0.1,4.315344827586207,190.9910571353205,8.053448275862069,7.491329479768786,2.76,845,51.172413793103445,15.635077575353536,2020.0,944900.0,100.0,Механическая
y12023699E,Renault Sandero,standart,petrol,gear_stick,0.1,4.410172413793103,113.63634728881692,7.719540229885058,9.421965317919074,4.182857142857143,1020,44.735632183908045,11.426022191648538,2018.0,697000.0,82.0,Механическая
Y-8852975t,Nissan Qashqai,standart,petrol,engine_ignition,0.1,4.3839080459770114,173.38933526851903,7.903448275862069,6.942528735632184,3.202857142857143,934,50.5,14.584713669879498,2017.0,1413000.0,115.0,Механическая
L-2247718T,Kia Rio X-line,economy,petrol,break_bug,0.1,5.424137931034482,118.75772685687924,7.985632183908046,6.919540229885057,4.022857142857143,924,44.367816091954026,10.88522883377608,2020.0,944900.0,100.0,Механическая
N19589603r,Skoda Rapid,economy,petrol,break_bug,0.1,5.240919540229885,117.36233481360144,8.041379310344828,7.85632183908046,4.105714285714285,819,45.235632183908045,11.179910523300984,2019.0,847000.0,90.0,Механическая
d37118079d,Skoda Rapid,economy,petrol,wheel_shake,0.1,4.792356321839081,154.02200502555846,8.046551724137931,14.06140350877193,3.382857142857143,912,45.68390804597701,10.288782528101692,2019.0,847000.0,90.0,Механическая
s47589001I,VW Tiguan,economy,petrol,electro_bug,0.0,4.463390804597701,173.94324748871009,7.995402298850575,6.798850574712644,3.76,776,50.71264367816092,16.17956182089711,,,,
y-1806571O,Smart ForTwo,economy,petrol,engine_fuel,0.1,3.750459770114943,171.1905765088318,7.970689655172414,15.59349593495935,3.3142857142857145,897,50.798850574712645,14.12454097061997,2014.0,890000.0,71.0,Механическая
L16050992t,Kia Rio X-line,economy,petrol,engine_ignition,0.1,4.097701149425287,197.15690117158616,8.064367816091954,8.086206896551724,2.791428571428572,839,49.735632183908045,15.304961430716553,2020.0,944900.0,100.0,Механическая
m-4274263Z,Kia Sportage,standart,petrol,engine_check,0.1,4.618160919540229,155.0,8.07183908045977,14.53076923076923,4.054285714285714,940,44.40229885057471,10.248879561054116,2018.0,1544900.0,150.0,Механическая
s33927254Y,VW Polo,economy,petrol,break_bug,0.73,5.263505747126437,116.15033973512249,8.002298850574713,7.4655172413793105,4.591428571428571,996,44.98850574712644,10.812638989448958,,,,
g19494953p,Audi A3,premium,petrol,engine_fuel,0.1,4.1722413793103446,175.00337229479456,8.141379310344828,16.565891472868216,4.228571428571429,961,51.206896551724135,15.212284305164166,2016.0,1645000.0,150.0,Робот с одним сцеплением
Y-4198316J,VW Tiguan,economy,petrol,engine_ignition,0.1,3.805574712643678,193.39419605288813,7.9781609195402305,6.591954022988506,3.1,862,50.298850574712645,13.766101401781576,,,,
a-7282370E,Renault Kaptur,standart,petrol,engine_overheat,0.1,4.15080459770115,182.3255090523394,7.832183908045977,8.614942528735632,4.6571428571428575,978,50.02298850574713,14.256508106375495,2020.0,1140000.0,114.0,Механическая
z16068145k,Mercedes-Benz GLC,business,petrol,electro_bug,0.0,4.313218390804598,200.0,8.46551724137931,8.82183908045977,3.4885714285714284,850,49.72413793103448,14.19817594339475,2019.0,4690000.0,197.0,Классический автомат
d-4629986a,Kia Rio,economy,petrol,engine_ignition,0.1,3.8571839080459767,198.57190004347336,7.948850574712643,7.339080459770115,3.4228571428571426,657,50.28735632183908,13.860500742463762,2020.0,944900.0,100.0,Механическая
Q35379022F,Hyundai Solaris,economy,petrol,electro_bug,0.0,4.122988505747126,197.95037026103668,7.990229885057471,7.316091954022989,3.148571428571429,880,49.54022988505747,14.641618247924152,2020.0,780000.0,100.0,Механическая
r10613305A,Kia Rio X,economy,petrol,gear_stick,0.25,4.490689655172414,102.57927239687857,7.790229885057471,9.172413793103448,3.202857142857143,964,44.68390804597701,9.508017591050557,2020.0,944900.0,100.0,Механическая
N23006473B,Hyundai Solaris,economy,petrol,gear_stick,0.1,4.485574712643678,112.35590500231446,7.905172413793103,9.29310344827586,3.4771428571428573,867,45.72988505747127,12.099372887227192,2020.0,780000.0,100.0,Механическая
m-2019578o,VW Tiguan,economy,petrol,another_bug,0.1,4.848850574712644,189.52067864955063,8.086781609195402,19.11206896551724,3.505714285714286,911,43.61494252873563,10.5137402939095,,,,
W86413939q,Smart ForFour,economy,petrol,wheel_shake,0.1,4.493850574712644,163.54118030806595,8.160344827586208,16.712962962962962,4.265714285714286,1025,44.689655172413794,10.430956977392905,2014.0,890000.0,71.0,Механическая
o-1093440v,MINI CooperSE,business,electro,engine_overheat,0.1,3.901609195402299,195.0,7.936781609195402,9.06936416184971,4.057142857142857,985,49.47701149425287,14.622298287279577,2014.0,1950000.0,231.0,Классический автомат
S-1468454C,Kia Rio,economy,petrol,break_bug,0.1,5.265172413793104,115.3056298964228,8.008620689655173,7.994219653179191,3.4285714285714284,869,44.28735632183908,10.637384230137783,2020.0,944900.0,100.0,Механическая
b-1081111P,Hyundai Solaris,economy,petrol,engine_overheat,0.1,4.006609195402299,183.9522662309155,7.850574712643678,9.540229885057473,3.5085714285714285,854,48.98275862068966,13.900752313791374,2020.0,780000.0,100.0,Механическая
H10062346p,Mercedes-Benz GLC,business,petrol,engine_overheat,0.1,4.177816091954023,198.66357296673664,8.313793103448276,10.39655172413793,3.297142857142857,962,48.72413793103448,14.107096279444344,2019.0,4690000.0,197.0,Классический автомат
N-5708757B,Kia Rio X-line,economy,petrol,engine_overheat,0.1,4.094080459770115,160.5689767559091,7.901149425287356,9.235632183908049,3.3114285714285714,934,50.85632183908046,14.627041243049764,2020.0,944900.0,100.0,Механическая
b-7098808D,Hyundai Solaris,economy,petrol,wheel_shake,0.1,4.636666666666667,119.0,8.121264367816092,16.376923076923077,3.62,947,43.695402298850574,8.287763918094894,2020.0,780000.0,100.0,Механическая
M-4627743Y,Renault Kaptur,standart,petrol,break_bug,1.5,5.515402298850574,126.88156509738288,7.979310344827587,6.977011494252873,3.928571428571429,943,45.298850574712645,10.08417170135448,2020.0,1140000.0,114.0,Механическая
s-1392305F,Kia Rio X,economy,petrol,gear_stick,0.1,4.566494252873564,109.38343955827206,7.793103448275862,9.10344827586207,3.397142857142857,819,46.10919540229885,11.09833224136095,2020.0,944900.0,100.0,Механическая
z67141488o,Hyundai Solaris,economy,petrol,wheel_shake,0.1,4.58816091954023,139.92880819492035,8.101724137931035,16.584745762711865,4.842857142857143,908,44.55172413793103,11.020483944651762,2020.0,780000.0,100.0,Механическая
z-8891400p,Kia Rio,economy,petrol,engine_overheat,0.1,3.8972413793103446,197.9482413410476,7.815517241379311,9.120689655172416,3.757142857142857,1064,49.60919540229885,14.394408292817234,2020.0,944900.0,100.0,Механическая
z-5687636M,Renault Kaptur,standart,petrol,electro_bug,0.0,4.315344827586207,200.0,8.021264367816093,7.028735632183908,4.122857142857143,933,47.82758620689656,13.348773532934246,2020.0,1140000.0,114.0,Механическая
K-1514397X,Kia Rio X,economy,petrol,electro_bug,0.0,4.222413793103448,178.69795023847635,8.03448275862069,6.994252873563219,4.0,1010,49.10919540229885,14.2822346673952,2020.0,944900.0,100.0,Механическая
U57863590w,Renault Sandero,standart,petrol,gear_stick,0.1,4.639712643678161,117.41383627655368,7.861494252873563,9.186046511627907,3.1085714285714285,907,43.47701149425287,9.433493411966976,2018.0,697000.0,82.0,Механическая
M49274481G,Renault Kaptur,standart,petrol,engine_fuel,0.1,3.6672988505747126,171.61916746407172,8.230459770114942,14.976,2.382857142857143,815,51.54022988505747,15.421855670339731,2020.0,1140000.0,114.0,Механическая
a11122197a,Renault Sandero,standart,petrol,another_bug,0.1,4.722701149425287,200.0,8.119540229885057,17.09375,3.788571428571428,954,43.91954022988506,11.222106991849724,2018.0,697000.0,82.0,Механическая
b15256546L,Nissan Qashqai,standart,petrol,electro_bug,0.0,4.273850574712643,200.0,8.022413793103448,8.00578034682081,3.531428571428571,983,49.189655172413794,15.462941224925268,2017.0,1413000.0,115.0,Механическая
B11239506t,Audi Q3,premium,petrol,electro_bug,0.0,4.485402298850575,183.83605990339555,8.013793103448277,6.764367816091954,3.951428571428572,680,48.63218390804597,14.00711210145153,2014.0,2045000.0,150.0,Механическая
l-1337696j,Kia Sportage,standart,petrol,another_bug,0.1,4.59867816091954,178.0,7.993678160919541,16.271929824561404,4.4,856,43.206896551724135,9.103944303082573,2018.0,1544900.0,150.0,Механическая
q-6650729Y,Kia Rio X,economy,petrol,another_bug,0.83,4.702183908045977,189.0,8.086781609195402,15.9921875,4.814285714285714,959,43.35632183908046,10.120061928909024,2020.0,944900.0,100.0,Механическая
B17720677C,Skoda Rapid,economy,petrol,break_bug,0.36,5.403275862068965,112.51303946119766,8.016091954022988,7.718390804597701,3.611428571428572,872,44.02298850574713,10.98025238609272,2019.0,847000.0,90.0,Механическая
s21770212W,VW Polo VI,economy,petrol,another_bug,0.1,4.647413793103448,192.1439464571676,8.126436781609195,16.84251968503937,3.474285714285714,939,45.14942528735632,10.528824993187053,,,,
x30389932l,Kia Rio,economy,petrol,engine_fuel,0.1,4.003793103448276,171.24633516394275,8.11609195402299,16.43243243243243,3.4714285714285715,872,49.16666666666666,13.893102764739025,2020.0,944900.0,100.0,Механическая
B15081492o,Kia Rio,economy,petrol,wheel_shake,0.1,4.505862068965517,132.8426303138794,8.191379310344827,19.008130081300813,3.294285714285714,1048,44.33908045977012,9.924860550810092,2020.0,944900.0,100.0,Механическая
O51808760A,VW Tiguan,economy,petrol,gear_stick,0.1,4.253333333333334,120.0,7.900574712643678,8.977011494252874,4.105714285714285,948,44.0,10.680326032563311,,,,
l62738348Q,Skoda Rapid,economy,petrol,engine_ignition,0.1,4.033275862068965,195.5032797994638,7.948275862068965,7.218390804597701,2.505714285714286,912,50.26436781609196,14.81052568227464,2019.0,847000.0,90.0,Механическая
v-6614004H,Audi A3,premium,petrol,electro_bug,0.0,4.169597701149425,200.0,8.079310344827586,7.505747126436781,3.4714285714285715,882,50.33908045977012,15.006163329708292,2016.0,1645000.0,150.0,Робот с одним сцеплением
c21762167i,Smart ForFour,economy,petrol,engine_check,0.1,4.714712643678161,166.60270449123635,8.127011494252873,19.82300884955752,2.974285714285714,1023,45.747126436781606,11.073290669957956,2014.0,890000.0,71.0,Механическая
B16746018u,Renault Kaptur,standart,petrol,another_bug,0.15,4.699885057471264,184.0,8.108620689655172,15.991803278688524,4.037142857142857,908,43.55747126436781,9.206345288361373,2020.0,1140000.0,114.0,Механическая
T-2093464U,Smart ForTwo,economy,petrol,engine_fuel,0.1,4.061034482758621,175.564390569221,8.132758620689655,17.26086956521739,2.9714285714285715,868,50.672413793103445,16.133175453372115,2014.0,890000.0,71.0,Механическая
t11315883F,Skoda Rapid,economy,petrol,engine_check,0.1,4.802183908045977,185.35037423798485,8.126436781609195,17.823529411764707,3.442857142857143,838,44.247126436781606,10.31312468788446,2019.0,847000.0,90.0,Механическая
I-2073229s,Tesla Model 3,premium,electro,engine_fuel,0.1,4.083850574712644,191.4251456499337,9.213793103448277,20.03703703703704,3.6885714285714286,890,50.8448275862069,14.82670811979259,,,,
r-7396117p,Smart Coupe,economy,petrol,another_bug,0.19,4.874942528735632,189.0,8.081609195402299,16.033898305084747,3.257142857142857,876,45.28735632183908,10.433281613418764,,,,
t-1412384s,Hyundai Solaris,economy,petrol,engine_fuel,0.1,4.279885057471264,151.2532628843147,8.063218390804598,16.50413223140496,4.122857142857143,828,49.45402298850575,14.201101517137555,2020.0,780000.0,100.0,Механическая
E-2041030F,Renault Kaptur,standart,petrol,engine_overheat,0.1,3.826494252873563,192.09862342864,7.850574712643678,9.373563218390805,3.5228571428571427,902,50.5632183908046,15.885574325878572,2020.0,1140000.0,114.0,Механическая
q-1744366u,Kia Rio,economy,petrol,engine_ignition,0.1,3.932241379310345,180.33742944196,8.098850574712644,7.655172413793103,3.648571428571429,932,49.22988505747127,13.919006965297724,2020.0,944900.0,100.0,Механическая
E17823137X,Skoda Rapid,economy,petrol,engine_check,0.1,4.557873563218391,160.0,8.010919540229885,17.693693693693692,3.0742857142857143,969,43.48275862068966,10.50665857572941,2019.0,847000.0,90.0,Механическая
n34490222d,Smart ForFour,economy,petrol,break_bug,0.34,5.306609195402299,109.86858266402,8.066666666666666,8.005747126436782,3.4028571428571426,921,44.07471264367816,11.444267751490964,2014.0,890000.0,71.0,Механическая
k20675157L,Skoda Rapid,economy,petrol,engine_ignition,0.1,3.976609195402298,194.28309741249984,8.067241379310346,7.839080459770115,2.4657142857142857,964,51.30459770114943,14.251022947126716,2019.0,847000.0,90.0,Механическая
x-1548714k,VW Polo VI,economy,petrol,engine_check,0.1,4.461091954022988,157.0,8.164942528735633,21.025641025641026,2.6342857142857143,826,43.83908045977012,10.039083811475807,,,,
A14861843I,Smart ForTwo,economy,petrol,electro_bug,0.0,4.653908045977011,200.0,7.955172413793104,6.902298850574713,2.794285714285714,934,46.54022988505747,12.9884827574244,2014.0,890000.0,71.0,Механическая
H-1457815L,Renault Kaptur,standart,petrol,electro_bug,0.0,4.357068965517241,200.0,7.952298850574713,6.982758620689655,3.091428571428572,828,50.270114942528735,15.271020686878856,2020.0,1140000.0,114.0,Механическая
R-1948335X,VW Tiguan,economy,petrol,engine_ignition,0.1,3.833908045977012,190.699191206676,8.027011494252873,7.086206896551724,2.9457142857142857,917,51.50574712643678,16.7700349083077,,,,
C20191765o,Kia Rio X,economy,petrol,engine_ignition,0.1,4.160977011494253,190.52165351580223,8.033333333333333,7.82183908045977,3.0285714285714285,791,49.07471264367816,13.188282751748629,2020.0,944900.0,100.0,Механическая
R16773550u,Renault Sandero,standart,petrol,engine_fuel,0.1,4.300804597701149,164.9580151985662,8.072988505747126,16.5327868852459,3.271428571428572,869,50.14367816091954,14.150595495134445,2018.0,697000.0,82.0,Механическая
f18945419X,Kia Rio X,economy,petrol,engine_check,0.1,4.71735632183908,160.0,8.143103448275863,15.373134328358208,2.6942857142857144,924,44.03448275862069,10.023611749538256,2020.0,944900.0,100.0,Механическая
z-3485115T,Skoda Rapid,economy,petrol,break_bug,0.1,5.419827586206896,103.7654839736524,8.013218390804598,6.850574712643678,3.5342857142857143,917,44.10344827586207,10.22355263609913,2019.0,847000.0,90.0,Механическая
C-4073157k,Smart ForTwo,economy,petrol,engine_overheat,0.1,4.082068965517241,189.10811147067693,7.860344827586207,8.872832369942197,3.8085714285714287,1130,51.12643678160919,13.520529966783313,2014.0,890000.0,71.0,Механическая
u21310295q,Kia Sportage,standart,petrol,engine_check,0.1,4.543620689655173,148.73827289162776,8.052873563218391,17.674603174603174,2.797142857142857,888,45.172413793103445,11.322601976895925,2018.0,1544900.0,150.0,Механическая
N-9781014K,VW Polo VI,economy,petrol,another_bug,0.49,4.411724137931034,200.0,8.02471264367816,18.852459016393443,3.942857142857143,970,44.4367816091954,10.752820465514636,,,,
t22511448x,Smart ForTwo,economy,petrol,gear_stick,0.1,4.525574712643678,100.9948025376596,7.898275862068965,10.028735632183908,2.7,868,45.195402298850574,10.75081831052365,2014.0,890000.0,71.0,Механическая
T-4883335x,Kia Rio X-line,economy,petrol,wheel_shake,0.1,4.457988505747127,133.3321951547292,8.047701149425286,16.220338983050848,3.4228571428571426,1014,45.45402298850575,10.576211769736478,2020.0,944900.0,100.0,Механическая
q12245711E,Nissan Qashqai,standart,petrol,engine_check,0.1,4.619080459770115,161.0997471912929,8.008045977011495,16.82882882882883,3.031428571428571,807,44.55172413793103,11.104608865269768,2017.0,1413000.0,115.0,Механическая
B-6461335O,Hyundai Solaris,economy,petrol,engine_fuel,0.1,4.204942528735632,173.79598238709053,8.075287356321839,17.212598425196852,3.64,927,49.51149425287356,14.541445056936311,2020.0,780000.0,100.0,Механическая
q15170801B,Kia Sportage,standart,petrol,gear_stick,0.1,4.439137931034483,112.58545404837054,7.825862068965518,9.06896551724138,3.174285714285714,941,45.78735632183908,9.758094959981864,2018.0,1544900.0,150.0,Механическая
W18060288Q,Kia Rio,economy,petrol,gear_stick,0.1,4.679827586206897,127.0640262308025,7.801149425287357,8.959770114942529,3.242857142857143,921,45.45977011494253,11.99692118278363,2020.0,944900.0,100.0,Механическая
b21711455K,Nissan Qashqai,standart,petrol,gear_stick,0.1,4.4991954022988505,106.81863261934254,7.858045977011494,9.189655172413794,4.3,1011,44.52873563218391,9.16053243329762,2017.0,1413000.0,115.0,Механическая
j20079629P,Smart Coupe,economy,petrol,gear_stick,0.1,4.26764367816092,117.76445503883656,7.810919540229884,8.844827586206897,3.8142857142857145,919,45.293103448275865,10.382859297493576,,,,
C11747534v,VW Polo VI,economy,petrol,engine_ignition,0.1,4.1048850574712645,170.58183931539165,8.067816091954024,7.763005780346821,3.011428571428572,874,48.72413793103448,14.183919621956996,,,,
M58894937r,Renault Kaptur,standart,petrol,engine_fuel,0.1,4.321666666666667,185.3314579596784,8.086781609195402,16.396551724137932,2.4971428571428573,936,49.66091954022989,14.0010309803857,2020.0,1140000.0,114.0,Механическая
A11922887f,Smart Coupe,economy,petrol,electro_bug,0.0,4.012586206896552,200.0,7.98448275862069,7.028735632183908,3.8685714285714288,783,50.61494252873563,13.588757923526066,,,,
n12377024x,Smart ForFour,economy,petrol,electro_bug,0.0,4.12183908045977,179.57601135973212,7.972988505747126,7.011494252873563,2.242857142857143,818,50.57471264367816,14.211151026597534,2014.0,890000.0,71.0,Механическая
L-1227525r,VW Tiguan,economy,petrol,engine_ignition,0.1,3.9513218390804594,184.72850668466407,7.922988505747126,6.626436781609195,2.5,825,51.5919540229885,17.234195865847134,,,,
i-1095441d,Renault Sandero,standart,petrol,engine_fuel,0.1,3.934885057471264,167.75301963093466,8.127586206896552,16.418803418803417,3.7542857142857136,963,49.08620689655172,13.961074477206347,2018.0,697000.0,82.0,Механическая
c12597990Y,Smart ForTwo,economy,petrol,engine_check,0.1,4.690459770114942,153.3012400111095,8.065517241379311,16.633333333333333,2.942857142857143,769,44.82183908045977,10.661224921623525,2014.0,890000.0,71.0,Механическая
Q86719011p,Smart Coupe,economy,petrol,wheel_shake,0.23,4.551379310344828,134.65082866366842,8.194827586206896,15.151785714285714,2.665714285714285,816,45.12068965517241,11.01141433987483,,,,
S-7961176I,VW Polo,economy,petrol,engine_overheat,0.1,4.106379310344828,184.3636526334513,7.872988505747127,9.218390804597702,3.66,971,48.88505747126437,13.894670070032593,,,,
i-2288384f,Mini Cooper,business,petrol,another_bug,0.1,4.796609195402299,184.2033992791669,8.170689655172414,16.088709677419356,3.185714285714285,795,44.2183908045977,10.629248868079443,2014.0,1950000.0,231.0,Классический автомат
U16614632F,Kia Rio,economy,petrol,engine_overheat,0.1,4.007816091954023,197.98156520699283,7.791379310344828,9.589595375722544,2.862857142857143,908,49.867816091954026,15.328005230163658,2020.0,944900.0,100.0,Механическая
U-7130411Q,MINI CooperSE,business,electro,break_bug,0.57,5.438505747126436,123.18860425692117,8.031609195402298,7.362068965517241,3.531428571428571,981,43.66091954022989,10.976852748369398,2014.0,1950000.0,231.0,Классический автомат
q22813846g,Kia Rio,economy,petrol,wheel_shake,0.1,4.617471264367817,131.01920044475034,8.087356321839081,15.821428571428571,5.02,1077,43.62068965517241,9.93125664159194,2020.0,944900.0,100.0,Механическая
i-7530121C,Smart ForFour,economy,petrol,electro_bug,0.0,4.195229885057471,191.6093606774345,7.987931034482759,7.563218390804598,3.2657142857142856,811,50.11494252873563,13.921269365547206,2014.0,890000.0,71.0,Механическая
g-1991724F,Smart ForTwo,economy,petrol,break_bug,0.7,5.422011494252874,122.75015985501189,8.057471264367816,7.747126436781609,3.591428571428572,933,43.0,9.658324750919263,2014.0,890000.0,71.0,Механическая
P12661886a,Kia Rio,economy,petrol,electro_bug,0.0,4.074655172413793,200.0,7.979885057471264,7.260115606936416,3.4885714285714284,886,48.41379310344828,13.545087819069709,2020.0,944900.0,100.0,Механическая
j-2223695S,Mini Cooper,business,petrol,engine_fuel,0.1,3.881436781609196,173.91675930173494,8.16551724137931,15.19672131147541,3.991428571428571,1063,51.91379310344828,15.063585249139807,2014.0,1950000.0,231.0,Классический автомат
B-2081255O,Smart Coupe,economy,petrol,gear_stick,0.1,4.541149425287356,113.75662914179296,7.840229885057472,9.24712643678161,2.98,849,45.672413793103445,10.724163086633396,,,,
H97221372X,VW Tiguan,economy,petrol,another_bug,0.1,4.686034482758621,184.0,8.108045977011495,16.80952380952381,3.5971428571428574,917,46.09770114942529,10.52147242395167,,,,
O-2020503H,VW Polo VI,economy,petrol,electro_bug,0.0,4.044540229885057,192.0,7.963218390804597,7.540229885057471,4.2057142857142855,959,50.44252873563219,15.110178265333335,,,,
G15670643N,Nissan Qashqai,standart,petrol,engine_overheat,0.1,3.96,188.4173196113646,7.853448275862069,9.028735632183908,4.177142857142857,927,50.747126436781606,15.80423473710574,2017.0,1413000.0,115.0,Механическая
M-1335244r,Smart ForTwo,economy,petrol,gear_stick,0.63,4.601609195402299,111.65740562735644,7.845977011494253,9.086206896551724,4.2942857142857145,914,44.06896551724138,9.88756807267933,2014.0,890000.0,71.0,Механическая
c53045565g,Volkswagen ID.4 ,premium,electro,engine_ignition,0.1,4.129827586206897,185.91128001715305,9.16896551724138,11.815028901734104,2.482857142857143,921,50.22413793103448,14.959339615707997,,,,
Q19862548Q,Renault Sandero,standart,petrol,break_bug,0.13,5.408160919540229,107.64436184784348,8.00919540229885,7.9655172413793105,4.54,746,43.89655172413793,9.898367335168636,2018.0,697000.0,82.0,Механическая
x24297410X,Hyundai Solaris,economy,petrol,engine_fuel,0.1,3.9167241379310345,167.6365142035967,8.028735632183908,17.6218487394958,3.5885714285714285,909,48.38505747126437,13.969661833086084,2020.0,780000.0,100.0,Механическая
n-2248103n,Renault Sandero,standart,petrol,engine_overheat,0.1,3.999712643678161,196.1186333118172,7.791379310344828,9.28735632183908,2.585714285714286,998,50.27586206896552,14.204688353422586,2018.0,697000.0,82.0,Механическая
J-1564265f,Skoda Rapid,economy,petrol,another_bug,0.1,4.777586206896552,171.0,8.117816091954023,16.54471544715447,3.6628571428571424,965,43.45402298850575,10.105550521969086,2019.0,847000.0,90.0,Механическая
z-8396890u,Renault Kaptur,standart,petrol,gear_stick,0.1,4.412471264367816,115.51303148209732,7.84367816091954,9.22543352601156,4.4,964,45.09770114942529,11.370619039599298,2020.0,1140000.0,114.0,Механическая
S-1235434W,Kia Rio X-line,economy,petrol,another_bug,0.18,4.630574712643679,200.0,8.163218390804598,13.11111111111111,3.185714285714285,833,44.66666666666666,9.53444217920448,2020.0,944900.0,100.0,Механическая
W-7286692g,Renault Kaptur,standart,petrol,engine_overheat,0.1,4.10132183908046,199.6325701245877,7.870689655172414,9.745664739884392,3.414285714285714,882,49.45977011494253,14.484837276597425,2020.0,1140000.0,114.0,Механическая
l-1076081s,Skoda Rapid,economy,petrol,electro_bug,0.0,4.404885057471264,200.0,7.912643678160919,7.183908045977011,3.8371428571428576,812,51.27586206896552,15.084877130380232,2019.0,847000.0,90.0,Механическая
s13888728i,Smart ForFour,economy,petrol,wheel_shake,0.18,4.829597701149425,170.14233159736176,8.116666666666667,15.075,3.2,820,43.95977011494253,10.805350417025291,2014.0,890000.0,71.0,Механическая
f-1599161k,Smart ForFour,economy,petrol,engine_fuel,0.1,4.28683908045977,176.56882454330966,8.094827586206897,16.92622950819672,2.9285714285714284,941,50.27586206896552,14.790787364810525,2014.0,890000.0,71.0,Механическая
k13011549U,Renault Sandero,standart,petrol,break_bug,0.13,5.234137931034483,110.49570189126256,7.969540229885058,7.045977011494253,2.7485714285714287,773,44.5919540229885,10.328150189319189,2018.0,697000.0,82.0,Механическая
v13208941X,Kia Rio,economy,petrol,engine_check,0.1,4.532068965517242,159.0,8.07183908045977,17.637096774193548,2.648571428571429,1043,44.793103448275865,10.298591778737263,2020.0,944900.0,100.0,Механическая
b-1380770L,Smart ForTwo,economy,petrol,engine_fuel,0.1,4.210344827586207,201.348446594179,8.058045977011494,16.653225806451612,3.205714285714286,942,49.689655172413794,14.649121850086184,2014.0,890000.0,71.0,Механическая
X22359217a,Kia Rio X,economy,petrol,gear_stick,0.1,4.445574712643678,122.47594198247548,7.88448275862069,8.861271676300579,3.72,977,44.48275862068966,10.374894184532348,2020.0,944900.0,100.0,Механическая
C50359433E,VW Polo VI,economy,petrol,gear_stick,0.1,4.593505747126437,92.77382321438404,7.893103448275863,8.758620689655173,3.7314285714285713,849,43.37931034482759,9.617230898624856,,,,
v22254568R,Smart ForFour,economy,petrol,another_bug,0.24,4.483275862068965,200.0,8.110919540229885,16.81896551724138,3.5228571428571427,905,44.2816091954023,10.44036219263685,2014.0,890000.0,71.0,Механическая
l13884760f,Kia Rio X,economy,petrol,wheel_shake,0.1,4.374597701149425,140.4734336074748,8.005747126436782,14.688524590163937,3.1314285714285712,820,44.82758620689656,11.360317198770783,2020.0,944900.0,100.0,Механическая
W17936165j,Skoda Rapid,economy,petrol,gear_stick,0.43,4.332183908045977,96.3622257423051,7.839080459770115,8.839080459770114,3.5628571428571427,950,44.189655172413794,10.014077195475297,2019.0,847000.0,90.0,Механическая
S-3511294t,Kia Rio X,economy,petrol,gear_stick,0.1,4.331896551724138,108.35003124414597,7.788505747126437,8.775862068965518,3.191428571428572,880,45.333333333333336,9.974727216536602,2020.0,944900.0,100.0,Механическая
j58227834T,Smart ForTwo,economy,petrol,gear_stick,0.1,4.5520689655172415,100.68700175661698,7.7862068965517235,9.364161849710984,3.4085714285714284,932,45.14367816091954,10.761580144299408,2014.0,890000.0,71.0,Механическая
z40790936m,VW Polo,economy,petrol,gear_stick,0.1,4.395402298850574,104.8816368792192,7.836206896551724,8.491228070175438,4.348571428571428,835,44.20114942528736,9.995363020329917,,,,
k14397227n,Hyundai Solaris,economy,petrol,wheel_shake,0.1,4.6882758620689655,115.0,8.05,14.427350427350428,4.362857142857142,940,44.95977011494253,10.60502618071583,2020.0,780000.0,100.0,Механическая
X62303511v,Kia Rio X,economy,petrol,engine_fuel,0.1,3.859482758620689,172.04984095195476,8.145402298850575,15.166666666666666,3.0428571428571427,872,48.833333333333336,14.124174059777994,2020.0,944900.0,100.0,Механическая
B-1561363P,Renault Sandero,standart,petrol,gear_stick,0.1,4.247988505747126,103.00983513338905,7.8356321839080465,9.364161849710984,3.64,963,44.81609195402299,10.133819912855056,2018.0,697000.0,82.0,Механическая
i47017449U,Kia Rio X-line,economy,petrol,engine_fuel,0.1,4.047988505747127,167.12910728371983,8.087931034482759,16.908333333333335,4.082857142857143,943,48.92528735632184,13.416414055250383,2020.0,944900.0,100.0,Механическая
Z17281512s,Hyundai Solaris,economy,petrol,engine_ignition,0.1,3.973735632183908,189.53589331083384,8.006896551724138,7.057471264367816,2.691428571428572,851,52.53448275862069,15.111778720233312,2020.0,780000.0,100.0,Механическая
O-1267999T,Smart ForTwo,economy,petrol,gear_stick,0.1,4.6947701149425285,104.73687629161128,7.8212643678160925,8.959302325581396,3.888571428571428,955,44.70114942528736,10.034754568459528,2014.0,890000.0,71.0,Механическая
p87595615V,Hyundai Solaris,economy,petrol,engine_check,0.1,4.761149425287357,165.26370856853373,8.061494252873564,16.38938053097345,2.914285714285714,933,44.86206896551724,10.26039291385381,2020.0,780000.0,100.0,Механическая
d21839434m,Kia Rio,economy,petrol,electro_bug,0.0,4.355632183908046,182.38673400734305,7.964942528735633,7.317919075144508,3.648571428571429,963,49.58620689655172,13.997978156348754,2020.0,944900.0,100.0,Механическая
t11042597E,Kia Sportage,standart,petrol,engine_overheat,0.1,4.307528735632184,192.5671040438897,7.8229885057471265,8.971264367816092,4.12,964,50.13218390804597,14.047804380747174,2018.0,1544900.0,150.0,Механическая
n16260385q,VW Polo,economy,petrol,engine_ignition,0.1,4.389252873563218,191.74853070617343,7.945977011494253,7.120689655172414,2.5,791,49.42528735632184,13.91770377040151,,,,
R-1126472L,Smart ForFour,economy,petrol,engine_overheat,0.1,4.075114942528735,181.64439680780143,7.829310344827586,9.005747126436782,2.9,850,49.33908045977012,14.45083237654467,2014.0,890000.0,71.0,Механическая
W-9477259M,Kia Sportage,standart,petrol,another_bug,0.4,4.642126436781609,200.0,8.079310344827586,19.43859649122807,3.5285714285714285,873,43.2183908045977,9.813197775175668,2018.0,1544900.0,150.0,Механическая
F-6369826L,Nissan Qashqai,standart,petrol,engine_check,0.1,4.534655172413793,165.0,8.129885057471263,17.427419354838708,3.0085714285714285,1047,47.270114942528735,12.305434815489964,2017.0,1413000.0,115.0,Механическая
y10620904U,Kia Sportage,standart,petrol,electro_bug,0.0,4.592758620689655,200.0,8.02471264367816,7.189655172413793,3.037142857142857,891,50.63793103448276,14.91947357142321,2018.0,1544900.0,150.0,Механическая
Z76775340d,VW Tiguan,economy,petrol,wheel_shake,0.1,4.627241379310345,124.02495331958552,8.063218390804598,16.153225806451612,3.957142857142857,891,44.39655172413793,9.846110094571303,,,,
d-1139767Q,VW Polo VI,economy,petrol,engine_check,0.1,4.757528735632183,163.72750653584623,8.13390804597701,20.47008547008547,2.625714285714286,907,44.12643678160919,9.199528258452238,,,,
C-1370961Z,Audi Q3,premium,petrol,electro_bug,0.0,3.98735632183908,195.66895205922785,8.00977011494253,7.293103448275862,3.6714285714285713,924,48.48850574712644,13.762115421536372,2014.0,2045000.0,150.0,Механическая
A-6054905F,Smart ForFour,economy,petrol,another_bug,0.1,4.618333333333333,176.0,8.149425287356323,15.938053097345133,3.702857142857143,964,43.66666666666666,10.7420266617404,2014.0,890000.0,71.0,Механическая
C-6638042h,Smart ForTwo,economy,petrol,break_bug,0.1,5.3870689655172415,99.73534286871347,7.959770114942529,6.885057471264368,3.4114285714285715,909,43.90229885057471,10.017135342256555,2014.0,890000.0,71.0,Механическая
o88568317p,VW Polo,economy,petrol,electro_bug,0.0,4.427643678160919,187.03298417906603,7.978735632183907,7.287356321839081,3.325714285714286,787,48.195402298850574,12.70686772613434,,,,
Q15313356b,VW Tiguan,economy,petrol,break_bug,0.1,5.36132183908046,124.88425710928044,7.959195402298851,7.2988505747126435,3.525714285714286,844,43.2816091954023,9.486589606735404,,,,
W10497593m,Kia Rio,economy,petrol,engine_overheat,0.1,4.295632183908047,181.5666367232892,7.909770114942528,8.758620689655173,3.8,875,49.44827586206897,15.556169804147912,2020.0,944900.0,100.0,Механическая
o-1891967P,Kia Sportage,standart,petrol,engine_overheat,0.1,4.037011494252874,193.9106493251823,7.852298850574712,9.767441860465116,3.0342857142857143,879,50.672413793103445,15.266103519997396,2018.0,1544900.0,150.0,Механическая
p22237238Z,Renault Kaptur,standart,petrol,electro_bug,0.0,3.867873563218391,184.7615506359436,8.013793103448277,7.385057471264368,3.137142857142857,783,49.47701149425287,15.461570493176756,2020.0,1140000.0,114.0,Механическая
a41280148k,Renault Kaptur,standart,petrol,engine_check,0.26,4.57316091954023,152.0,8.154597701149426,17.46551724137931,2.877142857142857,956,44.64942528735632,9.635440045483564,2020.0,1140000.0,114.0,Механическая
R49036294u,Smart Coupe,economy,petrol,engine_fuel,0.1,3.970977011494253,187.34023558784008,8.060344827586206,15.162393162393162,3.917142857142857,863,49.78735632183908,14.27255990987501,,,,
z-4833684R,VW Polo,economy,petrol,break_bug,0.41,5.48448275862069,116.14711135109646,8.038505747126438,7.362068965517241,3.997142857142857,911,44.333333333333336,11.141410197753466,,,,
K20525629B,VW Tiguan,economy,petrol,engine_overheat,0.1,4.100747126436781,180.50947024713844,7.931034482758621,9.344827586206897,3.325714285714286,954,50.04597701149425,14.668914910342457,,,,
v95100302y,VW Polo VI,economy,petrol,engine_overheat,0.1,4.140229885057472,188.67005716502769,7.813218390804598,9.578034682080926,3.891428571428571,928,48.02873563218391,13.0248442729397,,,,
S-8715402c,Mini Cooper,business,petrol,engine_ignition,0.1,3.87632183908046,188.5408522152968,7.97183908045977,6.936781609195402,3.2485714285714287,1038,49.49425287356322,14.246689961956127,2014.0,1950000.0,231.0,Классический автомат
H15588497J,Skoda Rapid,economy,petrol,break_bug,0.1,5.276724137931034,104.25610009461664,7.9959770114942526,7.229885057471264,3.177142857142857,824,43.49425287356322,9.816670454015323,2019.0,847000.0,90.0,Механическая
L94218328d,Kia Rio,economy,petrol,another_bug,0.1,4.677413793103448,184.0,8.107471264367817,19.798319327731093,3.557142857142857,1008,45.35057471264368,9.71251946458163,2020.0,944900.0,100.0,Механическая
j55128828K,Renault Sandero,standart,petrol,another_bug,0.1,4.723275862068966,200.0,8.033908045977013,14.064814814814817,2.794285714285714,874,44.11494252873563,9.682145282937812,2018.0,697000.0,82.0,Механическая
I-9335565Q,Smart ForFour,economy,petrol,gear_stick,0.1,4.454942528735632,125.68514824770436,7.924712643678162,9.890173410404625,4.525714285714286,987,44.6551724137931,10.523661845604025,2014.0,890000.0,71.0,Механическая
M19182860m,Kia Sportage,standart,petrol,break_bug,0.1,5.508275862068966,108.45138364985092,8.059770114942529,7.729885057471264,2.52,962,44.367816091954026,10.434064867243428,2018.0,1544900.0,150.0,Механическая
m-2205063P,Smart ForFour,economy,petrol,another_bug,0.59,4.912183908045977,175.53231108453326,8.085057471264367,17.198347107438018,3.48,922,44.62643678160919,11.13934815882396,2014.0,890000.0,71.0,Механическая
e12051793m,VW Polo VI,economy,petrol,electro_bug,0.0,4.3982758620689655,198.0,8.059195402298851,7.35632183908046,3.788571428571428,902,50.96551724137931,14.751857550017272,,,,
Z60523911N,Renault Kaptur,standart,petrol,gear_stick,0.1,4.57051724137931,98.26992244343164,7.901724137931035,9.546511627906977,3.4085714285714284,1028,43.76436781609196,10.406572811954897,2020.0,1140000.0,114.0,Механическая
I-1072340c,Skoda Rapid,economy,petrol,another_bug,0.79,4.709942528735632,198.56235956295865,8.136206896551725,15.848,3.3028571428571425,859,45.56896551724138,9.789304182642756,2019.0,847000.0,90.0,Механическая
K-2460692D,Renault Kaptur,standart,petrol,another_bug,0.12,4.981436781609196,180.0,8.147701149425288,18.49242424242424,4.808571428571429,1000,43.45977011494253,9.664672092319,2020.0,1140000.0,114.0,Механическая
q-9818488o,Smart Coupe,economy,petrol,break_bug,0.1,5.465057471264368,123.04252343957036,8.00919540229885,7.109826589595376,4.0685714285714285,925,44.63793103448276,10.506862512495726,,,,
M-1351643L,Nissan Qashqai,standart,petrol,another_bug,0.1,4.658275862068965,171.4721545185265,8.101149425287355,15.816,3.5085714285714285,837,44.82758620689656,10.615951457773212,2017.0,1413000.0,115.0,Механическая
a15168936c,Renault Kaptur,standart,petrol,electro_bug,0.0,4.168563218390805,176.20474160069287,7.99080459770115,7.38728323699422,4.2371428571428575,878,48.2528735632184,13.504200494707652,2020.0,1140000.0,114.0,Механическая
P-8016178d,Renault Kaptur,standart,petrol,gear_stick,0.1,4.54603448275862,107.27156590904612,7.862068965517241,9.436781609195402,2.982857142857143,840,44.88505747126437,10.131990528894251,2020.0,1140000.0,114.0,Механическая
I-5434170l,VW Polo,economy,petrol,wheel_shake,0.1,4.879252873563218,118.0,8.011494252873563,15.495726495726496,3.474285714285714,813,43.4080459770115,9.169574197170306,,,,
L10152680W,Smart ForFour,economy,petrol,another_bug,0.1,4.80448275862069,200.0,8.11264367816092,16.24390243902439,3.568571428571429,955,44.58620689655172,10.248419276548413,2014.0,890000.0,71.0,Механическая
J-1648795r,VW Polo,economy,petrol,break_bug,0.95,5.301781609195403,122.71965944035604,7.994252873563219,7.329479768786127,2.6514285714285712,970,45.01724137931034,11.11707229410092,,,,
p-7109749V,Mercedes-Benz E200,business,petrol,electro_bug,0.0,4.406954022988505,177.36995592725688,8.258045977011495,8.132183908045977,3.7542857142857136,848,50.28735632183908,15.316248537783158,,,,
g-1247997Z,Renault Sandero,standart,petrol,another_bug,0.1,4.625689655172414,172.09270478712477,8.139080459770115,15.891891891891891,3.2542857142857144,983,46.195402298850574,10.035012786694775,2018.0,697000.0,82.0,Механическая
I-5970052e,Kia Rio X-line,economy,petrol,engine_ignition,0.1,4.053908045977011,186.3967414917062,7.970114942528736,7.275862068965517,3.005714285714286,946,51.367816091954026,14.61182903691843,2020.0,944900.0,100.0,Механическая
v-1935966T,Hyundai Solaris,economy,petrol,engine_overheat,0.1,4.46,198.8882334407548,7.909195402298851,9.35672514619883,3.237142857142857,903,49.87356321839081,13.32068199203684,2020.0,780000.0,100.0,Механическая
M95466176u,Smart ForFour,economy,petrol,engine_fuel,0.1,3.84528735632184,165.7013189779014,8.030459770114943,11.939655172413794,4.071428571428571,1001,50.21264367816092,14.576712004253904,2014.0,890000.0,71.0,Механическая
x94067365b,Kia Sportage,standart,petrol,engine_fuel,0.1,4.178448275862069,166.34621332967444,8.121264367816092,16.991666666666667,3.4657142857142857,917,51.44252873563219,16.426210073646406,2018.0,1544900.0,150.0,Механическая
f-1498735Z,Kia Rio X,economy,petrol,wheel_shake,0.1,4.877471264367816,158.01332996995814,8.128735632183908,15.8,3.1,926,43.47701149425287,10.091892254830316,2020.0,944900.0,100.0,Механическая
N-1305225x,VW Polo VI,economy,petrol,wheel_shake,0.1,4.607241379310345,118.17759261154195,8.089655172413792,13.626168224299066,3.117142857142857,941,45.13218390804597,10.347700805782042,,,,
y-2171969q,Renault Sandero,standart,petrol,electro_bug,0.0,4.299885057471264,188.0,7.989655172413793,7.948275862068965,3.071428571428572,838,50.0,14.834735055330436,2018.0,697000.0,82.0,Механическая
c17052193e,Nissan Qashqai,standart,petrol,engine_check,0.1,4.729080459770115,160.0,8.095402298850574,19.513274336283185,3.205714285714286,949,44.62068965517241,9.65442350237677,2017.0,1413000.0,115.0,Механическая
b-1872358o,Smart ForFour,economy,petrol,gear_stick,0.1,4.318620689655172,111.08600074024784,7.770689655172413,8.89080459770115,3.757142857142857,828,44.28735632183908,10.30282305549131,2014.0,890000.0,71.0,Механическая
o90119190V,Hyundai Solaris,economy,petrol,engine_ignition,0.1,3.98367816091954,190.293642033568,7.970114942528736,7.352601156069364,3.211428571428572,920,49.95402298850575,15.864970717298544,2020.0,780000.0,100.0,Механическая
u-5484227S,VW Polo VI,economy,petrol,wheel_shake,0.1,4.537413793103449,126.29707254786732,8.063793103448276,14.45045045045045,3.2342857142857144,881,45.37356321839081,11.631807694243603,,,,
u82752427P,Kia Rio X-line,economy,petrol,engine_overheat,0.1,4.050459770114943,185.20459528606315,7.798275862068966,9.294797687861273,4.668571428571429,1034,49.06896551724138,12.645265150069688,2020.0,944900.0,100.0,Механическая
o16230080f,VW Polo,economy,petrol,wheel_shake,0.1,4.651666666666666,134.59318331990656,8.144827586206898,15.03968253968254,3.4771428571428573,875,44.57471264367816,10.777446139632133,,,,
m-2245548R,Kia Sportage,standart,petrol,engine_fuel,0.1,4.037873563218391,183.4688248223327,8.135057471264368,18.666666666666668,2.7657142857142856,906,49.97701149425287,14.466206993349482,2018.0,1544900.0,150.0,Механическая
w10201905w,Smart Coupe,economy,petrol,electro_bug,0.0,4.424310344827586,200.0,7.99080459770115,7.017241379310345,4.505714285714285,963,49.99425287356322,15.487640840448792,,,,
T-2189506b,Kia Sportage,standart,petrol,engine_check,0.1,4.267126436781609,158.0,8.087931034482759,17.646017699115045,2.9885714285714284,886,44.60919540229885,10.140465862266574,2018.0,1544900.0,150.0,Механическая
Z-1361289G,Mini Cooper,business,petrol,engine_overheat,0.1,3.978505747126437,192.0,7.932183908045977,8.566473988439306,4.28,948,50.206896551724135,14.921093368354596,2014.0,1950000.0,231.0,Классический автомат
Y22302267X,Kia Rio,economy,petrol,another_bug,0.1,4.576034482758621,178.0,8.035057471264368,15.84873949579832,2.9657142857142857,795,43.89655172413793,9.569380942593764,2020.0,944900.0,100.0,Механическая
l-1026528H,Smart Coupe,economy,petrol,break_bug,0.78,5.320344827586207,123.63581936929354,8.050574712643678,7.410404624277457,3.44,951,44.44827586206897,10.34800097496108,,,,
H-2757468E,VW Polo VI,economy,petrol,engine_ignition,0.1,4.427298850574712,193.1327730743734,8.003448275862068,7.379310344827586,2.8342857142857145,894,50.05747126436781,14.319521677869847,,,,
N-2240902Z,Smart ForFour,economy,petrol,engine_fuel,0.1,4.206379310344827,176.67433468793828,8.06264367816092,16.411290322580644,4.654285714285715,917,50.26436781609196,13.405166608235987,2014.0,890000.0,71.0,Механическая
x13730258P,VW Tiguan,economy,petrol,engine_overheat,0.1,4.271781609195402,187.0,7.859195402298851,7.953757225433526,3.648571428571429,782,50.672413793103445,15.55120715092262,,,,
h12427301o,Nissan Qashqai,standart,petrol,gear_stick,0.1,4.481781609195402,101.47767344334112,7.760344827586207,9.508670520231211,3.64,908,44.82758620689656,9.7152605021931,2017.0,1413000.0,115.0,Механическая
I-2834874F,Smart ForFour,economy,petrol,break_bug,0.1,5.391666666666667,103.5717728529346,8.01206896551724,7.402298850574713,3.848571428571428,961,44.44827586206897,10.21475598263277,2014.0,890000.0,71.0,Механическая
N89944460U,Kia Rio X,economy,petrol,engine_ignition,0.1,4.257528735632183,179.26664960914928,7.964367816091953,6.764367816091954,2.968571428571429,953,49.25862068965517,14.29486387996127,2020.0,944900.0,100.0,Механическая
j-1712772o,Nissan Qashqai,standart,petrol,engine_check,0.15,4.812873563218391,171.17037754185765,8.152298850574713,17.883333333333333,2.762857142857143,921,45.86206896551724,10.65938476441816,2017.0,1413000.0,115.0,Механическая
c19881313A,Kia Rio,economy,petrol,break_bug,0.1,5.629942528735632,104.75947349086726,8.063218390804598,7.379310344827586,3.94,1012,45.14367816091954,9.89873818255658,2020.0,944900.0,100.0,Механическая
Q-6918324o,Kia Rio X-line,economy,petrol,wheel_shake,0.1,4.587988505747126,118.22735449055818,8.035632183908046,14.508333333333333,4.123529411764705,949,45.38505747126437,11.011082475393367,2020.0,944900.0,100.0,Механическая
D-1543108f,Fiat 500,business,petrol,electro_bug,0.0,4.2844252873563216,176.1771966673803,8.095402298850574,7.459770114942529,4.085294117647059,811,49.62068965517241,15.245005913477808,2015.0,990000.0,100.0,Механическая
T-7607561S,Smart Coupe,economy,petrol,engine_check,0.1,4.596149425287356,155.5077786556761,8.10919540229885,17.201680672268907,3.1882352941176477,976,45.46551724137931,10.509916347832142,,,,
K-1703648s,Kia Rio,economy,petrol,another_bug,0.1,5.000287356321839,188.86887840655424,8.180459770114943,20.451612903225808,3.3117647058823527,855,44.2528735632184,10.83797475994552,2020.0,944900.0,100.0,Механическая
t97882515C,Mini Cooper,business,petrol,engine_check,0.16,4.339827586206897,153.0,8.190229885057471,15.811475409836063,2.617647058823529,883,44.98850574712644,9.781419513368116,2014.0,1950000.0,231.0,Классический автомат
B-1223366j,Smart Coupe,economy,petrol,another_bug,0.1,4.660747126436782,199.7895424761316,8.075862068965517,16.62608695652174,3.152941176470588,800,44.28735632183908,11.346266270826089,,,,
e78136849E,VW Tiguan,economy,petrol,another_bug,0.1,4.868735632183908,180.0,8.033333333333333,17.553846153846155,3.7852941176470583,978,45.77586206896552,10.964540487246698,,,,
r-3130013n,Kia Sportage,standart,petrol,electro_bug,0.0,3.9293103448275866,194.84455804698607,7.9655172413793105,6.545977011494253,3.376470588235294,886,48.695402298850574,13.691239408556935,2018.0,1544900.0,150.0,Механическая
S-3888121i,Kia Rio X,economy,petrol,break_bug,0.54,5.250402298850575,113.9197717464681,7.991954022988505,7.137931034482759,4.091176470588235,926,44.5919540229885,10.818531717828709,2020.0,944900.0,100.0,Механическая
v13412057i,Kia Sportage,standart,petrol,electro_bug,0.0,4.341666666666667,182.47382176572444,8.01494252873563,7.126436781609195,3.9735294117647055,870,52.14367816091954,15.000078621369488,2018.0,1544900.0,150.0,Механическая
w15600381D,Kia Rio X,economy,petrol,another_bug,0.87,4.762183908045977,200.0,8.138505747126436,16.356521739130436,3.8117647058823527,773,44.49425287356322,9.82726367247193,2020.0,944900.0,100.0,Механическая
i98744677i,Renault Sandero,standart,petrol,engine_ignition,0.1,3.8577011494252873,189.49222400982185,7.946551724137931,7.2988505747126435,3.3000000000000003,791,51.38505747126437,15.204045922859596,2018.0,697000.0,82.0,Механическая
a35746775Z,Kia Rio,economy,petrol,engine_check,0.1,4.636091954022988,155.34364261212752,8.072988505747126,15.96031746031746,2.682352941176471,849,45.05747126436781,9.141604470597995,2020.0,944900.0,100.0,Механическая
I30300326i,Smart Coupe,economy,petrol,engine_check,0.1,4.524942528735632,151.0,8.100574712643677,15.917431192660551,3.085294117647059,923,44.195402298850574,9.811918057362067,,,,
L-3013668o,Nissan Qashqai,standart,petrol,electro_bug,0.0,4.307701149425287,184.1955564864762,7.957471264367816,7.618497109826589,3.273529411764706,915,50.33908045977012,15.293845196145476,2017.0,1413000.0,115.0,Механическая
D22902572P,Kia Rio X,economy,petrol,engine_check,0.1,4.453448275862069,154.0,8.11896551724138,15.217054263565892,3.179411764705882,855,44.672413793103445,10.812732696204854,2020.0,944900.0,100.0,Механическая
h-1083202b,Kia Rio X-line,economy,petrol,another_bug,0.1,4.568103448275863,200.0,8.048850574712644,17.88095238095238,3.914705882352941,920,44.32758620689656,9.682929256966384,2020.0,944900.0,100.0,Механическая
m-1912665m,Kia Rio X-line,economy,petrol,engine_fuel,0.1,4.306091954022988,172.17850568056866,8.09655172413793,17.547826086956523,3.170588235294117,885,49.51149425287356,13.880055348687398,2020.0,944900.0,100.0,Механическая
t54756416j,Kia Rio X-line,economy,petrol,another_bug,0.47,4.776034482758621,193.0,8.091954022988507,14.232758620689657,3.147058823529412,900,44.16091954022989,10.078734624699043,2020.0,944900.0,100.0,Механическая
T20363976m,Smart ForFour,economy,petrol,engine_check,1.2,4.562586206896552,158.0,8.11264367816092,18.732142857142858,3.658823529411765,985,44.31609195402299,9.494633392164818,2014.0,890000.0,71.0,Механическая
p81056764h,Fiat 500,business,petrol,gear_stick,0.59,4.602931034482759,125.3011877831226,7.836206896551724,8.75287356321839,3.844117647058823,847,44.22413793103448,10.275471276111038,2015.0,990000.0,100.0,Механическая
I15203455u,Smart ForTwo,economy,petrol,gear_stick,0.1,4.577816091954023,115.83708622267685,7.760344827586207,8.339080459770114,3.291176470588236,880,46.51149425287356,10.024097269979048,2014.0,890000.0,71.0,Механическая
U18148584e,Nissan Qashqai,standart,petrol,engine_overheat,0.1,4.215,192.7998178040227,7.840804597701149,8.86046511627907,4.373529411764705,908,51.0919540229885,15.14754577416859,2017.0,1413000.0,115.0,Механическая
i-1445700R,Hyundai Solaris,economy,petrol,another_bug,0.1,4.479770114942529,177.09460480418062,8.189080459770116,15.255813953488373,3.426470588235294,837,44.7183908045977,10.370367173567049,2020.0,780000.0,100.0,Механическая
n-2162898E,Smart ForTwo,economy,petrol,break_bug,0.29,5.208678160919541,115.43651573787524,8.043678160919539,7.977011494252873,3.9764705882352938,909,44.64942528735632,10.368252717197848,2014.0,890000.0,71.0,Механическая
v-2280326L,VW Polo,economy,petrol,another_bug,0.1,4.946954022988506,190.0,8.074712643678161,18.45299145299145,3.591176470588235,867,44.4080459770115,10.45608176472938,,,,
B54175025n,Skoda Rapid,economy,petrol,gear_stick,0.1,4.57551724137931,93.0,7.818965517241379,8.057803468208093,2.5823529411764703,851,44.241379310344826,10.351583070958045,2019.0,847000.0,90.0,Механическая
a-1388740X,Hyundai Solaris,economy,petrol,gear_stick,0.1,4.425,116.28802376647,7.805172413793103,8.936781609195402,3.770588235294117,845,47.37931034482759,10.676798224696157,2020.0,780000.0,100.0,Механическая
Q72167569Z,VW Tiguan,economy,petrol,wheel_shake,0.1,4.751551724137931,122.0525937286212,8.02816091954023,13.891666666666667,2.9911764705882358,796,43.95402298850575,8.785047788536344,,,,
e10663028u,Kia Rio X-line,economy,petrol,another_bug,0.1,4.712816091954023,185.75446456421693,8.008045977011495,16.317757009345794,4.523529411764706,939,44.9080459770115,10.537170303712212,2020.0,944900.0,100.0,Механическая
G-8756627H,Kia Rio,economy,petrol,engine_fuel,0.1,4.039137931034483,163.67791886292167,8.078735632183909,18.67567567567568,3.9382352941176473,928,50.9080459770115,15.372170774162395,2020.0,944900.0,100.0,Механическая
I14406288e,Renault Kaptur,standart,petrol,engine_fuel,0.1,4.115862068965517,184.9219296155895,8.069540229885057,14.596491228070176,3.447058823529412,901,49.54022988505747,14.929742667970483,2020.0,1140000.0,114.0,Механическая
r-9097768K,Renault Sandero,standart,petrol,another_bug,0.1,4.765689655172414,196.06812923219704,8.068965517241379,16.642857142857142,4.279411764705882,905,44.25862068965517,11.344159473309164,2018.0,697000.0,82.0,Механическая
Y-3787995U,VW Tiguan,economy,petrol,break_bug,0.1,5.272068965517241,118.8093184021041,8.00632183908046,7.528735632183908,5.117647058823529,976,44.2528735632184,9.211978116987252,,,,
o-2324110V,VW Polo VI,economy,petrol,engine_overheat,0.1,4.482988505747127,194.0,7.828735632183908,9.202312138728324,2.605882352941176,795,47.45977011494253,12.78031777735593,,,,
F18164143O,Smart Coupe,economy,petrol,electro_bug,0.0,4.647586206896551,184.3267829376656,8.01494252873563,6.988439306358382,4.538235294117648,815,50.33908045977012,15.383534898402493,,,,
a-2243028s,VW Tiguan,economy,petrol,engine_overheat,0.1,4.0216091954022986,193.0504617998358,7.914942528735632,9.43103448275862,3.1,837,51.67816091954023,14.972417223784817,,,,
S-1740592Q,VW Tiguan,economy,petrol,engine_fuel,0.1,4.060287356321839,178.37445688607892,8.145977011494253,16.82608695652174,3.047058823529412,723,48.67816091954023,13.529239799272151,,,,
b-2298403w,MINI CooperSE,business,electro,break_bug,0.21,5.4494252873563225,123.6168164239498,8.004597701149425,6.764367816091954,3.397058823529412,922,45.22413793103448,10.38068978203314,2014.0,1950000.0,231.0,Классический автомат
B17440481q,Smart ForTwo,economy,petrol,engine_fuel,0.1,3.6570689655172415,181.3373927792803,8.045977011494253,15.716666666666669,3.2294117647058824,1026,51.67816091954023,15.946075497308504,2014.0,890000.0,71.0,Механическая
p-1820938A,VW Polo VI,economy,petrol,engine_ignition,0.1,4.095919540229885,192.88242068329555,7.983333333333332,7.339080459770115,2.908823529411765,932,49.270114942528735,13.147958499458188,,,,
d-4762711Z,Smart ForFour,economy,petrol,engine_ignition,0.1,3.7185632183908046,185.2334141788371,7.974137931034483,7.614942528735632,3.173529411764706,867,50.42528735632184,15.059521355041822,2014.0,890000.0,71.0,Механическая
d-1979148g,VW Tiguan,economy,petrol,break_bug,0.1,5.2972413793103446,111.82264208466066,7.949425287356322,6.913793103448276,3.647058823529412,942,43.59770114942529,9.802630023538589,,,,
J22534308x,Nissan Qashqai,standart,petrol,engine_check,0.1,4.595057471264368,153.3147923586651,8.092528735632184,14.221374045801529,2.717647058823529,990,43.96551724137931,9.761252023198391,2017.0,1413000.0,115.0,Механическая
u-1504120V,VW Polo,economy,petrol,break_bug,0.1,5.326896551724138,111.552803276463,7.976436781609196,7.741379310344827,3.647058823529412,931,43.77586206896552,10.311971442594675,,,,
k74625649K,Hyundai Solaris,economy,petrol,engine_ignition,0.1,4.440057471264368,192.0815203251105,8.00977011494253,7.655172413793103,3.0205882352941176,880,49.5919540229885,15.005592162914583,2020.0,780000.0,100.0,Механическая
y16050355z,Renault Kaptur,standart,petrol,break_bug,0.1,5.18419540229885,108.36563457044991,8.023563218390803,7.606936416184971,4.144117647058824,1005,44.90229885057471,10.518725136620288,2020.0,1140000.0,114.0,Механическая
d-2225751Z,Kia Rio,economy,petrol,another_bug,0.71,4.722758620689655,183.0,8.01551724137931,14.46341463414634,3.702941176470589,766,45.57471264367816,10.079604754050324,2020.0,944900.0,100.0,Механическая
o-2922285t,VW Polo VI,economy,petrol,engine_ignition,0.1,4.102931034482759,191.98664379259685,8.068965517241379,7.413793103448276,3.1882352941176477,860,50.90229885057471,15.353886947471027,,,,
Q21021305o,Renault Kaptur,standart,petrol,engine_check,0.1,4.640689655172414,162.90207984037684,8.105747126436782,17.108333333333334,2.711764705882353,918,44.333333333333336,9.993253986607556,2020.0,1140000.0,114.0,Механическая
h-6813015B,Nissan Qashqai,standart,petrol,engine_overheat,0.1,4.2845402298850574,189.08319272412285,7.873563218390805,9.335260115606935,3.985294117647059,937,48.33908045977012,13.408864778231145,2017.0,1413000.0,115.0,Механическая
L-1496694j,Nissan Qashqai,standart,petrol,engine_check,0.1,4.4847701149425285,160.0,8.117241379310345,17.52542372881356,3.402941176470588,970,44.60344827586207,9.4696466509496,2017.0,1413000.0,115.0,Механическая
V-1623563U,VW Polo VI,economy,petrol,another_bug,0.1,4.589655172413793,167.20370939762688,8.06264367816092,13.30081300813008,3.402941176470588,821,45.2183908045977,10.377192963981493,,,,
D-2134856N,Skoda Rapid,economy,petrol,gear_stick,0.1,4.489195402298851,117.06080121617477,7.90632183908046,9.352601156069364,3.7058823529411766,960,46.32183908045977,10.872880036938447,2019.0,847000.0,90.0,Механическая
O-3249507n,Skoda Rapid,economy,petrol,engine_fuel,0.1,3.8731034482758617,172.43574218088537,8.065517241379311,17.666666666666668,3.7235294117647055,702,49.39080459770115,15.15458405387592,2019.0,847000.0,90.0,Механическая
P-8581853M,Mercedes-Benz E200,business,petrol,electro_bug,0.0,4.499080459770116,191.1132674410889,8.183908045977011,7.660919540229885,3.338235294117647,885,50.20114942528736,14.370803689118592,,,,
p10765484c,Renault Kaptur,standart,petrol,break_bug,0.19,5.316264367816092,121.08902348706874,7.999425287356322,7.166666666666667,4.202941176470588,824,43.64942528735632,10.531981282057025,2020.0,1140000.0,114.0,Механическая
a-5976169f,VW Polo,economy,petrol,engine_check,0.23,4.559655172413793,159.57598615682787,8.13735632183908,18.35833333333333,2.738235294117647,848,44.270114942528735,11.205981216101229,,,,
H-4871785P,Hyundai Solaris,economy,petrol,wheel_shake,0.1,4.555057471264368,118.7708934899814,8.074712643678161,17.504065040650406,4.117647058823529,913,44.52298850574713,10.38268012165152,2020.0,780000.0,100.0,Механическая
H83423387a,Kia Rio X-line,economy,petrol,gear_stick,0.1,4.690747126436782,105.2193182882177,7.900574712643678,9.551724137931034,3.176470588235294,856,44.32183908045977,10.1286456396789,2020.0,944900.0,100.0,Механическая
g18985198o,Nissan Qashqai,standart,petrol,break_bug,0.1,5.2699425287356325,120.1671685783652,7.9959770114942526,7.586206896551724,3.0088235294117647,891,43.87931034482759,9.9060516090501,2017.0,1413000.0,115.0,Механическая
f-1368188Z,Smart ForFour,economy,petrol,engine_ignition,0.1,4.085862068965517,183.0152471132004,7.911494252873562,6.609195402298851,3.1323529411764706,866,49.82183908045977,14.202392742211188,2014.0,890000.0,71.0,Механическая
k-2273981K,Hyundai Solaris,economy,petrol,engine_check,0.1,4.552298850574712,156.0,8.052873563218391,20.016528925619838,3.3058823529411767,951,44.367816091954026,9.52710152203014,2020.0,780000.0,100.0,Механическая
n81763737L,Nissan Qashqai,standart,petrol,engine_overheat,0.1,4.167068965517242,187.9061682439316,7.816091954022989,9.30057803468208,2.4176470588235297,867,51.10919540229885,16.15226058148621,2017.0,1413000.0,115.0,Механическая
c-1171224N,Kia Rio X,economy,petrol,engine_ignition,0.1,4.303505747126437,193.54771785747167,8.000574712643678,7.2011494252873565,2.9382352941176477,936,51.11494252873563,14.589904885336022,2020.0,944900.0,100.0,Механическая
K-2042834N,VW Polo VI,economy,petrol,electro_bug,0.0,4.3885632183908045,202.92059579332425,7.991954022988505,6.994252873563219,3.926470588235294,819,49.367816091954026,15.225939945569792,,,,
A-7704231e,Smart ForTwo,economy,petrol,another_bug,0.1,4.714770114942529,169.1531499762553,8.052298850574712,16.88034188034188,3.2,886,45.07471264367816,10.788569399403016,2014.0,890000.0,71.0,Механическая
T-2809069O,Renault Sandero,standart,petrol,break_bug,0.1,5.4719540229885055,100.56835458443614,8.025862068965518,7.540229885057471,2.9911764705882358,928,43.81609195402299,9.472843736382616,2018.0,697000.0,82.0,Механическая
e-2200514f,Kia Rio,economy,petrol,engine_ignition,0.1,4.246379310344827,177.92202659802163,8.054597701149426,7.218390804597701,3.176470588235294,859,48.97701149425287,13.42241849238945,2020.0,944900.0,100.0,Механическая
J-1137633W,Renault Kaptur,standart,petrol,engine_fuel,0.1,4.061264367816092,175.86857356993582,8.14655172413793,17.66393442622951,3.341176470588235,835,50.798850574712645,14.88568380982928,2020.0,1140000.0,114.0,Механическая
T17971896t,Kia Sportage,standart,petrol,gear_stick,0.69,4.725344827586207,101.72430051662872,7.730459770114942,8.850574712643677,4.273529411764706,915,46.4367816091954,10.153391357377888,2018.0,1544900.0,150.0,Механическая
z10430541i,Mini Cooper,business,petrol,engine_fuel,0.1,4.30867816091954,168.78248660578166,8.148275862068965,16.55140186915888,3.347058823529412,671,48.189655172413794,12.713094923714136,2014.0,1950000.0,231.0,Классический автомат
o-9505235X,VW Tiguan,economy,petrol,engine_check,0.1,4.579367816091954,157.0,8.151724137931035,17.035398230088497,3.114705882352941,906,44.0,9.605513830803494,,,,
Z56694596c,Nissan Qashqai,standart,petrol,engine_check,0.12,4.599425287356322,162.0,8.077011494252874,18.714285714285715,2.7852941176470587,852,44.867816091954026,11.31420912618082,2017.0,1413000.0,115.0,Механическая
u-2290162o,Kia Rio X,economy,petrol,engine_fuel,0.1,4.054597701149425,173.20792969873966,7.954022988505747,14.15079365079365,3.9735294117647055,791,50.12643678160919,14.09284211189418,2020.0,944900.0,100.0,Механическая
E-5303502D,Nissan Qashqai,standart,petrol,break_bug,0.1,5.312988505747127,104.21803804671222,8.020689655172413,7.144508670520231,3.605882352941176,866,44.21264367816092,9.303219712379663,2017.0,1413000.0,115.0,Механическая
R50675613t,Nissan Qashqai,standart,petrol,electro_bug,0.0,4.181494252873564,189.64492674618964,8.10344827586207,7.545977011494253,4.055882352941176,975,51.49425287356322,14.807726122088546,2017.0,1413000.0,115.0,Механическая
H-1289656m,Volkswagen ID.4 ,premium,electro,break_bug,1.46,5.271954022988506,113.59010607865676,9.117241379310345,11.459302325581396,3.158823529411765,800,45.22413793103448,10.613618316163995,,,,
O-1576355d,Renault Kaptur,standart,petrol,break_bug,0.1,5.450229885057471,107.37894367072391,8.01206896551724,7.804597701149425,3.414705882352941,1024,44.58620689655172,10.78968863799708,2020.0,1140000.0,114.0,Механическая
U-6362584Q,Renault Sandero,standart,petrol,electro_bug,0.0,4.610344827586207,185.33708740461665,7.979885057471264,6.879310344827586,3.4352941176470586,887,49.08045977011494,14.358110548248096,2018.0,697000.0,82.0,Механическая
B-8479157Q,Kia Rio X-line,economy,petrol,engine_ignition,0.1,4.1691379310344825,179.66724356878962,8.020689655172413,7.264367816091954,2.9705882352941178,1100,49.16091954022989,12.823275048309114,2020.0,944900.0,100.0,Механическая
h16559760t,VW Polo VI,economy,petrol,engine_overheat,0.1,4.296494252873563,198.86930116090767,7.86896551724138,9.052023121387284,4.3,928,49.206896551724135,12.308310957911134,,,,
o-1530462a,Renault Sandero,standart,petrol,gear_stick,0.1,4.504252873563218,113.94849570248115,7.867241379310346,9.408045977011492,3.426470588235294,823,44.72988505747127,9.92873583909021,2018.0,697000.0,82.0,Механическая
Q70371595z,Hyundai Solaris,economy,petrol,gear_stick,0.62,4.56448275862069,118.6956600407516,7.785632183908047,9.080459770114942,3.767647058823529,891,44.66666666666666,10.488823301886098,2020.0,780000.0,100.0,Механическая
v11386552i,Kia Sportage,standart,petrol,engine_fuel,0.1,4.299080459770114,180.59001393821544,8.065517241379311,17.284552845528456,3.679411764705882,766,49.21264367816092,14.5775050760493,2018.0,1544900.0,150.0,Механическая
A-8582359Y,Smart ForTwo,economy,petrol,engine_ignition,0.1,4.280402298850574,187.71136286862617,8.135057471264368,7.793103448275862,3.1411764705882352,870,50.44252873563219,14.214891907785878,2014.0,890000.0,71.0,Механическая
m-1142531u,Nissan Qashqai,standart,petrol,engine_ignition,0.1,4.263908045977011,174.2364092623902,8.008045977011495,7.341040462427745,2.585294117647059,842,48.92528735632184,12.6632755480093,2017.0,1413000.0,115.0,Механическая
w21325307E,Nissan Qashqai,standart,petrol,engine_ignition,0.1,4.255402298850575,197.71582944758228,7.992528735632185,7.344827586206897,3.5176470588235293,939,48.4367816091954,14.732058667676691,2017.0,1413000.0,115.0,Механическая
P-8788464u,Nissan Qashqai,standart,petrol,engine_ignition,0.1,3.96396551724138,196.30241029071487,8.025862068965518,8.028735632183908,3.2147058823529413,810,50.793103448275865,14.72847733637786,2017.0,1413000.0,115.0,Механическая
Y11984874C,VW Tiguan,economy,petrol,electro_bug,0.0,4.132068965517242,200.0,8.014367816091953,7.568965517241379,4.461764705882352,896,50.07471264367816,14.633485382014063,,,,
I-2085485K,Kia Rio X,economy,petrol,break_bug,0.61,5.473448275862069,101.99948351041392,7.98735632183908,8.022988505747126,2.735294117647059,920,43.37356321839081,9.70093803664254,2020.0,944900.0,100.0,Механическая
p-1607435n,Renault Sandero,standart,petrol,electro_bug,0.0,4.48896551724138,183.22681514600075,7.883333333333334,7.287356321839081,3.614705882352941,824,49.40229885057471,13.689758012964464,2018.0,697000.0,82.0,Механическая
v-7267042G,VW Polo VI,economy,petrol,break_bug,0.19,5.392988505747127,98.71256697257228,7.936781609195402,8.271676300578035,3.6205882352941177,863,44.16666666666666,10.16402094511024,,,,
X-5337958G,Kia Sportage,standart,petrol,another_bug,0.1,4.8420689655172415,199.7735305440404,8.101149425287355,15.582608695652176,3.9382352941176473,867,45.12643678160919,10.219334048075432,2018.0,1544900.0,150.0,Механическая
T14802622s,Mercedes-Benz E200,business,petrol,engine_overheat,0.1,4.128045977011494,183.2846032004644,8.047701149425286,9.454022988505749,4.326470588235294,912,51.05172413793103,15.239235655653696,,,,
k-6591744D,Hyundai Solaris,economy,petrol,wheel_shake,0.1,4.66367816091954,119.0,8.171264367816091,15.68141592920354,3.7411764705882353,871,44.36206896551724,9.616396659455104,2020.0,780000.0,100.0,Механическая
z-2033330g,Kia Rio X,economy,petrol,engine_ignition,0.1,3.895229885057472,172.53559766165284,8.00632183908046,7.724137931034483,2.585294117647059,779,49.38505747126437,15.079979674750811,2020.0,944900.0,100.0,Механическая
o18752959g,Kia Rio X-line,economy,petrol,wheel_shake,0.45,4.735632183908046,155.18052124033247,8.020689655172413,17.46456692913386,3.9558823529411766,937,44.51149425287356,10.270750041979518,2020.0,944900.0,100.0,Механическая
t11356436u,Kia Sportage,standart,petrol,another_bug,0.1,4.4159770114942525,189.775995205554,8.15287356321839,18.45689655172414,3.411764705882353,932,43.22988505747127,10.326128427944871,2018.0,1544900.0,150.0,Механическая
V-2169580X,Renault Kaptur,standart,petrol,engine_fuel,0.1,3.8417241379310343,177.30578182370832,8.038505747126438,14.0078125,3.4558823529411766,877,50.05747126436781,14.46091509016059,2020.0,1140000.0,114.0,Механическая
R89114665D,Kia Rio X-line,economy,petrol,engine_fuel,0.1,3.943850574712644,186.49735150357807,8.143103448275863,16.04724409448819,3.876470588235295,802,49.39080459770115,14.399226313383124,2020.0,944900.0,100.0,Механическая
F15011099W,Kia Rio X,economy,petrol,wheel_shake,0.1,4.396149425287356,118.58929860261613,8.049425287356321,15.214285714285714,4.273529411764706,811,44.798850574712645,10.46158946635329,2020.0,944900.0,100.0,Механическая
T22451402g,Kia Rio,economy,petrol,wheel_shake,0.1,4.776091954022989,126.47953570226522,8.041954022988506,15.479338842975206,4.032352941176471,905,44.7183908045977,9.593832661725273,2020.0,944900.0,100.0,Механическая
t61975264x,Nissan Qashqai,standart,petrol,engine_overheat,0.1,3.696264367816092,195.6774216014153,7.854022988505746,8.867816091954023,4.297058823529412,919,51.4080459770115,15.259987487709209,2017.0,1413000.0,115.0,Механическая
X-1055263h,Smart ForTwo,economy,petrol,engine_overheat,0.1,4.075344827586207,190.5382565767293,7.843103448275862,9.954022988505749,3.905882352941177,913,49.63218390804597,14.65172951777148,2014.0,890000.0,71.0,Механическая
B-1276447I,Skoda Rapid,economy,petrol,wheel_shake,0.1,4.792758620689654,138.16616509072543,8.074137931034484,15.678571428571429,3.326470588235294,890,45.48275862068966,11.453713908083266,2019.0,847000.0,90.0,Механическая
F57559229C,VW Polo VI,economy,petrol,gear_stick,0.78,4.582586206896552,106.5382758169159,7.84367816091954,9.362068965517242,3.2147058823529413,943,45.241379310344826,10.244937300102803,,,,
s-5093199D,Renault Kaptur,standart,petrol,engine_ignition,0.1,4.202068965517241,190.245270493884,8.117241379310345,8.0,2.9558823529411766,838,49.13218390804597,14.847969396620416,2020.0,1140000.0,114.0,Механическая
B-1571885y,Kia Sportage,standart,petrol,engine_fuel,0.1,3.7743103448275854,153.44415568043152,8.125287356321838,16.076923076923077,4.705882352941177,968,49.33908045977012,13.640087606060426,2018.0,1544900.0,150.0,Механическая
e14382410l,Smart ForTwo,economy,petrol,break_bug,0.1,5.588218390804598,98.87601653149412,7.954597701149424,7.5344827586206895,4.144117647058824,952,44.02873563218391,9.861719157962009,2014.0,890000.0,71.0,Механическая
c-1538833m,Kia Rio X-line,economy,petrol,engine_fuel,0.1,4.211724137931035,192.921739641054,8.072413793103447,15.210084033613445,2.4352941176470586,846,49.18390804597701,12.88502176152465,2020.0,944900.0,100.0,Механическая
G-1242522V,Renault Sandero,standart,petrol,electro_bug,0.0,3.98316091954023,190.7470176287871,7.994252873563219,6.942528735632184,3.958823529411765,801,50.66091954022989,14.744254147410471,2018.0,697000.0,82.0,Механическая
z52651957L,Fiat 500,business,petrol,engine_check,0.11,4.373908045977011,168.15954692798474,8.1316091954023,15.5929203539823,3.4647058823529413,882,44.63218390804597,9.832839801175329,2015.0,990000.0,100.0,Механическая
R15749283D,Skoda Rapid,economy,petrol,break_bug,0.44,5.500402298850575,110.5898651773244,8.031609195402298,7.551724137931035,3.326470588235294,824,44.05747126436781,11.072912657679687,2019.0,847000.0,90.0,Механическая
Z-7340686v,Renault Sandero,standart,petrol,gear_stick,0.37,4.362873563218391,98.82966272810408,7.835057471264368,9.42528735632184,3.673529411764706,932,44.26436781609196,9.786695900560948,2018.0,697000.0,82.0,Механическая
X13250656u,Kia Rio X,economy,petrol,gear_stick,0.1,4.333620689655172,92.96901136295652,7.9045977011494255,8.988372093023257,3.823529411764706,904,44.31609195402299,9.282220851997264,2020.0,944900.0,100.0,Механическая
b-1016644U,VW Tiguan,economy,petrol,engine_check,0.1,4.668275862068965,142.0,8.151149425287356,15.007936507936508,2.794117647058824,902,44.98275862068966,9.24394764527401,,,,
e-9324711M,Renault Sandero,standart,petrol,engine_ignition,0.1,4.467931034482758,193.809809109529,7.924137931034482,6.747126436781609,3.447058823529412,712,49.49425287356322,14.296912284953777,2018.0,697000.0,82.0,Механическая
S-1099304I,Renault Sandero,standart,petrol,engine_ignition,0.1,4.107011494252873,166.27106645219112,7.861494252873563,7.011494252873563,3.111764705882353,1014,47.82183908045977,12.888915570175458,2018.0,697000.0,82.0,Механическая
A-1956639b,Renault Sandero,standart,petrol,engine_ignition,0.1,4.024770114942529,187.63711898225017,7.936781609195402,7.114942528735632,3.326470588235294,975,50.0919540229885,15.41122793448792,2018.0,697000.0,82.0,Механическая
X-8191999r,Hyundai Solaris,economy,petrol,another_bug,0.1,4.886724137931035,200.0,8.10919540229885,17.75221238938053,3.964705882352941,994,43.45977011494253,10.244191471579636,2020.0,780000.0,100.0,Механическая
g83089172g,VW Tiguan,economy,petrol,another_bug,0.1,4.57080459770115,159.0,8.072413793103447,17.1900826446281,3.6676470588235297,897,43.36206896551724,9.79919474548578,,,,
m-1402552y,Renault Sandero,standart,petrol,break_bug,0.1,5.38316091954023,123.46131963743888,8.018965517241378,7.770114942528735,2.9588235294117644,949,44.60919540229885,10.665547496266814,2018.0,697000.0,82.0,Механическая
G-2990262b,Smart Coupe,economy,petrol,engine_ignition,0.1,4.027183908045977,192.5319751782041,7.922413793103448,7.132183908045977,2.9588235294117644,855,49.95977011494253,14.5353303659938,,,,
p97508110p,Kia Sportage,standart,petrol,break_bug,0.1,5.186954022988505,115.57708620272103,7.964942528735633,6.706896551724138,3.826470588235294,842,45.206896551724135,11.298511775787912,2018.0,1544900.0,150.0,Механическая
O-9487423J,Kia Rio X-line,economy,petrol,electro_bug,0.0,4.288275862068965,170.69254120568223,8.083908045977012,8.086206896551724,4.141176470588236,881,48.51149425287356,14.190177546273492,2020.0,944900.0,100.0,Механическая
o21208881t,Audi Q3,premium,petrol,engine_fuel,0.1,4.120114942528735,191.4963669496981,8.147126436781608,17.422764227642276,4.079411764705882,917,49.51149425287356,14.317513631850767,2014.0,2045000.0,150.0,Механическая
m-1655829f,VW Tiguan,economy,petrol,wheel_shake,0.1,4.550977011494253,133.65491684877702,8.070114942528736,16.950819672131146,3.5500000000000003,868,43.35632183908046,10.220660263384175,,,,
s-1795135b,Nissan Qashqai,standart,petrol,engine_ignition,0.1,3.811149425287356,194.3805253408759,7.961494252873563,7.954022988505747,3.461764705882353,909,49.40229885057471,13.131139154467412,2017.0,1413000.0,115.0,Механическая
X10754765V,VW Tiguan,economy,petrol,electro_bug,0.0,4.114770114942529,170.0,7.945977011494253,7.017241379310345,3.752941176470588,846,49.36206896551724,12.83694759046336,,,,
q-1010002z,Smart ForTwo,economy,petrol,wheel_shake,0.1,4.753850574712644,124.812779199859,8.187931034482759,17.32520325203252,4.482352941176471,918,46.22988505747127,10.538343037458551,2014.0,890000.0,71.0,Механическая
C-1546256l,Mercedes-Benz E200,business,petrol,engine_check,0.3,4.786379310344828,168.19175476205345,8.296551724137931,15.837606837606838,2.764705882352941,985,45.52298850574713,10.503896344502456,,,,
x80611394y,Smart Coupe,economy,petrol,engine_check,0.1,4.447586206896552,156.52899950480702,8.117241379310345,16.53125,2.8323529411764703,897,44.45402298850575,10.029186362698338,,,,
x-1155940j,Renault Sandero,standart,petrol,engine_ignition,0.1,4.030057471264368,179.85066905537815,8.02471264367816,7.339080459770115,2.8529411764705883,998,50.38505747126437,14.983459309747248,2018.0,697000.0,82.0,Механическая
y17958394w,Hyundai Solaris,economy,petrol,another_bug,0.1,4.659195402298851,185.6022463138197,8.133333333333333,17.03305785123967,2.861764705882353,864,43.90229885057471,10.594288754905204,2020.0,780000.0,100.0,Механическая
w75295475d,Kia Rio,economy,petrol,engine_fuel,0.1,4.091781609195403,183.56295862989148,7.99080459770115,13.920353982300885,4.229411764705882,774,49.48275862068966,15.440253725913644,2020.0,944900.0,100.0,Механическая
a-4209036O,Renault Sandero,standart,petrol,engine_fuel,0.1,4.078908045977012,177.87662954667886,8.117241379310345,20.473684210526315,3.385294117647059,831,48.0919540229885,13.570311171549148,2018.0,697000.0,82.0,Механическая
z-1424722R,Kia Rio X-line,economy,petrol,engine_check,0.1,4.510287356321839,159.0,8.144827586206898,14.5625,2.8294117647058825,975,44.51724137931034,11.19698769252186,2020.0,944900.0,100.0,Механическая
e88950408e,Smart Coupe,economy,petrol,engine_ignition,0.1,3.955747126436781,199.2396043168905,8.004022988505747,7.448275862068965,3.073529411764706,882,50.66091954022989,15.114016434792468,,,,
z-1104831H,Kia Sportage,standart,petrol,engine_fuel,0.1,4.199712643678161,167.5225609283261,8.151724137931035,18.218487394957982,4.135294117647058,892,50.241379310344826,13.970626094138677,2018.0,1544900.0,150.0,Механическая
E86045670c,Kia Rio X,economy,petrol,break_bug,0.1,5.396551724137931,125.96806875887286,7.964942528735633,7.045977011494253,3.502941176470588,867,44.39080459770115,10.69909652264637,2020.0,944900.0,100.0,Механическая
v88691914J,VW Polo,economy,petrol,engine_fuel,0.1,4.314252873563218,170.77956067377923,8.108045977011495,17.875,3.1558823529411764,885,48.25862068965517,13.395573867609228,,,,
d-6273123g,Audi A4,premium,petrol,another_bug,0.1,4.823563218390804,200.0,8.116666666666667,16.066037735849058,3.45,893,45.66666666666666,10.811219463192405,2015.0,2125000.0,150.0,Робот с одним сцеплением
I-5675626j,Renault Kaptur,standart,petrol,electro_bug,0.0,4.037068965517242,173.0,7.970114942528736,6.994252873563219,4.685294117647059,915,51.4367816091954,15.365452691115118,2020.0,1140000.0,114.0,Механическая
K91014117o,Skoda Rapid,economy,petrol,another_bug,0.28,4.864310344827586,200.0,8.12183908045977,19.69369369369369,3.0794117647058825,881,44.293103448275865,9.470993662165238,2019.0,847000.0,90.0,Механическая
r18501621n,VW Tiguan,economy,petrol,electro_bug,0.0,4.330229885057472,169.21798863629613,8.020114942528735,7.408045977011494,3.144117647058824,782,50.48275862068966,14.34735243261949,,,,
A-2157802N,Nissan Qashqai,standart,petrol,gear_stick,0.1,4.341379310344827,111.00978796386852,7.838505747126438,8.293103448275861,3.852941176470588,1008,44.62068965517241,10.05676533490741,2017.0,1413000.0,115.0,Механическая
f55908334b,VW Polo,economy,petrol,gear_stick,0.1,4.306436781609196,101.7847420267012,7.842528735632183,9.597701149425289,3.5352941176470587,856,44.14367816091954,9.468966056800408,,,,
L13979610h,VW Polo,economy,petrol,engine_fuel,0.1,3.936494252873564,171.29471213466812,8.102298850574712,18.22608695652174,3.6705882352941175,980,49.93103448275862,14.695989074486167,,,,
x38201050e,Skoda Rapid,economy,petrol,electro_bug,0.0,4.1593103448275865,200.0,7.981609195402298,6.885057471264368,3.4911764705882358,772,50.41954022988506,15.607241087196142,2019.0,847000.0,90.0,Механическая
L86038163R,Renault Sandero,standart,petrol,engine_ignition,0.1,3.870804597701149,196.4958499417272,7.969540229885058,7.747126436781609,2.320588235294118,932,49.189655172413794,15.03689900452597,2018.0,697000.0,82.0,Механическая
H-1751594v,VW Polo,economy,petrol,engine_overheat,0.1,4.226436781609196,193.3827778841521,7.867816091954023,8.85632183908046,3.138235294117647,856,48.741379310344826,13.403770082397193,,,,
r-2079936x,Smart Coupe,economy,petrol,electro_bug,0.0,4.219770114942529,184.51722640845043,7.962643678160919,6.948275862068965,3.761764705882353,922,49.5919540229885,14.184178423405667,,,,
K-2275807Z,Kia Rio X-line,economy,petrol,wheel_shake,0.1,4.552931034482759,119.0,8.072988505747126,13.39795918367347,3.8794117647058814,834,44.61494252873563,10.955295694498774,2020.0,944900.0,100.0,Механическая
N29840074e,Smart ForTwo,economy,petrol,engine_overheat,0.1,4.155747126436782,180.7101707273389,7.887931034482759,9.335260115606935,4.429411764705883,1006,50.05172413793103,14.398244610966206,2014.0,890000.0,71.0,Механическая
U-2283333k,Kia Rio X,economy,petrol,wheel_shake,0.1,4.49896551724138,135.59811440394918,8.174137931034483,16.727272727272727,3.4058823529411764,878,44.13793103448276,10.70267905934021,2020.0,944900.0,100.0,Механическая
f21333384S,Hyundai Solaris,economy,petrol,gear_stick,0.1,4.320574712643678,97.71237308114851,7.867816091954023,9.248554913294798,5.094117647058823,919,44.36206896551724,10.463310425424648,2020.0,780000.0,100.0,Механическая
p-1229769J,Renault Sandero,standart,petrol,engine_overheat,0.1,4.11264367816092,196.47572208586325,7.895977011494254,9.10344827586207,3.988235294117647,841,49.48850574712644,14.226791670032638,2018.0,697000.0,82.0,Механическая
r-5540835r,Mercedes-Benz GLC,business,petrol,electro_bug,0.0,4.6048850574712645,179.5112504090691,8.421264367816091,8.948275862068966,3.426470588235294,850,50.01149425287356,14.61568897549105,2019.0,4690000.0,197.0,Классический автомат
R-2878244Q,Renault Kaptur,standart,petrol,break_bug,0.1,5.545632183908047,113.62960634747466,7.994252873563219,7.011494252873563,4.232352941176471,954,46.04022988505747,11.189052863986753,2020.0,1140000.0,114.0,Механическая
a51887682f,Smart Coupe,economy,petrol,engine_check,0.14,4.595172413793104,152.0,8.114367816091955,17.45378151260504,2.9588235294117644,937,44.98850574712644,9.897152335085956,,,,
Y74292605C,Nissan Qashqai,standart,petrol,engine_fuel,0.1,3.8506896551724137,164.95609357031844,8.091379310344829,15.7,4.011764705882353,943,51.52298850574713,15.052395589490931,2017.0,1413000.0,115.0,Механическая
K-4627145s,Nissan Qashqai,standart,petrol,break_bug,0.1,5.2971839080459775,106.70537105205702,8.071264367816093,7.606936416184971,3.067647058823529,846,44.17816091954023,9.593313245483976,2017.0,1413000.0,115.0,Механическая
K-9436185H,Hyundai Solaris,economy,petrol,engine_fuel,0.1,4.243563218390805,171.04888594122642,8.01494252873563,15.035087719298245,3.335294117647059,938,48.2528735632184,13.10536967194198,2020.0,780000.0,100.0,Механическая
h90156916h,BMW 320i,business,petrol,gear_stick,0.1,4.55919540229885,105.53150664199352,7.87183908045977,9.132183908045976,3.761764705882353,1021,43.90229885057471,9.817213583599484,,,,
a-1946557R,Kia Rio X,economy,petrol,another_bug,0.1,4.536896551724138,198.0,8.156896551724138,14.697478991596638,4.314705882352941,932,44.39080459770115,10.002145806583886,2020.0,944900.0,100.0,Механическая
W-3891859t,Renault Kaptur,standart,petrol,engine_ignition,0.1,4.049655172413793,198.98301107763345,8.017816091954023,7.735632183908046,3.335294117647059,932,49.48850574712644,12.498202648005137,2020.0,1140000.0,114.0,Механическая
E-7802767l,Nissan Qashqai,standart,petrol,engine_fuel,0.1,4.205747126436782,169.4199129648544,8.151724137931035,17.0546875,3.664705882352941,863,50.11494252873563,14.94067287862371,2017.0,1413000.0,115.0,Механическая
M-2277769E,VW Tiguan,economy,petrol,gear_stick,0.42,4.629827586206897,104.67477656370316,7.80632183908046,9.166666666666666,3.711764705882353,894,43.798850574712645,10.170215999125707,,,,
u19642552o,Audi A4,premium,petrol,engine_check,0.1,4.324942528735632,149.0,8.093103448275862,17.66412213740458,2.7058823529411766,959,44.86206896551724,10.762461430428408,2015.0,2125000.0,150.0,Робот с одним сцеплением
x98858599X,Nissan Qashqai,standart,petrol,another_bug,0.1,4.725114942528736,197.5641653658513,8.151724137931035,17.765765765765767,4.041176470588235,805,45.58045977011494,10.14016610187016,2017.0,1413000.0,115.0,Механическая
b53350458l,VW Polo,economy,petrol,engine_fuel,0.1,4.028563218390805,175.0562009915697,8.151724137931035,13.692913385826772,4.029411764705882,847,50.60344827586207,15.378018606073876,,,,
U13465352s,Renault Sandero,standart,petrol,gear_stick,0.57,4.370287356321839,118.94377653421012,7.80977011494253,8.809248554913294,3.744117647058824,743,45.45977011494253,11.102574400937394,2018.0,697000.0,82.0,Механическая
m22143297y,Kia Rio X-line,economy,petrol,engine_ignition,0.1,4.184540229885058,185.0,7.932758620689655,6.988505747126437,2.7411764705882358,895,50.10344827586207,13.884773115065537,2020.0,944900.0,100.0,Механическая
J20243122o,Kia Rio X,economy,petrol,electro_bug,0.0,4.282988505747126,182.7014425645529,7.994827586206896,7.402298850574713,3.2088235294117644,796,51.61494252873563,15.851405573866256,2020.0,944900.0,100.0,Механическая
l-9821804Q,Smart ForTwo,economy,petrol,gear_stick,0.1,4.555229885057472,93.55538893617464,7.795402298850576,9.258620689655173,3.538235294117647,930,44.05172413793103,10.14477127851596,2014.0,890000.0,71.0,Механическая
s73940471Q,Kia Rio X-line,economy,petrol,gear_stick,0.1,4.522068965517241,107.35775420954428,7.8229885057471265,9.046511627906977,3.779411764705882,903,44.60344827586207,9.226011836055884,2020.0,944900.0,100.0,Механическая
t-2297441l,Kia Sportage,standart,petrol,engine_check,0.1,4.83948275862069,149.0,8.043678160919539,15.24031007751938,2.8323529411764703,935,43.63793103448276,9.378424894304292,2018.0,1544900.0,150.0,Механическая
q12145655O,Skoda Rapid,economy,petrol,engine_overheat,0.1,4.170804597701149,180.14505356917232,7.807471264367816,9.14367816091954,3.4529411764705884,851,50.00574712643678,15.459623759316266,2019.0,847000.0,90.0,Механическая
b-2599382m,Renault Kaptur,standart,petrol,engine_ignition,0.1,3.891609195402298,181.40247284804457,7.985057471264368,7.477011494252873,3.35,1003,51.58620689655172,15.60091276723318,2020.0,1140000.0,114.0,Механическая
v-1299369C,Kia Rio X,economy,petrol,engine_check,0.24,4.6306896551724135,169.86352564764502,8.094252873563219,18.45528455284553,3.173529411764706,976,45.0919540229885,10.251329741923373,2020.0,944900.0,100.0,Механическая
B43377576R,Kia Sportage,standart,petrol,engine_fuel,0.1,4.202298850574713,164.91483828134815,8.092528735632184,16.683760683760685,3.994117647058824,907,49.8448275862069,14.95751407910917,2018.0,1544900.0,150.0,Механическая
j18433975f,Volkswagen ID.4 ,premium,electro,engine_overheat,0.1,4.225402298850575,193.3942694827751,9.035632183908046,14.853801169590644,3.711764705882353,873,49.0,14.25733763016707,,,,
r12315595Q,Smart ForFour,economy,petrol,electro_bug,0.0,4.170977011494253,200.0,7.9528735632183905,7.5606936416184976,3.4794117647058824,770,49.30459770114943,13.670113454552652,2014.0,890000.0,71.0,Механическая
z55650126E,BMW 320i,business,petrol,engine_fuel,0.1,4.200977011494253,174.0818319092088,8.121264367816092,15.991150442477876,3.7205882352941178,935,48.31609195402299,13.216650678561706,,,,
f76040339F,VW Tiguan,economy,petrol,another_bug,0.88,4.912988505747126,167.0,8.141379310344828,17.311475409836067,4.626470588235295,1012,43.47701149425287,10.882825214935076,,,,
P-1722143i,Hyundai Solaris,economy,petrol,engine_check,0.1,4.441609195402299,158.06779621418306,8.011494252873563,18.8130081300813,2.3529411764705883,910,43.172413793103445,9.377388739593243,2020.0,780000.0,100.0,Механическая
i-1260000J,VW Polo VI,economy,petrol,engine_overheat,0.1,4.102758620689655,183.62337606963183,7.841379310344828,8.734104046242775,3.744117647058824,1095,49.16091954022989,14.10150942047288,,,,
j19148530u,Kia Rio X,economy,petrol,engine_ignition,0.1,4.351666666666667,184.0801376514724,8.008620689655173,7.471264367816092,2.7,928,49.0632183908046,14.104134718999353,2020.0,944900.0,100.0,Механическая
f22138231E,Nissan Qashqai,standart,petrol,engine_check,0.1,4.570344827586207,174.61503718996806,8.072413793103447,19.03361344537815,2.673529411764706,770,45.689655172413794,11.340561347319367,2017.0,1413000.0,115.0,Механическая
V83870783w,Kia Rio X-line,economy,petrol,engine_overheat,0.1,4.1336781609195405,184.0,7.827586206896552,8.947976878612717,4.305882352941176,1037,52.60344827586207,16.121582477122818,2020.0,944900.0,100.0,Механическая
O-8288025e,Smart ForTwo,economy,petrol,engine_fuel,0.1,4.126896551724138,181.87751459414392,8.050574712643678,15.862903225806452,3.732352941176471,827,51.22413793103448,15.132604355181575,2014.0,890000.0,71.0,Механическая
p-1854885f,Kia Rio,economy,petrol,engine_fuel,0.1,3.976379310344828,176.0932429414717,8.03735632183908,15.94308943089431,3.95,782,50.2528735632184,15.36095071028502,2020.0,944900.0,100.0,Механическая
J-7902945N,Smart ForTwo,economy,petrol,engine_overheat,0.1,4.013908045977011,189.2274450264503,7.785632183908047,9.333333333333334,3.808823529411765,877,51.0919540229885,15.089430656820912,2014.0,890000.0,71.0,Механическая
G12472145Q,Kia Sportage,standart,petrol,engine_fuel,0.1,4.179252873563219,162.39597353902568,8.136206896551725,16.5,3.552941176470588,853,49.32183908045977,14.33173789353893,2018.0,1544900.0,150.0,Механическая
k11261165S,Kia Sportage,standart,petrol,electro_bug,0.0,4.041551724137931,183.63738514346105,7.994252873563219,7.482758620689655,4.002941176470588,887,48.66091954022989,13.57850099690568,2018.0,1544900.0,150.0,Механическая
l-1737033R,Renault Kaptur,standart,petrol,engine_check,0.1,4.424942528735633,159.0,8.098275862068965,19.17391304347826,3.2676470588235293,999,45.56896551724138,12.060702060152844,2020.0,1140000.0,114.0,Механическая
m17424608q,Smart Coupe,economy,petrol,engine_fuel,0.1,3.9816091954022985,157.95301624318893,8.1,14.991735537190085,4.017647058823529,934,49.58045977011494,13.883573186023366,,,,
W10552458N,Renault Sandero,standart,petrol,another_bug,0.1,5.007183908045977,184.0,8.109770114942528,15.991869918699187,3.591176470588235,974,45.14367816091954,10.69693058616279,2018.0,697000.0,82.0,Механическая
L-1525462q,Kia Rio X-line,economy,petrol,electro_bug,0.0,4.396264367816093,200.0,8.010919540229885,7.517241379310345,3.238235294117647,885,49.39080459770115,14.42649803630996,2020.0,944900.0,100.0,Механическая
z17317811F,Skoda Rapid,economy,petrol,break_bug,0.1,5.334540229885057,106.5801126244114,7.955172413793104,7.304597701149425,3.394117647058824,897,44.45977011494253,10.052238812779944,2019.0,847000.0,90.0,Механическая
g17604731B,Kia Rio X-line,economy,petrol,wheel_shake,0.1,4.530747126436782,132.9299067340083,8.056896551724138,18.48695652173913,4.088235294117647,947,46.02873563218391,10.669186446613248,2020.0,944900.0,100.0,Механическая
j-9417716z,Kia Sportage,standart,petrol,break_bug,0.1,5.252011494252874,99.49394208736184,7.9959770114942526,6.982758620689655,4.132352941176471,906,43.82758620689656,9.29566608763227,2018.0,1544900.0,150.0,Механическая
F-8081733V,Renault Sandero,standart,petrol,break_bug,0.1,5.33683908045977,107.83003676099176,8.079310344827586,7.683908045977011,3.908823529411765,710,44.5919540229885,11.06784874889921,2018.0,697000.0,82.0,Механическая
V34635115U,Smart ForTwo,economy,petrol,engine_ignition,0.1,4.141494252873564,193.9675494908474,8.068390804597701,7.752873563218391,2.7411764705882358,909,51.195402298850574,15.21433692617316,2014.0,890000.0,71.0,Механическая
u21716903G,Kia Rio X-line,economy,petrol,engine_fuel,0.1,3.699310344827586,179.8871180142217,8.193103448275862,16.294117647058822,4.447058823529411,938,50.39080459770115,15.935459657424037,2020.0,944900.0,100.0,Механическая
B44457813K,Hyundai Solaris,economy,petrol,electro_bug,0.0,4.390172413793104,200.0,7.9287356321839075,7.017241379310345,3.602941176470588,816,50.02298850574713,15.169544337595363,2020.0,780000.0,100.0,Механическая
Z95207161f,Hyundai Solaris,economy,petrol,electro_bug,0.0,4.347931034482758,188.50099449424908,8.013218390804598,7.149425287356322,3.594117647058824,847,49.82183908045977,13.711620532916418,2020.0,780000.0,100.0,Механическая
V-1791691i,Renault Kaptur,standart,petrol,electro_bug,0.0,4.126781609195402,200.0,8.017241379310345,6.793103448275862,3.347058823529412,820,49.49425287356322,16.057968373443327,2020.0,1140000.0,114.0,Механическая
T13929401h,VW Tiguan,economy,petrol,engine_check,0.1,4.315747126436781,165.58108879980185,8.046551724137931,14.88888888888889,2.8294117647058825,906,43.76436781609196,9.84073728394753,,,,
c10078355B,Renault Kaptur,standart,petrol,engine_check,0.1,4.508505747126437,153.0,8.082758620689656,16.258064516129032,3.1205882352941177,976,45.39655172413793,9.790179676515915,2020.0,1140000.0,114.0,Механическая
k53527360z,Hyundai Solaris,economy,petrol,break_bug,0.1,5.554540229885058,116.59757995739294,8.079885057471264,7.7011494252873565,3.3529411764705883,913,44.58045977011494,11.485193676026054,2020.0,780000.0,100.0,Механическая
j47860209v,Renault Sandero,standart,petrol,engine_fuel,0.1,4.187011494252873,157.75723463919996,8.136781609195403,16.630252100840337,3.7294117647058815,925,49.18390804597701,13.776522490168968,2018.0,697000.0,82.0,Механическая
L-4359316J,Smart ForFour,economy,petrol,engine_fuel,0.1,4.03132183908046,179.07033028902853,8.087356321839081,19.14754098360656,3.829411764705882,905,51.48850574712644,15.061622365287658,2014.0,890000.0,71.0,Механическая
C-1282139K,Nissan Qashqai,standart,petrol,engine_ignition,0.1,3.972298850574712,178.0,8.086781609195402,7.0,3.126470588235294,915,50.17816091954023,15.231067469202928,2017.0,1413000.0,115.0,Механическая
V18494938a,Kia Rio,economy,petrol,gear_stick,0.1,4.703793103448276,107.1573648386966,7.899999999999999,9.672413793103448,4.347058823529412,893,43.66091954022989,9.915537597869344,2020.0,944900.0,100.0,Механическая
i15507571c,Hyundai Solaris,economy,petrol,engine_fuel,0.1,4.010114942528736,169.06400509404966,8.180459770114943,16.88034188034188,3.911764705882353,995,48.91954022988506,14.53814467717396,2020.0,780000.0,100.0,Механическая
m-1183503n,Smart ForFour,economy,petrol,engine_check,0.39,4.644597701149425,160.47839572869717,8.111494252873564,16.269565217391303,3.0558823529411767,917,43.62643678160919,10.42637783988966,2014.0,890000.0,71.0,Механическая
i-4948425K,Fiat 500,business,petrol,break_bug,0.81,5.337988505747127,113.66431877103152,8.079310344827586,7.404624277456647,4.3,903,44.17816091954023,10.165530847303613,2015.0,990000.0,100.0,Механическая
b-8098670o,Smart ForFour,economy,petrol,gear_stick,0.1,4.347988505747126,118.80361795436316,7.695977011494253,8.872832369942197,3.25,1074,44.47701149425287,10.252705281226133,2014.0,890000.0,71.0,Механическая
k-2063559v,Kia Rio X,economy,petrol,engine_check,0.1,4.65683908045977,159.78019318717978,8.043678160919539,16.682539682539684,3.041176470588236,850,45.32758620689656,10.785970224207768,2020.0,944900.0,100.0,Механическая
W-9736867F,Kia Rio X-line,economy,petrol,gear_stick,0.1,4.314597701149426,113.76418886183154,7.875862068965517,9.38728323699422,4.6000000000000005,1030,43.48275862068966,9.990587557539715,2020.0,944900.0,100.0,Механическая
F-1617117u,Kia Rio X,economy,petrol,engine_ignition,0.1,4.2010919540229885,195.45135318172336,8.083908045977012,7.17816091954023,2.914705882352941,917,50.367816091954026,14.762955468418712,2020.0,944900.0,100.0,Механическая
Z-1215607M,Smart Coupe,economy,petrol,engine_overheat,0.1,4.257758620689655,185.4535917376293,7.826436781609195,8.988439306358382,3.4794117647058824,864,48.833333333333336,13.512607400752058,,,,
K17948343e,Kia Rio X,economy,petrol,wheel_shake,0.1,4.64948275862069,118.0,8.151724137931035,17.517241379310345,3.091176470588235,1019,45.310344827586206,9.73381014793352,2020.0,944900.0,100.0,Механическая
s22711570h,Renault Sandero,standart,petrol,engine_check,0.1,4.342413793103448,152.0,8.151149425287356,16.624,2.652941176470588,942,44.241379310344826,10.348232115346828,2018.0,697000.0,82.0,Механическая
E-9772567U,Hyundai Solaris,economy,petrol,gear_stick,0.1,4.464310344827586,102.91861910202516,7.778735632183908,9.219653179190752,2.5294117647058822,848,44.8448275862069,9.4754963402957,2020.0,780000.0,100.0,Механическая
p22438429U,Renault Sandero,standart,petrol,engine_overheat,0.1,4.220172413793104,189.4212337086384,7.925862068965516,8.982658959537572,2.8794117647058823,844,47.86206896551724,14.404296415729943,2018.0,697000.0,82.0,Механическая
B-6025126p,Mercedes-Benz E200,business,petrol,engine_check,0.3,4.672758620689655,157.0,8.232183908045977,16.03846153846154,2.817647058823529,942,44.14942528735632,10.994511227173476,,,,
d-2973997T,VW Polo VI,economy,petrol,another_bug,0.37,4.612241379310345,191.0,8.129310344827585,16.426470588235293,2.8705882352941177,853,45.367816091954026,9.341454556848127,,,,
s17922461E,Mini Cooper,business,petrol,engine_overheat,0.1,3.709712643678161,190.1842368599315,7.897126436781608,9.270114942528735,4.108823529411764,971,51.78735632183908,15.1888177958046,2014.0,1950000.0,231.0,Классический автомат
D-1872183T,Smart Coupe,economy,petrol,another_bug,0.1,4.658965517241379,194.88032068187323,8.149425287356323,17.427480916030536,3.5647058823529414,914,44.270114942528735,10.081260758646296,,,,
x15885063C,VW Tiguan,economy,petrol,engine_ignition,0.1,4.157183908045977,193.45117380659147,7.916666666666667,6.724137931034483,3.1911764705882355,786,50.39655172413793,15.08811076001756,,,,
G-2033856I,VW Polo VI,economy,petrol,gear_stick,0.1,4.317701149425287,100.89776720278624,7.890229885057471,9.160919540229886,3.341176470588235,886,43.62643678160919,9.883927044433287,,,,
p-2709288d,Hyundai Solaris,economy,petrol,engine_fuel,0.1,4.128390804597701,196.76859522747992,8.102298850574712,13.862068965517242,4.388235294117647,891,49.91954022988506,14.136181913577229,2020.0,780000.0,100.0,Механическая
B22876755u,Smart ForFour,economy,petrol,gear_stick,0.1,4.584655172413793,112.17833737922756,7.828160919540229,8.149425287356323,3.897058823529412,912,44.32183908045977,9.525134687650665,2014.0,890000.0,71.0,Механическая
O19079001s,Smart ForFour,economy,petrol,electro_bug,0.0,4.368620689655172,156.8480335773698,7.979310344827587,7.396551724137931,3.864705882352941,832,50.92528735632184,13.966522470427243,2014.0,890000.0,71.0,Механическая
R-7985955b,Skoda Rapid,economy,petrol,engine_fuel,0.1,3.879367816091954,161.65108879273882,8.052298850574712,15.653543307086617,4.05,890,51.64367816091954,14.477790055462211,2019.0,847000.0,90.0,Механическая
P-1455215x,Nissan Qashqai,standart,petrol,break_bug,0.1,5.394137931034483,117.12446812573712,8.020689655172413,7.270114942528735,3.673529411764706,886,45.43103448275862,10.937730321616064,2017.0,1413000.0,115.0,Механическая
b-2020563x,Renault Kaptur,standart,petrol,break_bug,0.18,5.533275862068965,104.22328012840455,8.031609195402298,7.5344827586206895,3.691176470588236,1010,43.94827586206897,9.472971737631086,2020.0,1140000.0,114.0,Механическая
k-1116393U,Audi A4,premium,petrol,another_bug,0.16,5.026551724137931,180.0,8.192528735632184,16.99173553719008,3.697058823529412,947,44.672413793103445,10.068071086936197,2015.0,2125000.0,150.0,Робот с одним сцеплением
t10480222N,Kia Rio,economy,petrol,engine_check,0.1,4.62896551724138,161.98001406560212,8.088505747126437,18.03149606299213,2.8911764705882352,799,44.3448275862069,10.095872889060509,2020.0,944900.0,100.0,Механическая
N-1173416G,Fiat 500,business,petrol,gear_stick,0.1,4.400459770114942,96.46034565365888,7.900574712643678,8.971264367816092,3.673529411764706,966,45.00574712643678,9.619643394323472,2015.0,990000.0,100.0,Механическая
p45485968r,Kia Rio,economy,petrol,gear_stick,0.1,4.497356321839081,108.29400251575878,7.858620689655173,8.699421965317919,3.876470588235295,959,45.49425287356322,10.881785771522235,2020.0,944900.0,100.0,Механическая
w-7960339R,VW Tiguan,economy,petrol,engine_fuel,0.1,4.188563218390804,179.1322756503049,8.126436781609195,17.44,3.302941176470588,766,49.32758620689656,14.51734612966828,,,,
q19295660b,Kia Rio X-line,economy,petrol,another_bug,0.1,4.702241379310345,172.78229364561176,8.176436781609196,16.48062015503876,3.855882352941176,745,45.55172413793103,11.60452236012742,2020.0,944900.0,100.0,Механическая
e10695158w,Skoda Rapid,economy,petrol,engine_check,0.48,4.7267816091954025,157.0,8.044827586206896,16.21875,3.4176470588235297,1016,44.85057471264368,8.961741077268648,2019.0,847000.0,90.0,Механическая
d-3096262i,Kia Sportage,standart,petrol,engine_ignition,0.1,3.999540229885057,183.05801541841828,7.982183908045977,7.074712643678161,2.867647058823529,994,48.04022988505747,13.45614121369987,2018.0,1544900.0,150.0,Механическая
K65157128T,VW Polo,economy,petrol,gear_stick,0.1,4.609942528735632,113.2286013958382,7.782183908045977,8.293103448275861,4.441176470588236,894,45.2528735632184,10.456315281549154,,,,
f15758729f,Renault Kaptur,standart,petrol,break_bug,0.1,5.113908045977012,111.30343934093747,8.054022988505748,7.603448275862069,3.605882352941177,856,43.32758620689656,10.892094918434132,2020.0,1140000.0,114.0,Механическая
t-6744951h,Renault Sandero,standart,petrol,engine_overheat,0.1,4.209080459770115,189.9930339218968,7.816091954022989,9.137931034482758,3.7235294117647055,925,50.01149425287356,14.798058186059462,2018.0,697000.0,82.0,Механическая
Z64841412z,VW Tiguan,economy,petrol,engine_check,0.1,4.408275862068965,157.9135267703395,8.09655172413793,14.627118644067796,3.238235294117647,839,44.35057471264368,10.691581406068696,,,,
q14218693U,Hyundai Solaris,economy,petrol,gear_stick,0.1,4.698620689655172,95.50385808775542,7.79367816091954,8.994252873563218,4.352941176470588,885,44.08620689655172,9.5825307385779,2020.0,780000.0,100.0,Механическая
i65206392I,Smart ForTwo,economy,petrol,engine_fuel,0.1,3.726091954022989,179.2854514630656,8.077586206896552,17.700934579439252,3.179411764705882,835,50.6551724137931,14.627417115574156,2014.0,890000.0,71.0,Механическая
Z16324825g,Renault Kaptur,standart,petrol,engine_overheat,0.1,4.077413793103449,199.0848143270527,7.8310344827586205,9.167630057803468,3.152941176470588,849,49.82183908045977,15.292424550127883,2020.0,1140000.0,114.0,Механическая
e58896117T,Smart ForFour,economy,petrol,engine_overheat,0.1,4.305172413793104,199.224863722164,7.76551724137931,8.236994219653178,4.061764705882353,1012,49.97701149425287,13.7445539495301,2014.0,890000.0,71.0,Механическая
K-1677124d,VW Tiguan,economy,petrol,engine_ignition,0.1,3.952758620689655,190.341478643906,8.0,7.045977011494253,3.179411764705882,865,48.54597701149425,12.840761547993027,,,,
b35718807I,Smart ForFour,economy,petrol,gear_stick,0.1,4.423908045977012,110.04536680022233,7.854022988505746,8.017341040462428,3.602941176470588,802,44.195402298850574,10.758342997733124,2014.0,890000.0,71.0,Механическая
V97485328d,VW Tiguan,economy,petrol,wheel_shake,0.1,4.698103448275862,175.26561489102963,8.105747126436782,16.308333333333334,3.744117647058824,999,45.16091954022989,10.06381208093758,,,,
R-2824741Q,VW Polo VI,economy,petrol,wheel_shake,0.1,4.530402298850574,130.0893024642103,8.09712643678161,15.612903225806452,4.0,750,42.48275862068966,9.453093287006338,,,,
M-2130010I,Renault Sandero,standart,petrol,engine_ignition,0.1,4.13183908045977,182.94766048697423,8.00977011494253,7.410404624277457,3.114705882352941,922,49.94252873563219,15.485481786812114,2018.0,697000.0,82.0,Механическая
N10159439v,Kia Rio X-line,economy,petrol,engine_ignition,0.1,4.0344252873563216,184.83436845964272,7.999425287356322,7.609195402298851,3.023529411764706,883,50.51149425287356,14.74944439268918,2020.0,944900.0,100.0,Механическая
F45462936z,Renault Kaptur,standart,petrol,engine_overheat,0.1,4.223850574712644,193.98214560564548,7.941954022988506,9.385057471264368,3.9,1077,50.08620689655172,14.40008568065224,2020.0,1140000.0,114.0,Механическая
p-1518592V,Kia Sportage,standart,petrol,engine_ignition,0.1,4.101551724137931,191.99660287634697,8.01551724137931,7.264367816091954,2.9558823529411766,905,50.60344827586207,15.055511527245432,2018.0,1544900.0,150.0,Механическая
X-2494579Q,Renault Kaptur,standart,petrol,gear_stick,0.1,4.356896551724138,112.3748593866485,7.831609195402299,8.69186046511628,3.414705882352941,846,44.76436781609196,10.880150851252486,2020.0,1140000.0,114.0,Механическая
e46251116n,Smart ForFour,economy,petrol,wheel_shake,0.1,4.756609195402299,147.7666459271086,8.136781609195403,18.84375,3.2852941176470587,836,44.747126436781606,9.237669038624318,2014.0,890000.0,71.0,Механическая
v-9957846B,Hyundai Solaris,economy,petrol,engine_check,0.1,4.619022988505748,169.59873872592385,8.148850574712645,16.639344262295083,2.791176470588236,743,44.39080459770115,9.646774682588278,2020.0,780000.0,100.0,Механическая
u19644523F,Audi A4,premium,petrol,break_bug,0.54,5.66051724137931,123.31363973095618,8.041954022988506,7.0344827586206895,2.7823529411764705,917,45.02873563218391,10.83050079752,2015.0,2125000.0,150.0,Робот с одним сцеплением
T13028640g,Audi Q3,premium,petrol,engine_overheat,0.1,4.330114942528736,184.8147104714521,7.898850574712644,8.39655172413793,3.302941176470588,826,50.52873563218391,14.779957590230495,2014.0,2045000.0,150.0,Механическая
G-1964724b,VW Polo,economy,petrol,break_bug,0.27,5.417068965517242,102.28881575481094,8.043103448275861,7.333333333333333,4.282352941176471,958,44.05747126436781,8.94020770450819,,,,
m16859646c,BMW 320i,business,petrol,engine_check,0.26,4.690459770114942,165.65422410086234,8.15287356321839,18.529411764705884,2.4794117647058824,876,45.7183908045977,10.838062117330097,,,,
d-1391916M,Kia Rio X-line,economy,petrol,gear_stick,0.1,4.436609195402299,104.84507211172264,7.780459770114942,8.895348837209303,3.629411764705882,843,43.47126436781609,9.302667999995752,2020.0,944900.0,100.0,Механическая
i-6370435c,VW Polo,economy,petrol,engine_check,0.1,4.421781609195402,157.0,8.068965517241379,15.743362831858407,2.761764705882353,1093,44.61494252873563,10.213105360023654,,,,
T12624719o,Renault Sandero,standart,petrol,another_bug,0.1,4.929655172413793,199.57545691718852,8.191379310344827,15.991525423728811,4.5,949,46.10344827586207,10.515647006784585,2018.0,697000.0,82.0,Механическая
B11921379d,Mercedes-Benz E200,business,petrol,engine_check,0.1,4.636724137931035,166.2425031027836,8.308045977011494,15.260504201680671,2.45,930,44.89080459770115,9.97654048468316,,,,
a67229154g,Smart ForFour,economy,petrol,engine_overheat,0.1,4.03632183908046,189.76447947703912,7.820689655172414,9.005747126436782,3.902941176470588,908,48.45402298850575,13.008919168849692,2014.0,890000.0,71.0,Механическая
u14638117A,Renault Kaptur,standart,petrol,engine_fuel,0.1,3.9947701149425288,170.4533216582715,8.09080459770115,15.685483870967742,4.232352941176471,897,49.293103448275865,13.265203236382444,2020.0,1140000.0,114.0,Механическая
L-6802285d,Smart ForFour,economy,petrol,break_bug,0.1,5.213448275862069,131.56738248206196,8.105747126436782,7.936781609195402,4.302941176470589,888,44.83908045977012,10.22110879726422,2014.0,890000.0,71.0,Механическая
s-1372033F,Nissan Qashqai,standart,petrol,another_bug,0.1,4.366896551724138,185.99976413876243,8.159770114942528,17.826446280991735,2.8794117647058823,801,44.81609195402299,10.100110152930124,2017.0,1413000.0,115.0,Механическая
x53768772i,Nissan Qashqai,standart,petrol,engine_overheat,0.1,3.9764367816091952,181.0,7.825287356321838,8.982758620689655,3.682352941176471,849,50.798850574712645,16.02742587485822,2017.0,1413000.0,115.0,Механическая
v22019991n,Kia Rio,economy,petrol,electro_bug,0.0,4.155057471264368,194.67061749792063,7.999425287356322,7.017241379310345,3.738235294117647,952,50.08620689655172,15.048612344866864,2020.0,944900.0,100.0,Механическая
g88678216g,Smart ForFour,economy,petrol,gear_stick,0.1,4.485402298850575,115.85952874112384,7.827011494252874,8.473988439306359,4.329411764705882,908,45.59770114942529,11.878926568459065,2014.0,890000.0,71.0,Механическая
b-7314701z,VW Polo,economy,petrol,engine_overheat,0.1,3.897873563218391,197.76395851698155,7.864942528735632,9.413793103448276,3.914705882352941,884,50.98275862068966,15.050387100789,,,,
N-2930071J,Skoda Rapid,economy,petrol,electro_bug,0.0,3.921436781609196,192.8045995453802,8.000574712643678,7.419540229885057,4.329411764705882,882,49.75862068965517,15.577488958376945,2019.0,847000.0,90.0,Механическая
W-2145474K,Renault Kaptur,standart,petrol,engine_overheat,0.1,4.132528735632183,187.64721902244085,7.774712643678161,8.354651162790697,3.905882352941177,929,49.43103448275862,14.124686791512987,2020.0,1140000.0,114.0,Механическая
d-2251789J,Skoda Rapid,economy,petrol,engine_ignition,0.1,3.793333333333333,197.80040243732972,8.021264367816093,7.442528735632184,2.835294117647059,810,51.98275862068966,15.58956006747684,2019.0,847000.0,90.0,Механическая
S-1907504N,Smart ForTwo,economy,petrol,electro_bug,0.0,4.224942528735632,188.4926160499573,7.948850574712643,6.902298850574713,3.044117647058824,855,48.94827586206897,14.252985587807029,2014.0,890000.0,71.0,Механическая
e-5805562W,Kia Rio,economy,petrol,gear_stick,0.1,4.380114942528736,102.67684722069023,7.839080459770115,9.810344827586206,4.4676470588235295,1069,43.298850574712645,9.73951482160184,2020.0,944900.0,100.0,Механическая
N44849090k,Tesla Model 3,premium,electro,electro_bug,0.0,4.186149425287356,199.3701025284091,9.17528735632184,11.69767441860465,3.2794117647058822,864,49.99425287356322,15.63289000846006,,,,
I13538939n,Skoda Rapid,economy,petrol,engine_check,0.52,4.689942528735632,167.0,8.044252873563218,18.61904761904762,2.3000000000000003,886,44.770114942528735,9.47915406755386,2019.0,847000.0,90.0,Механическая
x-6241530r,Kia Rio,economy,petrol,another_bug,0.63,4.747988505747126,185.8643864553104,8.048275862068966,13.931623931623932,3.888235294117647,901,43.96551724137931,9.576522684416018,2020.0,944900.0,100.0,Механическая
N-1337765t,Volkswagen ID.4 ,premium,electro,engine_overheat,0.1,4.020402298850574,199.935919539169,9.022413793103448,14.405882352941177,3.7764705882352954,967,50.2528735632184,14.19819934101764,,,,
n10482164t,Kia Rio,economy,petrol,another_bug,0.39,4.658620689655173,198.01492644619785,8.124137931034483,15.434426229508198,3.858823529411764,926,43.86206896551724,10.548180035106515,2020.0,944900.0,100.0,Механическая
q78677693j,Smart ForTwo,economy,petrol,break_bug,0.1,5.21948275862069,112.0312426635182,8.036206896551723,7.757225433526012,3.5058823529411764,848,44.35632183908046,8.783164415196598,2014.0,890000.0,71.0,Механическая
N32430719L,Fiat 500,business,petrol,engine_overheat,0.1,4.209942528735632,194.07408482381788,7.934482758620689,8.362068965517242,4.085294117647059,1128,48.04597701149425,14.013542620822037,2015.0,990000.0,100.0,Механическая
p-8718312x,Renault Kaptur,standart,petrol,engine_fuel,0.1,4.011609195402299,183.30903388603133,8.072988505747126,16.746031746031747,3.585294117647059,822,50.01724137931034,14.426402472542511,2020.0,1140000.0,114.0,Механическая
T-1931494b,VW Tiguan,economy,petrol,electro_bug,0.0,4.3966091954022986,184.696584114695,7.921839080459771,7.350574712643678,4.535294117647059,894,49.70114942528736,14.512593648060568,,,,
y35238235q,Smart ForFour,economy,petrol,wheel_shake,0.1,4.6417816091954025,126.57645842351778,8.241379310344827,17.625,4.020588235294118,973,44.5919540229885,9.318397718713056,2014.0,890000.0,71.0,Механическая
F13192545Q,VW Polo VI,economy,petrol,wheel_shake,0.1,4.625287356321839,127.47491182735038,8.09367816091954,17.872881355932204,3.294117647058824,816,44.92528735632184,10.416757490800649,,,,
W18403556e,Smart ForFour,economy,petrol,break_bug,0.21,5.212528735632184,105.72652332464462,8.054022988505748,7.413793103448276,3.35,864,44.32758620689656,10.70528138963445,2014.0,890000.0,71.0,Механическая
M82843835N,Skoda Rapid,economy,petrol,wheel_shake,0.1,4.709252873563218,120.73461680882394,8.148850574712645,16.771428571428572,3.594117647058824,928,44.32758620689656,10.446208922146182,2019.0,847000.0,90.0,Механическая
s13606781f,Kia Rio X,economy,petrol,engine_fuel,0.1,4.200919540229886,174.4591592984899,8.149425287356323,15.869565217391305,3.6882352941176473,861,48.13218390804597,13.810434140776811,2020.0,944900.0,100.0,Механическая
t-2138235v,Renault Sandero,standart,petrol,electro_bug,0.0,4.118275862068966,180.9769414610112,8.038505747126438,7.522988505747127,4.129411764705883,943,48.36206896551724,13.468479505991342,2018.0,697000.0,82.0,Механическая
S16342495w,Kia Sportage,standart,petrol,engine_overheat,0.1,4.04051724137931,187.0,7.86896551724138,9.091954022988508,4.241176470588235,1100,49.39655172413793,13.784392181356704,2018.0,1544900.0,150.0,Механическая
W-2042458Y,Audi Q3,premium,petrol,another_bug,0.35,4.791954022988506,170.0,8.1316091954023,14.347457627118644,2.85,857,43.95977011494253,9.96256530524635,2014.0,2045000.0,150.0,Механическая
c11505078D,Kia Rio,economy,petrol,engine_fuel,0.1,4.034252873563219,178.58954634854382,8.08103448275862,16.24390243902439,3.494117647058824,821,50.62643678160919,14.965995829236364,2020.0,944900.0,100.0,Механическая
h-1488746F,Kia Rio X-line,economy,petrol,break_bug,0.1,5.191551724137931,108.06679720936305,8.030459770114943,7.425287356321839,3.7235294117647055,912,45.13218390804597,9.782596251641472,2020.0,944900.0,100.0,Механическая
t67883849F,Smart Coupe,economy,petrol,engine_overheat,0.1,4.163965517241379,194.08732272605823,7.777011494252874,9.10344827586207,3.544117647058824,766,49.80459770114943,14.61002829278003,,,,
m14751349G,Kia Rio,economy,petrol,another_bug,0.14,4.927643678160919,200.0,8.105747126436782,16.675,2.4794117647058824,811,44.7816091954023,9.29531585356233,2020.0,944900.0,100.0,Механическая
L-2236074w,Smart Coupe,economy,petrol,gear_stick,0.1,4.704655172413793,105.41571318879564,7.801149425287357,9.735632183908049,3.597058823529412,816,44.54597701149425,10.97899523286024,,,,
Q22604154e,Kia Rio X-line,economy,petrol,wheel_shake,0.3,4.491379310344827,119.0,8.1183908045977,17.491071428571427,4.085294117647059,1030,44.36206896551724,9.77320557134275,2020.0,944900.0,100.0,Механическая
I-1499320U,Hyundai Solaris,economy,petrol,engine_ignition,0.1,4.159885057471264,189.72808653813567,8.031609195402298,7.67816091954023,3.855882352941176,979,48.96551724137931,13.600789058937448,2020.0,780000.0,100.0,Механическая
w-2107765l,Renault Kaptur,standart,petrol,engine_fuel,0.1,4.092011494252874,186.6934632053218,8.060344827586206,17.701612903225808,4.002941176470588,814,50.10919540229885,14.831408105803837,2020.0,1140000.0,114.0,Механическая
M-4256527V,Kia Rio,economy,petrol,engine_overheat,0.1,4.091034482758621,196.74050843127856,7.836206896551724,9.183908045977011,3.652941176470588,971,51.03448275862069,15.820487394742788,2020.0,944900.0,100.0,Механическая
V14377897W,Kia Rio X,economy,petrol,another_bug,0.1,4.483793103448275,195.9131094512443,8.150574712643678,17.25,2.9411764705882355,908,44.03448275862069,10.551221911938033,2020.0,944900.0,100.0,Механическая
r-1938611y,Smart ForFour,economy,petrol,gear_stick,0.1,4.641206896551725,110.994989902542,7.83448275862069,8.971264367816092,3.602941176470588,786,44.87356321839081,10.236853515072095,2014.0,890000.0,71.0,Механическая
c-8145167j,VW Tiguan,economy,petrol,electro_bug,0.0,4.024137931034483,187.9072797088196,8.017816091954023,7.281609195402299,3.085294117647059,733,49.82758620689656,13.551619911745233,,,,
B91129852I,Kia Rio X-line,economy,petrol,gear_stick,0.57,4.560287356321839,103.90872586858134,7.713793103448276,9.023121387283236,4.488235294117647,908,44.810344827586206,10.568997464038748,2020.0,944900.0,100.0,Механическая
M37487017a,Hyundai Solaris,economy,petrol,engine_check,0.1,4.353735632183907,151.0,8.089655172413792,17.1171875,3.538235294117647,938,44.95402298850575,10.27473251382645,2020.0,780000.0,100.0,Механическая
z-2004787O,Smart Coupe,economy,petrol,break_bug,0.13,5.375287356321839,117.35560773566098,7.975287356321839,7.362068965517241,3.9558823529411766,973,44.45402298850575,10.776535252376396,,,,
l-1645080P,Nissan Qashqai,standart,petrol,electro_bug,0.0,4.276724137931034,194.06047013413345,8.02183908045977,7.5,3.911764705882353,815,50.37356321839081,13.845288506191544,2017.0,1413000.0,115.0,Механическая
V46220162X,MINI CooperSE,business,electro,gear_stick,0.1,4.511609195402299,108.02366353005644,7.946551724137931,8.494252873563218,3.3647058823529408,816,43.58620689655172,9.729345068985747,2014.0,1950000.0,231.0,Классический автомат
v84995071C,Renault Sandero,standart,petrol,engine_check,0.65,4.734195402298851,160.0,8.091379310344829,16.147540983606557,3.2029411764705884,944,44.70114942528736,10.58476923280083,2018.0,697000.0,82.0,Механическая
H19405674G,Skoda Rapid,economy,petrol,wheel_shake,0.1,4.583793103448276,124.87684328692583,8.077586206896552,16.684615384615384,3.2558823529411764,890,45.672413793103445,11.62027518159504,2019.0,847000.0,90.0,Механическая
O22899655s,Renault Kaptur,standart,petrol,gear_stick,0.1,4.685862068965517,112.55088970445638,7.818390804597701,8.770114942528735,4.464705882352941,916,45.1551724137931,11.485303588717844,2020.0,1140000.0,114.0,Механическая
Q13439225z,Kia Rio,economy,petrol,engine_overheat,0.1,4.4366666666666665,191.7319156525297,7.841954022988506,8.884393063583815,4.161764705882353,846,49.43103448275862,15.189491426335234,2020.0,944900.0,100.0,Механическая
h-1050982E,Smart Coupe,economy,petrol,gear_stick,0.1,4.532183908045977,109.53298172731569,7.87183908045977,9.45664739884393,4.423529411764706,937,44.53448275862069,10.12616741387978,,,,
P74322315x,VW Tiguan,economy,petrol,engine_ignition,0.1,4.000172413793103,192.2804928988372,8.020114942528735,7.408045977011494,3.385294117647059,940,50.5919540229885,16.23277722003634,,,,
R15925847J,VW Polo VI,economy,petrol,break_bug,0.1,5.552701149425287,97.71367053011912,8.017816091954023,7.344827586206897,3.423529411764706,938,43.04597701149425,10.294965429848736,,,,
z-1765070X,Renault Kaptur,standart,petrol,engine_check,0.1,4.787298850574713,163.0,8.122988505747127,17.70940170940171,3.3294117647058825,970,44.55172413793103,9.539402461491193,2020.0,1140000.0,114.0,Механическая
w-1029280i,Skoda Rapid,economy,petrol,engine_fuel,0.1,3.782241379310345,193.5746260528485,8.075862068965517,16.843478260869563,3.611764705882353,957,50.10344827586207,15.168063866264086,2019.0,847000.0,90.0,Механическая
z-1923449T,VW Tiguan,economy,petrol,engine_check,0.1,4.418793103448276,151.0,8.147126436781608,14.382113821138212,3.158823529411765,926,45.22413793103448,10.357276245126384,,,,
O20152474b,Kia Rio X-line,economy,petrol,engine_check,0.45,4.387758620689655,173.1821708439034,8.123563218390805,17.594827586206897,2.747058823529412,875,44.37931034482759,9.187502669494757,2020.0,944900.0,100.0,Механическая
d-1150959l,Smart ForTwo,economy,petrol,gear_stick,0.1,4.557471264367816,106.40097096333564,7.902873563218391,8.908045977011493,4.732352941176471,1158,44.20114942528736,9.498390423461366,2014.0,890000.0,71.0,Механическая
E16848552h,Skoda Rapid,economy,petrol,electro_bug,0.0,4.2509770114942524,173.0,8.02183908045977,7.494252873563219,4.126470588235295,907,49.298850574712645,15.795378663092915,2019.0,847000.0,90.0,Механическая
g15598327l,Smart ForTwo,economy,petrol,electro_bug,0.0,4.092931034482758,176.06156511237586,8.036781609195403,7.362068965517241,3.523529411764706,801,49.2816091954023,14.416031768902135,2014.0,890000.0,71.0,Механическая
R14260142p,Audi A3,premium,petrol,engine_ignition,0.1,4.029655172413793,181.0901660351348,8.063793103448276,7.913793103448276,2.9558823529411766,962,48.56896551724138,13.268823996614753,2016.0,1645000.0,150.0,Робот с одним сцеплением
H-4546747T,Kia Rio X,economy,petrol,engine_check,0.1,4.904310344827587,152.65307340667087,8.048850574712644,14.11965811965812,3.488235294117647,928,43.747126436781606,9.172991759620828,2020.0,944900.0,100.0,Механическая
f-1148428g,Smart ForTwo,economy,petrol,break_bug,0.86,5.442241379310345,107.09025955225243,8.10344827586207,7.67816091954023,3.385294117647059,735,44.310344827586206,10.764757682962127,2014.0,890000.0,71.0,Механическая
T-1017836m,Smart ForTwo,economy,petrol,gear_stick,0.1,4.637471264367816,120.77713831295377,7.798275862068966,9.046242774566474,4.623529411764705,1079,44.85057471264368,10.13781193757652,2014.0,890000.0,71.0,Механическая
g-2265044F,VW Tiguan,economy,petrol,engine_overheat,0.1,4.021724137931034,188.05148875974643,7.858620689655173,9.028901734104046,3.4911764705882358,883,51.735632183908045,15.76816121110944,,,,
j18260546M,Fiat 500,business,petrol,engine_overheat,0.1,4.188735632183908,195.9295388155629,7.943103448275862,8.936416184971097,3.8,872,50.293103448275865,15.042531556584985,2015.0,990000.0,100.0,Механическая
B-9426058n,Hyundai Solaris,economy,petrol,another_bug,0.1,4.777413793103448,200.0,8.24367816091954,17.776,3.4352941176470586,772,45.39080459770115,11.548696918048796,2020.0,780000.0,100.0,Механическая
r-4084524U,Skoda Rapid,economy,petrol,engine_fuel,0.1,4.185172413793104,168.02944393694415,8.018965517241378,13.844827586206897,3.75,883,50.9080459770115,15.168138331291036,2019.0,847000.0,90.0,Механическая
L-5326583i,Audi A4,premium,petrol,engine_ignition,0.1,4.183448275862069,187.1900073252745,8.07816091954023,7.287356321839081,3.0323529411764705,930,48.51149425287356,13.452437519310372,2015.0,2125000.0,150.0,Робот с одним сцеплением
I-1760030m,Renault Kaptur,standart,petrol,engine_fuel,0.1,4.254885057471265,158.63828744990752,8.141379310344828,17.07563025210084,4.202941176470588,863,47.58620689655172,14.372864384523565,2020.0,1140000.0,114.0,Механическая
c-1205079o,VW Polo VI,economy,petrol,electro_bug,0.0,4.367126436781609,169.7587555571089,8.072988505747126,7.885057471264368,3.738235294117647,921,51.36206896551724,15.958071807403464,,,,
s-1194174G,Smart ForFour,economy,petrol,engine_overheat,0.1,4.051551724137931,186.2733791639195,7.877586206896552,9.885057471264368,4.205882352941177,1075,50.04022988505747,13.743883219760276,2014.0,890000.0,71.0,Механическая
z11424698a,Nissan Qashqai,standart,petrol,another_bug,0.1,4.583103448275862,200.0,8.114942528735632,14.660550458715596,3.0823529411764703,852,43.94252873563219,10.636784600250094,2017.0,1413000.0,115.0,Механическая
u12808660Q,Smart ForTwo,economy,petrol,wheel_shake,0.1,4.594137931034482,127.58453078456664,8.05,15.452380952380953,3.6941176470588233,893,45.16091954022989,11.595168979287394,2014.0,890000.0,71.0,Механическая
q14308699p,Renault Kaptur,standart,petrol,break_bug,0.1,5.370459770114943,106.47298871501845,8.051149425287356,7.827586206896552,3.764705882352941,832,45.33908045977012,10.933586757362471,2020.0,1140000.0,114.0,Механическая
h14275703Y,Nissan Qashqai,standart,petrol,gear_stick,0.1,4.359252873563219,100.68572334167604,7.820114942528736,9.620689655172416,3.691176470588236,885,44.49425287356322,9.740415254134115,2017.0,1413000.0,115.0,Механическая
f21537042p,VW Polo,economy,petrol,electro_bug,0.0,4.125229885057471,194.6970243832856,7.955747126436782,7.287356321839081,2.8323529411764703,853,49.270114942528735,14.944271158177624,,,,
w-1541101s,Kia Rio X-line,economy,petrol,engine_fuel,0.1,4.0792528735632185,165.95975644109075,8.043678160919539,14.447154471544716,3.5205882352941176,935,49.01724137931034,14.347251710776591,2020.0,944900.0,100.0,Механическая
D85554326y,Skoda Rapid,economy,petrol,engine_ignition,0.1,4.031666666666666,190.45937076694443,7.975287356321839,6.977011494252873,2.335294117647059,817,50.09770114942529,14.756469939974226,2019.0,847000.0,90.0,Механическая
v19622542w,Smart Coupe,economy,petrol,engine_check,0.1,4.652988505747127,171.0,8.098275862068965,16.277310924369747,3.0794117647058825,840,44.798850574712645,10.12749926910642,,,,
g15134858G,Kia Rio,economy,petrol,wheel_shake,0.1,4.465114942528736,148.38034993525943,8.17183908045977,17.19672131147541,4.264705882352941,910,44.85057471264368,9.983835184222304,2020.0,944900.0,100.0,Механическая
T-1971816y,Renault Kaptur,standart,petrol,another_bug,0.42,4.761264367816092,175.0,8.122988505747125,16.137931034482758,2.902941176470588,825,44.45977011494253,9.9685106495968,2020.0,1140000.0,114.0,Механическая
C-9596685X,Kia Rio X-line,economy,petrol,engine_overheat,0.1,3.987241379310345,178.5356208027489,7.916666666666667,9.867816091954024,3.8176470588235296,1065,50.62068965517241,14.902179209309166,2020.0,944900.0,100.0,Механическая
b-1448976u,Kia Rio X-line,economy,petrol,another_bug,0.1,4.726264367816092,174.10256672998207,8.043103448275861,17.504273504273506,4.035294117647059,972,44.195402298850574,10.13132163939728,2020.0,944900.0,100.0,Механическая
T20813001U,Tesla Model 3,premium,electro,engine_fuel,0.1,3.9517816091954026,174.45837607126242,9.252298850574713,20.0,3.9382352941176473,848,48.89080459770115,14.55841835549523,,,,
N-1202466T,Smart ForTwo,economy,petrol,wheel_shake,0.1,4.403793103448276,118.0,8.177011494252874,17.923728813559322,3.647058823529412,837,44.97701149425287,10.0960439931691,2014.0,890000.0,71.0,Механическая
A-1228282M,Skoda Rapid,economy,petrol,engine_ignition,0.1,4.225172413793104,182.44607004190468,8.045402298850576,7.936781609195402,2.908823529411765,838,49.37931034482759,13.657868535464498,2019.0,847000.0,90.0,Механическая
I-4541478k,Hyundai Solaris,economy,petrol,another_bug,0.26,5.01603448275862,187.95954625115613,8.021264367816093,14.637795275590552,3.75,1026,44.68390804597701,10.098822383853896,2020.0,780000.0,100.0,Механическая
C72529736J,Smart Coupe,economy,petrol,electro_bug,0.0,3.9622413793103446,173.04456704295697,7.957471264367816,7.241379310344827,4.435294117647059,876,48.04022988505747,14.51224684938096,,,,
u-1444692P,Smart ForFour,economy,petrol,wheel_shake,0.1,4.639425287356322,125.81409161260548,8.11609195402299,17.588709677419356,4.226470588235294,828,44.86206896551724,10.861367518188418,2014.0,890000.0,71.0,Механическая
D16135750H,Hyundai Solaris,economy,petrol,wheel_shake,0.35,4.532528735632184,118.0,8.088505747126437,19.068376068376068,3.691176470588236,941,45.76436781609196,10.489559654092336,2020.0,780000.0,100.0,Механическая
K-1436228o,Renault Sandero,standart,petrol,engine_check,0.1,4.438218390804598,161.80645235863858,8.21264367816092,16.424778761061948,3.211764705882353,890,44.70114942528736,10.032450173046104,2018.0,697000.0,82.0,Механическая
i-7847314g,Renault Kaptur,standart,petrol,engine_ignition,0.1,3.873563218390805,190.81774162205457,7.959195402298851,6.988439306358382,3.4352941176470586,921,48.42528735632184,12.828015028449578,2020.0,1140000.0,114.0,Механическая
z-1432906b,VW Polo VI,economy,petrol,engine_overheat,0.1,3.921666666666667,191.7462721547052,7.851724137931034,8.810344827586206,3.73235294117647,864,51.10344827586207,14.97051783425118,,,,
a59990556c,Kia Rio X-line,economy,petrol,engine_overheat,0.1,4.1273563218390805,193.645324669373,7.827586206896552,9.098265895953755,3.326470588235294,822,50.66091954022989,15.50107105247362,2020.0,944900.0,100.0,Механическая
N96513993C,VW Polo VI,economy,petrol,engine_check,0.1,4.375402298850575,175.34597881394538,8.095977011494254,18.67796610169492,2.4705882352941178,857,46.01149425287356,10.039798552746738,,,,
i-1870741R,Kia Rio X,economy,petrol,engine_check,0.1,4.4623563218390805,160.32183846175917,8.030459770114943,15.440677966101696,2.797058823529412,910,44.95977011494253,10.436906056841408,2020.0,944900.0,100.0,Механическая
s-1843132u,Nissan Qashqai,standart,petrol,engine_check,0.27,4.622471264367816,177.01286658835468,8.085632183908046,16.954545454545453,2.5264705882352945,796,45.16091954022989,11.061440146251108,2017.0,1413000.0,115.0,Механическая
o-1115986v,Skoda Rapid,economy,petrol,wheel_shake,0.1,4.528908045977011,133.1015469672969,8.102873563218392,17.727272727272727,3.5794117647058825,831,44.82183908045977,10.36765674705824,2019.0,847000.0,90.0,Механическая
t38578752d,VW Polo,economy,petrol,engine_ignition,0.1,4.018563218390804,181.7079543837177,8.071264367816093,7.936781609195402,2.744117647058824,940,49.66666666666666,14.202227836852398,,,,
C10051284I,Nissan Qashqai,standart,petrol,gear_stick,0.42,4.460344827586207,130.2029561431095,7.839655172413792,9.436781609195402,3.4794117647058824,874,44.06896551724138,10.737857078868338,2017.0,1413000.0,115.0,Механическая
l13569942Y,Volkswagen ID.4 ,premium,electro,engine_overheat,0.1,4.07683908045977,187.2434316433401,9.029310344827588,14.365269461077844,3.523529411764706,821,49.53448275862069,15.6025959570184,,,,
h-2041660O,Nissan Qashqai,standart,petrol,engine_check,0.1,4.448390804597701,168.0,8.147126436781608,18.873949579831933,3.547058823529412,890,44.58620689655172,10.614693408904415,2017.0,1413000.0,115.0,Механическая
z-1435869q,Hyundai Solaris,economy,petrol,engine_ignition,0.1,4.161781609195402,198.3125730991541,7.979885057471264,6.982758620689655,2.8823529411764706,817,49.695402298850574,14.30890751351352,2020.0,780000.0,100.0,Механическая
T-5519773T,Renault Kaptur,standart,petrol,gear_stick,0.44,4.569425287356322,102.69183766762862,7.895977011494254,8.729885057471265,3.964705882352941,912,44.13218390804597,10.250041525395924,2020.0,1140000.0,114.0,Механическая
O-5485697r,VW Polo,economy,petrol,another_bug,0.1,4.942816091954023,198.4960648017726,8.082758620689656,20.65,3.838235294117647,857,44.5,10.227329362837288,,,,
P-1558274R,Smart ForFour,economy,petrol,engine_overheat,0.1,4.220919540229885,179.91394219847467,7.815517241379311,9.00578034682081,2.738235294117647,765,51.04022988505747,14.343981918835782,2014.0,890000.0,71.0,Механическая
x-2038594x,Kia Sportage,standart,petrol,gear_stick,0.1,4.553218390804598,109.67177119868238,7.852298850574712,9.819767441860463,3.835294117647059,818,44.87356321839081,10.136415890958569,2018.0,1544900.0,150.0,Механическая
D-6990841m,Kia Sportage,standart,petrol,break_bug,0.1,5.425402298850575,108.49268256885756,8.028735632183908,8.080924855491329,4.002941176470588,962,44.07471264367816,9.500236910837314,2018.0,1544900.0,150.0,Механическая
A65531464N,Hyundai Solaris,economy,petrol,engine_fuel,0.1,4.050977011494253,173.03988598342457,8.15632183908046,16.672268907563026,4.31764705882353,949,48.10344827586207,14.674136330905572,2020.0,780000.0,100.0,Механическая
o77710485U,Skoda Rapid,economy,petrol,engine_ignition,0.1,4.402413793103448,179.50098609371742,7.988505747126437,7.649425287356322,3.2588235294117647,907,50.0,15.410753696032156,2019.0,847000.0,90.0,Механическая
Z19095231c,Smart ForTwo,economy,petrol,electro_bug,0.0,4.083735632183909,190.0,8.021264367816093,7.618497109826589,3.7205882352941178,870,50.3448275862069,15.519391253634804,2014.0,890000.0,71.0,Механическая
T10888967t,Mini Cooper,business,petrol,engine_overheat,0.1,4.197126436781609,199.6204542995204,7.897701149425288,9.271676300578036,4.997058823529412,906,50.48850574712644,14.026703890499675,2014.0,1950000.0,231.0,Классический автомат
p-2255017N,Smart ForTwo,economy,petrol,wheel_shake,0.48,4.685344827586207,121.0815097641038,8.148850574712645,17.725,3.5647058823529414,910,44.88505747126437,11.259857890207169,2014.0,890000.0,71.0,Механическая
q-1756523i,Renault Sandero,standart,petrol,engine_fuel,0.1,4.169482758620689,183.60813988351484,8.114367816091955,14.965811965811966,3.3323529411764703,963,49.63218390804597,14.139368188686184,2018.0,697000.0,82.0,Механическая
Y-6535925G,Hyundai Solaris,economy,petrol,engine_overheat,0.1,4.123218390804598,195.28106918539584,7.788505747126437,8.522988505747126,4.085294117647059,903,49.38505747126437,14.095709417589354,2020.0,780000.0,100.0,Механическая
k26646728S,Hyundai Solaris,economy,petrol,break_bug,0.1,5.1194252873563215,122.06719847468776,8.010344827586207,7.208092485549133,3.85,886,44.85057471264368,9.9710896959961,2020.0,780000.0,100.0,Механическая
E10817164G,Smart Coupe,economy,petrol,engine_overheat,0.1,3.9720114942528735,196.52640204009936,7.806896551724138,9.658959537572256,3.8676470588235294,963,47.97701149425287,13.542890130918623,,,,
i99098791Y,Skoda Rapid,economy,petrol,engine_check,0.1,4.541666666666667,153.0,8.077586206896552,17.658333333333335,2.7588235294117647,972,45.13218390804597,11.16713793993119,2019.0,847000.0,90.0,Механическая
x78013621Q,VW Polo,economy,petrol,engine_fuel,0.1,3.868045977011494,165.04695403435642,8.049425287356321,19.694915254237287,2.9,836,47.98850574712644,13.303043463221483,,,,
v72063519l,Renault Kaptur,standart,petrol,engine_overheat,0.1,4.132701149425287,199.1304800469001,7.826436781609195,8.637931034482758,4.123529411764705,871,50.3448275862069,15.33994565274145,2020.0,1140000.0,114.0,Механическая
G-1501447C,Audi Q3,premium,petrol,engine_overheat,0.1,4.050287356321839,166.99395122245878,7.846551724137931,8.339080459770114,2.367647058823529,719,51.59770114942529,15.239103769647334,2014.0,2045000.0,150.0,Механическая
J11325795N,Smart ForFour,economy,petrol,another_bug,0.1,4.660862068965518,200.0,8.101149425287355,17.076271186440678,3.5647058823529414,815,44.05747126436781,10.09647832134498,2014.0,890000.0,71.0,Механическая
Z21101596H,Kia Rio X-line,economy,petrol,electro_bug,0.0,4.30948275862069,172.7054064963598,7.999425287356322,7.0,3.135294117647059,684,52.32758620689656,14.866326846558646,2020.0,944900.0,100.0,Механическая
J-1113742S,Kia Rio X-line,economy,petrol,engine_fuel,0.1,4.065402298850574,163.73599884789363,8.150574712643678,15.41025641025641,3.126470588235294,789,48.735632183908045,14.147006685265495,2020.0,944900.0,100.0,Механическая
z66178432L,Hyundai Solaris,economy,petrol,engine_overheat,0.1,4.065229885057471,197.8398933240404,7.8,9.120689655172416,3.823529411764706,1044,49.58045977011494,14.18424868542738,2020.0,780000.0,100.0,Механическая
Z-5687556v,Kia Sportage,standart,petrol,another_bug,0.1,4.5216091954022986,182.4488550876019,8.097701149425287,15.327433628318584,3.914705882352941,895,44.58620689655172,10.38846817766381,2018.0,1544900.0,150.0,Механическая
t16803701q,Kia Rio X-line,economy,petrol,another_bug,0.1,4.588563218390805,183.9972436648194,8.035057471264368,18.7280701754386,4.247058823529412,807,45.35632183908046,10.180994433973876,2020.0,944900.0,100.0,Механическая
O62055401u,VW Polo,economy,petrol,engine_fuel,0.1,4.302126436781609,164.91820014649304,8.079310344827586,15.893805309734514,3.9558823529411766,769,50.32758620689656,15.192469914954671,,,,
g-1993142v,Smart Coupe,economy,petrol,engine_ignition,0.1,4.049367816091954,197.87941396646988,7.979310344827587,7.195402298850575,3.4588235294117644,824,50.08620689655172,13.79362902626324,,,,
b-1419953q,Smart Coupe,economy,petrol,engine_ignition,0.1,4.091839080459771,185.47244802570603,8.017816091954023,7.068965517241379,2.35,955,49.59770114942529,15.423096388183192,,,,
g20755268p,Renault Sandero,standart,petrol,engine_overheat,0.1,3.97896551724138,196.43452767955523,7.8212643678160925,8.758620689655173,3.6205882352941177,834,48.94252873563219,13.531258029375946,2018.0,697000.0,82.0,Механическая
J-1674693O,Audi A3,premium,petrol,electro_bug,0.0,4.3068965517241375,187.0,8.145402298850575,7.884393063583815,3.979411764705883,1009,49.68390804597701,15.503424000431655,2016.0,1645000.0,150.0,Робот с одним сцеплением
y-4433197h,Hyundai Solaris,economy,petrol,another_bug,0.1,4.679827586206897,195.0,8.079885057471264,17.619834710743802,2.7823529411764705,696,44.54597701149425,10.983206356629236,2020.0,780000.0,100.0,Механическая
q13192264P,Renault Kaptur,standart,petrol,engine_check,0.1,4.432528735632184,157.51099226221984,8.087931034482759,14.660869565217393,2.9,992,44.98275862068966,10.35021104357788,2020.0,1140000.0,114.0,Механическая
Y77058654W,Kia Sportage,standart,petrol,engine_overheat,0.1,3.90764367816092,199.88021988568985,7.948275862068965,9.664739884393065,3.0617647058823527,896,52.94827586206897,15.52446037202374,2018.0,1544900.0,150.0,Механическая
A-2296917r,Skoda Rapid,economy,petrol,engine_check,0.34,4.459425287356322,160.0,8.01551724137931,17.129032258064516,2.726470588235294,1022,46.206896551724135,10.83735557514235,2019.0,847000.0,90.0,Механическая
O-2688441F,Tesla Model 3,premium,electro,engine_fuel,0.1,4.556149425287356,169.36837491944237,9.252298850574713,24.312,3.361764705882353,914,50.37931034482759,14.600848323846176,,,,
F36891838q,Smart Coupe,economy,petrol,electro_bug,0.0,4.215747126436781,162.10175891286892,8.022413793103448,8.206896551724139,2.75,786,50.76436781609196,14.582699996688165,,,,
M20797256F,Renault Sandero,standart,petrol,engine_overheat,0.1,4.042873563218391,196.9753488581586,7.864942528735632,9.06936416184971,2.75,937,50.56896551724138,16.597700309713346,2018.0,697000.0,82.0,Механическая
o14161849i,Kia Rio X,economy,petrol,engine_ignition,0.1,4.2091379310344825,194.2207769632616,8.003448275862068,7.327586206896552,3.1323529411764706,913,50.99425287356322,15.66133530153208,2020.0,944900.0,100.0,Механическая
L14463305V,Renault Kaptur,standart,petrol,engine_fuel,0.1,4.418908045977012,156.2488359232765,8.09712643678161,16.10483870967742,3.273529411764706,908,49.08045977011494,13.88034614251188,2020.0,1140000.0,114.0,Механическая
d-1069476v,Nissan Qashqai,standart,petrol,engine_ignition,0.1,4.062528735632184,199.05838999320213,8.047126436781609,7.179190751445087,2.5088235294117647,1081,49.4367816091954,13.581014586994062,2017.0,1413000.0,115.0,Механическая
A18130070W,Smart ForFour,economy,petrol,engine_ignition,0.1,4.298103448275862,189.8274761759401,8.017816091954023,7.5491329479768785,3.261764705882353,964,50.195402298850574,14.354584033861691,2014.0,890000.0,71.0,Механическая
N48891421Y,Smart ForFour,economy,petrol,engine_overheat,0.1,4.120747126436782,191.0971570651385,7.876436781609195,9.011494252873565,3.920588235294118,965,50.76436781609196,14.577546095830671,2014.0,890000.0,71.0,Механическая
r-3882229P,VW Polo VI,economy,petrol,another_bug,0.45,4.789770114942528,178.0,8.143103448275863,16.23076923076923,3.544117647058824,965,44.32183908045977,10.050731722562604,,,,
k-1148512o,Kia Rio X-line,economy,petrol,engine_ignition,0.1,4.09551724137931,197.69509368248788,7.966091954022988,7.408045977011494,2.908823529411765,868,51.04597701149425,15.255745091226643,2020.0,944900.0,100.0,Механическая
K19117294v,VW Polo VI,economy,petrol,wheel_shake,0.5,4.5969540229885055,119.0,8.036781609195403,18.41176470588235,3.467647058823529,901,44.36206896551724,9.325888404788516,,,,
R-9698903l,Hyundai Solaris,economy,petrol,wheel_shake,0.1,4.780229885057471,163.1856559739571,8.056896551724138,13.270491803278688,4.008823529411765,924,45.7183908045977,9.95748219836631,2020.0,780000.0,100.0,Механическая
n18568803d,VW Polo,economy,petrol,engine_overheat,0.1,3.995229885057471,194.20571186553644,7.720689655172414,8.597701149425287,4.188235294117647,870,48.9367816091954,13.999649995150303,,,,
u18380175j,VW Tiguan,economy,petrol,break_bug,0.1,5.303275862068966,116.14948285036267,8.025862068965518,7.316091954022989,4.155882352941177,910,44.05172413793103,10.5984333237361,,,,
v48821525w,Kia Rio X,economy,petrol,engine_fuel,0.1,4.13816091954023,172.54168096746668,8.164367816091954,15.163793103448276,3.411764705882353,852,49.58045977011494,14.336656917820733,2020.0,944900.0,100.0,Механическая
R-1929076H,Smart ForTwo,economy,petrol,engine_overheat,0.1,3.96764367816092,190.7857202011632,7.837931034482758,9.732558139534884,3.35,757,52.66091954022989,15.268122796075229,2014.0,890000.0,71.0,Механическая
R14565987z,VW Polo VI,economy,petrol,break_bug,0.1,5.345344827586207,106.99370591742706,7.988505747126437,7.028735632183908,3.1323529411764706,907,43.78735632183908,10.343558545065186,,,,
j-2092568x,VW Tiguan,economy,petrol,break_bug,0.93,5.323678160919541,115.71265216065846,8.040229885057471,7.275862068965517,3.6205882352941177,908,44.08045977011494,11.750506953328522,,,,
S45472418H,VW Tiguan,economy,petrol,wheel_shake,0.1,4.623620689655172,149.70665506274142,8.030459770114943,17.303571428571427,3.264705882352941,911,43.58620689655172,9.86211496286478,,,,
d15211601W,VW Polo VI,economy,petrol,wheel_shake,0.1,4.548275862068965,118.0,8.198850574712644,15.21951219512195,3.623529411764706,794,44.47701149425287,9.918572537952151,,,,
q48434550h,VW Polo VI,economy,petrol,electro_bug,0.0,4.13764367816092,182.09779259312808,7.968390804597701,7.293103448275862,2.994117647058824,772,49.47126436781609,15.79956762447812,,,,
S24664424B,VW Polo VI,economy,petrol,engine_check,0.5,4.670229885057472,162.0,8.11264367816092,13.984496124031008,2.794117647058824,854,45.333333333333336,10.640381872701616,,,,
z91353693Z,Nissan Qashqai,standart,petrol,break_bug,0.1,5.3260919540229885,106.08916680078168,8.024137931034483,7.218390804597701,4.497058823529412,978,44.26436781609196,9.423816550854571,2017.0,1413000.0,115.0,Механическая
d-1078291X,Smart ForFour,economy,petrol,engine_check,0.38,4.715,158.11611649087635,8.124712643678162,17.23931623931624,3.4823529411764707,1060,45.58045977011494,9.46559744799583,2014.0,890000.0,71.0,Механическая
y-2155004p,Smart ForTwo,economy,petrol,wheel_shake,0.1,4.610804597701149,118.0,8.07816091954023,15.964285714285714,3.494117647058824,869,44.04597701149425,9.546246480805996,2014.0,890000.0,71.0,Механическая
f11749417l,VW Polo VI,economy,petrol,break_bug,0.67,5.6017816091954025,108.10858691291074,7.991954022988505,7.689655172413793,4.017647058823529,836,44.32758620689656,10.16179163183471,,,,
h66939763B,Renault Kaptur,standart,petrol,engine_check,0.1,4.550689655172414,155.0,8.032183908045976,16.262295081967213,3.302941176470588,767,45.99425287356322,12.043033208479535,2020.0,1140000.0,114.0,Механическая
d16236969s,VW Polo VI,economy,petrol,engine_ignition,0.1,4.275114942528735,196.28680641767625,7.939080459770116,7.137931034482759,3.023529411764706,851,51.09770114942529,15.249246940652275,,,,
p25512710L,Fiat 500,business,petrol,gear_stick,0.1,4.410229885057471,110.14580817396164,7.918390804597701,9.192982456140353,3.3058823529411767,858,44.66091954022989,9.92020016954766,2015.0,990000.0,100.0,Механическая
F37580132V,Nissan Qashqai,standart,petrol,engine_fuel,0.1,4.240057471264367,183.6695267527204,8.154022988505746,15.870689655172416,2.7705882352941176,944,49.21264367816092,13.90702658177834,2017.0,1413000.0,115.0,Механическая
l-4067739z,Renault Kaptur,standart,petrol,break_bug,1.29,5.700747126436782,103.87165877164924,8.044827586206896,8.0,3.832352941176471,936,45.01724137931034,9.819453464142637,2020.0,1140000.0,114.0,Механическая
o-2117199c,Renault Sandero,standart,petrol,another_bug,0.1,4.72735632183908,196.0,8.10632183908046,17.918032786885245,2.95,785,44.35632183908046,9.404803853663228,2018.0,697000.0,82.0,Механическая
w12773963K,VW Polo,economy,petrol,break_bug,0.1,5.235402298850575,107.71106156196824,8.099425287356322,7.0,3.897058823529412,815,44.88505747126437,10.80668310387885,,,,
C12905383w,Smart ForFour,economy,petrol,engine_fuel,0.1,4.149367816091954,188.17887486044617,8.062068965517241,16.271929824561404,3.2147058823529413,917,50.97701149425287,14.725603522765844,2014.0,890000.0,71.0,Механическая
m27367092i,Kia Rio X,economy,petrol,wheel_shake,0.1,4.737816091954023,120.65007908251953,8.087356321839081,15.155172413793103,3.3088235294117645,867,43.91379310344828,11.446711645469131,2020.0,944900.0,100.0,Механическая
v-2285960e,Kia Rio,economy,petrol,engine_check,0.19,4.76316091954023,157.0,8.141379310344828,15.53968253968254,2.65,784,45.27586206896552,10.084257353041322,2020.0,944900.0,100.0,Механическая
k49230827x,VW Polo VI,economy,petrol,engine_check,0.1,4.617471264367817,157.0,8.114367816091955,17.9,2.647058823529412,904,44.01149425287356,9.822699030888195,,,,
A19264202q,Hyundai Solaris,economy,petrol,gear_stick,0.1,4.412298850574713,113.82939431100496,7.781609195402299,8.649425287356323,4.347058823529412,790,45.20114942528736,10.821184470900848,2020.0,780000.0,100.0,Механическая
x-1917627k,Smart Coupe,economy,petrol,electro_bug,0.0,4.217528735632184,170.0,8.017241379310345,7.867816091954023,3.2147058823529413,875,49.189655172413794,13.517862594691572,,,,
v34523863p,Renault Kaptur,standart,petrol,engine_overheat,0.1,3.922011494252873,179.0696605665835,7.832758620689655,9.120689655172416,3.752941176470588,985,49.58045977011494,14.033480520167934,2020.0,1140000.0,114.0,Механическая
L18993999w,Kia Rio X-line,economy,petrol,engine_overheat,0.1,4.067126436781609,192.23089477349137,7.839080459770115,9.028735632183908,2.861764705882353,863,47.77586206896552,12.740236797077396,2020.0,944900.0,100.0,Механическая
x27866622h,Skoda Rapid,economy,petrol,gear_stick,0.1,4.536781609195402,116.77074472053772,7.879885057471264,8.448275862068966,4.497058823529412,1002,44.37931034482759,10.046989460006802,2019.0,847000.0,90.0,Механическая
f-1853653Z,Skoda Rapid,economy,petrol,engine_check,0.1,4.426091954022988,159.08171589219148,8.10919540229885,15.53125,2.6029411764705883,955,45.72988505747127,10.170882330730004,2019.0,847000.0,90.0,Механическая
R-1884707W,Kia Rio X-line,economy,petrol,engine_check,0.1,4.41551724137931,157.28610081704335,8.063793103448276,16.38095238095238,2.888235294117647,812,44.3448275862069,10.361475541814864,2020.0,944900.0,100.0,Механическая
i17810499T,Smart ForFour,economy,petrol,engine_fuel,0.1,3.8840804597701153,171.6330173514588,8.136206896551725,15.784615384615384,3.526470588235294,891,49.94827586206897,14.919540370649392,2014.0,890000.0,71.0,Механическая
W78299212w,VW Tiguan,economy,petrol,engine_check,0.1,4.496379310344827,143.0,8.036206896551723,15.0,3.091176470588235,798,44.706896551724135,10.202020576285245,,,,
w14433777p,VW Polo,economy,petrol,engine_overheat,0.1,4.108505747126436,191.41753499844492,7.763793103448276,9.132183908045976,2.623529411764706,863,49.91954022988506,14.918443712169507,,,,
H11593230U,VW Polo,economy,petrol,engine_overheat,0.1,4.003850574712644,197.9874260667667,7.855747126436782,9.051724137931034,3.655882352941176,867,49.59770114942529,13.57825511712676,,,,
h15130253D,Kia Rio X,economy,petrol,engine_ignition,0.1,3.958793103448276,184.3733283916486,8.066666666666666,7.32183908045977,2.9823529411764707,990,51.03448275862069,14.861167363153369,2020.0,944900.0,100.0,Механическая
X11054176S,Smart ForTwo,economy,petrol,break_bug,0.1,5.536436781609195,120.14264925806287,7.964942528735633,7.419540229885057,3.6882352941176473,1006,44.235632183908045,11.685013147489087,2014.0,890000.0,71.0,Механическая
Z-8446585u,Smart Coupe,economy,petrol,engine_ignition,0.1,4.204885057471264,191.87084427412532,8.02816091954023,7.275862068965517,2.967647058823529,772,49.32183908045977,14.31801827996056,,,,
L12738838U,VW Polo,economy,petrol,break_bug,0.1,5.070459770114942,111.19166749997844,7.956896551724138,6.689655172413793,4.052941176470589,964,45.98275862068966,10.285785768613666,,,,
M13557782G,MINI CooperSE,business,electro,engine_ignition,0.1,4.0391954022988505,186.9583125064645,8.040229885057471,7.120689655172414,3.097058823529412,884,50.0,15.22053678042904,2014.0,1950000.0,231.0,Классический автомат
f78630029r,Kia Rio X,economy,petrol,another_bug,0.61,4.728908045977012,186.0,8.15632183908046,19.61864406779661,3.376470588235294,1009,43.747126436781606,10.72700486218782,2020.0,944900.0,100.0,Механическая
O-9483543e,Smart ForFour,economy,petrol,engine_fuel,0.1,4.179425287356322,169.6465262698295,8.125862068965517,16.390243902439025,4.126470588235295,888,51.60919540229885,14.35822160549766,2014.0,890000.0,71.0,Механическая
h-5517689I,Smart Coupe,economy,petrol,gear_stick,0.1,4.402298850574713,103.45894891704668,7.8,9.022988505747126,3.791176470588236,826,45.05747126436781,9.689821036470317,,,,
I29670539p,VW Polo VI,economy,petrol,another_bug,0.22,4.70580459770115,170.96485238567976,8.147126436781608,14.14655172413793,3.926470588235294,916,45.298850574712645,10.38519949800586,,,,
u-1562836u,Audi A4,premium,petrol,gear_stick,0.1,4.525229885057471,113.42079787021832,7.867241379310346,8.53757225433526,3.732352941176471,845,45.42528735632184,9.735973677191234,2015.0,2125000.0,150.0,Робот с одним сцеплением
f-1256567w,Skoda Rapid,economy,petrol,engine_fuel,0.1,4.0471264367816095,175.59724894459998,8.207471264367815,16.370689655172413,3.426470588235294,743,49.87931034482759,14.569836907066088,2019.0,847000.0,90.0,Механическая
d-1499264O,Hyundai Solaris,economy,petrol,engine_overheat,0.1,4.226206896551724,197.25470243057748,7.831609195402299,9.781609195402298,2.223529411764705,883,48.30459770114943,13.772061927017798,2020.0,780000.0,100.0,Механическая
k-9974810a,Smart Coupe,economy,petrol,electro_bug,0.0,4.515057471264368,177.18314183266529,7.991379310344827,7.080459770114943,3.1088235294117648,899,48.59770114942529,13.511681753863456,,,,
I58543255u,Kia Sportage,standart,petrol,break_bug,0.1,5.208045977011494,126.0,7.963793103448276,7.425287356321839,4.094117647058823,871,44.98275862068966,9.715891361433576,2018.0,1544900.0,150.0,Механическая
J-4114552o,VW Polo,economy,petrol,engine_ignition,0.1,4.283448275862069,199.29593874841584,7.951724137931034,7.264367816091954,3.0617647058823527,841,49.63218390804597,14.4906706623068,,,,
v-1348159h,Smart Coupe,economy,petrol,break_bug,0.1,5.259425287356322,120.80153674952749,7.977586206896551,7.425287356321839,3.7764705882352954,936,44.21264367816092,10.606228997556174,,,,
o-4164928U,VW Polo,economy,petrol,wheel_shake,0.65,4.63316091954023,161.55191092403783,8.203448275862069,18.721739130434784,2.885294117647059,853,44.89080459770115,10.81663386340722,,,,
H44042475h,VW Polo,economy,petrol,engine_check,0.23,4.491034482758621,155.0,8.154022988505746,15.327731092436975,2.588235294117647,904,45.85057471264368,11.32037779515426,,,,
W67288330r,Renault Sandero,standart,petrol,engine_fuel,0.1,3.769367816091954,174.4935854223348,8.098275862068965,18.53448275862069,4.767647058823529,830,49.867816091954026,13.86182009963529,2018.0,697000.0,82.0,Механическая
o12808130Q,Kia Rio X,economy,petrol,engine_fuel,0.1,3.8345977011494257,174.29007833433965,8.170689655172414,15.827868852459016,3.488235294117647,955,52.52873563218391,15.963715418185922,2020.0,944900.0,100.0,Механическая
M-6381482U,Kia Sportage,standart,petrol,engine_overheat,0.1,3.9860919540229887,195.6104533585644,7.854597701149426,9.00578034682081,4.652941176470588,1078,49.77586206896552,15.291816282126156,2018.0,1544900.0,150.0,Механическая
u-1483442N,Mini Cooper,business,petrol,engine_check,0.1,4.978793103448275,160.0,8.139080459770115,15.851239669421489,2.711764705882353,936,45.04022988505747,10.83046398986972,2014.0,1950000.0,231.0,Классический автомат
S50025102C,Skoda Rapid,economy,petrol,break_bug,0.1,5.486494252873563,105.14187068593208,8.048850574712644,7.895953757225434,3.829411764705882,1023,44.78735632183908,9.785896476520657,2019.0,847000.0,90.0,Механическая
w-3920980N,BMW 320i,business,petrol,engine_check,0.94,4.391264367816092,163.85882079673522,8.145977011494253,15.792792792792794,2.7794117647058822,824,44.22988505747127,10.398089141288416,,,,
Q12332938h,Kia Rio X,economy,petrol,another_bug,0.1,4.692183908045977,192.6369446253853,8.098850574712644,15.189655172413794,2.7764705882352945,889,43.4080459770115,10.219563222579604,2020.0,944900.0,100.0,Механическая
j-2299409Z,VW Polo,economy,petrol,another_bug,0.1,4.894597701149425,200.0,8.142528735632183,16.858333333333334,3.611764705882353,793,45.810344827586206,10.642031777007356,,,,
K11706281f,Renault Kaptur,standart,petrol,engine_overheat,0.1,4.2908620689655175,187.0507290278293,7.847126436781609,9.166666666666666,3.4058823529411764,886,48.33908045977012,14.088693916023043,2020.0,1140000.0,114.0,Механическая
O-2486036j,Fiat 500,business,petrol,engine_overheat,0.1,3.969885057471264,181.37749748197737,7.8454022988505745,8.948275862068966,3.297058823529412,805,48.85632183908046,14.230433894322276,2015.0,990000.0,100.0,Механическая
t-8810902I,VW Tiguan,economy,petrol,wheel_shake,0.1,4.783505747126437,131.48501729913914,8.085057471264367,16.741071428571427,4.079411764705882,823,43.293103448275865,9.4122204797369,,,,
h20475534X,Kia Rio X,economy,petrol,engine_fuel,0.1,4.443793103448276,162.28234992728133,8.082758620689656,17.57894736842105,3.8617647058823534,937,48.99425287356322,12.819104748320065,2020.0,944900.0,100.0,Механическая
q-2262220H,Smart ForTwo,economy,petrol,engine_check,0.16,4.695747126436781,168.75192201578574,8.058620689655173,15.991869918699187,3.3911764705882352,863,44.47701149425287,10.05689251065981,2014.0,890000.0,71.0,Механическая
V86791015e,Smart ForFour,economy,petrol,gear_stick,0.72,4.665747126436782,111.47238392257668,7.795402298850576,8.591954022988507,4.102941176470588,909,46.9367816091954,10.871372120326823,2014.0,890000.0,71.0,Механическая
k-4177928A,VW Polo VI,economy,petrol,engine_overheat,0.1,4.1049425287356325,182.59671071250773,7.792528735632184,9.160919540229886,3.4176470588235297,966,50.14367816091954,15.167924790896578,,,,
i12582651H,Skoda Rapid,economy,petrol,another_bug,0.26,4.607471264367816,173.0,8.11264367816092,16.901639344262296,4.373529411764705,939,45.37931034482759,8.690891357347086,2019.0,847000.0,90.0,Механическая
D-8879476a,Smart ForFour,economy,petrol,electro_bug,0.0,4.36580459770115,170.41374318782368,7.964367816091953,7.275862068965517,3.1558823529411764,836,50.54597701149425,14.21371400454282,2014.0,890000.0,71.0,Механическая
A-4388746k,VW Tiguan,economy,petrol,engine_fuel,0.1,4.161149425287356,176.56524090555132,8.087356321839081,14.910569105691057,3.2205882352941178,837,49.7816091954023,14.156781325962791,,,,
v10840367M,Kia Sportage,standart,petrol,engine_ignition,0.1,4.118045977011494,181.7094589015246,8.004022988505747,7.0344827586206895,3.2588235294117647,884,49.78735632183908,13.734293643005484,2018.0,1544900.0,150.0,Механическая
T69253406y,VW Polo VI,economy,petrol,electro_bug,0.0,4.1466666666666665,188.4272527641971,7.929885057471264,6.816091954022989,3.905882352941177,838,49.10344827586207,14.07579358044421,,,,
C17218196q,Smart Coupe,economy,petrol,break_bug,0.1,5.39948275862069,110.73689432731238,7.872988505747127,7.844827586206897,4.176470588235294,974,44.293103448275865,9.95947038895859,,,,
Y22725587G,Smart Coupe,economy,petrol,wheel_shake,0.1,4.479137931034483,139.7416881176181,8.104597701149425,17.469565217391306,3.3705882352941177,870,44.95402298850575,10.491844392236931,,,,
D-1297931h,Smart ForFour,economy,petrol,electro_bug,0.0,4.150977011494253,168.3489516754649,7.95344827586207,7.508670520231214,4.25,915,51.86206896551724,15.049185190082204,2014.0,890000.0,71.0,Механическая
o-3452756G,BMW 320i,business,petrol,electro_bug,0.0,4.347758620689655,199.1390346146248,8.073563218390804,8.045977011494253,3.5352941176470587,797,50.235632183908045,14.070700727476051,,,,
o-3097493N,Smart Coupe,economy,petrol,wheel_shake,0.1,4.494942528735632,168.40081227115644,8.079885057471264,17.661016949152543,4.1000000000000005,861,45.76436781609196,11.64983789623006,,,,
U-1111974C,Kia Rio,economy,petrol,break_bug,0.1,5.184425287356322,128.13468680035214,8.020689655172413,7.511494252873563,3.6852941176470586,887,43.7183908045977,11.262809316333996,2020.0,944900.0,100.0,Механическая
Y-1175573T,Kia Rio,economy,petrol,engine_fuel,0.1,4.29683908045977,168.4522495253708,8.137931034482758,16.0,3.2205882352941178,649,50.54022988505747,14.3726656090599,2020.0,944900.0,100.0,Механическая
R-1348537L,Renault Sandero,standart,petrol,engine_ignition,0.1,4.16896551724138,188.84970864330256,7.932758620689655,7.063218390804598,3.073529411764706,965,51.735632183908045,15.92936704860339,2018.0,697000.0,82.0,Механическая
G-6080211i,Kia Rio X-line,economy,petrol,another_bug,0.1,4.835057471264368,194.20959618825987,8.157471264367816,18.16239316239316,3.2029411764705884,907,44.14942528735632,9.2443124031225,2020.0,944900.0,100.0,Механическая
N18096525X,VW Polo VI,economy,petrol,engine_fuel,0.1,4.194252873563218,170.5838010799467,8.182183908045976,13.469026548672566,3.5294117647058822,768,47.810344827586206,13.508024029265131,,,,
Z-1507790Z,Renault Kaptur,standart,petrol,engine_ignition,0.1,4.045172413793104,193.51174865660056,7.9655172413793105,7.304597701149425,2.926470588235294,787,50.85632183908046,14.765490160767724,2020.0,1140000.0,114.0,Механическая
n20176674t,VW Tiguan,economy,petrol,engine_ignition,0.1,4.1433908045977015,176.0,7.955172413793104,7.264367816091954,2.902941176470588,887,49.10919540229885,14.470005909645682,,,,
a22370652k,Kia Rio,economy,petrol,break_bug,0.1,5.335172413793104,111.06534460257546,8.108620689655172,7.850574712643678,3.952941176470589,869,45.26436781609196,10.166770956353751,2020.0,944900.0,100.0,Механическая
y-1494852A,Hyundai Solaris,economy,petrol,engine_fuel,0.1,4.062241379310345,172.71106511356757,8.063793103448276,17.462809917355372,3.9764705882352938,736,48.42528735632184,14.18183498559222,2020.0,780000.0,100.0,Механическая
n-9327549l,Hyundai Solaris,economy,petrol,wheel_shake,0.49,4.78683908045977,117.0,8.094827586206897,17.080645161290324,3.908823529411765,971,43.82758620689656,9.156578729215257,2020.0,780000.0,100.0,Механическая
I20629724K,Nissan Qashqai,standart,petrol,gear_stick,0.1,4.488448275862069,105.5387211504694,7.82183908045977,8.862068965517242,4.1000000000000005,989,43.40229885057471,9.11831006819616,2017.0,1413000.0,115.0,Механическая
P33310269L,Audi A4,premium,petrol,engine_overheat,0.1,4.317183908045977,199.20102356257635,7.87816091954023,8.85632183908046,3.8617647058823534,914,47.62068965517241,12.860066234972091,2015.0,2125000.0,150.0,Робот с одним сцеплением
D-2197400i,Hyundai Solaris,economy,petrol,another_bug,0.1,4.834022988505748,196.66868822912565,8.11551724137931,14.878260869565215,4.320588235294117,966,45.80459770114943,11.336002374612494,2020.0,780000.0,100.0,Механическая
o-1745163l,Smart ForFour,economy,petrol,engine_ignition,0.1,4.338390804597701,192.33584554976645,8.070114942528736,7.994252873563219,2.8794117647058823,856,49.97126436781609,14.354080671298494,2014.0,890000.0,71.0,Механическая
V96754329h,Audi Q3,premium,petrol,engine_fuel,0.1,4.068275862068965,164.5223870970443,8.121264367816092,15.86259541984733,4.638235294117647,1013,50.367816091954026,14.054900564751696,2014.0,2045000.0,150.0,Механическая
Y17319354d,Smart ForFour,economy,petrol,engine_ignition,0.1,4.086149425287356,189.31352524377905,8.005747126436782,7.258620689655173,3.1676470588235297,1009,50.793103448275865,14.637933088746642,2014.0,890000.0,71.0,Механическая
k11526558b,Renault Sandero,standart,petrol,engine_overheat,0.1,4.069252873563218,190.64963067004032,7.930459770114943,9.797687861271676,4.664705882352941,991,50.38505747126437,14.758009709127876,2018.0,697000.0,82.0,Механическая
T-9114355z,Kia Sportage,standart,petrol,engine_check,0.1,4.588218390804598,157.7353057370943,8.157471264367816,15.347457627118644,2.4558823529411766,826,44.0632183908046,10.55026630288811,2018.0,1544900.0,150.0,Механическая
W-1538165q,Audi Q3,premium,petrol,engine_fuel,0.1,4.200229885057471,172.21695117744736,8.138505747126436,16.88976377952756,4.044117647058823,964,48.11494252873563,13.087897853662056,2014.0,2045000.0,150.0,Механическая
P86492880m,Hyundai Solaris,economy,petrol,engine_fuel,0.1,4.499137931034483,163.07707024231598,8.105172413793102,19.616,3.635294117647059,883,49.97701149425287,14.537555122381596,2020.0,780000.0,100.0,Механическая
a56690336a,Skoda Rapid,economy,petrol,engine_ignition,0.1,4.053793103448276,189.92651324128025,7.964942528735633,7.063218390804598,3.338235294117647,790,49.98850574712644,15.247851551777837,2019.0,847000.0,90.0,Механическая
d49016497x,Kia Sportage,standart,petrol,engine_fuel,0.1,4.128735632183908,171.32503425310188,8.105172413793102,17.483870967741936,3.923529411764706,849,48.27586206896552,12.604879920390148,2018.0,1544900.0,150.0,Механическая
p17927557N,VW Polo,economy,petrol,engine_fuel,0.1,4.118390804597701,171.49564153437944,8.13103448275862,14.75438596491228,4.329411764705883,1062,50.206896551724135,16.17865426717411,,,,
f-1833647Q,Smart ForFour,economy,petrol,engine_ignition,0.1,4.337586206896551,179.70484239712894,7.979310344827587,7.120689655172414,2.2794117647058822,873,51.82183908045977,15.013188231541276,2014.0,890000.0,71.0,Механическая
G-5802745y,Skoda Rapid,economy,petrol,wheel_shake,0.1,4.723735632183908,118.0,8.145977011494253,17.533898305084747,3.726470588235294,829,43.85632183908046,8.86097113833004,2019.0,847000.0,90.0,Механическая
n72821280e,Smart ForFour,economy,petrol,engine_overheat,0.1,4.216896551724138,197.3747754615465,7.869540229885057,9.201149425287356,3.414705882352941,994,49.09770114942529,13.612587485020608,2014.0,890000.0,71.0,Механическая
I14877267r,Smart ForTwo,economy,petrol,electro_bug,0.0,4.421954022988506,200.0,7.948275862068965,6.816091954022989,3.6,981,49.97701149425287,13.81042331622306,2014.0,890000.0,71.0,Механическая
n19095522k,Kia Rio X,economy,petrol,engine_overheat,0.1,3.968620689655172,181.0,7.831609195402299,9.132183908045976,3.088235294117647,963,49.62643678160919,14.990694298590174,2020.0,944900.0,100.0,Механическая
M16247717Y,Smart ForFour,economy,petrol,break_bug,0.1,5.458563218390805,132.07905524271882,8.026436781609195,7.603448275862069,3.4441176470588237,874,43.95402298850575,11.690031370060328,2014.0,890000.0,71.0,Механическая
K94908453V,Smart Coupe,economy,petrol,engine_fuel,0.1,4.12919540229885,169.63485855560504,8.188505747126436,18.94871794871795,3.732352941176471,855,49.810344827586206,14.296355770605071,,,,
C-1615695X,Skoda Rapid,economy,petrol,gear_stick,0.1,4.457816091954022,112.93450232401734,7.895402298850574,9.173410404624278,4.532352941176471,984,45.39655172413793,9.85901715459176,2019.0,847000.0,90.0,Механическая
k25002330L,MINI CooperSE,business,electro,engine_check,0.1,4.714310344827586,167.11870340089166,8.213793103448277,18.99242424242424,2.908823529411765,790,45.48275862068966,10.101636185178112,2014.0,1950000.0,231.0,Классический автомат
K23027223e,Smart ForTwo,economy,petrol,electro_bug,0.0,3.987241379310345,177.93143190924908,7.935632183908046,7.404624277456647,2.8588235294117648,836,51.747126436781606,15.17125239422754,2014.0,890000.0,71.0,Механическая
e-2141689x,Smart ForFour,economy,petrol,gear_stick,0.18,4.600689655172414,121.07977547660052,7.760919540229885,8.660919540229886,3.4411764705882355,946,46.76436781609196,11.22428701353432,2014.0,890000.0,71.0,Механическая
i-2296057M,Hyundai Solaris,economy,petrol,electro_bug,0.0,3.972183908045977,184.45753531536235,8.019540229885058,7.323699421965318,3.567647058823529,848,50.36206896551724,15.212595491584995,2020.0,780000.0,100.0,Механическая
j10329551Q,VW Polo VI,economy,petrol,gear_stick,0.1,4.498793103448276,126.04184717520262,7.811494252873564,9.183908045977011,4.261764705882353,1038,45.87931034482759,11.524406249608676,,,,
U43132093r,Audi Q3,premium,petrol,engine_overheat,0.1,4.128103448275862,198.6383141553697,7.929310344827586,8.339080459770114,3.288235294117647,927,49.86206896551724,14.788819721608014,2014.0,2045000.0,150.0,Механическая
P22362100d,VW Polo VI,economy,petrol,another_bug,0.1,4.6370114942528735,195.0,8.164367816091954,19.48672566371681,3.764705882352941,872,45.37931034482759,11.543575526578037,,,,
q11710186w,Hyundai Solaris,economy,petrol,engine_check,0.62,4.6770689655172415,162.0,8.063793103448276,15.876923076923076,2.8117647058823527,971,45.87356321839081,10.93840304699565,2020.0,780000.0,100.0,Механическая
u-1256596i,Renault Sandero,standart,petrol,gear_stick,0.1,4.674712643678161,104.9473352720589,7.7540229885057474,9.127167630057803,3.794117647058824,852,45.09770114942529,10.63621773153951,2018.0,697000.0,82.0,Механическая
b-1441595E,Mini Cooper,business,petrol,engine_fuel,0.1,4.098908045977011,181.0145066612411,8.241379310344827,20.615384615384617,4.061764705882353,969,49.58045977011494,13.184413104887817,2014.0,1950000.0,231.0,Классический автомат
C88130543S,Hyundai Solaris,economy,petrol,electro_bug,0.0,4.204885057471264,184.5131335341109,7.944827586206897,7.206896551724138,3.997058823529412,905,50.42528735632184,15.01993448713655,2020.0,780000.0,100.0,Механическая
k-2258315m,Kia Sportage,standart,petrol,engine_ignition,0.1,4.276034482758621,173.35455891511654,8.017241379310345,7.454022988505747,3.5,862,47.14367816091954,12.964916654170134,2018.0,1544900.0,150.0,Механическая
u-8880366u,Renault Sandero,standart,petrol,engine_fuel,0.1,3.959827586206897,181.80983679351297,8.086781609195402,18.375,3.814705882352941,951,50.770114942528735,15.396644893454903,2018.0,697000.0,82.0,Механическая
L73176899o,Smart ForFour,economy,petrol,engine_check,0.1,4.600747126436781,161.36083413592723,8.098850574712644,18.81512605042017,2.3911764705882352,859,43.30459770114943,9.678310272026478,2014.0,890000.0,71.0,Механическая
j10534290W,Hyundai Solaris,economy,petrol,break_bug,0.1,5.289310344827586,106.5664567658418,8.026436781609195,7.011494252873563,4.132352941176471,800,44.89080459770115,10.88535243410963,2020.0,780000.0,100.0,Механическая
W-1261565K,Kia Sportage,standart,petrol,another_bug,0.53,4.816551724137931,198.0,8.098850574712644,16.31858407079646,2.976470588235294,819,44.247126436781606,9.924679800958383,2018.0,1544900.0,150.0,Механическая
f21748487q,Smart ForFour,economy,petrol,another_bug,0.1,4.847413793103448,177.0,8.060344827586206,15.928571428571429,3.691176470588236,911,43.82183908045977,10.434346633202122,2014.0,890000.0,71.0,Механическая
N-3700375g,Audi Q3,premium,petrol,another_bug,0.49,4.594310344827586,177.84727259674688,8.187931034482759,15.910569105691057,3.597058823529412,851,43.52873563218391,10.747591831849633,2014.0,2045000.0,150.0,Механическая
W11094351T,Renault Kaptur,standart,petrol,engine_overheat,0.1,4.214137931034482,188.56546815231047,7.8212643678160925,9.14367816091954,4.497058823529412,862,49.01724137931034,13.490512246379785,2020.0,1140000.0,114.0,Механическая
e-1632869f,VW Polo,economy,petrol,engine_overheat,0.1,4.045574712643678,188.654267623904,7.801724137931035,8.872832369942197,2.6323529411764706,794,48.41379310344828,12.906109790415712,,,,
A-7245140H,VW Polo VI,economy,petrol,gear_stick,0.1,4.362413793103448,103.82891070014789,7.780459770114942,9.236994219653178,3.711764705882353,921,43.37356321839081,9.374889098628705,,,,
a38819194R,Nissan Qashqai,standart,petrol,gear_stick,0.1,4.63132183908046,101.92950724906298,7.816666666666666,9.10919540229885,3.6882352941176473,962,45.97701149425287,11.648986670057331,2017.0,1413000.0,115.0,Механическая
D88344444z,VW Polo,economy,petrol,engine_ignition,0.1,3.8009770114942527,191.4333218027259,8.045402298850576,7.741379310344827,2.647058823529412,793,49.80459770114943,13.937381912579724,,,,
E-2196240r,Kia Rio X,economy,petrol,break_bug,0.52,5.152931034482759,105.20651818438624,7.979885057471264,7.344827586206897,3.808823529411765,993,43.26436781609196,10.082274000442492,2020.0,944900.0,100.0,Механическая
P58511672r,Kia Rio X,economy,petrol,gear_stick,0.67,4.3532758620689656,122.14450414612574,7.887356321839081,9.31791907514451,3.485294117647059,863,44.39080459770115,11.04468728701522,2020.0,944900.0,100.0,Механическая
U19913900a,Kia Rio,economy,petrol,break_bug,0.1,5.4110344827586205,120.2038929604734,8.065517241379311,8.114942528735632,3.755882352941176,803,44.58045977011494,11.46907718952563,2020.0,944900.0,100.0,Механическая
X88728094G,Renault Sandero,standart,petrol,engine_overheat,0.1,4.306264367816092,185.3905184333801,7.83448275862069,9.19186046511628,3.691176470588236,1005,50.22413793103448,15.271390498237254,2018.0,697000.0,82.0,Механическая
K14458511K,Skoda Rapid,economy,petrol,break_bug,0.1,5.209942528735632,121.00851470814555,8.136781609195403,8.206896551724139,3.732352941176471,861,45.41379310344828,11.530358746042454,2019.0,847000.0,90.0,Механическая
d-3934635Q,Kia Rio X-line,economy,petrol,wheel_shake,0.1,4.527471264367816,123.14915868035682,8.135057471264368,16.016393442622952,4.114705882352942,794,44.68390804597701,10.06499541061858,2020.0,944900.0,100.0,Механическая
S-8631452Q,VW Tiguan,economy,petrol,engine_check,0.28,4.472241379310344,160.0,8.056321839080459,18.30434782608696,2.614705882352941,942,44.333333333333336,10.325530026470943,,,,
Q58926665G,Renault Sandero,standart,petrol,engine_fuel,0.1,4.259597701149425,172.9793299903048,8.150574712643678,16.132231404958677,2.7705882352941176,818,46.51149425287356,11.954508427482134,2018.0,697000.0,82.0,Механическая
W-1652862N,Nissan Qashqai,standart,petrol,engine_overheat,0.1,3.8820689655172416,190.24538007359115,7.787356321839081,8.884393063583815,4.514705882352941,911,49.0919540229885,13.010118057968077,2017.0,1413000.0,115.0,Механическая
X18004949I,Kia Rio X-line,economy,petrol,another_bug,0.55,4.819137931034483,187.90507116291224,8.177011494252874,16.153846153846153,3.826470588235294,946,42.92528735632184,9.310950956825906,2020.0,944900.0,100.0,Механическая
E-4467489A,Nissan Qashqai,standart,petrol,engine_fuel,0.1,3.786436781609196,162.99143870527848,8.132183908045977,17.640350877192983,3.420588235294117,962,50.61494252873563,14.835358705328062,2017.0,1413000.0,115.0,Механическая
p15480858O,Smart ForTwo,economy,petrol,engine_check,0.1,4.7267816091954025,184.65280134161125,8.133333333333333,15.284552845528456,3.0264705882352945,836,46.36206896551724,11.41649492568888,2014.0,890000.0,71.0,Механическая
e64842741d,Kia Rio X-line,economy,petrol,break_bug,0.1,5.326781609195402,111.41647139949036,7.925862068965516,6.803468208092486,4.211764705882352,964,45.13218390804597,10.715436374962374,2020.0,944900.0,100.0,Механическая
f-6608406e,Audi Q3,premium,petrol,engine_overheat,0.1,3.987816091954023,181.8318922005052,7.933908045977011,9.54335260115607,3.9441176470588233,876,51.54022988505747,15.612211463071358,2014.0,2045000.0,150.0,Механическая
f-1958284u,VW Polo VI,economy,petrol,another_bug,0.1,4.709425287356322,200.0,8.047126436781609,18.23636363636364,3.385294117647059,897,45.17816091954023,10.582862417373358,,,,
I-5997907e,Hyundai Solaris,economy,petrol,engine_fuel,0.1,3.7752298850574713,195.38324168721496,8.124712643678162,16.475,3.244117647058824,918,52.56896551724138,15.993978710534275,2020.0,780000.0,100.0,Механическая
A-1079539w,Renault Kaptur,standart,petrol,engine_overheat,0.1,4.088045977011495,184.5055659292081,7.773563218390804,8.959770114942529,4.329411764705882,931,49.5919540229885,14.306720344886024,2020.0,1140000.0,114.0,Механическая
G-1995566F,Kia Rio,economy,petrol,electro_bug,0.0,4.492931034482758,188.4368121130952,8.018965517241378,7.166666666666667,3.7205882352941178,757,48.2816091954023,14.502780508655125,2020.0,944900.0,100.0,Механическая
o25113856w,Kia Sportage,standart,petrol,gear_stick,0.58,4.448850574712644,93.67151894631834,7.9045977011494255,9.126436781609195,3.876470588235295,892,44.91379310344828,9.575289396780178,2018.0,1544900.0,150.0,Механическая
Z-6848638K,Smart Coupe,economy,petrol,wheel_shake,0.1,4.434942528735632,126.22579253908364,8.113218390804597,13.192,3.0558823529411767,827,44.26436781609196,10.188353058141429,,,,
L-8838271K,Kia Rio X-line,economy,petrol,engine_fuel,0.1,4.218850574712644,175.26082919771824,8.095402298850574,16.63063063063063,3.25,871,50.03448275862069,14.655148260599873,2020.0,944900.0,100.0,Механическая
S16201816J,Hyundai Solaris,economy,petrol,another_bug,0.1,4.865229885057471,174.0,8.136781609195403,16.976,3.573529411764706,917,44.41954022988506,10.24338883457478,2020.0,780000.0,100.0,Механическая
W-5465085u,Fiat 500,business,petrol,engine_check,0.4,4.634482758620689,166.3415894653464,8.136781609195403,17.336283185840706,2.367647058823529,906,45.32758620689656,9.939797856252474,2015.0,990000.0,100.0,Механическая
i-1727733j,Renault Sandero,standart,petrol,engine_overheat,0.1,4.118333333333333,192.08214660354253,7.823563218390804,8.67816091954023,3.2588235294117647,875,49.41379310344828,14.93457928304546,2018.0,697000.0,82.0,Механическая
I-2277221J,Hyundai Solaris,economy,petrol,engine_fuel,0.1,3.97,172.07133951818952,8.127011494252873,16.297520661157026,4.152941176470588,1024,49.63793103448276,14.080320718392336,2020.0,780000.0,100.0,Механическая
J12910153n,Kia Rio X-line,economy,petrol,electro_bug,0.0,4.211551724137931,187.0,8.013793103448277,7.2988505747126435,4.341176470588235,799,50.867816091954026,14.473407900126318,2020.0,944900.0,100.0,Механическая
N76275408I,Smart ForFour,economy,petrol,engine_check,0.1,4.543908045977012,165.91098185116763,8.145977011494253,16.17829457364341,3.041176470588236,837,44.833333333333336,10.81162045215894,2014.0,890000.0,71.0,Механическая
t11302884D,Hyundai Solaris,economy,petrol,engine_fuel,0.1,4.2667816091954025,169.7553980877255,8.074137931034484,16.52173913043478,3.2205882352941178,907,49.72413793103448,14.286247605295962,2020.0,780000.0,100.0,Механическая
R-2936061K,Mercedes-Benz GLC,business,petrol,engine_overheat,0.1,4.099540229885058,190.1060235675605,8.238505747126437,10.477011494252874,3.638235294117647,849,49.741379310344826,14.691699136588383,2019.0,4690000.0,197.0,Классический автомат
v-1922740b,Renault Sandero,standart,petrol,engine_check,0.1,4.397931034482759,155.0,8.089080459770114,17.104347826086958,2.726470588235294,850,44.26436781609196,10.466527732597095,2018.0,697000.0,82.0,Механическая
m22595960l,VW Tiguan,economy,petrol,engine_ignition,0.1,4.164942528735632,189.99533380008307,8.01206896551724,7.229885057471264,3.0588235294117645,924,50.98850574712644,14.682768204509856,,,,
m-1081136r,Nissan Qashqai,standart,petrol,another_bug,0.1,4.760114942528736,186.0,8.03103448275862,15.926829268292684,2.864705882352941,927,44.770114942528735,11.609943067103902,2017.0,1413000.0,115.0,Механическая
T-4791409E,Kia Rio X,economy,petrol,break_bug,0.1,5.310057471264368,116.15121543785762,8.01551724137931,7.114942528735632,4.205882352941177,941,45.38505747126437,11.457183714473564,2020.0,944900.0,100.0,Механическая
H22874195d,VW Polo VI,economy,petrol,engine_overheat,0.1,4.201724137931035,184.88521425487264,7.905172413793103,9.323699421965316,4.429411764705883,982,47.90229885057471,13.663448366877736,,,,
C13109091o,VW Tiguan,economy,petrol,engine_ignition,0.1,4.1112068965517246,172.50189197348104,7.992528735632185,7.5813953488372094,3.0794117647058825,964,50.59770114942529,13.421111632771144,,,,
h14762717O,Smart ForFour,economy,petrol,another_bug,0.69,4.618218390804598,175.0,8.144252873563218,16.915254237288135,4.2,980,46.52873563218391,11.839328094178873,2014.0,890000.0,71.0,Механическая
M-1111680h,Renault Sandero,standart,petrol,engine_ignition,0.1,4.337586206896551,188.37336751702108,8.026436781609195,8.160919540229886,2.9,905,50.50574712643678,15.065462982334848,2018.0,697000.0,82.0,Механическая
f-1640048B,Kia Rio X,economy,petrol,another_bug,0.34,4.844425287356321,189.0,8.067241379310346,17.96694214876033,4.167647058823529,1017,44.49425287356322,10.328560283556518,2020.0,944900.0,100.0,Механическая
C-1072482Q,VW Polo VI,economy,petrol,engine_fuel,0.1,4.384597701149425,185.5897549514121,8.091954022988507,17.75,4.482352941176471,889,49.833333333333336,12.13654650545196,,,,
R63811585p,VW Tiguan,economy,petrol,engine_overheat,0.1,4.455689655172414,187.0,7.712643678160919,9.063218390804598,4.770588235294118,1032,50.97126436781609,15.094855442165686,,,,
d-1051262p,Smart ForFour,economy,petrol,engine_overheat,0.1,4.394770114942529,183.26031073414785,7.887356321839081,9.580459770114942,4.314705882352941,1065,49.48275862068966,14.215811492569332,2014.0,890000.0,71.0,Механическая
i11748425a,Smart ForFour,economy,petrol,gear_stick,0.1,4.720862068965517,104.82665853662456,7.819540229885057,9.160919540229886,2.626470588235294,854,44.38505747126437,10.208010327785198,2014.0,890000.0,71.0,Механическая
a97165984P,Nissan Qashqai,standart,petrol,another_bug,0.1,4.77448275862069,191.93220201390525,8.129885057471263,15.657657657657658,4.388235294117647,845,44.2183908045977,9.663022047133246,2017.0,1413000.0,115.0,Механическая
P20515953Y,VW Polo VI,economy,petrol,break_bug,0.1,5.353103448275863,108.3783121765592,7.99080459770115,7.057471264367816,2.7558823529411764,856,45.293103448275865,10.44170487600374,,,,
M-1963958p,Renault Kaptur,standart,petrol,engine_fuel,0.1,4.147241379310345,154.61835368982003,8.124712643678162,17.042735042735043,4.197058823529411,951,47.63793103448276,13.697430174397656,2020.0,1140000.0,114.0,Механическая
o21869800I,Smart ForFour,economy,petrol,electro_bug,0.0,4.363908045977012,185.22913451357,8.004597701149425,7.477011494252873,2.838235294117647,859,48.798850574712645,15.125287895815417,2014.0,890000.0,71.0,Механическая
t87727056H,Skoda Rapid,economy,petrol,engine_ignition,0.1,4.192298850574713,193.9601715175804,8.010344827586207,7.580459770114943,2.897058823529412,804,48.5632183908046,14.73872736635614,2019.0,847000.0,90.0,Механическая
k21821329d,Renault Sandero,standart,petrol,engine_fuel,0.1,4.1210344827586205,163.07665705106444,8.05,14.740458015267176,3.3911764705882352,921,51.0919540229885,15.374050792755332,2018.0,697000.0,82.0,Механическая
e-1793470V,VW Polo VI,economy,petrol,engine_overheat,0.1,4.05448275862069,182.0084768940822,7.833908045977011,8.809248554913294,4.794117647058823,795,50.333333333333336,15.590620173026348,,,,
U-6122657S,Skoda Rapid,economy,petrol,electro_bug,0.0,4.048965517241379,181.01685484796457,7.942528735632184,7.132183908045977,3.658823529411765,924,50.85057471264368,15.445618744359836,2019.0,847000.0,90.0,Механическая
N41647899e,Kia Rio X-line,economy,petrol,engine_overheat,0.1,3.868045977011494,189.19086949465108,7.889080459770115,8.867816091954023,3.138235294117647,842,49.98850574712644,15.495659845740034,2020.0,944900.0,100.0,Механическая
N22527355E,VW Polo,economy,petrol,engine_fuel,0.1,4.021436781609196,175.79822383329474,8.079885057471264,14.634782608695652,3.3588235294117648,772,50.2816091954023,15.381694914279906,,,,
H17549143D,Hyundai Solaris,economy,petrol,break_bug,0.1,5.428275862068966,112.45339188979167,8.063793103448276,7.545977011494253,3.0500000000000003,762,44.63793103448276,9.810985247812194,2020.0,780000.0,100.0,Механическая
h-2128254A,Skoda Rapid,economy,petrol,electro_bug,0.0,4.529885057471264,164.5882190619798,8.020114942528735,7.413793103448276,3.679411764705882,784,49.31609195402299,13.709963244055228,2019.0,847000.0,90.0,Механическая
e11547536L,Kia Rio X-line,economy,petrol,gear_stick,0.1,4.464252873563218,110.9012538925634,7.847701149425287,9.189655172413794,4.455882352941177,843,44.90229885057471,10.357577740478538,2020.0,944900.0,100.0,Механическая
y-3814795q,Smart ForFour,economy,petrol,break_bug,0.1,5.610172413793103,115.3201513924068,7.9528735632183905,6.614942528735632,3.2,894,44.67816091954023,10.19406406998566,2014.0,890000.0,71.0,Механическая
V12462480t,Smart Coupe,economy,petrol,engine_check,0.1,4.750402298850575,162.0,8.139080459770115,16.789915966386555,3.2294117647058824,854,44.47701149425287,10.895565212793022,,,,
p22133368b,Tesla Model 3,premium,electro,electro_bug,0.0,4.2797126436781605,180.8316260130324,9.197701149425288,11.812865497076023,3.7058823529411766,769,49.82183908045977,15.375732890374744,,,,
M-1786506l,Kia Sportage,standart,petrol,break_bug,0.59,5.622011494252874,118.067747057833,7.968390804597701,7.591954022988506,3.688235294117647,801,44.44252873563219,10.656194509758413,2018.0,1544900.0,150.0,Механическая
E-1192475T,Renault Sandero,standart,petrol,engine_overheat,0.1,3.773275862068965,191.53645307532904,7.841379310344828,9.07471264367816,3.432352941176471,846,49.25862068965517,14.343305636554492,2018.0,697000.0,82.0,Механическая
E11949860p,Audi Q3,premium,petrol,gear_stick,0.1,4.518908045977011,114.84970127022628,7.891954022988506,9.39655172413793,4.273529411764706,877,44.41954022988506,8.69800773256228,2014.0,2045000.0,150.0,Механическая
h-2096845p,Smart Coupe,economy,petrol,engine_check,0.15,4.812011494252873,159.58687735238215,8.138505747126436,14.410714285714286,2.5558823529411767,869,44.37356321839081,11.50639892111422,,,,
G17430753s,VW Polo VI,economy,petrol,gear_stick,0.1,4.417183908045978,120.54075463721072,7.850574712643678,8.442528735632184,3.338235294117647,855,44.47126436781609,10.217110300902302,,,,
w-5388022o,Renault Kaptur,standart,petrol,another_bug,0.1,4.651206896551724,181.213602762574,8.16896551724138,17.661290322580644,4.394117647058824,1085,43.8448275862069,8.849679248564412,2020.0,1140000.0,114.0,Механическая
B25854093d,Nissan Qashqai,standart,petrol,engine_fuel,0.1,4.092471264367816,165.01975067843517,8.198275862068966,17.529411764705884,3.820588235294118,956,49.172413793103445,14.024509426719904,2017.0,1413000.0,115.0,Механическая
Z69629123S,Hyundai Solaris,economy,petrol,engine_check,0.1,4.517126436781609,164.65826016026318,8.208620689655172,19.11764705882353,2.967647058823529,810,44.13218390804597,9.448968433195835,2020.0,780000.0,100.0,Механическая
h-1428946I,VW Polo VI,economy,petrol,wheel_shake,0.99,4.719770114942529,133.38987158651034,8.163793103448276,16.636363636363637,4.070588235294117,1008,44.80459770114943,11.199028736230122,,,,
S-1358921N,VW Polo,economy,petrol,another_bug,0.1,4.638275862068966,189.07374039415387,8.183333333333334,18.484126984126984,2.802941176470588,851,45.17816091954023,10.712068989311014,,,,
Z60401723J,Kia Sportage,standart,petrol,engine_overheat,0.1,4.278218390804597,195.60032555756555,7.80632183908046,8.913793103448276,3.8,972,50.2528735632184,13.552482775593743,2018.0,1544900.0,150.0,Механическая
s18901076N,Renault Sandero,standart,petrol,another_bug,0.51,4.695574712643678,197.0254316653277,8.062068965517241,14.115702479338845,2.947058823529412,817,43.85632183908046,10.712050382030064,2018.0,697000.0,82.0,Механическая
V-1176448O,Kia Sportage,standart,petrol,engine_overheat,0.1,3.915172413793104,183.1804303657352,7.858045977011494,8.936416184971097,3.858823529411764,864,49.76436781609196,13.742331351896462,2018.0,1544900.0,150.0,Механическая
j26265780j,Skoda Rapid,economy,petrol,engine_ignition,0.1,3.923505747126436,189.5751967560033,7.990229885057471,7.373563218390805,3.173529411764706,932,51.60919540229885,15.092283617213347,2019.0,847000.0,90.0,Механическая
r48172718A,Skoda Rapid,economy,petrol,gear_stick,0.1,4.600402298850575,103.98699701472395,7.813793103448275,8.508670520231213,3.538235294117647,994,44.52298850574713,9.503089867446738,2019.0,847000.0,90.0,Механическая
d-8002745O,Nissan Qashqai,standart,petrol,electro_bug,0.0,4.087643678160919,185.0,7.994252873563219,7.051724137931035,3.388235294117647,783,47.706896551724135,12.921293919562023,2017.0,1413000.0,115.0,Механическая
q-1487182h,VW Tiguan,economy,petrol,wheel_shake,0.1,4.620287356321839,118.8152546471081,8.13103448275862,15.304347826086955,3.235294117647059,868,43.48850574712644,8.857731351238767,,,,
D-8569809Z,Renault Sandero,standart,petrol,gear_stick,0.35,4.585402298850575,113.50151878305958,7.7971264367816095,8.632183908045977,3.95,854,45.13218390804597,10.532624727117309,2018.0,697000.0,82.0,Механическая
v-1780358c,BMW 320i,business,petrol,engine_ignition,0.1,4.162586206896552,192.1560769945499,8.11551724137931,7.344827586206897,2.929411764705882,826,48.89655172413793,13.30698845711858,,,,
I-1820859i,Renault Sandero,standart,petrol,gear_stick,0.1,4.611149425287357,109.53619303786871,7.805747126436782,8.701149425287356,3.426470588235294,1039,44.64942528735632,9.791353665567,2018.0,697000.0,82.0,Механическая
q22680253Z,Audi A3,premium,petrol,engine_ignition,0.1,4.166494252873563,189.7054392686955,8.018965517241378,7.327586206896552,3.0352941176470587,823,52.07471264367816,15.645647742089496,2016.0,1645000.0,150.0,Робот с одним сцеплением
E-1232264m,VW Polo VI,economy,petrol,engine_check,0.6,4.492126436781609,149.0,8.110344827586207,18.767241379310345,2.420588235294117,853,44.7528735632184,10.979322015776653,,,,
Z12282683t,MINI CooperSE,business,electro,engine_overheat,0.1,3.964080459770115,197.93146957357172,7.910344827586208,8.833333333333334,5.005882352941176,1063,51.0632183908046,15.40818501007276,2014.0,1950000.0,231.0,Классический автомат
w-4694330w,Kia Sportage,standart,petrol,another_bug,0.1,4.870344827586207,200.0,8.141379310344828,16.76,3.7176470588235295,810,45.5632183908046,10.122602363000762,2018.0,1544900.0,150.0,Механическая
u41475684g,Kia Rio X-line,economy,petrol,electro_bug,0.0,4.130114942528736,186.0522508997641,7.944827586206897,6.149425287356322,4.526470588235294,997,47.66091954022989,13.39247356848264,2020.0,944900.0,100.0,Механическая
v22877971A,VW Polo VI,economy,petrol,another_bug,0.29,4.6947126436781605,185.90563909407464,8.164367816091954,17.90990990990991,3.494117647058824,738,43.51149425287356,10.088474798792072,,,,
U-1810601i,VW Polo VI,economy,petrol,break_bug,0.1,5.375229885057471,103.8294609058906,8.067241379310346,7.448275862068965,3.5500000000000003,883,44.99425287356322,9.92486055081009,,,,
f-1733732O,Kia Rio X,economy,petrol,engine_fuel,0.1,4.287356321839081,165.1371734802227,8.116666666666667,16.771653543307085,3.25,886,48.10344827586207,13.14528376074432,2020.0,944900.0,100.0,Механическая
T89595628a,Kia Rio X-line,economy,petrol,another_bug,0.1,4.91471264367816,200.0,8.087931034482759,15.757575757575758,4.264705882352941,942,43.89655172413793,10.375086302596548,2020.0,944900.0,100.0,Механическая
Z-2109687y,Hyundai Solaris,economy,petrol,wheel_shake,0.1,4.634655172413793,119.0,8.127586206896552,14.87704918032787,3.2294117647058824,906,44.695402298850574,10.510346216128411,2020.0,780000.0,100.0,Механическая
r21497854N,Kia Rio X-line,economy,petrol,wheel_shake,0.1,4.55919540229885,128.91492010164893,8.222988505747127,17.25438596491228,3.635294117647059,918,43.91954022988506,10.229977924819924,2020.0,944900.0,100.0,Механическая
U59594722h,Fiat 500,business,petrol,break_bug,0.1,5.343563218390805,121.0,8.074137931034484,7.551724137931035,2.835294117647059,898,44.12068965517241,10.938732561035476,2015.0,990000.0,100.0,Механическая
v-9816729Z,Renault Kaptur,standart,petrol,another_bug,0.13,4.805114942528736,183.0,8.14655172413793,14.427272727272728,3.897058823529412,971,45.16091954022989,10.031019592387056,2020.0,1140000.0,114.0,Механическая
h-1856871O,Mercedes-Benz GLC,business,petrol,gear_stick,0.1,4.3933908045977015,117.09079258950791,8.291379310344828,10.885057471264368,4.438235294117647,960,43.90229885057471,9.65154127691524,2019.0,4690000.0,197.0,Классический автомат
r66547692x,Renault Kaptur,standart,petrol,gear_stick,0.1,4.302183908045977,93.0,7.8,9.316091954022989,3.655882352941176,864,44.58620689655172,9.883192627479223,2020.0,1140000.0,114.0,Механическая
H22956801B,Kia Sportage,standart,petrol,electro_bug,0.0,4.218275862068966,182.7121717325705,7.98735632183908,7.224137931034483,3.6852941176470586,850,50.770114942528735,15.003430166122596,2018.0,1544900.0,150.0,Механическая
E-1030575F,VW Tiguan,economy,petrol,break_bug,0.63,5.532931034482759,109.17469491341733,7.996551724137931,7.235632183908046,4.223529411764706,912,42.57471264367816,10.202155709987077,,,,
K14620940o,Smart Coupe,economy,petrol,break_bug,0.1,5.46735632183908,123.47553965334706,7.898850574712644,7.775862068965517,3.1323529411764706,904,43.59770114942529,11.209471397884856,,,,
M65548078V,Kia Sportage,standart,petrol,break_bug,0.1,5.023793103448276,107.87244314137428,8.01264367816092,7.729885057471264,3.8705882352941177,928,44.41954022988506,9.7714854608237,2018.0,1544900.0,150.0,Механическая
N-1726327i,VW Polo,economy,petrol,engine_check,0.1,4.5218390804597695,165.0,8.132183908045977,21.464285714285715,2.573529411764706,957,45.2183908045977,9.052736037544896,,,,
w-1247066y,VW Polo,economy,petrol,engine_ignition,0.1,4.181149425287356,187.49780074098163,8.011494252873563,7.477011494252873,3.4647058823529413,889,49.97701149425287,13.893881059718383,,,,
g42249929i,Skoda Rapid,economy,petrol,gear_stick,0.25,4.284080459770115,117.09976056082884,7.852873563218392,9.25287356321839,2.835294117647059,942,45.88505747126437,11.03743005121239,2019.0,847000.0,90.0,Механическая
a20879753i,Smart Coupe,economy,petrol,wheel_shake,0.25,4.6048850574712645,117.0,8.08448275862069,15.165217391304347,3.6205882352941177,866,43.07471264367816,10.408985873329286,,,,
R-1015571o,VW Tiguan,economy,petrol,engine_fuel,0.1,4.113850574712643,167.8408980648876,8.061494252873564,15.572649572649572,3.114705882352941,786,51.04022988505747,15.159407005423922,,,,
D18873569A,Smart ForFour,economy,petrol,wheel_shake,0.1,4.720862068965517,145.59784786654797,8.122988505747127,17.637931034482758,2.973529411764705,939,47.14942528735632,12.41342619734026,2014.0,890000.0,71.0,Механическая
P-1424840K,VW Polo VI,economy,petrol,wheel_shake,0.1,4.6817816091954025,150.53303090182732,8.076436781609194,16.09016393442623,3.588235294117647,960,45.5,11.679115296290478,,,,
u-1813398B,Smart ForTwo,economy,petrol,gear_stick,0.7,4.342873563218391,110.16526848065722,7.818390804597701,9.304597701149426,4.064705882352941,797,45.12643678160919,9.214595857956011,2014.0,890000.0,71.0,Механическая
o-9110587W,Nissan Qashqai,standart,petrol,engine_ignition,0.1,4.126896551724138,191.1162869118361,8.030459770114943,7.988439306358382,2.8588235294117648,897,50.10919540229885,14.203908378390537,2017.0,1413000.0,115.0,Механическая
U10311712e,VW Polo,economy,petrol,engine_overheat,0.1,4.120172413793103,193.56542379530845,7.891954022988506,9.60919540229885,3.9764705882352938,905,51.06896551724138,14.119877436013834,,,,
m-1088453g,Kia Sportage,standart,petrol,engine_fuel,0.1,4.192873563218391,160.5673771735237,8.09655172413793,16.16949152542373,4.2,920,50.21264367816092,14.635283239962224,2018.0,1544900.0,150.0,Механическая
f-7120148O,Renault Kaptur,standart,petrol,gear_stick,0.1,4.310977011494253,108.19316038700504,7.879310344827586,9.71264367816092,3.752941176470588,769,45.5,10.20752867341048,2020.0,1140000.0,114.0,Механическая
f43525913Z,Kia Rio X-line,economy,petrol,engine_ignition,0.1,4.13735632183908,185.08971388253804,8.004597701149425,6.965317919075145,3.25,918,49.12643678160919,13.46741269031008,2020.0,944900.0,100.0,Механическая
V-1004656F,Nissan Qashqai,standart,petrol,engine_ignition,0.1,3.820172413793104,199.3077721585928,7.980459770114942,7.097701149425287,3.2411764705882358,772,50.57471264367816,13.523374911319047,2017.0,1413000.0,115.0,Механическая
N-1585083b,VW Tiguan,economy,petrol,wheel_shake,0.1,4.574827586206896,168.54443535569078,8.13448275862069,18.544,3.658823529411765,853,43.76436781609196,9.737401547866437,,,,
t15843955M,Smart Coupe,economy,petrol,gear_stick,0.1,4.404655172413793,91.4235081222183,7.813218390804598,9.040229885057473,3.802941176470589,907,44.51149425287356,10.409943282342384,,,,
N-3512121s,VW Polo VI,economy,petrol,gear_stick,0.1,4.472873563218391,101.33993549349417,7.795977011494253,8.622093023255815,3.908823529411765,990,43.55747126436781,10.42255371482804,,,,
E-2184088G,Smart ForFour,economy,petrol,electro_bug,0.0,4.508735632183908,184.71372771282304,8.037931034482758,7.902298850574713,4.126470588235295,1001,49.32183908045977,15.388603434794764,2014.0,890000.0,71.0,Механическая
h15062276x,Hyundai Solaris,economy,petrol,engine_overheat,0.1,4.201609195402299,183.79126667332133,7.790804597701149,8.902298850574713,3.541176470588236,862,50.0632183908046,14.1315668857233,2020.0,780000.0,100.0,Механическая
s90558240D,Fiat 500,business,petrol,engine_overheat,0.1,4.253218390804597,183.3710926301944,7.87816091954023,8.71264367816092,3.738235294117647,899,48.741379310344826,13.23538829384382,2015.0,990000.0,100.0,Механическая
L-1816115Y,Kia Rio X,economy,petrol,engine_overheat,0.1,4.282471264367816,195.44604350928395,7.894252873563218,9.53757225433526,3.244117647058824,834,49.270114942528735,14.825049999954896,2020.0,944900.0,100.0,Механическая
i40584522k,Renault Kaptur,standart,petrol,another_bug,0.1,4.647126436781609,182.0,8.136206896551725,17.37719298245614,4.108823529411764,911,44.672413793103445,10.36900884506044,2020.0,1140000.0,114.0,Механическая
A-1680490U,Smart ForFour,economy,petrol,break_bug,0.96,5.453735632183908,109.35502673045175,8.110344827586207,8.218390804597702,3.917647058823529,833,42.58620689655172,10.228659413162235,2014.0,890000.0,71.0,Механическая
u12261336F,Renault Kaptur,standart,petrol,gear_stick,0.1,4.42816091954023,112.266379319849,7.829310344827586,9.264367816091951,3.858823529411764,928,44.4367816091954,9.522958142227624,2020.0,1140000.0,114.0,Механическая
q-1248463u,Hyundai Solaris,economy,petrol,another_bug,0.1,4.665287356321839,200.0,8.070114942528736,18.537815126050425,3.964705882352941,946,45.20114942528736,10.582994257643332,2020.0,780000.0,100.0,Механическая
m52656713y,Audi A3,premium,petrol,engine_check,0.1,4.622011494252874,159.76163655904364,8.09655172413793,15.938931297709924,2.6676470588235297,803,44.14367816091954,10.406036500103465,2016.0,1645000.0,150.0,Робот с одним сцеплением
L-6228218t,VW Polo,economy,petrol,break_bug,0.1,5.383103448275862,125.81599390895596,8.02528735632184,7.528735632183908,2.8294117647058825,952,45.06896551724138,11.6229721741323,,,,
k40909397b,VW Polo,economy,petrol,break_bug,0.19,5.640862068965517,105.2432916825782,7.990229885057471,7.287356321839081,3.588235294117647,933,44.64942528735632,11.420399288072645,,,,
A-1721538a,Skoda Rapid,economy,petrol,break_bug,0.1,5.606206896551725,112.92732172538967,8.058045977011494,8.126436781609195,3.7235294117647055,923,45.04597701149425,9.442748749872871,2019.0,847000.0,90.0,Механическая
p14707024B,Smart Coupe,economy,petrol,engine_ignition,0.1,4.393965517241379,193.5282516594305,8.044827586206896,8.258620689655173,2.85,928,49.689655172413794,14.568007028490232,,,,
u-1058332x,Kia Rio,economy,petrol,electro_bug,0.0,4.289137931034483,187.92066605960804,8.00287356321839,8.022988505747126,3.173529411764706,866,48.45402298850575,13.07097835096867,2020.0,944900.0,100.0,Механическая
w13176062d,Kia Sportage,standart,petrol,gear_stick,0.1,4.50735632183908,98.90499902194404,7.806896551724138,8.89080459770115,3.361764705882353,897,44.51724137931034,9.464093468388478,2018.0,1544900.0,150.0,Механическая
B13169162p,Smart ForFour,economy,petrol,engine_fuel,0.1,4.432873563218391,167.5334197759235,8.047126436781609,16.830645161290324,3.261764705882353,841,50.05747126436781,15.510843733895324,2014.0,890000.0,71.0,Механическая
f17933532Q,Skoda Rapid,economy,petrol,electro_bug,0.0,4.4221264367816095,188.0,7.98448275862069,7.393063583815029,3.494117647058824,831,48.27586206896552,13.251842192951008,2019.0,847000.0,90.0,Механическая
P-1313124Y,Nissan Qashqai,standart,petrol,engine_overheat,0.1,4.115574712643678,186.39495648065468,7.85,8.74712643678161,3.8117647058823527,901,49.10919540229885,14.20268746191326,2017.0,1413000.0,115.0,Механическая
F14063148j,Nissan Qashqai,standart,petrol,engine_overheat,0.1,3.743103448275862,189.93589967620468,7.810344827586207,8.526011560693641,3.45,951,51.01724137931034,16.034094504077135,2017.0,1413000.0,115.0,Механическая
J79491457w,Kia Rio X,economy,petrol,electro_bug,0.0,4.2,185.92469299252977,7.964367816091953,7.557471264367816,3.420588235294117,762,49.14942528735632,14.1442026242517,2020.0,944900.0,100.0,Механическая
o73706221L,Smart ForTwo,economy,petrol,engine_ignition,0.1,3.9393678160919534,184.0,8.024137931034483,8.0,3.0647058823529414,818,52.37931034482759,15.195634739245442,2014.0,890000.0,71.0,Механическая
Q13493762f,Kia Rio X-line,economy,petrol,engine_check,0.15,4.327068965517241,164.0,8.108620689655172,14.991935483870968,2.7323529411764707,826,43.88505747126437,9.44032095975913,2020.0,944900.0,100.0,Механическая
I12233871v,VW Polo VI,economy,petrol,gear_stick,0.1,4.506666666666667,113.32921024764444,7.829885057471265,9.07514450867052,4.088235294117647,978,46.293103448275865,11.270210291911978,,,,
A19937465q,VW Polo,economy,petrol,electro_bug,0.0,4.473045977011495,196.0,8.036781609195403,7.344827586206897,3.461764705882353,790,49.22413793103448,13.903519457273548,,,,
i12150044m,Kia Rio X-line,economy,petrol,break_bug,0.1,5.323275862068965,111.97343701837586,7.9781609195402305,7.919540229885057,4.038235294117648,905,43.9367816091954,10.204358299785994,2020.0,944900.0,100.0,Механическая
E-1571710h,Nissan Qashqai,standart,petrol,engine_fuel,0.1,4.199712643678161,176.71990187442333,8.136781609195403,17.128205128205128,3.5558823529411767,797,49.88505747126437,15.038621022255104,2017.0,1413000.0,115.0,Механическая
R61678217L,Kia Rio X-line,economy,petrol,wheel_shake,0.1,4.415344827586207,163.1092337025941,8.075287356321839,15.024793388429751,3.420588235294117,910,44.16666666666666,10.231473223147889,2020.0,944900.0,100.0,Механическая
k-1178981C,Renault Sandero,standart,petrol,engine_fuel,0.1,4.44551724137931,172.69364282284604,8.125862068965517,13.336065573770492,3.7176470588235295,918,51.04597701149425,15.218567945493666,2018.0,697000.0,82.0,Механическая
M77185218x,Smart Coupe,economy,petrol,engine_fuel,0.1,4.120632183908046,165.33420006624863,8.138505747126436,15.213675213675211,3.2705882352941176,730,49.80459770114943,14.170586715866854,,,,
k11391896M,Hyundai Solaris,economy,petrol,engine_check,0.1,4.540919540229885,142.0,8.15,17.612903225806452,3.0794117647058825,821,44.793103448275865,10.016331093710509,2020.0,780000.0,100.0,Механическая
l-3474389b,Kia Rio X,economy,petrol,engine_overheat,0.1,4.0441379310344825,188.80470335464315,7.843103448275862,9.184971098265896,3.8176470588235296,793,50.00574712643678,14.843109036005917,2020.0,944900.0,100.0,Механическая
x-1367493b,Smart ForFour,economy,petrol,gear_stick,0.67,4.4560344827586205,108.1539420273609,7.851149425287356,9.241379310344827,2.1294117647058823,909,43.03448275862069,9.723279110841723,2014.0,890000.0,71.0,Механическая
N28690532T,Kia Rio,economy,petrol,engine_fuel,0.1,4.182988505747127,172.29270537885935,8.192528735632184,19.504504504504503,4.029411764705882,925,48.7816091954023,12.988590179544865,2020.0,944900.0,100.0,Механическая
M20461177C,Hyundai Solaris,economy,petrol,engine_check,0.1,4.698793103448276,173.40882824728487,8.075862068965517,15.508064516129032,3.2558823529411764,917,44.12068965517241,10.669622352272995,2020.0,780000.0,100.0,Механическая
v-1950459j,Smart ForFour,economy,petrol,engine_fuel,0.1,4.180344827586207,159.82184358783422,8.13390804597701,17.016260162601625,2.9411764705882355,938,48.706896551724135,14.32892941076202,2014.0,890000.0,71.0,Механическая
P-1366157f,Skoda Rapid,economy,petrol,another_bug,0.1,4.698390804597701,186.0755636439256,7.98735632183908,16.182539682539684,3.9558823529411766,886,45.01149425287356,11.206928341031157,2019.0,847000.0,90.0,Механическая
k-2198355u,Nissan Qashqai,standart,petrol,electro_bug,0.0,4.554655172413793,157.15854905161314,7.981034482758621,7.53757225433526,4.614705882352942,848,49.333333333333336,13.758164505440645,2017.0,1413000.0,115.0,Механическая
r-2272437U,VW Tiguan,economy,petrol,engine_overheat,0.1,4.140632183908046,194.8833901805237,7.736206896551724,8.901734104046243,4.417647058823529,1007,49.95402298850575,14.737713053053737,,,,
H-1610911B,Kia Rio,economy,petrol,engine_check,0.1,4.386379310344828,156.0,8.181034482758621,15.967479674796747,3.252941176470588,920,43.293103448275865,9.78616805039766,2020.0,944900.0,100.0,Механическая
o-4950899p,Kia Sportage,standart,petrol,gear_stick,0.1,4.5471839080459775,101.60469287593008,7.756896551724139,8.68208092485549,3.7764705882352954,835,44.91379310344828,9.522017957955578,2018.0,1544900.0,150.0,Механическая
q-4569496u,VW Polo VI,economy,petrol,engine_ignition,0.1,3.910287356321839,194.8598420009096,8.082758620689656,7.522988505747127,3.123529411764706,793,51.46551724137931,15.51938804277554,,,,
B14927437i,Smart ForFour,economy,petrol,break_bug,0.86,5.392701149425288,108.73437481085472,7.998275862068966,7.362068965517241,3.235294117647059,936,44.7528735632184,11.028175571452804,2014.0,890000.0,71.0,Механическая
E13226619z,Kia Sportage,standart,petrol,electro_bug,0.0,4.128908045977012,186.96021940779067,7.947126436781609,6.7011494252873565,4.3088235294117645,903,49.241379310344826,14.628316445071244,2018.0,1544900.0,150.0,Механическая
g-1495042h,Smart Coupe,economy,petrol,another_bug,0.1,4.93051724137931,185.0,8.125287356321838,18.232,3.1205882352941177,911,45.56896551724138,10.076778207307456,,,,
a-1279143n,Kia Sportage,standart,petrol,engine_check,0.1,4.737011494252874,156.0,8.130459770114943,16.976923076923075,2.929411764705882,847,43.310344827586206,9.287085127714937,2018.0,1544900.0,150.0,Механическая
n84700288Y,VW Tiguan,economy,petrol,another_bug,0.1,4.525517241379311,198.0,8.09655172413793,15.235294117647058,3.573529411764706,775,45.13793103448276,10.118000229423556,,,,
P94483357J,Hyundai Solaris,economy,petrol,engine_check,0.1,4.636379310344828,157.8097413241977,8.2,20.252100840336134,2.594117647058824,906,45.08620689655172,10.368278349553744,2020.0,780000.0,100.0,Механическая
e-1100534R,Nissan Qashqai,standart,petrol,electro_bug,0.0,4.280977011494253,187.84356996946497,7.996551724137931,7.459770114942529,5.017647058823529,1010,51.241379310344826,15.545172302085776,2017.0,1413000.0,115.0,Механическая
p-1097843f,Skoda Rapid,economy,petrol,engine_fuel,0.1,3.798333333333333,177.2162866545827,7.954597701149424,15.50413223140496,3.952941176470589,944,49.672413793103445,14.834019561010964,2019.0,847000.0,90.0,Механическая
k28316812g,Kia Rio X,economy,petrol,engine_overheat,0.1,4.063850574712644,188.0803971727431,7.879310344827586,9.202312138728324,4.029411764705882,931,50.33908045977012,14.841161760002224,2020.0,944900.0,100.0,Механическая
T77801635B,Skoda Rapid,economy,petrol,engine_fuel,0.1,4.239827586206896,178.58244863593,8.021264367816093,17.654545454545456,3.682352941176471,937,48.47701149425287,14.774100140037092,2019.0,847000.0,90.0,Механическая
z-3757964J,Smart ForTwo,economy,petrol,gear_stick,0.1,4.486781609195402,110.7960089399878,7.822413793103448,8.931034482758621,2.914705882352941,872,45.32183908045977,9.634948731605183,2014.0,890000.0,71.0,Механическая
n83325059s,Smart ForTwo,economy,petrol,electro_bug,0.0,4.316149425287357,200.0,7.9977011494252865,7.390804597701149,3.738235294117647,872,51.11494252873563,14.6724745538798,2014.0,890000.0,71.0,Механическая
n-5592412g,VW Polo VI,economy,petrol,wheel_shake,0.1,4.416896551724138,119.0,8.080459770114942,17.008849557522122,3.8058823529411767,834,44.66666666666666,9.757957081116784,,,,
X20156241e,Mercedes-Benz GLC,business,petrol,electro_bug,0.0,4.594022988505747,197.55265058279608,8.48448275862069,9.57471264367816,2.588235294117647,818,49.91954022988506,16.197636586899414,2019.0,4690000.0,197.0,Классический автомат
v-3839326y,Renault Kaptur,standart,petrol,break_bug,0.71,5.465977011494253,118.68357514584144,7.944827586206897,7.005747126436781,3.847058823529412,1002,44.64367816091954,10.446092846471004,2020.0,1140000.0,114.0,Механическая
d21849459k,BMW 320i,business,petrol,engine_ignition,0.1,4.21948275862069,189.7380400893512,8.11551724137931,8.068965517241379,2.926470588235294,980,50.14942528735632,14.390932224968411,,,,
V11493739H,Kia Rio X,economy,petrol,gear_stick,0.1,4.431609195402299,121.66703256017648,7.851724137931034,9.982758620689657,3.820588235294118,816,44.16091954022989,10.110228968000492,2020.0,944900.0,100.0,Механическая
e-1713473l,Smart ForFour,economy,petrol,gear_stick,0.1,4.344827586206897,93.6757671378427,7.897701149425288,9.329479768786127,3.958823529411765,858,45.06896551724138,9.704052074743018,2014.0,890000.0,71.0,Механическая
o-1428006H,Renault Sandero,standart,petrol,electro_bug,0.0,4.319999999999999,172.7581507891147,7.935632183908046,7.505747126436781,3.920588235294118,865,49.189655172413794,13.711043896651264,2018.0,697000.0,82.0,Механическая
P-1019884q,Nissan Qashqai,standart,petrol,engine_overheat,0.1,4.204540229885057,181.69045536234933,7.787356321839081,9.333333333333334,3.655882352941176,1008,51.45402298850575,16.203748261141648,2017.0,1413000.0,115.0,Механическая
a-1405894q,Kia Rio X,economy,petrol,engine_ignition,0.1,4.395114942528736,199.90994512953068,8.00919540229885,7.367816091954023,2.7088235294117644,917,47.33908045977012,12.66212646234439,2020.0,944900.0,100.0,Механическая
d-7666372x,Kia Rio X,economy,petrol,another_bug,0.1,4.588390804597701,200.0,8.027011494252873,16.3828125,3.414705882352941,687,43.47126436781609,9.904560846386046,2020.0,944900.0,100.0,Механическая
Z-1984492i,Kia Rio,economy,petrol,break_bug,0.1,5.291609195402299,105.8206744408748,8.071264367816093,8.45086705202312,3.752941176470588,795,45.1551724137931,10.20336857694176,2020.0,944900.0,100.0,Механическая
r10507876y,Audi A3,premium,petrol,break_bug,0.1,5.370689655172414,116.35650753301306,8.035057471264368,7.241379310344827,3.95,843,44.37356321839081,9.697362251093248,2016.0,1645000.0,150.0,Робот с одним сцеплением
N12915117c,Smart ForFour,economy,petrol,engine_overheat,0.1,4.077758620689656,191.0,7.832758620689655,8.649425287356323,3.9735294117647055,940,49.51724137931034,13.981707346490348,2014.0,890000.0,71.0,Механическая
s48916749r,Renault Kaptur,standart,petrol,engine_check,0.1,4.735402298850575,146.0,8.05,15.697478991596638,3.1676470588235297,892,45.12643678160919,9.112406073892773,2020.0,1140000.0,114.0,Механическая
x-8009442a,Smart ForTwo,economy,petrol,engine_fuel,0.1,4.069310344827586,169.68915833259794,8.035632183908046,18.77777777777778,3.461764705882353,832,51.91954022988506,15.830546597251038,2014.0,890000.0,71.0,Механическая
V-9605877z,Mercedes-Benz E200,business,petrol,break_bug,0.1,5.38316091954023,121.0,8.210919540229884,7.7988505747126435,3.179411764705882,862,44.49425287356322,9.908685468036184,,,,
J12356869N,Kia Rio X-line,economy,petrol,electro_bug,0.0,4.558103448275862,200.0,7.912068965517242,7.132183908045977,3.6705882352941175,847,48.172413793103445,12.759860198693922,2020.0,944900.0,100.0,Механическая
A14283545z,VW Tiguan,economy,petrol,electro_bug,0.0,4.0135632183908045,198.0,8.010919540229885,7.137931034482759,4.608823529411764,857,50.63793103448276,15.810691790221885,,,,
q11931054T,Kia Sportage,standart,petrol,another_bug,0.1,4.561781609195402,200.0,8.091379310344829,16.243478260869566,3.747058823529412,775,44.39655172413793,9.780137335771812,2018.0,1544900.0,150.0,Механическая
a18429533v,Kia Rio X-line,economy,petrol,another_bug,0.1,4.6945977011494255,193.0,8.082758620689656,14.716666666666669,4.079411764705882,939,43.76436781609196,9.772362551054234,2020.0,944900.0,100.0,Механическая
Z13225783s,Hyundai Solaris,economy,petrol,engine_check,0.1,4.54051724137931,164.3116244889743,8.151149425287356,17.365853658536587,2.7411764705882358,904,45.94827586206897,10.33108964219828,2020.0,780000.0,100.0,Механическая
r-5143581F,Kia Rio X,economy,petrol,engine_overheat,0.1,4.134827586206897,193.5753736790148,7.867241379310346,9.341040462427744,4.014705882352941,894,50.02873563218391,14.7214711507716,2020.0,944900.0,100.0,Механическая
I38773245A,Kia Sportage,standart,petrol,engine_check,0.1,4.622126436781609,160.64474920284172,8.18735632183908,17.348214285714285,2.570588235294118,904,43.63793103448276,8.839019397123796,2018.0,1544900.0,150.0,Механическая
Z34825463y,Smart ForFour,economy,petrol,gear_stick,0.1,4.481379310344828,105.00596266330692,7.860344827586207,9.348837209302326,4.005882352941176,1007,44.75862068965517,11.279389887613371,2014.0,890000.0,71.0,Механическая
Z22393693I,Smart Coupe,economy,petrol,engine_fuel,0.1,4.073390804597701,161.3565817862709,8.116666666666667,14.601626016260164,3.761764705882353,893,48.241379310344826,13.354625547728094,,,,
Z-2191916Z,Renault Sandero,standart,petrol,electro_bug,0.0,4.449597701149425,171.27217160252155,7.909195402298851,6.781609195402299,4.029411764705882,937,48.98275862068966,13.669287179630206,2018.0,697000.0,82.0,Механическая
v-9686944h,Kia Rio X,economy,petrol,another_bug,0.1,4.928390804597701,190.2428510091729,8.106896551724137,15.887096774193548,4.282352941176471,897,44.33908045977012,10.58327676697708,2020.0,944900.0,100.0,Механическая
Y74309277t,VW Polo VI,economy,petrol,engine_check,0.1,4.426206896551724,151.79500802723584,8.055172413793104,17.536,3.044117647058824,891,44.2183908045977,10.622176918232304,,,,
O-2071605g,Kia Rio X,economy,petrol,engine_check,0.1,4.610747126436782,152.0,8.196551724137931,15.366666666666667,3.388235294117647,977,45.56896551724138,10.606103710499877,2020.0,944900.0,100.0,Механическая
N-5150907H,VW Tiguan,economy,petrol,engine_fuel,0.1,4.152528735632184,167.37925599138677,8.026436781609195,15.408695652173911,4.014705882352941,881,49.42528735632184,14.55039652154848,,,,
L-2259780s,Skoda Rapid,economy,petrol,gear_stick,0.91,4.391264367816092,106.42157350747254,7.847701149425287,9.057803468208093,4.114705882352942,877,46.58045977011494,11.759726895893555,2019.0,847000.0,90.0,Механическая
O25177740V,Kia Rio X-line,economy,petrol,another_bug,0.1,4.550517241379311,174.0,8.086206896551724,16.12,3.979411764705883,904,45.30459770114943,10.480054362101171,2020.0,944900.0,100.0,Механическая
h64057348f,Smart ForTwo,economy,petrol,gear_stick,0.1,4.499827586206897,104.19816550008284,7.795977011494253,8.861271676300579,3.323529411764706,803,46.32183908045977,11.444759764975473,2014.0,890000.0,71.0,Механическая
i-3471993K,Smart Coupe,economy,petrol,wheel_shake,0.17,4.743793103448276,140.44699308194205,8.123563218390805,17.223140495867767,3.458823529411765,753,45.30459770114943,9.858201691417417,,,,
o30401798v,Kia Rio,economy,petrol,gear_stick,0.1,4.514540229885057,101.16525674481844,7.826436781609195,8.78735632183908,4.552941176470589,882,43.91954022988506,9.847059818576636,2020.0,944900.0,100.0,Механическая
s11758995J,Kia Rio X-line,economy,petrol,another_bug,0.1,4.793850574712644,178.0,8.097701149425287,17.205128205128204,4.538235294117648,1095,43.41379310344828,10.415697051411058,2020.0,944900.0,100.0,Механическая
m13716525T,VW Tiguan,economy,petrol,break_bug,0.1,5.356954022988506,113.4657507238752,7.991954022988505,7.218390804597701,3.894117647058824,981,44.72988505747127,10.187917755596793,,,,
I22962781q,Renault Sandero,standart,petrol,engine_overheat,0.1,3.987701149425288,190.9792636162618,7.815517241379311,9.557471264367816,4.091176470588235,684,48.810344827586206,14.12142662955188,2018.0,697000.0,82.0,Механическая
i-2002618e,Skoda Rapid,economy,petrol,gear_stick,0.1,4.639367816091954,121.28624365219432,7.853448275862069,8.96551724137931,3.647058823529412,936,45.80459770114943,11.837863305541598,2019.0,847000.0,90.0,Механическая
S13436513x,Mercedes-Benz E200,business,petrol,gear_stick,0.1,4.535977011494253,113.3599217871428,8.000574712643678,9.45664739884393,3.3000000000000003,856,45.00574712643678,10.927240779678678,,,,
a11027421p,Nissan Qashqai,standart,petrol,engine_ignition,0.1,4.29603448275862,183.66032168117843,8.048850574712644,7.413793103448276,2.9176470588235297,942,49.03448275862069,14.647257650063066,2017.0,1413000.0,115.0,Механическая
c-6945557y,Smart ForFour,economy,petrol,engine_overheat,0.1,3.948620689655172,191.81050334595224,7.886206896551724,9.203488372093023,3.5588235294117645,919,50.48275862068966,14.57836077035576,2014.0,890000.0,71.0,Механическая
c-6308705d,Hyundai Solaris,economy,petrol,electro_bug,0.0,3.922068965517241,181.0,7.971264367816092,7.32183908045977,4.129411764705883,833,52.39080459770115,14.620720368325388,2020.0,780000.0,100.0,Механическая
P-2109405G,Renault Sandero,standart,petrol,break_bug,0.1,5.302126436781609,109.95985805577332,8.036206896551723,7.482758620689655,3.144117647058824,778,45.195402298850574,11.089065676732412,2018.0,697000.0,82.0,Механическая
X-2155322c,VW Tiguan,economy,petrol,electro_bug,0.0,4.180057471264368,200.0,7.983908045977012,6.367816091954023,2.994117647058824,765,49.09770114942529,14.532272055701522,,,,
e-4777482n,Kia Rio,economy,petrol,another_bug,0.1,4.695977011494253,192.64329844609543,8.127586206896552,18.403361344537814,3.594117647058824,908,45.22413793103448,11.046998551561687,2020.0,944900.0,100.0,Механическая
r-1093205B,Renault Kaptur,standart,petrol,another_bug,0.1,4.9608045977011495,189.55337755597048,8.081609195402299,16.612068965517242,4.138235294117647,774,44.47701149425287,11.907497042405511,2020.0,1140000.0,114.0,Механическая
l-6384509w,Smart ForTwo,economy,petrol,engine_check,0.1,4.740287356321839,173.4540182847643,8.088505747126437,14.649122807017545,2.9588235294117644,882,44.85057471264368,9.990201830582455,2014.0,890000.0,71.0,Механическая
p60146435a,Smart ForTwo,economy,petrol,engine_check,0.1,4.498505747126437,164.0393938570936,8.125287356321838,16.333333333333332,3.179411764705882,952,45.82183908045977,10.65959824517424,2014.0,890000.0,71.0,Механическая
p-2236312n,VW Tiguan,economy,petrol,gear_stick,0.46,4.3483908045977016,98.64778631813545,7.763793103448276,8.479768786127167,4.526470588235294,928,44.51724137931034,11.170628362395886,,,,
a-2141621o,VW Tiguan,economy,petrol,wheel_shake,0.43,4.49367816091954,137.63487092598444,8.176436781609196,13.858490566037736,3.1558823529411764,891,45.16091954022989,11.032661508394373,,,,
l21588657Q,Smart ForFour,economy,petrol,engine_check,0.1,4.798563218390805,161.0,8.105747126436782,15.2265625,3.494117647058824,910,44.58045977011494,11.02398162578546,2014.0,890000.0,71.0,Механическая
u93240925H,Kia Rio X,economy,petrol,engine_check,0.9,4.620747126436782,163.0,8.054022988505748,14.347107438016527,2.844117647058824,878,45.6551724137931,10.526407844503742,2020.0,944900.0,100.0,Механическая
B22565681K,Nissan Qashqai,standart,petrol,gear_stick,0.53,4.585862068965517,108.27952187526908,7.876436781609195,8.810344827586206,4.011764705882353,893,45.97126436781609,10.755521856946546,2017.0,1413000.0,115.0,Механическая
l-1476769O,Renault Sandero,standart,petrol,engine_overheat,0.1,4.250287356321839,190.0276265442097,7.852873563218392,10.046242774566474,3.2058823529411766,849,50.5632183908046,15.317601911213488,2018.0,697000.0,82.0,Механическая
S-1091522c,VW Tiguan,economy,petrol,engine_ignition,0.1,4.132988505747126,199.35654243879983,7.956896551724138,6.7011494252873565,2.894117647058824,838,49.26436781609196,14.988596644343312,,,,
Y-1061099U,Nissan Qashqai,standart,petrol,another_bug,0.18,4.855977011494253,198.6474893371364,8.147126436781608,13.427350427350428,3.2088235294117644,833,44.09770114942529,9.500635537141395,2017.0,1413000.0,115.0,Механическая
W36422656G,VW Polo,economy,petrol,break_bug,0.1,5.229597701149426,109.9756302091619,8.011494252873563,7.568965517241379,3.985294117647059,930,44.12068965517241,10.409662451491712,,,,
y-1223003V,Renault Kaptur,standart,petrol,gear_stick,0.1,4.510574712643678,110.13577343511992,7.846551724137931,9.85632183908046,4.135294117647058,887,44.48850574712644,9.690432982891968,2020.0,1140000.0,114.0,Механическая
R53335131O,Renault Sandero,standart,petrol,engine_ignition,0.1,4.033448275862069,192.1244997706098,8.039655172413793,7.270114942528735,2.855882352941176,863,52.44252873563219,16.240768883133413,2018.0,697000.0,82.0,Механическая
B-1031686U,Smart ForFour,economy,petrol,engine_ignition,0.1,4.006436781609195,199.12410835082224,8.047701149425286,7.706896551724138,2.8323529411764703,932,48.41379310344828,15.193588337508134,2014.0,890000.0,71.0,Механическая
q49298313H,Renault Kaptur,standart,petrol,gear_stick,0.1,4.343965517241379,92.0,7.748275862068966,8.508670520231213,3.514705882352941,875,44.62643678160919,9.814086369923954,2020.0,1140000.0,114.0,Механическая
Y-1143965Q,Audi A3,premium,petrol,engine_check,0.26,4.6737356321839085,167.814840514448,8.067241379310346,13.512605042016808,2.6205882352941177,919,44.80459770114943,10.22276625171583,2016.0,1645000.0,150.0,Робот с одним сцеплением
S24142286K,Smart ForFour,economy,petrol,gear_stick,0.1,4.605977011494253,115.2240167013749,7.858620689655173,8.6878612716763,3.635294117647059,860,44.56896551724138,10.180075863587629,2014.0,890000.0,71.0,Механическая
t-1802527u,Smart ForTwo,economy,petrol,engine_fuel,0.1,4.24896551724138,177.53933807611406,8.077011494252874,15.174603174603174,3.4,890,49.01724137931034,14.666809740122764,2014.0,890000.0,71.0,Механическая
Y-2144374L,Kia Rio X-line,economy,petrol,engine_overheat,0.1,4.354827586206897,180.74876915673576,7.8212643678160925,8.658959537572255,4.105882352941176,892,48.85632183908046,14.75256576997896,2020.0,944900.0,100.0,Механическая
C-1160143Y,Kia Sportage,standart,petrol,break_bug,0.19,5.129310344827586,109.8369135731954,8.033333333333333,7.264367816091954,4.076470588235294,950,44.51149425287356,11.238218496707365,2018.0,1544900.0,150.0,Механическая
d-1898242x,Kia Rio X,economy,petrol,engine_check,0.1,4.43419540229885,156.0,8.158045977011493,15.571428571428571,3.397058823529412,836,44.87356321839081,8.595340312713397,2020.0,944900.0,100.0,Механическая
k11852509F,VW Polo,economy,petrol,electro_bug,0.0,4.130632183908046,200.0,7.954022988505747,6.804597701149425,2.8058823529411767,805,47.43103448275862,13.706391153809664,,,,
n55774167X,Kia Rio X-line,economy,petrol,break_bug,0.1,5.345344827586207,109.8366296720487,8.045977011494253,7.252873563218391,3.123529411764706,909,45.4080459770115,10.571536857782132,2020.0,944900.0,100.0,Механическая
M22148410M,Hyundai Solaris,economy,petrol,break_bug,0.1,5.293045977011494,113.32729105817636,7.938505747126436,7.011494252873563,4.482352941176471,921,43.63218390804597,9.611667936466365,2020.0,780000.0,100.0,Механическая
z16830819k,Nissan Qashqai,standart,petrol,gear_stick,0.1,4.435057471264368,103.01150978584414,7.908045977011494,9.189655172413794,3.797058823529412,1027,44.92528735632184,9.564514357145756,2017.0,1413000.0,115.0,Механическая
z-4653924H,Kia Rio,economy,petrol,another_bug,0.1,4.679655172413793,186.4306146680181,8.148275862068965,13.6875,3.0794117647058825,777,44.6551724137931,10.600826215163142,2020.0,944900.0,100.0,Механическая
L-1749801m,VW Polo VI,economy,petrol,electro_bug,0.0,4.608333333333333,174.93105045656043,8.003448275862068,7.781609195402299,3.735294117647059,941,48.36206896551724,13.949576755170582,,,,
f-2607363Z,Nissan Qashqai,standart,petrol,engine_fuel,0.1,3.895689655172414,167.4128289717246,8.104597701149425,16.364341085271317,4.029411764705882,878,47.97126436781609,14.6644267622354,2017.0,1413000.0,115.0,Механическая
K-2477266U,VW Polo VI,economy,petrol,gear_stick,0.1,4.412011494252874,113.223106284011,7.844252873563219,9.25287356321839,4.244117647058824,875,43.91954022988506,9.649005927779603,,,,
W18352080m,Kia Rio X,economy,petrol,another_bug,0.29,4.778620689655172,200.0,8.112068965517242,14.63934426229508,3.744117647058824,872,46.37356321839081,10.370232630097492,2020.0,944900.0,100.0,Механическая
m73044907l,Hyundai Solaris,economy,petrol,engine_ignition,0.1,4.336724137931035,181.63638676795472,7.983908045977012,7.247126436781609,2.9558823529411766,894,50.2183908045977,15.327956465838597,2020.0,780000.0,100.0,Механическая
L85244434f,Renault Kaptur,standart,petrol,engine_overheat,0.1,4.058793103448276,182.5798073250228,7.863218390804598,9.701149425287356,3.855882352941176,790,49.0919540229885,13.67131267945316,2020.0,1140000.0,114.0,Механическая
j24265577h,VW Polo,economy,petrol,engine_fuel,0.1,4.13948275862069,172.48946866820864,8.07183908045977,17.827067669172934,4.4676470588235295,947,50.7816091954023,14.969661254990486,,,,
z30949635I,Nissan Qashqai,standart,petrol,engine_overheat,0.1,4.098965517241379,193.77956371713069,7.875862068965517,8.994252873563218,3.8,864,50.04597701149425,15.686898952658348,2017.0,1413000.0,115.0,Механическая
F12160774Y,Audi A4,premium,petrol,engine_fuel,0.1,3.9352873563218393,167.26623551013876,8.1316091954023,15.691176470588236,3.635294117647059,904,48.94252873563219,12.869605113019803,2015.0,2125000.0,150.0,Робот с одним сцеплением
b17612610K,Kia Rio X-line,economy,petrol,gear_stick,0.1,4.520057471264368,110.9300496874061,7.797701149425287,9.092485549132949,3.6852941176470586,911,44.695402298850574,9.45841409730321,2020.0,944900.0,100.0,Механическая
i30546413z,Renault Sandero,standart,petrol,engine_overheat,0.1,3.9972988505747127,185.71162503933007,7.786781609195403,8.90643274853801,3.473529411764705,906,48.42528735632184,12.947767173240347,2018.0,697000.0,82.0,Механическая
Z-4890116p,Kia Sportage,standart,petrol,engine_fuel,0.1,3.92919540229885,167.27612742417642,8.1316091954023,19.891666666666666,3.423529411764706,880,49.64367816091954,15.236082068483189,2018.0,1544900.0,150.0,Механическая
R-1156519s,Kia Rio,economy,petrol,break_bug,0.1,5.310402298850574,114.35691546155552,7.959770114942529,7.040229885057471,3.4176470588235297,810,43.741379310344826,9.140319769316047,2020.0,944900.0,100.0,Механическая
O-1332601s,Renault Sandero,standart,petrol,engine_ignition,0.1,4.071206896551724,199.3860697736617,7.927586206896552,7.080459770114943,2.726470588235294,912,49.53448275862069,14.240967749688847,2018.0,697000.0,82.0,Механическая
b77936061P,Nissan Qashqai,standart,petrol,engine_check,0.1,4.601666666666667,161.4673538954248,8.138505747126436,18.14516129032258,3.3294117647058825,817,44.08620689655172,11.1965381975915,2017.0,1413000.0,115.0,Механическая
m11184489u,Kia Rio X-line,economy,petrol,engine_fuel,0.1,4.456954022988506,186.7136927375765,8.157471264367816,15.921875,3.323529411764706,895,49.88505747126437,13.799074516471348,2020.0,944900.0,100.0,Механическая
v-4415133s,Kia Sportage,standart,petrol,another_bug,0.24,4.808045977011495,200.0,8.01551724137931,16.57894736842105,3.5205882352941176,776,44.99425287356322,9.696252256417342,2018.0,1544900.0,150.0,Механическая
H-1361541T,Renault Kaptur,standart,petrol,electro_bug,0.0,4.154655172413793,200.0,7.994252873563219,7.350574712643678,4.473529411764706,1034,49.17816091954023,14.25844785825429,2020.0,1140000.0,114.0,Механическая
N10483951b,Audi Q3,premium,petrol,electro_bug,0.0,4.379425287356321,182.4715160738816,8.030459770114943,6.988505747126437,4.035294117647059,1013,50.7528735632184,15.120015743641522,2014.0,2045000.0,150.0,Механическая
c13849387F,Skoda Rapid,economy,petrol,engine_overheat,0.1,3.813850574712644,185.13351393143623,7.872413793103448,9.046242774566474,4.152941176470588,890,48.5,12.615592700731565,2019.0,847000.0,90.0,Механическая
Q-7081222u,Smart ForFour,economy,petrol,another_bug,0.1,4.583620689655172,189.45863308758967,8.193678160919541,16.45762711864407,5.238235294117647,952,45.05747126436781,10.123921561736186,2014.0,890000.0,71.0,Механическая
m-9016178m,Renault Sandero,standart,petrol,engine_check,0.11,4.78971264367816,178.90312821067562,8.022413793103448,15.951219512195122,2.855882352941176,793,44.72988505747127,10.220206834128971,2018.0,697000.0,82.0,Механическая
Q16225830I,Smart ForFour,economy,petrol,another_bug,0.1,4.729597701149426,179.0933336154515,8.067241379310346,15.4,3.097058823529412,822,44.70114942528736,10.543183911650408,2014.0,890000.0,71.0,Механическая
U-1153003l,Skoda Rapid,economy,petrol,engine_ignition,0.1,4.089540229885058,187.4244699083941,7.956896551724138,7.448275862068965,2.8147058823529414,893,50.82183908045977,14.386786851294868,2019.0,847000.0,90.0,Механическая
r-9955746M,Skoda Rapid,economy,petrol,break_bug,0.61,5.318275862068965,112.80837488337376,8.003448275862068,7.385057471264368,3.376470588235294,921,44.672413793103445,10.910653325517917,2019.0,847000.0,90.0,Механическая
u21483945j,Nissan Qashqai,standart,petrol,engine_ignition,0.1,3.957298850574713,191.0598350500929,8.11551724137931,8.114942528735632,2.764705882352941,936,50.4367816091954,14.687260926146964,2017.0,1413000.0,115.0,Механическая
X-1533262M,Nissan Qashqai,standart,petrol,another_bug,0.1,4.787183908045977,177.0,8.021264367816093,17.525,3.4441176470588237,943,45.54022988505747,10.201217877764492,2017.0,1413000.0,115.0,Механическая
y12035374i,Smart ForFour,economy,petrol,another_bug,0.1,4.6049425287356325,181.51504878391,8.057471264367816,17.108527131782946,3.147058823529412,934,44.63793103448276,11.528850379389992,2014.0,890000.0,71.0,Механическая
Q36615111R,Renault Sandero,standart,petrol,engine_ignition,0.1,4.173563218390805,196.97080029883853,7.997126436781609,7.196531791907514,3.2676470588235293,809,51.72988505747127,15.40068022626918,2018.0,697000.0,82.0,Механическая
y22394536i,Volkswagen ID.4 ,premium,electro,gear_stick,0.1,4.377528735632184,101.94506386459577,9.035632183908046,14.6094674556213,3.2205882352941178,825,45.91954022988506,10.881089701044989,,,,
Y-1269300M,Smart ForFour,economy,petrol,break_bug,0.23,5.5216091954022986,102.67237012185072,8.00632183908046,7.390804597701149,3.891176470588236,946,44.51724137931034,8.057398236060001,2014.0,890000.0,71.0,Механическая
T19756755G,Tesla Model 3,premium,electro,another_bug,0.1,4.487241379310345,197.0,9.239080459770117,22.267241379310345,3.914705882352941,892,44.22413793103448,10.512381530248623,,,,
z63831486P,Skoda Rapid,economy,petrol,wheel_shake,0.1,4.579655172413793,157.49502353050488,8.174137931034483,14.818181818181818,4.238235294117647,820,44.59770114942529,11.536781861732544,2019.0,847000.0,90.0,Механическая
t33324223A,Kia Rio X,economy,petrol,break_bug,0.23,5.361091954022989,130.44363634430022,8.060344827586206,7.919540229885057,3.791176470588236,982,45.22413793103448,10.565583406549278,2020.0,944900.0,100.0,Механическая
E-1432268e,Smart ForFour,economy,petrol,wheel_shake,0.25,4.625287356321839,120.66990761041804,8.044252873563218,15.373015873015872,3.6088235294117648,821,44.0,10.111516927072516,2014.0,890000.0,71.0,Механическая
C15710178d,VW Polo VI,economy,petrol,break_bug,0.7,5.415172413793104,106.7122315562303,8.020689655172413,7.310344827586207,3.423529411764706,844,45.99425287356322,10.96104353837426,,,,
q-1009009e,Smart ForFour,economy,petrol,another_bug,0.1,4.712471264367816,185.5013972767091,8.128735632183908,16.449612403100776,3.597058823529412,844,44.37931034482759,10.1949113219619,2014.0,890000.0,71.0,Механическая
H-1760771N,VW Polo VI,economy,petrol,another_bug,0.1,4.631896551724139,186.0,8.142528735632183,15.524193548387096,4.232352941176471,805,44.7183908045977,11.479864541059316,,,,
u-1663903c,VW Polo,economy,petrol,engine_check,0.1,4.312471264367816,162.23220445007,8.186206896551724,18.15,2.7,860,46.03448275862069,10.012071645401315,,,,
s77828126e,Hyundai Solaris,economy,petrol,another_bug,0.34,4.665402298850575,200.0,8.102298850574712,14.440677966101696,3.947058823529412,886,45.270114942528735,11.261552731702162,2020.0,780000.0,100.0,Механическая
r18055390O,Smart Coupe,economy,petrol,engine_overheat,0.1,4.280287356321839,195.6720834770124,7.827011494252874,8.820809248554914,2.7794117647058822,802,47.706896551724135,13.231170877835613,,,,
k-2099585y,Renault Sandero,standart,petrol,gear_stick,0.49,4.577471264367817,105.63134565409028,7.761494252873563,8.89655172413793,3.732352941176471,868,43.33908045977012,10.46298022644229,2018.0,697000.0,82.0,Механическая
P11233777z,Smart ForTwo,economy,petrol,electro_bug,0.0,4.4158620689655175,188.5210042360043,7.922988505747126,7.080459770114943,3.791176470588236,865,48.706896551724135,14.225283142572115,2014.0,890000.0,71.0,Механическая
Z-1646206B,Kia Rio X-line,economy,petrol,engine_check,0.1,4.661436781609195,156.0,8.105172413793102,16.666666666666668,2.5,903,43.30459770114943,8.795314149778248,2020.0,944900.0,100.0,Механическая
m-2097732q,Hyundai Solaris,economy,petrol,engine_ignition,0.1,4.107126436781609,185.70008876709463,8.02528735632184,8.28735632183908,2.158823529411765,823,51.20114942528736,15.210271812606804,2020.0,780000.0,100.0,Механическая
H-2071162e,Smart Coupe,economy,petrol,gear_stick,0.1,4.450057471264367,102.93101028595264,7.757471264367815,8.637931034482758,4.355882352941176,1043,45.91379310344828,9.957048479892764,,,,
P-4438054o,Smart ForTwo,economy,petrol,engine_check,0.1,4.508965517241379,159.11928711742047,8.122413793103448,16.84297520661157,3.623529411764706,957,42.95402298850575,10.11769816173392,2014.0,890000.0,71.0,Механическая
y15810685M,Kia Rio X,economy,petrol,another_bug,0.1,4.748850574712644,192.0,8.125862068965517,15.173553719008265,2.885294117647059,737,45.2183908045977,10.357678771532267,2020.0,944900.0,100.0,Механическая
d21227181g,Smart ForFour,economy,petrol,engine_check,0.1,4.78712643678161,153.33123859510692,8.090229885057472,17.364406779661017,3.0500000000000003,866,44.2816091954023,10.695793876289729,2014.0,890000.0,71.0,Механическая
Z-1064749o,Kia Rio X,economy,petrol,wheel_shake,0.1,4.60816091954023,119.0,8.127586206896552,15.28358208955224,3.9558823529411766,924,43.41954022988506,9.798069163103609,2020.0,944900.0,100.0,Механическая
M11266536h,Kia Rio X,economy,petrol,gear_stick,0.1,4.5360344827586205,118.3410253694232,7.856896551724137,9.260115606936417,3.511764705882353,865,45.14942528735632,11.786667039456493,2020.0,944900.0,100.0,Механическая
W75044414r,Skoda Rapid,economy,petrol,electro_bug,0.0,4.226609195402299,182.88740959869523,7.98735632183908,7.224137931034483,3.1411764705882352,823,48.21264367816092,14.238499503637154,2019.0,847000.0,90.0,Механическая
N13425049S,Smart ForTwo,economy,petrol,electro_bug,0.0,4.083678160919541,199.6596034749734,7.960919540229885,7.103448275862069,2.823529411764706,878,51.55747126436781,15.05307091119785,2014.0,890000.0,71.0,Механическая
x39431048L,VW Tiguan,economy,petrol,break_bug,0.1,5.235344827586207,108.68292792464322,8.101149425287355,7.264367816091954,3.6941176470588233,861,44.51724137931034,9.914503965293244,,,,
Z12150281q,VW Polo,economy,petrol,engine_fuel,0.1,4.171724137931035,177.582355281755,8.155172413793103,17.317460317460316,4.355882352941176,849,48.95402298850575,14.441356833421844,,,,
h17140125L,Nissan Qashqai,standart,petrol,engine_fuel,0.1,4.208793103448276,174.3499256041678,8.16896551724138,19.1796875,4.126470588235295,897,49.17816091954023,13.478194123451647,2017.0,1413000.0,115.0,Механическая
W-1536006u,Renault Sandero,standart,petrol,engine_fuel,0.1,4.0086781609195405,169.48564000306362,8.08448275862069,12.663865546218489,3.794117647058824,795,49.2528735632184,15.228296137637914,2018.0,697000.0,82.0,Механическая
D-1643531L,Renault Kaptur,standart,petrol,engine_check,0.1,4.497183908045977,167.7380255501655,8.13103448275862,16.413793103448278,2.679411764705882,944,44.90229885057471,9.922048513682036,2020.0,1140000.0,114.0,Механическая
l-7638691q,VW Tiguan,economy,petrol,break_bug,0.42,5.329195402298851,106.21771135588192,7.896551724137931,7.718390804597701,3.894117647058824,878,45.367816091954026,10.89319132156846,,,,
v-7261069g,Nissan Qashqai,standart,petrol,another_bug,0.1,4.866551724137931,181.0,8.102873563218392,13.231404958677686,3.7205882352941178,971,43.741379310344826,9.341733716925942,2017.0,1413000.0,115.0,Механическая
j21980629t,Nissan Qashqai,standart,petrol,gear_stick,0.1,4.428563218390805,108.12087220913038,7.790804597701149,8.948275862068966,3.926470588235294,803,45.32758620689656,10.449528458594497,2017.0,1413000.0,115.0,Механическая
I18110998S,VW Polo VI,economy,petrol,engine_check,0.1,4.559827586206897,161.0,8.033333333333333,18.724137931034484,3.294117647058824,782,45.22988505747127,10.781273798888336,,,,
P18925683P,Renault Kaptur,standart,petrol,engine_fuel,0.1,4.176609195402299,180.4621658834473,8.072988505747126,17.16216216216216,4.735294117647059,1002,48.2528735632184,14.392691137132504,2020.0,1140000.0,114.0,Механическая
z20009031Q,Kia Rio X,economy,petrol,engine_overheat,0.1,3.924367816091954,199.44206761049932,7.86551724137931,9.080924855491329,2.95,794,51.58045977011494,15.20198754179583,2020.0,944900.0,100.0,Механическая
X-1265885g,Hyundai Solaris,economy,petrol,engine_fuel,0.1,3.947701149425287,187.74796075562332,8.152298850574713,14.775,4.005882352941176,921,49.05172413793103,14.9590065052089,2020.0,780000.0,100.0,Механическая
x-1331305Z,Smart ForTwo,economy,petrol,electro_bug,0.0,3.783563218390805,178.5434383276807,7.939655172413793,7.160919540229885,4.002941176470588,893,50.333333333333336,13.430761573891507,2014.0,890000.0,71.0,Механическая
j-1650243q,VW Polo,economy,petrol,electro_bug,0.0,4.001494252873563,200.0,8.045977011494253,7.84393063583815,3.3088235294117645,901,47.85057471264368,13.42375492176418,,,,
j-8936156D,Nissan Qashqai,standart,petrol,electro_bug,0.0,4.203620689655172,178.0,8.11896551724138,8.258620689655173,3.117647058823529,839,50.70114942528736,14.509406908781454,2017.0,1413000.0,115.0,Механическая
Q-7254581y,Kia Rio X-line,economy,petrol,engine_ignition,0.1,4.153505747126437,178.34142333335305,8.047701149425286,7.5,3.3117647058823527,1031,50.38505747126437,14.367030567856336,2020.0,944900.0,100.0,Механическая
A-1339912r,Nissan Qashqai,standart,petrol,engine_check,0.1,4.690114942528736,152.0,8.195402298850574,18.05128205128205,3.044117647058824,973,44.14942528735632,8.177975123735921,2017.0,1413000.0,115.0,Механическая
P17182864p,MINI CooperSE,business,electro,another_bug,0.1,4.648390804597701,177.41122346911746,8.2,18.37190082644628,3.5794117647058825,898,44.87931034482759,10.221383433293784,2014.0,1950000.0,231.0,Классический автомат
n-4305943r,Kia Rio,economy,petrol,electro_bug,0.0,4.357068965517241,171.0,8.020114942528735,6.741379310344827,3.7588235294117647,754,49.5632183908046,15.058422757396244,2020.0,944900.0,100.0,Механическая
v22568580b,Tesla Model 3,premium,electro,engine_check,0.1,4.665287356321839,157.0,9.271264367816093,23.647058823529413,3.0500000000000003,890,44.08620689655172,10.764882666522588,,,,
K-2148384J,Hyundai Solaris,economy,petrol,break_bug,0.1,5.190977011494253,115.01107837243276,7.998850574712644,7.316091954022989,4.526470588235294,934,45.36206896551724,11.735571550856566,2020.0,780000.0,100.0,Механическая
H22200136U,BMW 320i,business,petrol,gear_stick,0.1,4.530459770114942,96.66877847439612,7.79655172413793,9.160919540229886,3.882352941176471,900,44.31609195402299,9.92795287170066,,,,
w-1155728y,Nissan Qashqai,standart,petrol,engine_overheat,0.1,4.067183908045977,198.49355575567736,7.855172413793103,8.953488372093023,3.5205882352941176,823,51.62643678160919,14.726155094846824,2017.0,1413000.0,115.0,Механическая
a-1448713X,Smart Coupe,economy,petrol,gear_stick,0.1,4.448850574712644,95.29709052872508,7.907471264367817,9.526315789473683,3.547058823529412,948,45.0632183908046,9.217445321378792,,,,
B-3521656h,Smart Coupe,economy,petrol,gear_stick,0.1,4.281206896551724,108.13548459938808,7.828160919540229,9.248554913294798,4.276470588235294,870,44.43103448275862,10.26264127113852,,,,
P12327999U,Smart ForTwo,economy,petrol,break_bug,0.1,5.366264367816092,108.70420693741124,8.047126436781609,7.787356321839081,3.385294117647059,793,45.247126436781606,9.989698035446953,2014.0,890000.0,71.0,Механическая
s-2215336y,Kia Rio,economy,petrol,wheel_shake,0.1,4.765747126436781,140.05022153800846,8.032758620689656,14.541284403669724,3.658823529411765,750,44.48850574712644,10.833868168313945,2020.0,944900.0,100.0,Механическая
x40724550Q,Smart ForFour,economy,petrol,engine_ignition,0.1,4.106896551724138,199.85385101809825,8.06264367816092,7.373563218390805,2.947058823529412,877,50.53448275862069,15.249996323973454,2014.0,890000.0,71.0,Механическая
o12778916s,Kia Rio X,economy,petrol,gear_stick,0.1,4.353850574712644,106.29585009889864,7.786781609195403,8.994252873563218,3.45,763,44.14367816091954,9.745136046579397,2020.0,944900.0,100.0,Механическая
n22697202D,Nissan Qashqai,standart,petrol,engine_fuel,0.1,4.370287356321839,194.00585646463287,8.107471264367817,15.13157894736842,3.402941176470588,850,50.10344827586207,14.840994998629045,2017.0,1413000.0,115.0,Механическая
M-3079970D,VW Polo,economy,petrol,engine_fuel,0.1,4.032988505747126,177.79125608720352,8.120689655172415,16.793388429752067,3.2294117647058824,860,49.689655172413794,13.583235455131437,,,,
Y11193447p,Audi A3,premium,petrol,gear_stick,0.1,4.435172413793104,100.82362867097837,7.933908045977011,9.040229885057473,3.9764705882352938,788,43.35057471264368,9.537154282411736,2016.0,1645000.0,150.0,Робот с одним сцеплением
f11034155i,VW Polo VI,economy,petrol,engine_ignition,0.1,3.886264367816092,194.8139484918855,8.029885057471265,7.890804597701149,3.294117647058824,850,51.13218390804597,16.811426022618043,,,,
S-2198765D,Skoda Rapid,economy,petrol,break_bug,1.14,5.614655172413793,115.4105511045894,8.075287356321839,7.672413793103448,4.111764705882353,896,45.14367816091954,10.980647202352236,2019.0,847000.0,90.0,Механическая
H49846586w,Audi Q3,premium,petrol,engine_fuel,0.1,4.280689655172414,170.66833416825466,8.220689655172414,19.38053097345133,4.694117647058824,883,47.67816091954023,12.899786486446994,2014.0,2045000.0,150.0,Механическая
r-1157052Q,Renault Sandero,standart,petrol,gear_stick,0.1,4.368850574712644,101.35066955515344,7.781609195402299,8.820809248554914,3.764705882352941,956,44.71264367816092,10.881822405577132,2018.0,697000.0,82.0,Механическая
e-4053068Q,VW Tiguan,economy,petrol,engine_fuel,0.1,4.180862068965517,179.09614975815202,8.03448275862069,16.691056910569106,3.644117647058824,916,48.82758620689656,13.857830487353525,,,,
z14411100u,Volkswagen ID.4 ,premium,electro,engine_fuel,0.1,4.140287356321839,190.9159427349584,9.167241379310344,21.696428571428573,3.832352941176471,926,51.40229885057471,15.515019588612432,,,,
t18089882q,Kia Rio X,economy,petrol,engine_overheat,0.1,3.971034482758621,182.8189927327652,7.8212643678160925,9.186046511627907,3.908823529411765,1055,49.37356321839081,14.467967086745391,2020.0,944900.0,100.0,Механическая
a-1306492a,Hyundai Solaris,economy,petrol,gear_stick,0.79,4.394310344827586,111.13270875205193,7.79367816091954,9.264367816091951,3.7176470588235295,865,45.05747126436781,10.794835333117025,2020.0,780000.0,100.0,Механическая
X19967327p,Kia Sportage,standart,petrol,engine_overheat,0.1,3.9861494252873566,194.1824862473049,7.854597701149426,9.25287356321839,3.8,859,49.95977011494253,14.584558781812431,2018.0,1544900.0,150.0,Механическая
R19722314B,Renault Sandero,standart,petrol,engine_overheat,0.1,4.229655172413794,187.2638758380245,7.756896551724139,8.850574712643677,5.047058823529412,945,48.52298850574713,13.847519768318476,2018.0,697000.0,82.0,Механическая
m-1897070a,Hyundai Solaris,economy,petrol,electro_bug,0.0,4.366379310344827,195.26724961265023,8.02528735632184,7.764367816091954,4.408823529411765,879,48.45977011494253,13.69047143232595,2020.0,780000.0,100.0,Механическая
V-1522589e,Skoda Rapid,economy,petrol,engine_check,0.1,4.330287356321839,157.02620014633936,8.07816091954023,15.477477477477477,3.2,865,44.44827586206897,10.696829653697549,2019.0,847000.0,90.0,Механическая
t-7837678N,Mercedes-Benz E200,business,petrol,electro_bug,0.0,4.24080459770115,188.92810741239467,8.202298850574714,8.436781609195402,3.326470588235294,720,50.05172413793103,15.000681002413756,,,,
B-1876818F,Kia Rio,economy,petrol,engine_check,0.1,4.594367816091954,173.80469567696747,8.136206896551725,18.217391304347824,3.35,815,46.21264367816092,10.60568398807733,2020.0,944900.0,100.0,Механическая
A-2216788Z,Smart ForTwo,economy,petrol,engine_overheat,0.1,3.985,197.1885072297576,7.854022988505746,9.482758620689657,3.4411764705882355,821,50.38505747126437,13.563211282203612,2014.0,890000.0,71.0,Механическая
y58058702q,Smart ForFour,economy,petrol,wheel_shake,0.1,4.638908045977011,126.29943590039908,8.151724137931035,15.28688524590164,4.120588235294117,961,43.85057471264368,9.915281293841554,2014.0,890000.0,71.0,Механическая
q67265035S,VW Polo,economy,petrol,engine_check,0.1,4.572758620689655,161.60087880132605,7.996551724137931,14.932773109243698,2.976470588235294,802,43.741379310344826,10.374313005729157,,,,
o-2235999Z,Nissan Qashqai,standart,petrol,gear_stick,0.19,4.315459770114942,107.96416250470932,7.824712643678161,9.25287356321839,3.682352941176471,798,44.62643678160919,10.116294413648228,2017.0,1413000.0,115.0,Механическая
e16211606h,Smart ForTwo,economy,petrol,another_bug,0.1,4.602183908045977,186.23226150576463,8.060344827586206,15.595238095238097,3.5,924,44.03448275862069,9.064889104164443,2014.0,890000.0,71.0,Механическая
f-1511931z,VW Polo,economy,petrol,engine_check,0.1,4.700862068965518,161.41404016779333,8.139655172413793,15.008620689655173,2.7,754,44.09770114942529,9.90455581531102,,,,
r78044474N,VW Tiguan,economy,petrol,engine_overheat,0.1,4.317298850574713,195.4337692764203,7.777011494252874,9.10919540229885,3.1852941176470586,851,51.833333333333336,14.231400328100223,,,,
X-2032215W,Mini Cooper,business,petrol,electro_bug,0.0,4.267873563218391,184.62486738315505,8.09080459770115,7.4655172413793105,2.985294117647059,850,51.247126436781606,14.506999220272428,2014.0,1950000.0,231.0,Классический автомат
V54929635N,VW Polo VI,economy,petrol,gear_stick,0.1,4.754597701149425,130.2855817628742,7.791954022988506,9.063218390804598,3.411764705882353,870,44.88505747126437,10.69809046475368,,,,
Y28100048o,BMW 320i,business,petrol,another_bug,0.12,4.701724137931035,200.0,8.2316091954023,13.556451612903226,4.052941176470589,903,42.64367816091954,9.842079073903893,,,,
s-1113642y,Smart ForFour,economy,petrol,engine_ignition,0.1,3.838275862068965,189.84409110690984,7.998850574712644,7.413793103448276,2.467647058823529,891,51.58045977011494,15.155146317439383,2014.0,890000.0,71.0,Механическая
u-1610558w,VW Polo,economy,petrol,engine_overheat,0.1,4.510459770114943,197.4418965289712,7.841954022988506,9.144508670520231,3.161764705882353,912,48.735632183908045,13.590594988497964,,,,
o-7943338e,Renault Kaptur,standart,petrol,another_bug,0.1,4.6658620689655175,179.83887084230054,8.124712643678162,16.305084745762713,3.1882352941176477,813,44.38505747126437,9.586599856961133,2020.0,1140000.0,114.0,Механическая
V30731252o,Kia Rio X,economy,petrol,engine_check,0.1,4.401206896551724,164.0,8.130459770114943,17.91304347826087,2.985294117647059,709,44.1551724137931,11.47170692602854,2020.0,944900.0,100.0,Механическая
J-2049569a,Kia Rio X-line,economy,petrol,break_bug,0.1,5.312356321839081,108.49259670099732,7.950574712643679,7.729885057471264,3.591176470588235,924,43.53448275862069,9.871220826117044,2020.0,944900.0,100.0,Механическая
q73965014U,Smart Coupe,economy,petrol,engine_overheat,0.1,4.093793103448276,192.3250998894841,7.801149425287357,9.109826589595375,4.126470588235295,926,49.64942528735632,14.82764465148025,,,,
Y-2223402p,VW Tiguan,economy,petrol,another_bug,0.27,4.789022988505747,187.0,8.135632183908045,15.387596899224809,3.8676470588235294,943,44.68390804597701,9.65162388401206,,,,
f91083403C,VW Polo,economy,petrol,gear_stick,0.1,4.574655172413793,105.54769989670436,7.83448275862069,9.27906976744186,3.5264705882352945,849,44.26436781609196,10.88506403114815,,,,
F-1424198I,Kia Rio X-line,economy,petrol,engine_check,0.1,4.29919540229885,160.17149409227414,8.087931034482759,16.84070796460177,3.1676470588235297,855,45.293103448275865,10.088639442673404,2020.0,944900.0,100.0,Механическая
b-1350184G,Nissan Qashqai,standart,petrol,engine_ignition,0.1,4.041551724137931,187.7109250097897,7.941954022988506,7.14367816091954,2.864705882352941,968,49.47701149425287,14.55891123056667,2017.0,1413000.0,115.0,Механическая
x-1906536c,Hyundai Solaris,economy,petrol,engine_ignition,0.1,4.122816091954023,183.7932291697112,8.024137931034483,7.252873563218391,3.0647058823529414,903,48.67816091954023,13.273028197178222,2020.0,780000.0,100.0,Механическая
u18980487U,Smart ForFour,economy,petrol,break_bug,1.1,5.424367816091954,115.75335095016868,7.959770114942529,7.676300578034682,4.517647058823529,917,45.77586206896552,10.751598515561517,2014.0,890000.0,71.0,Механическая
e-2144486u,Renault Kaptur,standart,petrol,gear_stick,0.1,4.228045977011494,108.97768790712904,7.853448275862069,8.908045977011493,3.0588235294117645,752,44.367816091954026,9.82342951607593,2020.0,1140000.0,114.0,Механическая
T91451342E,Kia Sportage,standart,petrol,break_bug,0.1,4.970977011494253,110.63401051047528,7.95,6.775862068965517,3.573529411764706,824,43.66091954022989,9.653833361495495,2018.0,1544900.0,150.0,Механическая
G-1056464Y,Hyundai Solaris,economy,petrol,wheel_shake,0.1,4.662011494252873,119.45961493972298,8.042528735632185,16.71551724137931,3.1205882352941177,904,45.35057471264368,9.780721554091151,2020.0,780000.0,100.0,Механическая
r-5783636b,Hyundai Solaris,economy,petrol,electro_bug,0.0,4.185287356321839,188.0,7.964367816091953,7.454022988505747,3.144117647058824,891,50.2816091954023,13.016930093989997,2020.0,780000.0,100.0,Механическая
r15183017n,VW Polo,economy,petrol,engine_fuel,0.1,4.03712643678161,197.15691576068588,8.102873563218392,19.64423076923077,2.9588235294117644,797,50.14942528735632,14.573337548339916,,,,
L19403211X,VW Polo,economy,petrol,engine_fuel,0.1,4.050459770114943,158.95046515026252,8.145402298850575,17.904761904761905,3.773529411764706,715,49.63793103448276,14.550329169184884,,,,
a10378761Y,Renault Sandero,standart,petrol,another_bug,0.1,4.637413793103448,172.0,8.085632183908046,15.163793103448276,3.1029411764705883,861,43.741379310344826,9.4768845850895,2018.0,697000.0,82.0,Механическая
B-3210975f,Nissan Qashqai,standart,petrol,engine_overheat,0.1,4.099712643678161,193.9997231443848,7.799425287356321,9.080459770114942,4.017647058823529,964,49.93103448275862,13.86999348070768,2017.0,1413000.0,115.0,Механическая
c-2970759Z,VW Polo,economy,petrol,gear_stick,0.1,4.442183908045977,108.068607540993,7.827586206896552,9.335260115606935,2.9911764705882358,816,44.94252873563219,10.005612669797562,,,,
w-1633549j,VW Polo VI,economy,petrol,gear_stick,0.1,4.522758620689656,100.82241211909948,7.789080459770115,8.798850574712644,4.585294117647059,1008,44.40229885057471,9.83324521446223,,,,
R16318248Y,Kia Sportage,standart,petrol,another_bug,0.35,4.823678160919541,186.2609447907408,8.152298850574713,14.89516129032258,3.4911764705882358,830,44.22988505747127,9.966070937380907,2018.0,1544900.0,150.0,Механическая
S22586262X,VW Polo VI,economy,petrol,break_bug,0.1,5.36316091954023,121.87675556488696,7.998850574712644,7.022988505747127,4.161764705882353,928,44.833333333333336,11.162531946673257,,,,
O-2404534e,VW Polo VI,economy,petrol,engine_check,0.1,4.513908045977011,158.57831720731326,8.01206896551724,18.37719298245614,2.264705882352941,876,43.95402298850575,11.01749323269211,,,,
T10517369V,Smart Coupe,economy,petrol,engine_ignition,0.1,3.9363793103448272,169.81773298265716,8.057471264367816,8.086206896551724,2.947058823529412,933,48.7528735632184,12.725281732170492,,,,
X11944438J,Smart Coupe,economy,petrol,engine_ignition,0.1,4.376091954022988,170.82006667830802,8.059770114942529,7.528735632183908,3.0323529411764705,1042,49.04597701149425,14.08595253671261,,,,
g-2800926C,VW Tiguan,economy,petrol,another_bug,0.1,4.660114942528736,188.8800736236132,8.029310344827586,17.549180327868854,3.920588235294118,837,45.0,10.1628360704195,,,,
c54659423P,VW Tiguan,economy,petrol,gear_stick,0.1,4.425517241379311,94.95104378243596,7.813218390804598,8.99421965317919,3.802941176470589,804,44.36206896551724,10.065160438571048,,,,
G13384578X,Hyundai Solaris,economy,petrol,gear_stick,0.1,4.56948275862069,117.37932683464746,7.841379310344828,9.591954022988508,2.3294117647058825,809,46.0632183908046,10.45173454025726,2020.0,780000.0,100.0,Механическая
a-9615725L,Smart Coupe,economy,petrol,engine_overheat,0.1,4.001781609195402,199.7326420812254,7.875287356321839,9.57471264367816,3.0264705882352945,958,50.247126436781606,14.518549737924644,,,,
w-1727439L,MINI CooperSE,business,electro,another_bug,0.45,4.744252873563219,197.0,8.14655172413793,15.55855855855856,3.217647058823529,744,44.33908045977012,11.39287736442764,2014.0,1950000.0,231.0,Классический автомат
j-1671899T,Kia Rio X,economy,petrol,break_bug,0.1,5.388505747126437,117.06587708819922,8.030459770114943,6.689655172413793,2.994117647058824,995,44.247126436781606,10.702593700880076,2020.0,944900.0,100.0,Механическая
u15513075K,Kia Rio X-line,economy,petrol,engine_fuel,0.1,4.0471264367816095,171.49987106854618,8.075862068965517,16.68103448275862,4.129411764705883,930,51.55172413793103,15.420321867261208,2020.0,944900.0,100.0,Механическая
A28143979P,Kia Rio,economy,petrol,engine_fuel,0.1,4.242873563218391,175.018202470319,8.057471264367816,16.940677966101696,3.076470588235294,927,50.52873563218391,15.164865905431071,2020.0,944900.0,100.0,Механическая
N-1944861C,Kia Rio,economy,petrol,engine_overheat,0.1,4.230804597701149,179.5522797000664,7.768965517241379,8.127167630057803,3.7764705882352954,917,48.87931034482759,12.476675468068375,2020.0,944900.0,100.0,Механическая
G-2566303j,VW Polo VI,economy,petrol,another_bug,0.3,4.775344827586207,182.0,8.09655172413793,14.94308943089431,4.026470588235294,933,43.89080459770115,11.172562719912714,,,,
c17239719M,Renault Kaptur,standart,petrol,engine_fuel,0.1,4.165114942528736,160.61287085320126,8.092528735632184,16.23015873015873,3.502941176470588,776,48.91379310344828,13.737781096663191,2020.0,1140000.0,114.0,Механическая
D70169920n,Kia Rio X-line,economy,petrol,engine_overheat,0.1,3.908793103448276,190.77490008929456,7.804597701149425,8.641618497109826,3.4647058823529413,950,50.12643678160919,14.546162990641744,2020.0,944900.0,100.0,Механическая
K42844728e,Smart Coupe,economy,petrol,engine_ignition,0.1,4.158448275862069,183.123786608318,7.941379310344828,7.902298850574713,2.7,844,51.4080459770115,14.90587592864592,,,,
n14331762U,VW Polo VI,economy,petrol,break_bug,0.4,5.34816091954023,122.0753626706026,7.98448275862069,7.804597701149425,4.220588235294118,925,45.10919540229885,11.309856892670895,,,,
i-2071885N,Smart ForTwo,economy,petrol,engine_ignition,0.1,4.269310344827586,187.41893703252447,7.925287356321839,7.32183908045977,3.047058823529412,950,49.1551724137931,14.51545127416454,2014.0,890000.0,71.0,Механическая
q15127304Z,Nissan Qashqai,standart,petrol,engine_ignition,0.1,4.105862068965517,197.86660900892468,7.963793103448276,6.781609195402299,2.8323529411764703,873,50.62643678160919,15.598413731194157,2017.0,1413000.0,115.0,Механическая
i99395396b,Audi A4,premium,petrol,break_bug,0.1,5.28,121.22832764963198,8.010344827586207,7.396551724137931,2.6,733,44.02298850574713,9.009920045444392,2015.0,2125000.0,150.0,Робот с одним сцеплением
o13713439w,Kia Rio,economy,petrol,electro_bug,0.0,4.360862068965517,200.0,7.957471264367816,7.775862068965517,4.602941176470588,826,47.9367816091954,12.896274632958043,2020.0,944900.0,100.0,Механическая
x-1078063X,Smart ForTwo,economy,petrol,break_bug,0.1,5.23632183908046,107.3940726292436,7.954597701149424,6.574712643678161,3.1882352941176477,882,44.67816091954023,10.790162778346014,2014.0,890000.0,71.0,Механическая
y-1004097K,VW Polo,economy,petrol,engine_ignition,0.1,3.844942528735632,175.95194330921174,8.058045977011494,7.586206896551724,3.423529411764706,790,50.7816091954023,14.179628216390563,,,,
k56274815U,Mercedes-Benz E200,business,petrol,break_bug,0.21,5.26603448275862,114.53896700178572,8.194827586206896,7.5,3.3058823529411767,826,44.810344827586206,9.40444532058755,,,,
U-6432729p,Smart ForTwo,economy,petrol,engine_check,0.41,4.471264367816092,162.97388706429427,8.048275862068966,18.23076923076923,2.802941176470588,943,43.66666666666666,10.326089822444631,2014.0,890000.0,71.0,Механическая
x-2282172P,Smart Coupe,economy,petrol,engine_overheat,0.1,4.193448275862068,188.5402467491171,7.8229885057471265,8.988505747126437,3.2294117647058824,900,49.793103448275865,14.196912414495044,,,,
J87163790k,Kia Rio X,economy,petrol,another_bug,0.1,4.6242528735632185,194.1753029634478,8.10344827586207,15.054054054054054,4.629411764705883,981,44.86206896551724,10.331692544745364,2020.0,944900.0,100.0,Механическая
K-6183157n,Hyundai Solaris,economy,petrol,gear_stick,0.1,4.394885057471265,106.75414752110564,7.782758620689655,9.803468208092486,3.5058823529411764,939,43.798850574712645,9.212946335134856,2020.0,780000.0,100.0,Механическая
l55253895U,VW Polo VI,economy,petrol,engine_fuel,0.1,3.9895977011494255,182.72827326920896,8.083333333333334,16.293650793650794,3.538235294117647,876,49.61494252873563,13.674414138082822,,,,
W98320909n,Nissan Qashqai,standart,petrol,another_bug,0.19,4.674942528735633,197.7856478750067,8.006896551724138,16.218487394957982,4.073529411764706,838,45.02298850574713,10.686793764240266,2017.0,1413000.0,115.0,Механическая
f10607422r,Renault Sandero,standart,petrol,engine_ignition,0.1,3.877873563218391,177.5200026079718,8.01264367816092,8.034682080924856,2.9647058823529413,902,50.247126436781606,15.173443023842488,2018.0,697000.0,82.0,Механическая
C13983433s,Kia Rio X-line,economy,petrol,gear_stick,0.1,4.469655172413793,105.07025631452534,7.82183908045977,8.706896551724139,3.2558823529411764,853,44.867816091954026,9.835044034305785,2020.0,944900.0,100.0,Механическая
K-9603888y,Skoda Rapid,economy,petrol,engine_ignition,0.1,4.281149425287356,189.35586834051227,8.03103448275862,6.971264367816092,2.411764705882353,989,50.02873563218391,14.439600398342392,2019.0,847000.0,90.0,Механическая
U-1298358e,Hyundai Solaris,economy,petrol,engine_fuel,0.1,4.120057471264368,187.6855064128162,8.122988505747127,18.92682926829268,3.964705882352941,971,50.76436781609196,16.122963030450396,2020.0,780000.0,100.0,Механическая
u15884696J,Skoda Rapid,economy,petrol,another_bug,0.1,4.779655172413793,172.97416566503074,8.170114942528736,19.565217391304348,3.420588235294117,898,45.25862068965517,10.905098258553307,2019.0,847000.0,90.0,Механическая
f22758859h,Renault Sandero,standart,petrol,engine_check,0.1,4.08448275862069,163.0,8.068390804597701,16.58974358974359,3.3911764705882352,928,43.91379310344828,8.891025187333678,2018.0,697000.0,82.0,Механическая
F21467141f,Kia Rio,economy,petrol,electro_bug,0.0,4.283908045977012,200.0,7.978735632183907,6.712643678160919,3.985294117647059,975,51.22988505747127,14.522616326193091,2020.0,944900.0,100.0,Механическая
N23968812K,Smart ForTwo,economy,petrol,engine_check,0.1,4.43367816091954,160.29955748651884,8.158045977011493,15.458333333333334,2.7852941176470587,905,44.2528735632184,10.333422277849705,2014.0,890000.0,71.0,Механическая
L-1924578I,Renault Kaptur,standart,petrol,engine_fuel,0.1,4.094540229885058,174.2323421865034,8.079885057471264,17.598214285714285,2.367647058823529,871,49.60919540229885,14.14937350016411,2020.0,1140000.0,114.0,Механическая
A12536310C,Kia Rio,economy,petrol,another_bug,0.1,4.741379310344827,187.0,8.049425287356321,16.950819672131146,3.291176470588235,856,44.97701149425287,11.525771085254716,2020.0,944900.0,100.0,Механическая
H-3320077V,Kia Rio X,economy,petrol,wheel_shake,0.1,4.635919540229885,119.0,8.01551724137931,18.0,3.605882352941176,947,45.27586206896552,10.375259205812714,2020.0,944900.0,100.0,Механическая
U54140464j,Smart ForFour,economy,petrol,electro_bug,0.0,4.114712643678161,186.52739715925645,8.039080459770116,8.017241379310345,3.652941176470588,904,49.62643678160919,14.116918556902675,2014.0,890000.0,71.0,Механическая
H65625440y,VW Tiguan,economy,petrol,break_bug,0.1,5.206494252873563,113.6999862311522,7.975862068965517,7.074712643678161,3.097058823529412,853,43.5632183908046,11.015702034649976,,,,
O-1758049J,VW Polo VI,economy,petrol,engine_overheat,0.1,4.329080459770115,196.9130994403571,7.883333333333334,9.333333333333334,3.35,901,49.86206896551724,14.134917543464274,,,,
H-1890031K,Kia Sportage,standart,petrol,break_bug,0.77,5.428965517241379,121.24524143719294,7.980459770114942,7.373563218390805,3.355882352941176,829,44.63218390804597,10.142470589252088,2018.0,1544900.0,150.0,Механическая
M11283443a,Nissan Qashqai,standart,petrol,engine_fuel,0.1,4.057873563218391,162.64498781723017,8.052873563218391,17.421875,4.261764705882353,941,49.59770114942529,12.407306974562976,2017.0,1413000.0,115.0,Механическая
l-1177682G,Tesla Model 3,premium,electro,engine_check,0.21,4.505229885057471,162.20798690672322,9.239655172413793,24.084033613445374,2.9529411764705884,882,44.82183908045977,8.964115039865545,,,,
l-4181518C,VW Tiguan,economy,petrol,electro_bug,0.0,4.634310344827586,174.1970035444966,7.966091954022988,7.189655172413793,3.732352941176471,829,50.07471264367816,14.733475849594711,,,,
U-4011173t,Skoda Rapid,economy,petrol,engine_check,0.1,4.642931034482759,156.0,8.121264367816092,15.72972972972973,2.682352941176471,826,43.833333333333336,9.83745545683055,2019.0,847000.0,90.0,Механическая
M10065891P,VW Polo VI,economy,petrol,engine_check,0.1,4.624425287356321,150.0,8.195977011494252,16.3,2.502941176470588,811,44.71264367816092,9.88828704661386,,,,
p-3304414p,Smart ForTwo,economy,petrol,engine_check,0.1,4.528333333333333,159.1264405471572,8.063793103448276,14.626016260162602,2.873529411764706,722,43.12643678160919,9.845986944252209,2014.0,890000.0,71.0,Механическая
t-1335409s,VW Polo,economy,petrol,engine_check,0.1,4.473218390804598,160.0,8.125862068965517,17.35576923076923,3.182352941176471,846,45.2816091954023,11.201569137971129,,,,
L18732146r,Kia Rio X,economy,petrol,break_bug,0.1,5.531609195402299,113.08659318038411,8.079310344827586,8.086206896551724,3.5500000000000003,916,44.51149425287356,10.551683155188144,2020.0,944900.0,100.0,Механическая
K-1849358w,VW Polo,economy,petrol,engine_overheat,0.1,4.211436781609195,187.2592463548736,7.857471264367816,9.333333333333334,4.541176470588235,968,50.22988505747127,14.622574320395776,,,,
K11972350D,Kia Rio,economy,petrol,wheel_shake,0.1,4.635747126436781,160.6424397654032,8.052873563218391,16.15748031496063,3.494117647058824,712,44.2528735632184,10.512000728927005,2020.0,944900.0,100.0,Механическая
B-1790381b,VW Tiguan,economy,petrol,engine_fuel,0.1,4.246666666666666,163.8489982505242,8.194252873563219,17.660714285714285,3.494117647058824,877,50.13793103448276,14.05083455756285,,,,
J22037391Y,Renault Kaptur,standart,petrol,break_bug,0.1,5.53867816091954,119.87759169793468,8.00919540229885,7.0344827586206895,4.391176470588236,971,43.91954022988506,10.458526284411429,2020.0,1140000.0,114.0,Механическая
c20402175f,Nissan Qashqai,standart,petrol,engine_ignition,0.1,4.048390804597701,194.40610869442816,8.059195402298851,7.689655172413793,3.011764705882353,808,48.7816091954023,12.34983820760027,2017.0,1413000.0,115.0,Механическая
g-1222874V,Kia Rio,economy,petrol,engine_fuel,0.1,4.105804597701149,174.85272052238673,8.116666666666667,18.318181818181817,3.844117647058823,826,51.20114942528736,14.440221558936848,2020.0,944900.0,100.0,Механическая
o61274518L,MINI CooperSE,business,electro,engine_check,0.1,4.649425287356322,148.0,8.205172413793104,14.79646017699115,2.6676470588235297,804,44.38505747126437,9.272746177534383,2014.0,1950000.0,231.0,Классический автомат
R21238764k,Smart Coupe,economy,petrol,engine_ignition,0.1,3.995172413793103,169.30981183130672,8.022413793103448,7.827586206896552,3.0294117647058822,842,49.56896551724138,13.850705291570844,,,,
N-8998248z,Kia Sportage,standart,petrol,engine_overheat,0.1,3.71867816091954,187.074098906872,7.816666666666666,8.635838150289016,3.476470588235294,855,49.60919540229885,15.071587418907113,2018.0,1544900.0,150.0,Механическая
M-2095669m,Skoda Rapid,economy,petrol,wheel_shake,0.1,4.46528735632184,129.40489267486427,8.065517241379311,16.82758620689655,3.794117647058824,999,44.16666666666666,8.921678043601446,2019.0,847000.0,90.0,Механическая
O20073823x,Kia Sportage,standart,petrol,break_bug,0.1,5.421551724137931,115.2952017440682,8.102298850574712,8.264367816091953,3.9705882352941178,843,44.59770114942529,10.020741230086,2018.0,1544900.0,150.0,Механическая
k-7279260O,Kia Rio X-line,economy,petrol,engine_overheat,0.1,3.827701149425287,193.16477216406687,7.967816091954023,9.786127167630058,3.4411764705882355,963,49.61494252873563,14.533040122389744,2020.0,944900.0,100.0,Механическая
Y-2287151K,Renault Kaptur,standart,petrol,engine_overheat,0.1,3.9691954022988503,197.27227601493664,7.873563218390805,10.439306358381502,3.420588235294117,886,51.11494252873563,14.814401122978817,2020.0,1140000.0,114.0,Механическая
Y-6116422G,VW Tiguan,economy,petrol,another_bug,0.19,4.549942528735633,200.0,8.10919540229885,16.496350364963504,3.1029411764705883,866,44.9367816091954,10.241111921911427,,,,
q-1219686k,Smart ForTwo,economy,petrol,break_bug,0.1,5.223275862068966,111.33249858806576,8.045402298850576,7.712643678160919,4.235294117647059,944,44.08045977011494,9.62020800708219,2014.0,890000.0,71.0,Механическая
V72431856M,Kia Rio X,economy,petrol,electro_bug,0.0,3.9289655172413793,169.18455338826254,8.083333333333334,7.752873563218391,3.8,875,47.47126436781609,11.595134599003671,2020.0,944900.0,100.0,Механическая
P-3038526g,Audi A3,premium,petrol,break_bug,0.1,5.200919540229886,105.6956817706418,8.017816091954023,7.166666666666667,4.302941176470589,852,44.51724137931034,10.122786142285124,2016.0,1645000.0,150.0,Робот с одним сцеплением
D-1410955h,VW Polo VI,economy,petrol,engine_ignition,0.1,4.202931034482758,197.36236055663448,8.047126436781609,7.540229885057471,2.6323529411764706,922,50.39080459770115,14.67399597009565,,,,
D-1248163R,Audi A4,premium,petrol,break_bug,0.93,5.525459770114943,115.08727760374153,8.033908045977013,7.591954022988506,2.4176470588235297,876,44.98850574712644,10.100642974867846,2015.0,2125000.0,150.0,Робот с одним сцеплением
Z20694511D,Kia Sportage,standart,petrol,another_bug,0.1,4.66316091954023,183.0,8.089080459770114,15.037037037037036,3.679411764705882,785,44.32758620689656,9.94503029990034,2018.0,1544900.0,150.0,Механическая
C-6629572u,Smart Coupe,economy,petrol,break_bug,0.1,5.337183908045977,115.8856474359196,8.040804597701149,7.459770114942529,4.088235294117647,960,44.63793103448276,10.72466490446836,,,,
t-8867045F,Kia Sportage,standart,petrol,another_bug,0.1,4.796206896551724,174.0,8.060344827586206,17.693548387096776,3.364705882352941,945,45.12643678160919,11.082251182694208,2018.0,1544900.0,150.0,Механическая
a-2041286I,VW Polo,economy,petrol,engine_check,0.1,4.612701149425288,157.87222778256535,8.041379310344828,18.873949579831933,3.302941176470588,1069,44.52873563218391,10.465842133881257,,,,
f57618195v,Renault Sandero,standart,petrol,engine_fuel,0.1,4.111091954022989,192.62987524934928,8.110919540229885,17.322314049586776,3.497058823529412,782,50.17816091954023,14.163267031812172,2018.0,697000.0,82.0,Механическая
i-7895274m,VW Polo VI,economy,petrol,wheel_shake,0.1,4.524137931034483,132.03169743650236,8.14367816091954,14.98360655737705,3.355882352941176,809,44.95402298850575,11.36001307291543,,,,
i19007345u,Mercedes-Benz E200,business,petrol,engine_overheat,0.1,4.002183908045977,181.876682668727,8.076436781609194,9.82183908045977,3.614705882352941,896,50.32183908045977,15.044054192285708,,,,
B-3724978v,VW Polo,economy,petrol,wheel_shake,0.1,4.624597701149425,168.73374160270765,8.1183908045977,18.260162601626018,2.947058823529412,804,43.86206896551724,10.609922734616056,,,,
N15209085J,VW Polo,economy,petrol,engine_ignition,0.1,4.39816091954023,183.8449634168533,7.983333333333332,7.718390804597701,3.152941176470588,842,50.94827586206897,15.707318437642218,,,,
M21896536R,Kia Rio,economy,petrol,wheel_shake,0.1,4.762758620689655,119.49541842695204,8.053448275862069,14.827868852459016,2.897058823529412,847,44.0919540229885,10.553614490717532,2020.0,944900.0,100.0,Механическая
J-2212008m,VW Polo VI,economy,petrol,wheel_shake,0.19,4.766666666666667,129.6853748483422,8.120689655172415,17.175,4.282352941176471,999,44.60344827586207,10.5878209919974,,,,
j-9398790z,Renault Sandero,standart,petrol,another_bug,0.1,4.736091954022989,200.0,8.13390804597701,18.716535433070867,3.888235294117647,925,45.36206896551724,11.021311372298598,2018.0,697000.0,82.0,Механическая
k15205794j,Kia Rio X-line,economy,petrol,another_bug,0.1,4.840459770114943,183.65447259359783,8.052873563218391,14.547826086956524,3.864705882352941,975,45.22413793103448,10.76825204676761,2020.0,944900.0,100.0,Механическая
E-2150699K,VW Polo,economy,petrol,engine_overheat,0.1,3.9955172413793103,192.25114586579247,7.829885057471265,8.781609195402298,3.047058823529412,900,49.27586206896552,13.575470615478936,,,,
x74754036i,Kia Sportage,standart,petrol,electro_bug,0.0,4.602816091954023,200.0,7.981609195402298,6.971264367816092,3.8117647058823527,860,49.747126436781606,13.066940494677237,2018.0,1544900.0,150.0,Механическая
d15380405J,VW Polo VI,economy,petrol,engine_check,0.1,4.529942528735632,156.98298040444377,8.137931034482758,18.910569105691057,2.844117647058824,857,45.82758620689656,10.35576061692009,,,,
z-1598953V,VW Tiguan,economy,petrol,electro_bug,0.0,4.473505747126437,179.11931840053498,8.031609195402298,7.563218390804598,3.929411764705882,909,47.89655172413793,13.322617114102828,,,,
l29142213W,Renault Sandero,standart,petrol,another_bug,0.1,4.522701149425288,184.0,8.091379310344829,20.246153846153845,4.055882352941176,965,44.0,10.622258231760162,2018.0,697000.0,82.0,Механическая
u94329520r,Renault Sandero,standart,petrol,gear_stick,0.1,4.539022988505747,119.36515997215496,7.824137931034484,8.467836257309942,3.544117647058824,856,43.747126436781606,10.615419465250902,2018.0,697000.0,82.0,Механическая
I22669475d,Kia Sportage,standart,petrol,engine_overheat,0.1,4.126954022988506,190.11791469991385,7.861494252873563,9.144508670520231,4.729411764705882,1082,49.66666666666666,13.130440885286522,2018.0,1544900.0,150.0,Механическая
C19987871T,Kia Rio X,economy,petrol,gear_stick,0.1,4.409080459770115,93.0,7.857471264367816,9.514450867052023,3.547058823529412,754,44.01724137931034,9.24394764527401,2020.0,944900.0,100.0,Механическая
o-2007726X,Kia Rio,economy,petrol,wheel_shake,0.1,4.622126436781609,119.26061390521777,8.125287356321838,17.214876033057852,3.355882352941176,908,45.206896551724135,9.4307796783637,2020.0,944900.0,100.0,Механическая
m22088268l,Smart ForTwo,economy,petrol,engine_ignition,0.1,3.7160344827586207,197.327032980334,8.054022988505748,7.5344827586206895,3.223529411764705,838,51.40229885057471,14.271893045455585,2014.0,890000.0,71.0,Механическая
J-7133460X,Kia Rio X-line,economy,petrol,break_bug,0.18,5.496954022988506,114.15000858797872,8.023563218390803,7.408045977011494,3.5794117647058825,855,44.39655172413793,10.207001431080144,2020.0,944900.0,100.0,Механическая
j18905567d,Kia Rio,economy,petrol,gear_stick,0.18,4.390919540229885,117.34052829878569,7.790804597701149,8.965116279069768,4.344117647058823,1116,44.10919540229885,11.075392002967693,2020.0,944900.0,100.0,Механическая
T87605457N,Kia Rio X,economy,petrol,engine_ignition,0.1,4.23448275862069,196.86087844460968,8.039655172413793,7.913793103448276,3.238235294117647,843,51.706896551724135,14.644545972105831,2020.0,944900.0,100.0,Механическая
T12554358v,Kia Rio,economy,petrol,electro_bug,0.0,4.468908045977011,182.6771650663985,8.039080459770116,7.977011494252873,4.226470588235294,763,49.770114942528735,15.870648481511587,2020.0,944900.0,100.0,Механическая
h-9430035Y,VW Polo VI,economy,petrol,gear_stick,0.1,4.501609195402299,100.97409680736844,7.8,8.522988505747126,4.029411764705882,977,44.3448275862069,10.288696964641211,,,,
O22101080f,Skoda Rapid,economy,petrol,another_bug,0.1,4.763045977011494,195.0,8.172413793103448,16.81981981981982,3.923529411764706,883,44.28735632183908,10.109124872476832,2019.0,847000.0,90.0,Механическая
Q71887331L,Smart ForFour,economy,petrol,another_bug,0.1,4.798275862068965,181.6191795547014,8.12816091954023,15.632,3.461764705882353,941,43.86206896551724,9.69556529791241,2014.0,890000.0,71.0,Механическая
q98465080J,Nissan Qashqai,standart,petrol,engine_fuel,0.1,4.046321839080459,167.24612671139062,8.160344827586208,17.902439024390244,3.6411764705882352,895,51.28735632183908,15.5767041457977,2017.0,1413000.0,115.0,Механическая
g16521808T,Nissan Qashqai,standart,petrol,engine_fuel,0.1,4.045402298850575,163.49877813594702,8.091379310344829,15.356521739130434,2.873529411764706,849,50.235632183908045,12.449049707322011,2017.0,1413000.0,115.0,Механическая
h-1921200Q,Tesla Model 3,premium,electro,break_bug,0.1,5.255344827586207,105.88639597817738,9.218390804597702,11.732558139534884,3.3588235294117648,858,45.867816091954026,9.939109347670035,,,,
Y11727925P,Renault Sandero,standart,petrol,break_bug,0.1,5.361896551724138,117.2940431937672,8.039080459770116,7.589595375722543,3.5352941176470587,899,45.13218390804597,11.315741700475412,2018.0,697000.0,82.0,Механическая
q92431240q,Kia Rio X,economy,petrol,break_bug,0.1,5.468218390804598,120.0,8.027586206896551,7.511494252873563,3.802941176470589,961,45.32758620689656,12.0893416933773,2020.0,944900.0,100.0,Механическая
A-1921611o,Kia Rio X,economy,petrol,wheel_shake,0.1,4.600344827586207,152.43212987618224,8.194252873563219,18.463636363636365,4.385294117647058,820,45.36206896551724,10.144673039105832,2020.0,944900.0,100.0,Механическая
F-7066018m,Kia Rio X,economy,petrol,wheel_shake,0.1,4.677298850574712,118.01747360814248,8.122988505747127,15.333333333333334,4.632352941176471,882,43.08045977011494,8.539223869653496,2020.0,944900.0,100.0,Механическая
J30439877U,VW Polo VI,economy,petrol,electro_bug,0.0,4.686781609195402,200.0,7.9270114942528735,7.293103448275862,3.497058823529412,862,48.3448275862069,13.251090116532303,,,,
l76478248L,Kia Sportage,standart,petrol,gear_stick,0.1,4.28264367816092,101.38763387873698,7.810919540229884,9.098265895953755,3.3529411764705883,974,44.10919540229885,9.58892825156286,2018.0,1544900.0,150.0,Механическая
p36740787D,Smart ForTwo,economy,petrol,engine_check,0.1,4.731551724137931,153.28482205240246,8.09367816091954,14.252032520325203,2.6941176470588237,959,45.86206896551724,11.967366430357735,2014.0,890000.0,71.0,Механическая
t-3165089E,Kia Rio,economy,petrol,engine_fuel,0.1,3.99948275862069,156.0859842414317,8.102298850574712,13.801587301587302,3.226470588235294,989,51.741379310344826,15.363300251518158,2020.0,944900.0,100.0,Механическая
t-1966351G,VW Polo,economy,petrol,electro_bug,0.0,4.522068965517241,162.29906105338816,7.986206896551724,7.183908045977011,4.164705882352941,850,48.3448275862069,13.289856696389322,,,,
I-1759097y,Hyundai Solaris,economy,petrol,engine_fuel,0.1,3.90735632183908,180.7941426629446,8.098850574712644,14.84920634920635,3.3588235294117648,908,49.76436781609196,15.176674199950517,2020.0,780000.0,100.0,Механическая
v14951627H,Smart ForFour,economy,petrol,wheel_shake,0.1,4.620689655172414,118.0,8.136781609195403,16.958333333333332,3.8794117647058814,930,42.80459770114943,9.26967718721311,2014.0,890000.0,71.0,Механическая
I-5231243q,Hyundai Solaris,economy,petrol,engine_overheat,0.1,4.177183908045977,198.9419691123896,7.9143678160919535,9.491329479768789,3.252941176470588,851,50.97701149425287,15.65485908536152,2020.0,780000.0,100.0,Механическая
P-1509985h,Renault Kaptur,standart,petrol,another_bug,0.1,4.706551724137931,177.95820656595114,8.1,17.129032258064516,3.5617647058823527,767,44.4080459770115,10.599386157281405,2020.0,1140000.0,114.0,Механическая
Z71955553Q,Kia Rio,economy,petrol,another_bug,0.25,4.812241379310345,167.61184003475722,8.16896551724138,16.83478260869565,3.902941176470588,757,44.62643678160919,9.62977031124966,2020.0,944900.0,100.0,Механическая
R-4978958a,Renault Kaptur,standart,petrol,engine_ignition,0.1,4.263333333333334,169.0,8.045977011494253,7.2988505747126435,2.8323529411764703,929,50.40229885057471,14.279181474666972,2020.0,1140000.0,114.0,Механическая
i22644848F,Smart Coupe,economy,petrol,another_bug,0.1,4.896551724137931,181.2348147265284,8.129310344827585,17.267857142857142,3.8058823529411767,964,44.67816091954023,9.60490512074843,,,,
y15813898N,Renault Kaptur,standart,petrol,engine_check,0.1,4.542356321839081,176.836413298117,8.229310344827587,17.13157894736842,3.597058823529412,880,46.32758620689656,10.70636124080152,2020.0,1140000.0,114.0,Механическая
y24799398d,Kia Rio,economy,petrol,engine_overheat,0.1,4.243045977011494,194.9760786859866,7.72183908045977,8.61271676300578,3.344117647058824,872,49.172413793103445,13.775413212271566,2020.0,944900.0,100.0,Механическая
W-1602334H,Smart Coupe,economy,petrol,engine_fuel,0.1,4.07816091954023,171.85004814166763,8.136781609195403,15.79310344827586,3.958823529411765,878,50.38505747126437,15.530168505579937,,,,
P-2086663p,VW Polo,economy,petrol,engine_ignition,0.1,3.965402298850575,197.9079391712164,8.02471264367816,7.109195402298851,2.591176470588235,826,51.87931034482759,16.329424046641602,,,,
A-1952360y,VW Polo VI,economy,petrol,engine_check,0.1,4.396954022988506,152.0,8.124712643678162,14.784,2.647058823529412,1004,45.53448275862069,9.475643588021631,,,,
f11353067l,VW Tiguan,economy,petrol,another_bug,0.1,4.69816091954023,175.11433481998597,8.058045977011494,14.61344537815126,4.076470588235294,882,44.172413793103445,10.754976690801945,,,,
Z20404510i,Skoda Rapid,economy,petrol,electro_bug,0.0,4.5023563218390805,165.00375926456525,7.964367816091953,7.379310344827586,4.579411764705882,839,51.58620689655172,15.09894282877254,2019.0,847000.0,90.0,Механическая
z-1370671x,VW Polo,economy,petrol,gear_stick,0.1,4.154310344827587,100.32935152288492,7.787931034482758,9.017241379310343,3.3588235294117648,779,45.13218390804597,9.224859530272834,,,,
i-1641236y,Mercedes-Benz GLC,business,petrol,break_bug,0.15,5.310114942528736,114.0377190366302,8.463793103448277,8.614942528735632,4.097058823529412,1006,44.58045977011494,9.852194838714404,2019.0,4690000.0,197.0,Классический автомат
q-2131513C,Nissan Qashqai,standart,petrol,break_bug,0.18,5.43316091954023,104.93084449764316,8.069540229885057,7.948275862068965,4.0,964,44.27586206896552,9.203153085176233,2017.0,1413000.0,115.0,Механическая
m10508273p,Skoda Rapid,economy,petrol,break_bug,0.1,5.544942528735633,111.1283170618472,8.02183908045977,7.166666666666667,2.911764705882353,816,45.0,10.753141764315586,2019.0,847000.0,90.0,Механическая
F-1309656v,Renault Kaptur,standart,petrol,gear_stick,0.1,4.5648850574712645,118.02843722742188,7.877586206896552,8.591954022988507,3.8705882352941177,825,44.92528735632184,10.69277448642433,2020.0,1140000.0,114.0,Механическая
X29439521Y,Smart Coupe,economy,petrol,wheel_shake,0.1,4.685574712643678,141.31664962964658,8.139080459770115,17.110169491525422,3.602941176470588,856,45.4080459770115,10.54799894334734,,,,
L56695370k,Kia Rio X,economy,petrol,another_bug,0.1,4.69316091954023,192.0,8.151149425287356,14.968,3.682352941176471,958,43.867816091954026,9.61813069039629,2020.0,944900.0,100.0,Механическая
w-3360902w,Smart ForFour,economy,petrol,another_bug,0.1,4.632816091954023,200.0,8.11896551724138,16.016806722689076,3.1911764705882355,854,45.75862068965517,10.735889265343593,2014.0,890000.0,71.0,Механическая
Z12981419x,Kia Rio X-line,economy,petrol,gear_stick,0.1,4.285344827586207,119.18247607967756,7.825287356321838,9.31791907514451,4.052941176470589,817,45.05172413793103,11.80245259188004,2020.0,944900.0,100.0,Механическая
Z82302317n,Kia Rio X-line,economy,petrol,wheel_shake,0.54,4.597298850574712,137.0357596346183,8.089655172413792,16.69747899159664,2.988235294117647,772,43.241379310344826,9.207267194166343,2020.0,944900.0,100.0,Механическая
u20627445L,Kia Rio,economy,petrol,another_bug,0.1,4.766436781609196,200.0,8.166666666666666,15.63963963963964,3.808823529411765,815,44.39655172413793,10.761104744583555,2020.0,944900.0,100.0,Механическая
i-2063652a,Kia Sportage,standart,petrol,another_bug,0.1,4.707011494252874,200.0,8.136206896551725,16.521367521367523,3.894117647058824,944,45.46551724137931,10.620433218755077,2018.0,1544900.0,150.0,Механическая
D53387197K,Kia Rio X-line,economy,petrol,wheel_shake,0.1,4.582356321839081,129.35581325414668,8.07816091954023,18.554621848739497,3.5558823529411767,867,43.54597701149425,9.772892846494528,2020.0,944900.0,100.0,Механическая
T46205315a,Renault Sandero,standart,petrol,break_bug,0.1,5.539885057471265,111.36865681769852,8.039080459770116,8.045977011494253,3.164705882352941,894,45.41379310344828,10.384015867148928,2018.0,697000.0,82.0,Механическая
o-1654709m,Skoda Rapid,economy,petrol,another_bug,0.1,4.745862068965517,200.0,8.108045977011495,17.85217391304348,3.6676470588235297,948,43.58045977011494,9.735927613360314,2019.0,847000.0,90.0,Механическая
Y18898842Z,Nissan Qashqai,standart,petrol,electro_bug,0.0,4.140632183908046,195.0,7.98735632183908,7.626436781609195,3.2029411764705884,880,49.298850574712645,14.447925180585123,2017.0,1413000.0,115.0,Механическая
U-1438444g,Smart ForFour,economy,petrol,engine_fuel,0.1,4.082068965517241,167.2521003392712,8.048850574712644,15.816,4.585294117647059,1067,48.14367816091954,14.055506819110574,2014.0,890000.0,71.0,Механическая
B22148840H,Hyundai Solaris,economy,petrol,wheel_shake,0.25,4.675,119.0,8.095977011494254,14.956140350877194,3.679411764705882,916,43.68390804597701,11.368655555850255,2020.0,780000.0,100.0,Механическая
p-7909067P,Hyundai Solaris,economy,petrol,engine_ignition,0.1,4.617528735632185,186.25183847898808,7.974712643678161,7.114942528735632,3.0,787,50.01724137931034,15.07609758384391,2020.0,780000.0,100.0,Механическая
K82118402p,VW Polo,economy,petrol,break_bug,0.78,5.422988505747127,121.8886583430138,7.967241379310344,7.219653179190751,3.135294117647059,858,43.770114942528735,10.781273798888344,,,,
P-1904625Y,Kia Rio X-line,economy,petrol,gear_stick,0.61,4.571264367816092,118.58739314987572,7.746551724137931,9.224137931034482,3.864705882352941,948,44.48275862068966,10.436000461902118,2020.0,944900.0,100.0,Механическая
B63005670E,Smart ForTwo,economy,petrol,another_bug,0.1,4.73396551724138,200.0,8.147701149425288,16.483870967741936,3.6176470588235294,1020,44.798850574712645,10.68626685279847,2014.0,890000.0,71.0,Механическая
a-1298983n,Renault Kaptur,standart,petrol,gear_stick,0.1,4.467758620689655,116.70006453626114,7.832183908045977,8.705202312138729,3.7588235294117647,895,45.1551724137931,11.030910418101604,2020.0,1140000.0,114.0,Механическая
a-8447401l,Smart Coupe,economy,petrol,break_bug,0.54,5.287068965517242,101.4106326020554,8.002298850574713,7.028735632183908,3.0205882352941176,950,43.85057471264368,10.422883600902848,,,,
i13565099o,Renault Kaptur,standart,petrol,engine_overheat,0.1,3.7518390804597694,197.2891868894773,7.862643678160919,9.61271676300578,4.5,867,50.56896551724138,14.482732874869155,2020.0,1140000.0,114.0,Механическая
f-1485816K,VW Tiguan,economy,petrol,gear_stick,0.1,4.473793103448276,110.58112161024386,7.829310344827586,8.89080459770115,3.982352941176471,854,44.39080459770115,10.763196037620803,,,,
g15201375h,Kia Rio X-line,economy,petrol,gear_stick,0.1,4.368275862068966,112.80222331214486,7.852298850574712,9.226744186046512,3.767647058823529,984,44.5,9.93141218442164,2020.0,944900.0,100.0,Механическая
d-1056916g,Kia Sportage,standart,petrol,break_bug,0.1,5.319540229885058,123.34376642323302,7.985632183908046,7.310344827586207,3.5294117647058822,852,43.293103448275865,9.98381688341142,2018.0,1544900.0,150.0,Механическая
w-8386823A,Kia Rio X-line,economy,petrol,another_bug,0.1,4.773735632183908,200.0,8.13390804597701,18.983193277310924,4.1000000000000005,825,45.31609195402299,10.360444715199147,2020.0,944900.0,100.0,Механическая
e14576423c,Nissan Qashqai,standart,petrol,engine_ignition,0.1,4.002298850574713,182.40711171431923,7.994827586206896,7.614942528735632,2.7588235294117647,935,50.07471264367816,15.341588182180844,2017.0,1413000.0,115.0,Механическая
U15626570a,VW Tiguan,economy,petrol,electro_bug,0.0,4.179310344827586,177.29520056355477,8.016666666666667,7.5491329479768785,3.779411764705882,812,49.62643678160919,15.972649743584824,,,,
C16763454I,VW Polo VI,economy,petrol,gear_stick,0.1,4.477931034482759,120.32273729177884,7.887356321839081,8.482758620689655,4.091176470588235,914,44.48850574712644,10.166668028157725,,,,
p-1077837n,VW Polo VI,economy,petrol,engine_fuel,0.1,4.3148275862068965,177.2981381736654,8.059770114942529,18.24,3.597058823529412,766,50.58045977011494,15.64792799876206,,,,
x-1500687G,Skoda Rapid,economy,petrol,engine_check,0.1,4.51683908045977,152.00961431052818,8.144252873563218,15.638461538461538,2.647058823529412,1038,44.33908045977012,9.46761875710598,2019.0,847000.0,90.0,Механическая
H22971297C,Smart ForFour,economy,petrol,wheel_shake,0.1,4.55683908045977,119.0,8.108620689655172,17.243478260869566,4.8088235294117645,1120,44.11494252873563,9.325117163461536,2014.0,890000.0,71.0,Механическая
v99331575G,Hyundai Solaris,economy,petrol,engine_ignition,0.1,4.121206896551724,186.7842207031385,7.949425287356322,7.068965517241379,2.570588235294118,818,52.00574712643678,14.692020218781884,2020.0,780000.0,100.0,Механическая
H-7693291w,Mercedes-Benz GLC,business,petrol,gear_stick,0.1,4.323793103448276,127.47051949945131,8.255172413793105,10.086206896551724,3.911764705882353,921,45.86206896551724,11.474195642258968,2019.0,4690000.0,197.0,Классический автомат
f61114188C,VW Polo,economy,petrol,wheel_shake,0.44,4.656206896551724,119.0,8.139655172413793,15.008403361344538,4.15,922,44.1551724137931,10.9862789739131,,,,
B-3413598z,Smart Coupe,economy,petrol,another_bug,0.1,4.573620689655172,167.0,8.109770114942528,19.690265486725664,3.0647058823529414,805,43.45402298850575,9.809495277273149,,,,
J-2163633P,Smart ForFour,economy,petrol,electro_bug,0.0,4.091609195402299,200.0,8.157471264367816,7.804597701149425,3.8176470588235296,940,48.672413793103445,15.01566187866439,2014.0,890000.0,71.0,Механическая
c96131700J,VW Polo VI,economy,petrol,another_bug,0.1,4.539540229885057,168.8894381584821,8.158045977011493,17.80672268907563,3.7235294117647055,886,43.87931034482759,10.037060089696077,,,,
Q-1467343c,Smart ForTwo,economy,petrol,gear_stick,0.1,4.569885057471264,104.4658514695168,7.783908045977012,8.60344827586207,4.347058823529412,1006,44.27586206896552,10.014659376720315,2014.0,890000.0,71.0,Механическая
K47229301D,Mini Cooper,business,petrol,engine_check,0.1,4.679080459770114,170.71923754961594,8.172988505747126,17.130769230769232,3.176470588235294,841,44.1551724137931,11.710084173795886,2014.0,1950000.0,231.0,Классический автомат
Y-1641594R,VW Tiguan,economy,petrol,another_bug,0.1,4.86367816091954,172.08779508238806,8.12816091954023,19.65354330708661,3.7588235294117647,895,44.89080459770115,10.907632499663915,,,,
q33500226d,VW Polo VI,economy,petrol,engine_fuel,0.1,3.898850574712644,167.38091760157695,7.9977011494252865,15.73394495412844,4.108823529411764,958,50.5632183908046,14.600024664976624,,,,
x-8934991u,Smart Coupe,economy,petrol,engine_fuel,0.1,4.329137931034483,189.1875556857601,8.059195402298851,15.0,4.855882352941176,982,50.02298850574713,13.3012903120406,,,,
H41383708k,Hyundai Solaris,economy,petrol,another_bug,0.1,4.805459770114942,187.4362886043643,8.139655172413793,18.103174603174605,3.297058823529412,918,45.22988505747127,9.276985195739613,2020.0,780000.0,100.0,Механическая
g91653716Y,Hyundai Solaris,economy,petrol,engine_overheat,0.1,4.026954022988505,184.1024563499222,7.738505747126437,8.545977011494253,3.45,759,48.22988505747127,14.23437275108284,2020.0,780000.0,100.0,Механическая
C11147530X,MINI CooperSE,business,electro,another_bug,0.1,4.762298850574712,185.1954015402653,8.164942528735633,15.672566371681416,3.652941176470588,862,44.7183908045977,11.195375064241835,2014.0,1950000.0,231.0,Классический автомат
u-2300894n,Kia Sportage,standart,petrol,engine_check,0.1,4.534655172413793,186.7902822918467,8.105747126436782,21.584745762711865,3.676470588235294,881,45.68390804597701,11.25829557797162,2018.0,1544900.0,150.0,Механическая
Q17527154g,Nissan Qashqai,standart,petrol,gear_stick,0.1,4.301149425287356,113.84261391173504,7.804597701149425,8.919540229885058,3.864705882352941,773,44.55172413793103,9.775229542936671,2017.0,1413000.0,115.0,Механическая
m-2207671H,Smart ForFour,economy,petrol,engine_overheat,0.1,3.89132183908046,181.46709819205057,7.7666666666666675,9.408045977011492,4.008823529411765,1003,50.56896551724138,15.040345051576454,2014.0,890000.0,71.0,Механическая
n21219044S,Volkswagen ID.4 ,premium,electro,electro_bug,0.0,4.2172413793103445,197.0,9.122988505747127,12.052023121387284,4.347058823529412,838,50.57471264367816,14.557545514949943,,,,
Y-1909289A,Kia Rio X,economy,petrol,engine_check,0.1,4.662241379310345,162.80299103075882,8.099425287356322,15.726495726495726,3.047058823529412,805,43.64942528735632,9.29591088626437,2020.0,944900.0,100.0,Механическая
n31468349R,VW Polo,economy,petrol,break_bug,0.33,5.431494252873564,111.28419645369831,7.968965517241378,6.488505747126437,3.147058823529412,848,44.55172413793103,10.725431525268764,,,,
r32178017j,Kia Rio X,economy,petrol,another_bug,0.1,4.579885057471264,181.2322252094958,8.17183908045977,18.88976377952756,4.632352941176471,881,44.798850574712645,11.143820644445857,2020.0,944900.0,100.0,Механическая
q83106491d,Kia Sportage,standart,petrol,another_bug,0.1,4.57683908045977,182.0,8.158045977011493,15.338842975206612,3.5794117647058825,863,43.5632183908046,10.394197079846462,2018.0,1544900.0,150.0,Механическая
w30595040m,Nissan Qashqai,standart,petrol,break_bug,0.1,5.227701149425287,112.99088230027456,7.975862068965517,6.919540229885057,3.2411764705882358,839,45.55747126436781,10.213027294417188,2017.0,1413000.0,115.0,Механическая
x-1954941U,Renault Sandero,standart,petrol,engine_fuel,0.1,3.734080459770115,175.58048182195347,8.013218390804598,13.83898305084746,4.135294117647058,905,49.0,13.927143207387337,2018.0,697000.0,82.0,Механическая
V-3403078z,VW Tiguan,economy,petrol,wheel_shake,0.1,4.7346551724137935,125.18672045856871,8.019540229885058,13.603305785123966,3.6852941176470586,870,44.5,10.997503657885376,,,,
a10804017l,Smart ForFour,economy,petrol,break_bug,0.1,5.281091954022989,110.06039104981753,8.01264367816092,7.242774566473988,4.017647058823529,1015,44.70114942528736,9.893788490477547,2014.0,890000.0,71.0,Механическая
Y11021530E,Renault Kaptur,standart,petrol,gear_stick,0.1,4.438103448275863,102.879120339451,7.851149425287356,9.114942528735632,4.267647058823529,933,44.11494252873563,10.029926650249974,2020.0,1140000.0,114.0,Механическая
w-1503651B,VW Polo VI,economy,petrol,electro_bug,0.0,4.397241379310345,185.54671444768323,8.001149425287357,7.270114942528735,3.770588235294117,939,50.95977011494253,15.593224849867449,,,,
r-6945448j,BMW 320i,business,petrol,another_bug,0.45,4.641091954022988,200.0,8.155172413793103,18.748031496062996,3.5323529411764705,859,44.27586206896552,9.926539024161748,,,,
Z11816007p,VW Tiguan,economy,petrol,engine_ignition,0.1,4.012241379310344,181.29541569964903,7.992528735632185,7.248554913294797,3.011764705882353,749,51.43103448275862,14.605936004026493,,,,
x13838636N,VW Tiguan,economy,petrol,engine_check,0.15,4.85867816091954,148.0,7.973563218390805,14.338582677165354,3.126470588235294,886,44.5632183908046,9.99734201603385,,,,
t-1367911e,VW Polo VI,economy,petrol,break_bug,0.46,5.412816091954023,111.63192064403034,8.02183908045977,7.695402298850575,3.244117647058824,826,45.706896551724135,10.230310773433452,,,,
v56255169f,Renault Kaptur,standart,petrol,electro_bug,0.0,4.536206896551724,200.0,7.961494252873563,7.948275862068965,2.923529411764706,819,50.11494252873563,14.255249747808724,2020.0,1140000.0,114.0,Механическая
B-4259316m,Kia Sportage,standart,petrol,electro_bug,0.0,4.329885057471264,179.10130948259808,7.996551724137931,7.551724137931035,4.079411764705882,777,51.3448275862069,15.472390167151053,2018.0,1544900.0,150.0,Механическая
v-7924266I,Smart ForTwo,economy,petrol,engine_overheat,0.1,4.245402298850575,185.4665796029404,7.853448275862069,9.213872832369942,4.3500000000000005,692,47.52873563218391,13.435213055148033,2014.0,890000.0,71.0,Механическая
L12695976N,MINI CooperSE,business,electro,engine_check,0.1,4.490632183908046,149.0,8.194827586206896,14.382113821138212,2.7058823529411766,839,45.78735632183908,11.106195787851084,2014.0,1950000.0,231.0,Классический автомат
q-8187613B,Skoda Rapid,economy,petrol,engine_overheat,0.1,4.054770114942529,197.73130911925824,7.801724137931035,9.087719298245617,3.779411764705882,888,50.747126436781606,14.986482071323302,2019.0,847000.0,90.0,Механическая
e16015891b,Kia Sportage,standart,petrol,engine_fuel,0.1,4.233908045977012,162.6819294917136,8.122413793103448,14.91150442477876,3.067647058823529,754,49.7816091954023,14.144118071065394,2018.0,1544900.0,150.0,Механическая
x-5000537P,Kia Rio X,economy,petrol,electro_bug,0.0,4.205287356321839,172.16809130590545,8.020689655172413,7.563218390804598,3.3705882352941177,821,49.54022988505747,14.537418013189276,2020.0,944900.0,100.0,Механическая
D-7880387d,Kia Rio X-line,economy,petrol,electro_bug,0.0,4.038793103448276,193.83730520037955,7.950574712643679,7.425287356321839,3.488235294117647,857,50.58620689655172,15.006396881960429,2020.0,944900.0,100.0,Механическая
H31712627R,VW Polo,economy,petrol,engine_check,0.1,4.482586206896552,175.46332580274452,8.122988505747127,14.81967213114754,2.588235294117647,910,44.2816091954023,10.537903277597849,,,,
f-7760435s,Renault Kaptur,standart,petrol,engine_overheat,0.1,4.057413793103448,189.0,7.899999999999999,9.31791907514451,4.597058823529412,862,49.798850574712645,13.177305716815615,2020.0,1140000.0,114.0,Механическая
a-1602414F,Smart ForTwo,economy,petrol,wheel_shake,0.1,4.6674712643678165,138.71593872781463,8.182183908045976,19.5655737704918,3.5323529411764705,937,44.40229885057471,9.773101897366018,2014.0,890000.0,71.0,Механическая
y-4993026F,Kia Rio X,economy,petrol,gear_stick,0.1,4.526494252873563,108.41344840053908,7.768965517241379,9.022988505747126,3.5205882352941176,850,45.14942528735632,11.462962459081702,2020.0,944900.0,100.0,Механическая
a15377311f,Audi Q3,premium,petrol,another_bug,0.1,4.6482758620689655,200.0,8.059195402298851,14.61111111111111,4.526470588235294,906,43.41954022988506,9.622460948254576,2014.0,2045000.0,150.0,Механическая
U-1696081V,Kia Rio X,economy,petrol,wheel_shake,0.1,4.732586206896552,129.36116373687366,8.063793103448276,15.85593220338983,3.5176470588235293,952,43.833333333333336,9.568785556838195,2020.0,944900.0,100.0,Механическая
s19224549D,Smart ForFour,economy,petrol,engine_check,0.1,4.250344827586207,147.89459568795888,8.11264367816092,20.661016949152543,3.076470588235294,879,45.09770114942529,10.712031774716788,2014.0,890000.0,71.0,Механическая
w20823113G,Kia Rio,economy,petrol,break_bug,0.1,5.1370689655172415,112.92369444208909,7.986781609195402,6.7298850574712645,3.764705882352941,907,44.01149425287356,10.919563239347855,2020.0,944900.0,100.0,Механическая
l-1349820J,MINI CooperSE,business,electro,another_bug,0.1,4.554540229885058,171.49630932076633,8.133333333333333,18.36065573770492,3.8794117647058814,854,45.00574712643678,10.987905661492492,2014.0,1950000.0,231.0,Классический автомат
R-2948274o,VW Polo,economy,petrol,break_bug,0.1,5.1658045977011495,114.41908243397704,7.991379310344827,7.540229885057471,4.420588235294118,860,42.9080459770115,9.993214095156327,,,,
t16782318O,Renault Sandero,standart,petrol,engine_overheat,0.1,4.417701149425287,197.9640772229021,7.859770114942528,8.86046511627907,3.226470588235294,971,48.83908045977012,12.349789788497551,2018.0,697000.0,82.0,Механическая
Y-1457465R,VW Polo,economy,petrol,electro_bug,0.0,4.107873563218391,180.8041498787537,8.038505747126438,7.545977011494253,2.7823529411764705,823,49.51724137931034,14.286387125018978,,,,
v-2144197C,Kia Sportage,standart,petrol,engine_check,0.1,4.462701149425287,155.0,8.087356321839081,17.1640625,3.432352941176471,871,44.1551724137931,10.86086742850595,2018.0,1544900.0,150.0,Механическая
x-2014093y,Nissan Qashqai,standart,petrol,electro_bug,0.0,4.141896551724138,183.0,7.935057471264368,7.448275862068965,3.014705882352941,855,49.98275862068966,14.750908324312311,2017.0,1413000.0,115.0,Механическая
d-4591998F,Smart Coupe,economy,petrol,break_bug,0.36,5.323620689655172,119.55459960465902,8.02471264367816,7.35632183908046,2.7294117647058824,809,45.4367816091954,11.566546488670378,,,,
r-2090723O,Smart Coupe,economy,petrol,break_bug,0.1,5.164080459770115,94.15208521064528,7.925287356321839,7.528735632183908,3.923529411764706,941,43.5,9.789548514390589,,,,
U-1191921E,Fiat 500,business,petrol,engine_ignition,0.1,3.9528735632183913,179.90691797230951,8.100574712643677,7.281609195402299,3.047058823529412,841,48.798850574712645,14.635051710041129,2015.0,990000.0,100.0,Механическая
r-1970023T,VW Polo VI,economy,petrol,wheel_shake,0.1,4.748563218390805,135.82354914244408,8.092528735632184,16.470588235294116,3.302941176470588,966,44.05747126436781,9.79719946045581,,,,
S-1674892M,Hyundai Solaris,economy,petrol,electro_bug,0.0,4.377241379310345,183.9983673134217,8.0183908045977,7.827586206896552,4.167647058823529,926,50.14367816091954,15.578888940248076,2020.0,780000.0,100.0,Механическая
G-2162452R,Fiat 500,business,petrol,gear_stick,0.1,4.697413793103449,117.55067572372576,7.889080459770115,9.367816091954024,3.252941176470588,727,44.45402298850575,9.610065828333434,2015.0,990000.0,100.0,Механическая
A80378730d,Kia Rio X,economy,petrol,wheel_shake,0.1,4.619080459770115,161.10589592785493,8.15632183908046,16.51304347826087,3.1911764705882355,908,42.4367816091954,9.276985195739616,2020.0,944900.0,100.0,Механическая
u-1819284w,Renault Sandero,standart,petrol,another_bug,0.1,4.74367816091954,197.0,8.082183908045977,17.66393442622951,3.9676470588235295,916,46.44252873563219,11.034608009138994,2018.0,697000.0,82.0,Механическая
v-1209318r,Kia Rio X-line,economy,petrol,engine_fuel,0.1,4.197126436781609,167.88180944136872,8.157471264367816,16.085271317829456,3.235294117647059,930,49.94252873563219,13.73645949945234,2020.0,944900.0,100.0,Механическая
p-3416801F,VW Tiguan,economy,petrol,engine_overheat,0.1,4.186551724137932,191.6125521679012,7.85632183908046,8.459770114942529,3.9558823529411766,935,48.67816091954023,13.296089435848948,,,,
g11810192a,VW Tiguan,economy,petrol,engine_check,0.1,4.656034482758621,150.0,8.033333333333333,15.970873786407768,2.4441176470588237,787,45.13218390804597,11.048490015344246,,,,
b46831044u,Hyundai Solaris,economy,petrol,engine_fuel,0.1,4.211436781609195,169.9727719909754,8.168390804597701,17.4765625,4.505882352941176,1037,50.05747126436781,15.248884217184926,2020.0,780000.0,100.0,Механическая
y22428950Y,VW Polo,economy,petrol,gear_stick,0.1,4.601494252873563,92.5087780636002,7.772988505747127,8.39080459770115,3.770588235294117,948,44.793103448275865,9.27566015105079,,,,
v20100933V,Kia Sportage,standart,petrol,engine_overheat,0.1,4.300402298850575,188.063740776142,7.801724137931035,9.045977011494251,3.217647058823529,816,51.66091954022989,15.0196392152188,2018.0,1544900.0,150.0,Механическая
d12165520i,Audi Q3,premium,petrol,electro_bug,0.0,4.220862068965517,167.61970051996792,7.957471264367816,6.586206896551724,3.614705882352941,746,48.04597701149425,13.87592254578333,2014.0,2045000.0,150.0,Механическая
l-2243901f,Smart Coupe,economy,petrol,engine_check,0.74,4.512298850574712,176.3475000243388,8.126436781609195,16.8135593220339,2.723529411764705,864,44.02298850574713,9.845015183593423,,,,
m16922194d,Smart ForFour,economy,petrol,gear_stick,0.1,4.764827586206897,120.21069939675448,7.851724137931034,9.19186046511628,3.6588235294117646,988,45.4080459770115,10.309664565006983,2014.0,890000.0,71.0,Механическая
t-1587546h,Smart ForFour,economy,petrol,engine_fuel,0.1,4.16367816091954,161.20060416831777,8.059195402298851,18.33333333333333,3.144117647058824,773,49.51149425287356,13.788131993909465,2014.0,890000.0,71.0,Механическая
d86346817o,Smart ForFour,economy,petrol,engine_overheat,0.1,4.081149425287356,194.65416658110172,7.882183908045977,9.267441860465116,3.5294117647058822,978,49.47701149425287,14.637707274508609,2014.0,890000.0,71.0,Механическая
l79825102V,Smart Coupe,economy,petrol,wheel_shake,0.1,4.744252873563219,158.98448056840908,8.091379310344829,12.991869918699187,3.8617647058823534,939,44.7816091954023,10.784194479640687,,,,
C-1658821I,Kia Sportage,standart,petrol,another_bug,0.1,4.430804597701149,184.8557951501857,8.092528735632184,15.095652173913043,3.0,934,44.41954022988506,10.48764027945849,2018.0,1544900.0,150.0,Механическая
n-2084367B,VW Polo,economy,petrol,engine_fuel,0.1,4.422643678160919,158.72552066023994,8.100574712643677,18.0,3.576470588235294,904,50.7183908045977,14.172594483359129,,,,
z19301567i,VW Tiguan,economy,petrol,engine_overheat,0.1,3.931551724137931,186.7631212841916,7.758620689655173,8.781609195402298,3.414705882352941,831,50.32183908045977,14.79141623665881,,,,
H-4823323i,Renault Sandero,standart,petrol,break_bug,0.1,5.448103448275862,128.67395470361598,8.031609195402298,7.32183908045977,3.647058823529412,867,44.82183908045977,11.100038278196314,2018.0,697000.0,82.0,Механическая
n31353865P,Kia Rio X-line,economy,petrol,engine_fuel,0.1,3.9669540229885056,165.72900522983534,8.158620689655171,18.766666666666666,4.155882352941177,930,49.241379310344826,14.05724507600861,2020.0,944900.0,100.0,Механическая
i-1314717a,VW Polo,economy,petrol,engine_check,0.1,4.358735632183908,153.7975379620222,8.135057471264368,15.791304347826086,3.6176470588235294,866,44.58620689655172,10.77467779021526,,,,
g88708259n,VW Polo VI,economy,petrol,electro_bug,0.0,4.170344827586207,187.2505821065114,8.019540229885058,6.936781609195402,4.382352941176471,929,50.86206896551724,15.714337486227484,,,,
M10208049m,Audi A4,premium,petrol,engine_overheat,0.1,4.4110344827586205,189.51007170389656,7.807471264367816,9.022988505747126,3.1852941176470586,839,49.04022988505747,14.000561175954523,2015.0,2125000.0,150.0,Робот с одним сцеплением
p10312031l,VW Polo VI,economy,petrol,wheel_shake,0.33,4.538390804597701,123.70873652922684,8.093103448275862,14.782945736434108,3.876470588235295,822,45.08620689655172,10.958066919667258,,,,
j15820254t,Kia Sportage,standart,petrol,engine_fuel,0.1,4.173908045977012,167.11877960599983,8.136781609195403,15.641666666666667,3.1323529411764706,831,50.10344827586207,14.861623374057691,2018.0,1544900.0,150.0,Механическая
b11219834D,VW Polo,economy,petrol,engine_check,0.1,4.630632183908046,168.6074237980778,8.08448275862069,16.049180327868854,2.4705882352941178,960,45.367816091954026,11.511858618163926,,,,
g27845738D,Kia Rio X-line,economy,petrol,wheel_shake,0.12,4.766551724137931,118.0,7.903448275862069,15.328125,2.75,892,44.80459770114943,10.024639102909314,2020.0,944900.0,100.0,Механическая
a-2277951A,Kia Sportage,standart,petrol,engine_fuel,0.1,3.9064367816091954,182.901613754258,8.055172413793104,15.25,3.991176470588235,968,48.14942528735632,14.590383035562963,2018.0,1544900.0,150.0,Механическая
b-8541663W,Renault Sandero,standart,petrol,engine_ignition,0.1,3.972816091954023,192.64610498692457,7.952298850574713,6.649425287356322,3.0352941176470587,974,50.21264367816092,13.506823833914224,2018.0,697000.0,82.0,Механическая
c-1328664u,Smart ForFour,economy,petrol,break_bug,0.1,5.311896551724137,120.00098648808525,8.000574712643678,6.862068965517241,4.264705882352941,975,43.05172413793103,9.782766043457876,2014.0,890000.0,71.0,Механическая
q-1501864D,VW Polo,economy,petrol,gear_stick,0.4,4.06867816091954,106.35772778014424,7.820114942528736,9.436781609195402,3.6,824,45.172413793103445,10.498782639644029,,,,
P-2028474q,Renault Kaptur,standart,petrol,engine_overheat,0.1,4.4222413793103446,171.0,7.863218390804598,9.482758620689657,3.5176470588235293,874,49.0632183908046,13.169922072114009,2020.0,1140000.0,114.0,Механическая
b-1943502r,Smart ForTwo,economy,petrol,break_bug,0.1,5.625689655172414,105.46758568154976,8.040229885057471,7.712643678160919,3.779411764705882,902,43.05172413793103,9.009479427442969,2014.0,890000.0,71.0,Механическая
X13904036v,Hyundai Solaris,economy,petrol,engine_check,0.1,4.579770114942528,166.23919367735942,8.086206896551724,18.641666666666666,2.411764705882353,844,44.98275862068966,10.810225376598044,2020.0,780000.0,100.0,Механическая
p22201009c,Skoda Rapid,economy,petrol,another_bug,0.1,4.871896551724138,200.0,8.03735632183908,15.208,3.426470588235294,843,45.49425287356322,10.3531554634948,2019.0,847000.0,90.0,Механическая
b-1731846p,Smart ForFour,economy,petrol,engine_overheat,0.1,3.955574712643678,191.08191454102663,7.780459770114942,9.202312138728324,4.147058823529412,862,50.62068965517241,15.41093477061938,2014.0,890000.0,71.0,Механическая
m-1232449r,Renault Kaptur,standart,petrol,engine_overheat,0.1,4.268735632183908,188.0,7.802873563218391,8.804597701149426,3.385294117647059,929,48.75862068965517,14.275542379371585,2020.0,1140000.0,114.0,Механическая
s73955878e,Nissan Qashqai,standart,petrol,gear_stick,0.1,4.283448275862069,94.85281121983088,7.887931034482759,9.402298850574711,4.229411764705882,1013,44.11494252873563,9.004719748128904,2017.0,1413000.0,115.0,Механическая
w21104807B,Kia Rio X,economy,petrol,engine_ignition,0.1,3.8601149425287353,186.0,7.966091954022988,7.390804597701149,2.485294117647059,825,48.85632183908046,13.538087578925792,2020.0,944900.0,100.0,Механическая
Y-8714590s,Hyundai Solaris,economy,petrol,electro_bug,0.0,3.753275862068966,195.0,8.005172413793105,7.528735632183908,2.9794117647058824,839,49.96551724137931,14.654359390736952,2020.0,780000.0,100.0,Механическая
n-6604555n,VW Polo VI,economy,petrol,electro_bug,0.0,4.049597701149425,200.0,7.975862068965517,7.431034482758621,5.002941176470588,957,48.86206896551724,14.120187994125146,,,,
B20112755F,Smart ForTwo,economy,petrol,engine_ignition,0.1,4.077528735632184,199.0133679261376,8.025862068965518,8.126436781609195,2.8000000000000003,845,50.798850574712645,13.87307446829925,2014.0,890000.0,71.0,Механическая
r-1818598c,Kia Sportage,standart,petrol,electro_bug,0.0,4.50603448275862,174.11864582581347,8.030459770114943,8.35632183908046,3.088235294117647,916,49.270114942528735,15.13681432678588,2018.0,1544900.0,150.0,Механическая
b48529290x,VW Polo,economy,petrol,break_bug,0.1,5.3196551724137935,105.92153806100768,7.967816091954023,6.896551724137931,3.5323529411764705,807,44.10919540229885,10.40034606120446,,,,
P91727327m,Smart ForFour,economy,petrol,wheel_shake,0.1,4.596781609195403,165.4200676391832,8.057471264367816,17.336,3.4000000000000004,747,45.32758620689656,10.180545764299644,2014.0,890000.0,71.0,Механическая
J20066002Q,VW Tiguan,economy,petrol,engine_ignition,0.1,3.8718390804597695,189.418776342528,7.93735632183908,7.057471264367816,2.9352941176470586,916,49.8448275862069,14.098499560396297,,,,
P-2704218g,VW Polo,economy,petrol,engine_check,0.1,4.393218390804598,168.0,8.089080459770114,16.805084745762713,3.338235294117647,888,43.82758620689656,8.822864275523981,,,,
l-1379405m,Kia Rio X-line,economy,petrol,electro_bug,0.0,4.299080459770114,184.30251364324383,7.975287356321839,7.649425287356322,3.161764705882353,837,50.2528735632184,14.401122620662822,2020.0,944900.0,100.0,Механическая
C-1517922h,VW Polo,economy,petrol,engine_overheat,0.1,4.022068965517241,197.3040592334933,7.900574712643678,10.06896551724138,3.9,864,48.53448275862069,13.867517896908888,,,,
I-3302827r,Kia Sportage,standart,petrol,gear_stick,0.1,4.560919540229885,117.35411293271132,7.788505747126437,9.17816091954023,4.447058823529411,1042,44.45977011494253,9.675431728744655,2018.0,1544900.0,150.0,Механическая
t-2006618I,Audi A3,premium,petrol,electro_bug,0.0,4.272586206896551,200.0,7.9977011494252865,7.0344827586206895,4.3088235294117645,797,48.5632183908046,13.27538567148225,2016.0,1645000.0,150.0,Робот с одним сцеплением
E-6273926P,Hyundai Solaris,economy,petrol,wheel_shake,0.1,4.597701149425287,119.0,8.080459770114942,19.1404958677686,3.447058823529412,871,43.63793103448276,9.035635825429374,2020.0,780000.0,100.0,Механическая
a10698807I,Hyundai Solaris,economy,petrol,break_bug,0.35,5.450287356321839,116.39574633496532,8.059195402298851,7.557471264367816,3.3911764705882352,714,44.47701149425287,9.86012230281434,2020.0,780000.0,100.0,Механическая
A15941630F,Kia Sportage,standart,petrol,engine_overheat,0.1,4.21816091954023,191.6640187876739,7.829310344827586,9.196531791907514,3.0205882352941176,711,50.62643678160919,14.655330737379895,2018.0,1544900.0,150.0,Механическая
t-4403975D,Kia Rio X-line,economy,petrol,another_bug,0.1,4.791206896551724,200.0,8.089080459770114,19.89075630252101,3.4705882352941178,907,44.39655172413793,10.384414157997725,2020.0,944900.0,100.0,Механическая
R14388702V,Kia Rio X-line,economy,petrol,engine_check,0.1,4.651609195402298,174.58479675050268,8.13390804597701,16.417391304347827,2.7058823529411766,891,46.02873563218391,10.19601427336455,2020.0,944900.0,100.0,Механическая
j-9803131z,Skoda Rapid,economy,petrol,electro_bug,0.0,4.313850574712644,197.11626122687056,8.016091954022988,7.103448275862069,3.764705882352941,915,51.3448275862069,14.391172299139226,2019.0,847000.0,90.0,Механическая
V-2042242Z,Smart ForTwo,economy,petrol,engine_check,0.54,4.565574712643678,158.0,8.099425287356322,14.572649572649572,2.344117647058824,854,44.689655172413794,9.558835569914413,2014.0,890000.0,71.0,Механическая
Q-2229156F,Smart ForTwo,economy,petrol,engine_check,0.1,4.724482758620689,181.35840883362656,8.147701149425288,14.98198198198198,3.088235294117647,820,43.55747126436781,9.155346928629337,2014.0,890000.0,71.0,Механическая
P17330852B,VW Polo,economy,petrol,gear_stick,0.1,4.351034482758621,119.09966024650632,7.833333333333333,9.109826589595375,3.6411764705882352,788,44.62643678160919,10.60884089564734,,,,
f11770501z,Skoda Rapid,economy,petrol,break_bug,0.32,5.292528735632184,118.59316915833226,7.981034482758621,7.179190751445087,3.48235294117647,892,44.22413793103448,9.7305485889613,2019.0,847000.0,90.0,Механическая
O-7679980f,MINI CooperSE,business,electro,engine_ignition,0.1,4.308448275862069,195.1367262465161,8.108620689655172,8.206896551724139,2.9382352941176477,921,50.747126436781606,15.765051265564807,2014.0,1950000.0,231.0,Классический автомат
d-4958292z,Hyundai Solaris,economy,petrol,wheel_shake,0.22,4.7443103448275865,162.79119462060777,8.14655172413793,15.069565217391304,3.2058823529411766,883,44.172413793103445,10.282941591857009,2020.0,780000.0,100.0,Механическая
i24986996P,Nissan Qashqai,standart,petrol,electro_bug,0.0,4.607413793103449,179.9811537995444,8.018965517241378,7.166666666666667,3.1411764705882352,905,49.833333333333336,13.990948078347694,2017.0,1413000.0,115.0,Механическая
q96758261e,Smart ForFour,economy,petrol,engine_check,0.39,4.79103448275862,153.33696388741285,8.065517241379311,17.728,2.1941176470588237,825,44.54022988505747,9.590222137181652,2014.0,890000.0,71.0,Механическая
r15504196O,Smart Coupe,economy,petrol,break_bug,0.1,5.376149425287356,104.77922716181754,8.01206896551724,8.258620689655173,4.176470588235294,973,44.189655172413794,10.956229621108918,,,,
s-9164758n,Renault Kaptur,standart,petrol,engine_overheat,0.1,4.102413793103449,193.8140948899118,7.875287356321839,9.10344827586207,3.394117647058824,923,50.12643678160919,15.222287127116392,2020.0,1140000.0,114.0,Механическая
R16339581p,Hyundai Solaris,economy,petrol,another_bug,0.1,4.966781609195403,191.0,8.062068965517241,15.34920634920635,3.4823529411764707,806,43.25862068965517,9.93835393872453,2020.0,780000.0,100.0,Механическая
Z92202314D,VW Polo VI,economy,petrol,engine_overheat,0.1,4.045172413793104,197.44722010910607,7.896551724137931,8.80232558139535,3.841176470588235,858,51.48850574712644,14.752579280999075,,,,
A10851146v,VW Polo,economy,petrol,break_bug,0.1,5.357183908045977,106.57751824343904,8.052873563218391,7.902298850574713,4.594117647058823,1070,44.59770114942529,10.12746482678101,,,,
Z49218892E,VW Polo VI,economy,petrol,gear_stick,0.1,4.503793103448276,117.98874953464332,7.9270114942528735,8.591954022988507,3.997058823529412,900,42.83908045977012,10.556069468214304,,,,
Y10613935s,Skoda Rapid,economy,petrol,break_bug,0.1,5.304942528735633,114.0,8.038505747126438,7.431034482758621,4.264705882352941,850,44.63218390804597,10.775282078604569,2019.0,847000.0,90.0,Механическая
C-6633868m,Skoda Rapid,economy,petrol,wheel_shake,0.1,4.773793103448276,120.7491570030344,7.980459770114942,16.31858407079646,3.4647058823529413,866,45.12643678160919,10.914597106840487,2019.0,847000.0,90.0,Механическая
R12442788C,Nissan Qashqai,standart,petrol,engine_ignition,0.1,4.191149425287357,196.0,8.104022988505747,7.551724137931035,2.764705882352941,906,50.02873563218391,14.358107077695204,2017.0,1413000.0,115.0,Механическая
N-2189109n,Renault Kaptur,standart,petrol,engine_fuel,0.1,4.307471264367816,190.94752262171028,8.102298850574712,16.54237288135593,3.385294117647059,906,50.16091954022989,14.234512779257775,2020.0,1140000.0,114.0,Механическая
x-1111076W,VW Polo VI,economy,petrol,electro_bug,0.0,4.549080459770114,173.93107580561323,8.004022988505747,7.959770114942529,3.447058823529412,754,48.44252873563219,14.45601766558565,,,,
e23025129X,Nissan Qashqai,standart,petrol,break_bug,0.1,5.415057471264368,104.98422467976398,7.977011494252873,7.705202312138728,3.273529411764706,746,43.04597701149425,9.09221612846044,2017.0,1413000.0,115.0,Механическая
I-1847374X,VW Polo VI,economy,petrol,engine_ignition,0.1,4.161436781609195,194.37575864887563,8.074137931034484,7.526011560693641,2.4382352941176477,847,49.54597701149425,14.66290435312297,,,,
k15171262X,Smart ForFour,economy,petrol,engine_overheat,0.1,4.123908045977011,180.9807301319001,7.830459770114943,9.369942196531792,4.191176470588236,926,49.94252873563219,14.7494342572715,2014.0,890000.0,71.0,Механическая
d-2112406w,Renault Kaptur,standart,petrol,break_bug,0.69,5.298103448275862,107.7391980093802,7.974712643678161,7.2988505747126435,2.926470588235294,797,44.40229885057471,10.576404942396437,2020.0,1140000.0,114.0,Механическая
x-1408552U,VW Polo VI,economy,petrol,wheel_shake,0.1,4.585114942528736,121.11572909053284,8.114942528735632,15.358333333333333,3.9558823529411766,748,45.12643678160919,11.124939018032409,,,,
Z34332118r,Smart Coupe,economy,petrol,engine_ignition,0.1,4.318045977011495,193.0,7.999425287356322,7.166666666666667,2.844117647058824,1076,50.70114942528736,14.79815247219259,,,,
h-2930740k,Audi A4,premium,petrol,engine_overheat,0.1,4.463218390804598,188.0,8.0,9.60919540229885,3.179411764705882,695,49.04022988505747,14.040552002143006,2015.0,2125000.0,150.0,Робот с одним сцеплением
V-9728915a,VW Polo VI,economy,petrol,engine_overheat,0.1,4.076609195402299,198.32389317110048,7.793103448275862,8.988505747126437,3.747058823529412,804,51.13218390804597,14.621616701711297,,,,
M17938835z,Skoda Rapid,economy,petrol,wheel_shake,0.1,4.589367816091953,119.0,8.064367816091954,17.736842105263158,3.4441176470588237,826,44.63218390804597,10.897435602811672,2019.0,847000.0,90.0,Механическая
d42149834P,Nissan Qashqai,standart,petrol,engine_fuel,0.1,3.749770114942529,193.1903193516084,8.15344827586207,14.130434782608695,3.4382352941176477,730,50.35632183908046,14.409355512212327,2017.0,1413000.0,115.0,Механическая
y37826050q,Smart ForFour,economy,petrol,engine_check,0.1,4.4671839080459765,170.55702493153137,8.12183908045977,15.584,3.152941176470588,905,45.08045977011494,12.062667187309058,2014.0,890000.0,71.0,Механическая
j-1349295E,Renault Kaptur,standart,petrol,engine_overheat,0.1,4.150459770114942,195.8573427531956,7.900574712643678,9.362068965517242,3.235294117647059,929,49.2528735632184,13.159509092522246,2020.0,1140000.0,114.0,Механическая
I47319182n,Kia Rio X-line,economy,petrol,engine_overheat,0.1,4.372011494252874,183.40823464876328,7.817816091954023,9.630057803468208,3.905882352941177,935,49.64942528735632,15.612655112689716,2020.0,944900.0,100.0,Механическая
f-1300760u,Kia Sportage,standart,petrol,break_bug,1.1,5.353793103448276,110.49121563092096,8.01494252873563,7.040229885057471,3.991176470588235,811,44.54597701149425,10.623110422634772,2018.0,1544900.0,150.0,Механическая
v14623001k,Smart Coupe,economy,petrol,another_bug,0.59,4.85264367816092,190.0,8.167816091954023,14.33898305084746,3.623529411764706,909,45.793103448275865,11.264182254989915,,,,
f-1863210S,Hyundai Solaris,economy,petrol,another_bug,0.1,4.532931034482759,191.0,8.12183908045977,16.133928571428573,2.926470588235294,799,44.51724137931034,11.481437211364655,2020.0,780000.0,100.0,Механическая
t94682640x,Kia Rio X,economy,petrol,engine_overheat,0.1,4.150459770114942,199.3953804796364,7.789655172413793,8.936416184971097,3.1882352941176477,756,50.247126436781606,14.492248987380975,2020.0,944900.0,100.0,Механическая
L-6391483w,Skoda Rapid,economy,petrol,engine_overheat,0.1,4.095,189.48483782671656,7.890229885057471,9.057803468208093,3.979411764705883,978,49.7816091954023,14.270650010801258,2019.0,847000.0,90.0,Механическая
s18030533g,VW Polo VI,economy,petrol,break_bug,0.1,5.539770114942528,117.77742212019918,8.066666666666666,8.040229885057471,3.408823529411765,811,44.72413793103448,9.544165248621995,,,,
I-3655411V,VW Polo VI,economy,petrol,electro_bug,0.0,4.433390804597701,200.0,8.021264367816093,7.511494252873563,4.3088235294117645,996,49.7816091954023,13.449907309869346,,,,
Q-3432704o,VW Tiguan,economy,petrol,engine_overheat,0.1,4.107241379310345,184.7762604991148,7.769540229885058,8.436781609195402,3.2147058823529413,894,51.66091954022989,15.140382447364011,,,,
d-3700930e,Kia Rio,economy,petrol,engine_ignition,0.1,4.025517241379311,197.83680572200964,7.969540229885058,7.045977011494253,2.4794117647058824,957,49.44252873563219,15.053838887301612,2020.0,944900.0,100.0,Механическая
R-1779027F,Renault Kaptur,standart,petrol,gear_stick,0.39,4.548103448275862,109.2672146508836,7.899999999999999,9.626436781609195,2.95,848,44.98850574712644,10.406194523431912,2020.0,1140000.0,114.0,Механическая
K-2177169P,Smart Coupe,economy,petrol,engine_ignition,0.1,4.113735632183908,194.6902927915374,7.961494252873563,6.977011494252873,3.423529411764706,906,49.770114942528735,15.663145617102272,,,,
B-1448242P,VW Tiguan,economy,petrol,gear_stick,0.1,4.460172413793104,114.79487351587387,7.897126436781608,9.114942528735632,3.3323529411764703,873,45.36206896551724,11.088761601050289,,,,
V-1493273B,Renault Sandero,standart,petrol,engine_fuel,0.1,4.445862068965518,190.8473943144048,8.148850574712645,19.336283185840703,3.144117647058824,895,49.66666666666666,14.09231879217433,2018.0,697000.0,82.0,Механическая
Z-2128377r,Kia Rio X-line,economy,petrol,engine_check,0.36,4.512931034482759,156.03245180846363,8.120689655172415,17.275590551181104,3.0500000000000003,839,44.7528735632184,8.931458192934087,2020.0,944900.0,100.0,Механическая
j-1994836d,Kia Rio X,economy,petrol,wheel_shake,0.1,4.567126436781609,116.0,8.129310344827585,15.34862385321101,3.2794117647058822,803,44.46551724137931,9.632343487459044,2020.0,944900.0,100.0,Механическая
I-2255959U,VW Polo,economy,petrol,gear_stick,0.1,4.479597701149426,109.91340936660404,7.853448275862069,8.635838150289016,4.05,943,43.706896551724135,9.56149906141162,,,,
P-2041199z,VW Polo,economy,petrol,engine_overheat,0.1,4.075402298850575,181.6296675817976,7.86551724137931,8.680232558139535,2.6882352941176477,806,47.75862068965517,13.951580611339846,,,,
R15066591E,Renault Kaptur,standart,petrol,break_bug,0.37,5.445229885057471,131.5601460220393,7.894827586206897,7.402298850574713,4.5588235294117645,1026,45.97701149425287,10.050711890921855,2020.0,1140000.0,114.0,Механическая
G10820921U,Renault Sandero,standart,petrol,another_bug,0.1,4.673218390804598,187.0,8.152298850574713,18.376,3.138235294117647,821,45.28735632183908,11.408756444345936,2018.0,697000.0,82.0,Механическая
B-1357696S,Kia Rio X,economy,petrol,another_bug,0.1,4.74683908045977,194.0,7.979885057471264,14.704347826086956,3.691176470588236,834,46.22988505747127,11.682407255915631,2020.0,944900.0,100.0,Механическая
h16279695K,Smart Coupe,economy,petrol,wheel_shake,0.54,4.573448275862069,120.8184660589458,8.058620689655173,16.983333333333334,4.120588235294117,902,44.47126436781609,9.89054441941214,,,,
R16902447f,Mini Cooper,business,petrol,gear_stick,0.1,4.418218390804598,111.31206370407529,7.891954022988506,9.235632183908049,2.976470588235294,833,44.96551724137931,10.184935351410818,2014.0,1950000.0,231.0,Классический автомат
S-6684161s,Hyundai Solaris,economy,petrol,engine_overheat,0.1,4.516896551724138,170.0,7.790229885057471,9.3121387283237,3.8676470588235294,801,49.00574712643678,12.44200285274475,2020.0,780000.0,100.0,Механическая
h17861805G,Kia Rio X,economy,petrol,engine_ignition,0.1,4.255517241379311,189.1239742348236,7.975862068965517,7.212643678160919,3.235294117647059,910,50.46551724137931,14.85679095875642,2020.0,944900.0,100.0,Механическая
S54723559F,Hyundai Solaris,economy,petrol,wheel_shake,0.1,4.576551724137931,122.7288694259307,8.077586206896552,16.11304347826087,3.708823529411765,998,44.00574712643678,10.210782652987596,2020.0,780000.0,100.0,Механическая
C-1103176C,Smart Coupe,economy,petrol,electro_bug,0.0,4.056609195402299,199.0605563103869,7.987931034482759,7.402298850574713,4.008823529411765,885,51.32758620689656,14.701721732014551,,,,
z41508842z,Skoda Rapid,economy,petrol,engine_overheat,0.1,4.067931034482759,197.9116593416757,7.872413793103448,9.13872832369942,3.429411764705882,916,51.8448275862069,15.052280825927587,2019.0,847000.0,90.0,Механическая
d16699323u,Kia Rio X,economy,petrol,engine_ignition,0.1,4.24632183908046,188.1863287623172,7.986781609195402,7.362068965517241,3.591176470588235,1004,49.0,14.294992857964234,2020.0,944900.0,100.0,Механическая
C17311656B,Kia Sportage,standart,petrol,gear_stick,0.1,4.2267816091954025,106.55324987378296,7.798275862068966,8.82183908045977,3.3147058823529414,850,44.90229885057471,11.016366983064234,2018.0,1544900.0,150.0,Механическая
B37768184I,Audi A3,premium,petrol,break_bug,0.1,5.360574712643678,122.23482458899034,8.086206896551724,7.241379310344827,3.144117647058824,894,43.25862068965517,10.155257776848975,2016.0,1645000.0,150.0,Робот с одним сцеплением
f21340662W,Renault Kaptur,standart,petrol,another_bug,0.27,4.612931034482759,200.0,8.123563218390805,19.34710743801653,3.4529411764705884,855,44.241379310344826,10.610242098692389,2020.0,1140000.0,114.0,Механическая
z56003561k,Smart Coupe,economy,petrol,another_bug,0.1,4.695919540229886,195.0477855632253,8.032183908045976,16.921739130434784,3.179411764705882,872,43.51149425287356,11.502569959508053,,,,
F68295874Z,Renault Kaptur,standart,petrol,engine_check,0.1,4.439655172413793,150.1721763780557,8.124137931034483,16.76991150442478,2.361764705882353,857,45.80459770114943,10.809799750525846,2020.0,1140000.0,114.0,Механическая
Q19307898c,Kia Rio X,economy,petrol,engine_check,0.1,4.761264367816092,156.0,8.08103448275862,17.875,3.338235294117647,924,45.76436781609196,10.981681825895384,2020.0,944900.0,100.0,Механическая
D-1319701n,Smart ForFour,economy,petrol,break_bug,0.1,5.298793103448276,109.04047749823656,8.025862068965518,7.655172413793103,3.602941176470588,858,43.91379310344828,9.586149358195916,2014.0,890000.0,71.0,Механическая
y-6093462X,VW Polo,economy,petrol,electro_bug,0.0,4.49896551724138,170.73754945808653,8.003448275862068,7.265895953757226,2.7323529411764707,914,49.235632183908045,14.03367936552811,,,,
q20118649S,Kia Rio X,economy,petrol,engine_fuel,0.1,4.266379310344828,182.05330398041227,8.051149425287356,18.41269841269841,4.017647058823529,979,49.44827586206897,14.216133975812763,2020.0,944900.0,100.0,Механическая
Q10035994a,Smart Coupe,economy,petrol,gear_stick,0.4,4.578218390804598,97.43197312709076,7.816091954022989,9.401162790697674,3.552941176470588,807,45.735632183908045,10.157670037006136,,,,
L-4452446Z,Renault Sandero,standart,petrol,another_bug,0.1,4.493448275862069,189.415752709356,8.149425287356323,14.097560975609756,4.3088235294117645,935,44.55172413793103,10.598569671945844,2018.0,697000.0,82.0,Механическая
M-3227100t,VW Polo,economy,petrol,engine_overheat,0.1,3.9573563218390806,198.3672318203993,7.794827586206896,9.47398843930636,3.4441176470588237,761,50.706896551724135,14.874436254754364,,,,
B88120693S,Renault Sandero,standart,petrol,engine_ignition,0.1,4.210172413793104,175.26045288446076,8.004597701149425,7.919540229885057,3.158823529411765,776,48.57471264367816,12.999450574346138,2018.0,697000.0,82.0,Механическая
m16516804p,Kia Rio X-line,economy,petrol,engine_fuel,0.1,3.964655172413793,166.50377958807002,8.067816091954024,16.982456140350877,2.752941176470588,899,50.741379310344826,15.841221209742184,2020.0,944900.0,100.0,Механическая
P19653432E,Hyundai Solaris,economy,petrol,engine_ignition,0.1,4.1417816091954025,190.4431064714544,7.998850574712644,7.827586206896552,2.888235294117647,897,50.48850574712644,14.779590092537584,2020.0,780000.0,100.0,Механическая
x-1749702B,VW Polo,economy,petrol,gear_stick,0.1,4.424367816091954,125.75424712148347,7.844827586206897,9.145348837209305,2.9647058823529413,895,45.64942528735632,10.324675796538813,,,,
x13220328w,Renault Sandero,standart,petrol,gear_stick,0.1,4.691149425287357,120.54581590443644,7.863793103448276,9.132947976878611,4.082352941176471,699,44.97701149425287,11.035389222617605,2018.0,697000.0,82.0,Механическая
h17414658v,Smart ForFour,economy,petrol,engine_overheat,0.1,4.028448275862069,192.18985292854663,7.845977011494253,9.17816091954023,3.773529411764706,832,49.07471264367816,15.280806793992602,2014.0,890000.0,71.0,Механическая
G-4985978n,Renault Kaptur,standart,petrol,gear_stick,0.1,4.707356321839081,120.80121986750424,7.8816091954023,8.720930232558139,4.214705882352941,950,43.99425287356322,10.495524576874551,2020.0,1140000.0,114.0,Механическая
b-7040874b,Renault Sandero,standart,petrol,electro_bug,0.0,4.18867816091954,199.59807184750107,8.00919540229885,7.350574712643678,2.8323529411764703,830,50.14367816091954,14.520746180204553,2018.0,697000.0,82.0,Механическая
x58863702m,Kia Rio X-line,economy,petrol,electro_bug,0.0,4.182816091954023,200.0,8.052873563218391,7.312138728323699,3.2294117647058824,883,49.36206896551724,13.548497699534492,2020.0,944900.0,100.0,Механическая
x84930337h,Kia Rio X-line,economy,petrol,engine_overheat,0.1,4.397068965517241,188.0051985181376,7.804597701149425,8.971098265895954,3.1323529411764706,761,48.7816091954023,13.293420761632834,2020.0,944900.0,100.0,Механическая
d18957206x,Renault Kaptur,standart,petrol,electro_bug,0.0,4.451896551724138,200.0,7.950574712643679,7.011560693641618,3.5617647058823527,885,49.63793103448276,15.418289127697472,2020.0,1140000.0,114.0,Механическая
N-1745703G,Smart Coupe,economy,petrol,engine_check,0.32,4.7346551724137935,147.0,8.117816091954023,14.730434782608697,2.367647058823529,987,44.54597701149425,9.734371551484909,,,,
u24432042k,Kia Rio X-line,economy,petrol,break_bug,0.1,5.473448275862069,115.50610409218208,8.036206896551723,7.758620689655173,3.1029411764705883,945,45.16091954022989,11.11253373835033,2020.0,944900.0,100.0,Механическая
z30508487R,Renault Sandero,standart,petrol,break_bug,0.91,5.509942528735633,116.54473072996429,7.970689655172414,7.448275862068965,3.882352941176471,930,43.9080459770115,9.422187789962532,2018.0,697000.0,82.0,Механическая
r16294059S,VW Tiguan,economy,petrol,break_bug,0.1,5.205114942528736,109.96395808329794,7.918390804597701,6.655172413793103,4.670588235294118,1138,44.12643678160919,9.828358870998576,,,,
H-2108091L,Hyundai Solaris,economy,petrol,electro_bug,0.0,4.187068965517241,205.8381299082736,8.046551724137931,7.931034482758621,3.497058823529412,912,49.241379310344826,14.910108699775032,2020.0,780000.0,100.0,Механическая
T-1861418l,Kia Rio X,economy,petrol,engine_overheat,0.1,3.861034482758621,198.8148672077672,7.847126436781609,8.959302325581396,2.661764705882353,833,47.735632183908045,13.132899842325514,2020.0,944900.0,100.0,Механическая
Y-2287594M,MINI CooperSE,business,electro,engine_overheat,0.1,4.035689655172414,183.5018292447652,7.958620689655172,9.442528735632184,3.764705882352941,910,49.98275862068966,14.718347693270868,2014.0,1950000.0,231.0,Классический автомат
S-2262856H,Hyundai Solaris,economy,petrol,another_bug,0.1,4.535862068965518,160.0,8.122413793103448,14.14406779661017,3.682352941176471,845,43.0632183908046,9.988520751719,2020.0,780000.0,100.0,Механическая
n14735502c,VW Polo VI,economy,petrol,engine_overheat,0.1,3.9932758620689657,193.7577946890529,7.879310344827586,9.804597701149426,3.947058823529412,774,48.52873563218391,14.709785253604569,,,,
S42953963r,Nissan Qashqai,standart,petrol,engine_overheat,0.1,4.528218390804597,178.45263308479238,7.872413793103448,9.086206896551724,4.329411764705882,994,48.32758620689656,12.892245190324251,2017.0,1413000.0,115.0,Механическая
T81007701m,Audi A3,premium,petrol,engine_fuel,0.1,3.9017816091954014,172.2095915259032,8.208045977011494,15.754098360655735,3.4176470588235297,879,49.01149425287356,14.142130925658408,2016.0,1645000.0,150.0,Робот с одним сцеплением
c15981745N,Kia Rio X-line,economy,petrol,engine_check,0.11,4.774597701149425,173.215408376813,8.07183908045977,15.968253968253968,3.0088235294117647,922,44.70114942528736,9.561622401488217,2020.0,944900.0,100.0,Механическая
x17396712H,Renault Sandero,standart,petrol,break_bug,0.1,5.390114942528736,105.36079543684396,8.017241379310345,7.591954022988506,3.6352941176470592,828,43.87356321839081,9.864169524560856,2018.0,697000.0,82.0,Механическая
i28678068z,Skoda Rapid,economy,petrol,gear_stick,0.1,4.485747126436782,122.1054694316433,7.6770114942528735,8.908045977011493,4.235294117647059,963,44.14942528735632,10.352212056632345,2019.0,847000.0,90.0,Механическая
h19917788i,Kia Rio X-line,economy,petrol,engine_fuel,0.1,4.145114942528736,174.7341170781435,8.143103448275863,16.48739495798319,3.902941176470588,854,50.60919540229885,14.88519171179388,2020.0,944900.0,100.0,Механическая
h19371905Z,Renault Sandero,standart,petrol,engine_overheat,0.1,4.200057471264367,188.36405095379365,7.818390804597701,9.38728323699422,3.5,855,51.42528735632184,14.538076125519495,2018.0,697000.0,82.0,Механическая
k46522161e,Smart ForTwo,economy,petrol,engine_ignition,0.1,4.126149425287356,188.59922276244063,7.993678160919541,7.183908045977011,2.723529411764705,936,49.16091954022989,14.646409383192813,2014.0,890000.0,71.0,Механическая
K-5008643Z,VW Polo,economy,petrol,electro_bug,0.0,4.530287356321839,168.83702336818885,7.98735632183908,7.35632183908046,3.914705882352941,822,50.36206896551724,14.612566777721376,,,,
t10067949t,Hyundai Solaris,economy,petrol,another_bug,0.1,4.92051724137931,200.0,8.016091954022988,14.650485436893204,3.385294117647059,854,45.03448275862069,10.393359680750892,2020.0,780000.0,100.0,Механическая
i-6289789v,VW Polo,economy,petrol,engine_fuel,0.1,4.324885057471264,198.9851102790705,8.02816091954023,16.487179487179485,3.864705882352941,877,48.45977011494253,13.505558348518171,,,,
s10053140L,Renault Sandero,standart,petrol,engine_overheat,0.1,4.195402298850575,198.29696172295763,7.863793103448276,9.201149425287356,3.755882352941176,813,49.41379310344828,14.135227771136815,2018.0,697000.0,82.0,Механическая
C50021983M,Kia Rio X,economy,petrol,engine_overheat,0.1,4.102528735632184,185.0,7.854597701149426,9.30057803468208,2.885294117647059,776,49.2183908045977,13.81289109496278,2020.0,944900.0,100.0,Механическая
b-1088056N,VW Polo,economy,petrol,gear_stick,0.1,4.544942528735633,102.36312326002162,7.820114942528736,8.477011494252874,4.1000000000000005,843,45.195402298850574,10.831167914501805,,,,
B18251939Y,Nissan Qashqai,standart,petrol,engine_ignition,0.1,3.529885057471265,192.414296117304,7.954022988505747,7.459770114942529,3.5205882352941176,986,52.52298850574713,15.255323726485356,2017.0,1413000.0,115.0,Механическая
j-1094740D,Kia Rio X,economy,petrol,another_bug,0.33,4.863620689655172,200.0,8.071264367816093,16.283185840707965,3.647058823529412,796,43.8448275862069,8.714750748354184,2020.0,944900.0,100.0,Механическая
s-4883893Q,Hyundai Solaris,economy,petrol,engine_check,0.36,4.605114942528735,154.87538931035277,8.140229885057472,15.635593220338984,2.597058823529412,766,44.35057471264368,9.730357401407494,2020.0,780000.0,100.0,Механическая
h22481365A,Renault Sandero,standart,petrol,break_bug,0.23,5.334597701149425,126.3256663200996,7.963793103448276,6.848837209302325,3.4558823529411766,800,43.62643678160919,10.815509734353688,2018.0,697000.0,82.0,Механическая
J87382695C,VW Polo,economy,petrol,engine_overheat,0.1,4.439137931034483,182.60548182164564,7.841379310344828,9.23121387283237,3.4558823529411766,877,46.14942528735632,13.10961235445126,,,,
Y-2069784y,Hyundai Solaris,economy,petrol,engine_ignition,0.1,4.257068965517242,191.6858360156125,8.008045977011495,6.925287356321839,2.7588235294117647,794,48.27586206896552,14.132068771048743,2020.0,780000.0,100.0,Механическая
V-2074579X,Renault Sandero,standart,petrol,engine_ignition,0.1,3.91867816091954,195.7886198147718,7.9655172413793105,6.2298850574712645,3.367647058823529,836,49.3448275862069,15.01200104595079,2018.0,697000.0,82.0,Механическая
L10577542G,Smart ForTwo,economy,petrol,electro_bug,0.0,4.144597701149425,185.3886457839289,8.035057471264368,7.9655172413793105,3.476470588235294,851,48.11494252873563,14.59743051849683,2014.0,890000.0,71.0,Механическая
Q75686415a,Renault Sandero,standart,petrol,another_bug,0.1,4.57764367816092,176.0,8.155747126436781,17.51145038167939,3.2088235294117644,841,44.45977011494253,10.20291763519371,2018.0,697000.0,82.0,Механическая
o-2139524M,VW Tiguan,economy,petrol,electro_bug,0.0,4.118850574712644,200.0,8.011494252873563,7.316091954022989,3.697058823529412,807,50.49425287356322,15.39189304159477,,,,
S17148502m,VW Polo,economy,petrol,wheel_shake,0.26,4.793448275862069,120.95810584961303,8.128735632183908,16.034782608695654,3.344117647058824,810,45.22988505747127,12.397278416065369,,,,
G-1837212q,Kia Sportage,standart,petrol,another_bug,0.51,4.89264367816092,200.0,8.078735632183909,15.570175438596491,3.1852941176470586,939,43.70114942528736,9.83283980117533,2018.0,1544900.0,150.0,Механическая
s-6339166E,Smart ForFour,economy,petrol,engine_ignition,0.1,4.351896551724138,177.0,7.988505747126437,7.258620689655173,2.738235294117647,1010,48.08620689655172,13.517641416306192,2014.0,890000.0,71.0,Механическая
S21611713i,BMW 320i,business,petrol,engine_check,0.1,4.582988505747127,161.5654994070024,8.205172413793104,19.689655172413797,2.997058823529412,889,44.85632183908046,10.15014679866992,,,,
E-5860609f,Hyundai Solaris,economy,petrol,engine_ignition,0.1,4.296091954022988,199.7939372782141,7.989655172413793,6.798850574712644,3.602941176470588,855,50.0,14.343434178962958,2020.0,780000.0,100.0,Механическая
x90842212V,Smart Coupe,economy,petrol,engine_fuel,0.1,4.081609195402299,175.78415638822744,8.082183908045977,14.558333333333334,4.311764705882353,837,49.88505747126437,14.236585035214244,,,,
T-7684106s,Renault Kaptur,standart,petrol,engine_overheat,0.1,3.839137931034483,186.8551540768896,7.705747126436782,8.379310344827585,3.4911764705882358,760,50.05172413793103,13.154162505831325,2020.0,1140000.0,114.0,Механическая
N87823081W,Hyundai Solaris,economy,petrol,another_bug,0.1,4.783735632183908,189.39818852180747,8.060344827586206,15.379310344827584,4.414705882352941,1076,44.89655172413793,9.637396432957384,2020.0,780000.0,100.0,Механическая
T-1994249o,Skoda Rapid,economy,petrol,break_bug,0.1,5.327011494252873,116.05664529808578,7.955172413793104,7.132947976878612,3.6705882352941175,972,43.172413793103445,9.507170274349424,2019.0,847000.0,90.0,Механическая
P-5707632N,Kia Rio,economy,petrol,engine_fuel,0.1,4.077816091954023,169.799549392458,8.045402298850576,14.450381679389311,4.261764705882353,925,50.10919540229885,15.169357096614316,2020.0,944900.0,100.0,Механическая
U38182084N,Renault Kaptur,standart,petrol,engine_overheat,0.1,3.8410919540229886,185.67124869690383,7.820689655172414,9.137931034482758,3.988235294117647,864,50.57471264367816,14.50703013464002,2020.0,1140000.0,114.0,Механическая
Z-7742856C,VW Polo,economy,petrol,engine_ignition,0.1,4.045689655172414,191.0130919614964,7.937931034482759,6.82183908045977,3.235294117647059,885,51.06896551724138,14.84976253946752,,,,
P-3929445q,Smart Coupe,economy,petrol,gear_stick,0.1,4.593448275862069,115.25614587701348,7.934482758620689,9.827586206896552,3.344117647058824,892,44.810344827586206,11.051833049464648,,,,
L10623696e,VW Tiguan,economy,petrol,break_bug,0.1,5.289022988505747,128.15571508801298,8.00287356321839,6.936781609195402,3.7205882352941178,845,44.63218390804597,10.690187756916202,,,,
v-1313221G,Renault Sandero,standart,petrol,electro_bug,0.0,4.206206896551724,186.0,8.022988505747126,7.810344827586207,4.05,983,48.66666666666666,14.080418631016007,2018.0,697000.0,82.0,Механическая
Q19968160Q,Nissan Qashqai,standart,petrol,engine_fuel,0.1,4.181091954022988,175.1079929943372,8.087356321839081,17.666666666666668,4.323529411764706,903,49.59770114942529,13.939555536586196,2017.0,1413000.0,115.0,Механическая
o-4622211t,Nissan Qashqai,standart,petrol,gear_stick,0.21,4.749310344827586,108.6696585193169,7.8,8.913793103448276,2.638235294117647,823,43.82758620689656,9.82294929581986,2017.0,1413000.0,115.0,Механическая
d87894116z,Renault Sandero,standart,petrol,engine_ignition,0.1,4.121609195402299,191.06327878463412,7.924712643678162,7.994252873563219,3.1294117647058823,809,48.97126436781609,13.659961391341575,2018.0,697000.0,82.0,Механическая
I-2247201A,Mercedes-Benz GLC,business,petrol,electro_bug,0.0,4.318390804597701,167.39570123846588,8.445977011494252,8.827586206896552,4.073529411764706,853,50.87356321839081,15.041218587409942,2019.0,4690000.0,197.0,Классический автомат
k-1506855X,Skoda Rapid,economy,petrol,engine_fuel,0.1,3.656724137931034,181.6943327964741,8.185057471264368,15.264957264957266,3.1088235294117648,854,50.706896551724135,15.344983124003168,2019.0,847000.0,90.0,Механическая
s33252064R,Nissan Qashqai,standart,petrol,engine_check,0.27,4.262816091954023,174.54785166469546,8.039655172413793,19.105263157894736,2.5088235294117647,917,45.00574712643678,10.34184335624213,2017.0,1413000.0,115.0,Механическая
T20409757P,Renault Kaptur,standart,petrol,engine_ignition,0.1,4.216436781609195,182.127664131151,8.080459770114942,7.206896551724138,3.0588235294117645,994,48.298850574712645,14.218863106287596,2020.0,1140000.0,114.0,Механическая
l-6722826Q,Kia Rio X-line,economy,petrol,break_bug,0.25,5.262528735632183,110.33558001087742,7.975862068965517,7.304597701149425,3.738235294117647,909,44.08620689655172,9.397363698864607,2020.0,944900.0,100.0,Механическая
k-1717815X,Hyundai Solaris,economy,petrol,engine_overheat,0.1,4.2762643678160925,197.3191227323992,7.909770114942528,9.413793103448276,4.532352941176471,1085,49.82183908045977,13.76127535835273,2020.0,780000.0,100.0,Механическая
L18104947J,Kia Sportage,standart,petrol,engine_check,0.1,4.510344827586207,152.64933037249136,8.02183908045977,16.78813559322034,2.947058823529412,867,45.01149425287356,9.812689970619898,2018.0,1544900.0,150.0,Механическая
T18811034j,Skoda Rapid,economy,petrol,engine_check,0.1,4.521954022988506,158.0,8.178735632183907,16.88135593220339,2.8147058823529414,885,44.60919540229885,9.69936094890218,2019.0,847000.0,90.0,Механическая
V-2090794j,Nissan Qashqai,standart,petrol,engine_ignition,0.1,4.064310344827586,184.7891902097649,7.983908045977012,7.488505747126437,3.4441176470588237,992,49.247126436781606,14.00255417724964,2017.0,1413000.0,115.0,Механическая
C-9746243l,Renault Kaptur,standart,petrol,electro_bug,0.0,4.224137931034483,202.24119499455588,8.026436781609195,7.086206896551724,3.65,806,51.13793103448276,14.892425365496802,2020.0,1140000.0,114.0,Механическая
X60884870R,Nissan Qashqai,standart,petrol,gear_stick,0.1,4.480114942528735,101.45653733303206,7.883333333333334,9.132947976878611,4.055882352941176,853,44.09770114942529,9.972024185742786,2017.0,1413000.0,115.0,Механическая
Y-1109697o,Hyundai Solaris,economy,petrol,engine_fuel,0.1,4.021034482758621,200.566183254056,8.09712643678161,17.704918032786885,3.75,965,49.47701149425287,14.104360832218388,2020.0,780000.0,100.0,Механическая
D15509184U,Kia Rio,economy,petrol,engine_ignition,0.1,4.187413793103448,197.70836371019536,7.986781609195402,7.120689655172414,2.614705882352941,1019,51.48275862068966,14.464117106671369,2020.0,944900.0,100.0,Механическая
N-1526726d,Smart ForFour,economy,petrol,engine_ignition,0.1,4.136954022988506,184.1191367974845,8.016091954022988,7.017241379310345,2.994117647058824,950,49.04597701149425,14.24509492375364,2014.0,890000.0,71.0,Механическая
D-6635489N,Renault Sandero,standart,petrol,break_bug,0.1,5.387298850574712,112.8328011088516,7.9270114942528735,6.752873563218391,3.2705882352941176,830,43.49425287356322,10.983827905158394,2018.0,697000.0,82.0,Механическая
P91939666m,Nissan Qashqai,standart,petrol,gear_stick,0.1,4.634080459770115,106.227971840157,7.816666666666666,8.895348837209303,3.052941176470588,877,44.735632183908045,8.934520660036718,2017.0,1413000.0,115.0,Механическая
D-4712260c,Smart ForFour,economy,petrol,break_bug,0.1,5.43919540229885,109.30986043618326,8.082758620689656,8.023121387283236,4.338235294117647,854,45.16666666666666,9.11397537884351,2014.0,890000.0,71.0,Механическая
Y-1242554C,VW Tiguan,economy,petrol,gear_stick,0.1,4.267701149425288,110.49796735345028,7.851149425287356,8.873563218390805,3.6294117647058814,877,45.05172413793103,11.293902002571633,,,,
i-1887608M,Smart ForFour,economy,petrol,engine_fuel,0.1,4.086666666666667,182.21950713869617,8.13735632183908,18.06611570247934,3.676470588235294,993,51.0632183908046,14.041701846220674,2014.0,890000.0,71.0,Механическая
x-8099343c,Renault Sandero,standart,petrol,gear_stick,0.1,4.426551724137931,100.18719942587988,7.810344827586207,8.901734104046243,3.626470588235294,868,44.64942528735632,10.08335632675474,2018.0,697000.0,82.0,Механическая
t-4297703Z,Renault Kaptur,standart,petrol,engine_ignition,0.1,4.021034482758621,192.51655542988595,8.079885057471264,8.419540229885058,2.773529411764706,807,48.833333333333336,14.08277894497752,2020.0,1140000.0,114.0,Механическая
r-2233973m,Renault Sandero,standart,petrol,break_bug,0.38,5.205057471264368,106.74244218371526,8.017816091954023,7.931034482758621,3.5264705882352945,818,43.793103448275865,9.518024192687744,2018.0,697000.0,82.0,Механическая
M13526722v,BMW 320i,business,petrol,break_bug,0.73,5.538850574712644,110.27344747940472,8.11551724137931,8.46551724137931,3.3794117647058823,904,44.85057471264368,11.618232368446504,,,,
F15798669C,VW Tiguan,economy,petrol,break_bug,1.35,5.635459770114943,110.32101385913644,7.979310344827587,7.137931034482759,3.0088235294117647,907,44.37931034482759,10.114650713652882,,,,
A18300888c,Smart ForFour,economy,petrol,engine_fuel,0.1,4.302241379310345,167.32278302096546,8.1183908045977,15.461538461538462,3.6941176470588233,961,47.98850574712644,14.099148707850912,2014.0,890000.0,71.0,Механическая
Y-5441952b,Smart Coupe,economy,petrol,break_bug,0.1,5.662931034482758,120.38176033751658,8.08448275862069,7.959770114942529,3.6852941176470586,1034,45.9367816091954,10.545334172945008,,,,
W-9551883X,Kia Sportage,standart,petrol,break_bug,0.1,5.264712643678161,128.0,7.943103448275862,7.022988505747127,3.5823529411764703,946,44.810344827586206,10.29303074712844,2018.0,1544900.0,150.0,Механическая
w-1026142O,Kia Sportage,standart,petrol,gear_stick,0.52,4.554367816091954,120.80322383161446,7.83448275862069,9.810344827586206,2.679411764705882,811,44.08045977011494,9.416156808164596,2018.0,1544900.0,150.0,Механическая
A-1162143G,VW Polo,economy,petrol,another_bug,0.1,4.662298850574713,180.0,8.149425287356323,17.736,3.7058823529411766,946,43.44827586206897,9.935350118705616,,,,
k-2104004I,VW Tiguan,economy,petrol,engine_ignition,0.1,4.29316091954023,193.7262493683796,8.097701149425287,7.741379310344827,2.6882352941176477,1004,49.98850574712644,14.930663836875883,,,,
g27722633v,VW Polo,economy,petrol,electro_bug,0.0,4.041724137931034,176.47038928770607,7.954022988505747,7.402298850574713,3.0352941176470587,758,49.37356321839081,15.082953358933796,,,,
Y-5494208v,Kia Sportage,standart,petrol,another_bug,0.1,4.574252873563218,200.0,8.09712643678161,18.441666666666663,3.994117647058824,966,45.2528735632184,10.676231924751775,2018.0,1544900.0,150.0,Механическая
R-9466744L,Kia Rio,economy,petrol,another_bug,0.1,4.618735632183908,200.0,8.151149425287356,17.300884955752213,3.7058823529411766,977,43.7816091954023,10.091403412263723,2020.0,944900.0,100.0,Механическая
y-1764725I,VW Polo,economy,petrol,electro_bug,0.0,4.436609195402299,200.0,7.9511494252873565,7.373563218390805,3.347058823529412,798,50.16091954022989,14.096179585914204,,,,
x11273898z,Smart ForTwo,economy,petrol,engine_ignition,0.1,4.155172413793103,190.37034119007112,7.966666666666667,6.913793103448276,3.7852941176470583,994,50.867816091954026,14.728361176608937,2014.0,890000.0,71.0,Механическая
K18176647E,Mercedes-Benz E200,business,petrol,engine_check,0.1,4.72632183908046,181.63029989959333,8.267241379310345,17.128,3.4411764705882355,984,45.37356321839081,10.35070531533393,,,,
q-8257935P,Smart Coupe,economy,petrol,engine_ignition,0.1,4.323103448275862,186.65179895057923,8.040229885057471,8.091954022988507,2.326470588235294,873,49.92528735632184,14.498560569500311,,,,
M16685844b,Renault Kaptur,standart,petrol,engine_fuel,0.1,3.9001724137931033,171.58597140417348,8.126436781609195,15.417391304347824,4.008823529411765,929,51.247126436781606,14.909820165234851,2020.0,1140000.0,114.0,Механическая
W-4238283Z,VW Tiguan,economy,petrol,engine_fuel,0.1,4.069885057471264,161.60784232889057,8.121264367816092,16.496062992125985,3.773529411764706,900,49.78735632183908,14.240529189018345,,,,
a17222056W,VW Polo VI,economy,petrol,gear_stick,0.1,4.65367816091954,106.34596064962534,7.861494252873563,9.523529411764706,3.838235294117647,1010,44.37356321839081,10.28291090082211,,,,
d-2262674v,VW Tiguan,economy,petrol,wheel_shake,0.1,4.811034482758621,151.96616625736888,8.023563218390803,17.8099173553719,3.852941176470588,939,45.17816091954023,11.364043541608496,,,,
B-6462073D,Smart ForTwo,economy,petrol,gear_stick,0.1,4.448390804597701,108.95153327745206,7.8839080459770114,8.895348837209303,2.885294117647059,846,43.28735632183908,10.031059333493628,2014.0,890000.0,71.0,Механическая
e19946044s,VW Polo VI,economy,petrol,wheel_shake,0.19,4.582643678160919,133.75549274617546,8.128735632183908,15.8130081300813,4.152941176470588,890,44.16666666666666,10.78646300695392,,,,
j22108372p,Renault Sandero,standart,petrol,gear_stick,0.1,4.693103448275863,96.66357559538162,7.836206896551724,9.316091954022989,3.402941176470588,953,43.97701149425287,9.08594418696556,2018.0,697000.0,82.0,Механическая
R10132699W,Smart ForTwo,economy,petrol,wheel_shake,0.54,4.427931034482759,129.75533777655735,8.179885057471264,17.0,3.323529411764706,906,42.87931034482759,9.824019613749634,2014.0,890000.0,71.0,Механическая
I-2007840g,Hyundai Solaris,economy,petrol,engine_overheat,0.1,4.1370114942528735,187.9755699123806,7.83735632183908,9.05813953488372,4.055882352941176,805,51.30459770114943,15.057664943032904,2020.0,780000.0,100.0,Механическая
f-1883871J,VW Polo,economy,petrol,break_bug,1.1,5.585459770114943,111.80037660700118,8.043103448275861,7.936781609195402,3.567647058823529,906,44.293103448275865,11.18526376859534,,,,
s27214304y,Renault Kaptur,standart,petrol,engine_fuel,0.1,3.9968390804597695,171.53780218655004,7.98735632183908,17.04032258064516,3.708823529411765,896,48.76436781609196,13.176292223750332,2020.0,1140000.0,114.0,Механическая
O17925622P,Smart ForFour,economy,petrol,engine_fuel,0.1,3.9095977011494254,169.66185783781327,8.081609195402299,15.559633027522937,4.202941176470588,866,48.87356321839081,13.02226159530955,2014.0,890000.0,71.0,Механическая
p-1396299V,Smart Coupe,economy,petrol,electro_bug,0.0,3.982528735632184,198.7801609949488,8.042528735632185,7.712643678160919,3.988235294117647,788,51.05172413793103,15.17156880155572,,,,
d-2149365f,Kia Sportage,standart,petrol,engine_ignition,0.1,3.887183908045977,187.2460722916839,8.043678160919539,7.965317919075145,2.461764705882353,878,50.833333333333336,17.116426661456902,2018.0,1544900.0,150.0,Механическая
m-2086369j,Hyundai Solaris,economy,petrol,gear_stick,0.1,4.616264367816092,108.56005129579778,7.895977011494254,9.78735632183908,3.6,936,44.48850574712644,10.058061791560885,2020.0,780000.0,100.0,Механическая
p-2247293h,Skoda Rapid,economy,petrol,electro_bug,0.0,4.266436781609196,173.01802814919446,8.048850574712644,7.218390804597701,3.541176470588236,817,49.689655172413794,14.235679627150953,2019.0,847000.0,90.0,Механическая
L17444500d,Renault Kaptur,standart,petrol,engine_fuel,0.1,4.02051724137931,159.80429999984395,8.13448275862069,16.385245901639344,3.538235294117647,880,48.92528735632184,13.995876505796408,2020.0,1140000.0,114.0,Механическая
w-3453520x,Kia Rio X-line,economy,petrol,engine_fuel,0.1,4.362126436781609,176.4721061024306,8.066666666666666,16.488188976377952,3.35,807,48.89655172413793,14.595536955635472,2020.0,944900.0,100.0,Механическая
B-1894922s,Kia Rio,economy,petrol,engine_check,0.1,4.543563218390805,165.3190307276182,8.040229885057471,17.478991596638654,2.764705882352941,881,44.867816091954026,10.749367442100429,2020.0,944900.0,100.0,Механическая
q-6906576V,Kia Rio X,economy,petrol,gear_stick,0.1,4.687931034482759,126.1129903130102,7.800574712643677,8.520231213872833,3.797058823529412,927,46.10919540229885,10.285779309137414,2020.0,944900.0,100.0,Механическая
N21592745W,Kia Sportage,standart,petrol,electro_bug,0.0,4.2298850574712645,182.7188547345376,8.025862068965518,7.705202312138728,4.2176470588235295,899,49.35632183908046,13.497999861674437,2018.0,1544900.0,150.0,Механическая
U22966546t,Renault Kaptur,standart,petrol,engine_check,0.1,4.611436781609196,157.0,8.175287356321839,17.31404958677686,3.376470588235294,853,45.52298850574713,9.864811066390963,2020.0,1140000.0,114.0,Механическая
Y97882055f,Smart ForFour,economy,petrol,engine_fuel,0.1,4.2236206896551725,181.36083505230528,8.154597701149426,15.193277310924367,3.294117647058824,813,50.26436781609196,16.29458562517928,2014.0,890000.0,71.0,Механическая
P65208168w,VW Polo VI,economy,petrol,electro_bug,0.0,4.498275862068966,191.5681409471996,7.885632183908045,7.448275862068965,3.176470588235294,840,50.59770114942529,15.194279247544731,,,,
O-1977280N,Skoda Rapid,economy,petrol,gear_stick,0.1,4.662586206896552,106.35255156191032,7.828160919540229,9.224137931034482,3.414705882352941,801,44.02298850574713,10.146302053086544,2019.0,847000.0,90.0,Механическая
J-5858573C,Kia Sportage,standart,petrol,engine_fuel,0.1,4.474655172413793,183.537721866744,8.127586206896552,16.74380165289256,3.570588235294118,860,49.47701149425287,14.210923106043422,2018.0,1544900.0,150.0,Механическая
b-1600009O,Kia Rio X,economy,petrol,wheel_shake,0.52,4.474885057471265,132.30429679905993,8.148850574712645,15.910891089108912,4.444117647058824,903,44.52873563218391,10.48239821703854,2020.0,944900.0,100.0,Механическая
k16185001q,VW Polo VI,economy,petrol,gear_stick,0.58,4.579022988505747,99.85857437900076,7.862643678160919,9.00578034682081,2.6411764705882352,780,44.08045977011494,9.50414377628714,,,,
J-1502453c,VW Tiguan,economy,petrol,another_bug,0.44,4.446206896551724,177.9213545933411,8.127011494252873,16.054545454545455,3.923529411764706,921,43.89655172413793,10.41512293391312,,,,
h-1184928f,Skoda Rapid,economy,petrol,engine_check,0.1,4.475747126436781,161.0,8.010344827586207,19.1328125,2.738235294117647,788,45.14367816091954,10.605759163463649,2019.0,847000.0,90.0,Механическая
w20807148p,Renault Kaptur,standart,petrol,electro_bug,0.0,4.4591379310344825,177.9800825532214,8.03735632183908,7.477011494252873,3.652941176470588,851,50.66666666666666,14.890091880962538,2020.0,1140000.0,114.0,Механическая
H-2882173Z,Nissan Qashqai,standart,petrol,engine_check,0.1,4.526494252873563,149.0,8.063793103448276,14.154471544715449,3.291176470588236,998,45.08045977011494,9.918416793768245,2017.0,1413000.0,115.0,Механическая
w33168720l,VW Tiguan,economy,petrol,engine_check,0.1,4.543275862068965,153.00955643358046,8.031609195402298,14.581967213114757,3.2411764705882358,829,45.32758620689656,10.798289199278454,,,,
Z11132495X,Nissan Qashqai,standart,petrol,gear_stick,0.1,4.552758620689655,95.05010040158662,7.852298850574712,9.0,4.555882352941176,926,45.04597701149425,9.539583546583312,2017.0,1413000.0,115.0,Механическая
W15477386C,Mercedes-Benz E200,business,petrol,another_bug,0.1,4.675344827586207,175.0,8.210344827586207,17.512820512820515,3.5352941176470587,899,44.5,9.714270534791655,,,,
o53903819E,Kia Sportage,standart,petrol,engine_overheat,0.1,3.8855747126436784,199.71990204198875,7.79655172413793,9.459770114942527,3.8676470588235294,861,48.97126436781609,15.001898978416282,2018.0,1544900.0,150.0,Механическая
E-1275783r,Skoda Rapid,economy,petrol,another_bug,0.1,4.813850574712644,190.0,8.011494252873563,17.883333333333333,4.476470588235294,1035,43.7183908045977,10.720085720643732,2019.0,847000.0,90.0,Механическая
b12599240M,Smart ForFour,economy,petrol,engine_check,0.1,4.361379310344828,164.0,8.164942528735633,14.411290322580646,3.252941176470588,811,44.7816091954023,9.843780099335662,2014.0,890000.0,71.0,Механическая
D44517833b,Kia Rio X,economy,petrol,engine_overheat,0.1,4.121609195402299,191.71235475622169,7.768965517241379,8.810344827586206,3.397058823529412,827,49.195402298850574,15.296559045201873,2020.0,944900.0,100.0,Механическая
j-1377590c,VW Tiguan,economy,petrol,break_bug,0.61,5.548275862068965,113.39131674647116,7.959195402298851,6.803468208092486,3.4588235294117644,890,45.02873563218391,10.41865166124562,,,,
r-1930669O,Renault Sandero,standart,petrol,electro_bug,0.0,4.118390804597701,189.95494924237525,8.057471264367816,7.591954022988506,4.45,842,51.31609195402299,15.036298074439838,2018.0,697000.0,82.0,Механическая
N-9452332x,Nissan Qashqai,standart,petrol,electro_bug,0.0,4.296896551724138,200.0,7.905172413793103,6.431034482758621,4.020588235294118,865,50.2528735632184,15.717313740982464,2017.0,1413000.0,115.0,Механическая
P-7667678B,Kia Rio X,economy,petrol,electro_bug,0.0,4.080057471264367,200.0,7.963793103448276,7.454022988505747,3.832352941176471,936,50.33908045977012,16.25821166513716,2020.0,944900.0,100.0,Механическая
n13224202u,Renault Sandero,standart,petrol,another_bug,0.1,4.740114942528735,189.0,8.114942528735632,16.901639344262296,3.45,922,45.00574712643678,8.909627919828605,2018.0,697000.0,82.0,Механическая
B20262533I,Skoda Rapid,economy,petrol,engine_overheat,0.1,4.392528735632184,185.9783257153149,7.815517241379311,8.454022988505747,4.176470588235294,832,48.32183908045977,14.0901262956007,2019.0,847000.0,90.0,Механическая
I13894787U,Skoda Rapid,economy,petrol,break_bug,0.1,5.16367816091954,106.30217639446296,7.991954022988505,7.488505747126437,3.673529411764706,868,46.02873563218391,10.377514688445224,2019.0,847000.0,90.0,Механическая
A65205208z,Smart ForFour,economy,petrol,another_bug,0.1,4.55632183908046,200.0,8.175287356321839,15.251908396946565,3.541176470588236,844,44.86206896551724,9.747888360385838,2014.0,890000.0,71.0,Механическая
x20603919o,Hyundai Solaris,economy,petrol,wheel_shake,0.4,4.462931034482758,117.24516032392847,8.094252873563219,12.736842105263158,3.7,956,44.735632183908045,10.437216392037598,2020.0,780000.0,100.0,Механическая
z10457360K,Smart ForTwo,economy,petrol,engine_check,0.1,4.412816091954023,173.97069165376155,8.109770114942528,15.35593220338983,2.402941176470588,777,45.04022988505747,10.958333696483916,2014.0,890000.0,71.0,Механическая
M-1712519K,Hyundai Solaris,economy,petrol,engine_fuel,0.1,4.317528735632184,183.02155127404052,8.079310344827586,15.652542372881356,4.361764705882353,1010,51.01724137931034,14.558025868967084,2020.0,780000.0,100.0,Механическая
b-1681467p,Kia Sportage,standart,petrol,break_bug,0.67,5.30816091954023,116.09384580268588,7.970689655172414,7.264367816091954,3.161764705882353,961,43.54597701149425,10.86095307240976,2018.0,1544900.0,150.0,Механическая
h10860992T,Smart Coupe,economy,petrol,engine_overheat,0.1,4.213735632183908,188.24134885580256,7.774137931034483,8.683908045977011,3.852941176470588,912,48.195402298850574,12.901439701405886,,,,
c-1729585F,Smart Coupe,economy,petrol,engine_overheat,0.1,3.97528735632184,177.1509267098042,7.859195402298851,9.07471264367816,3.0264705882352945,918,51.46551724137931,15.131655962209177,,,,
O-7780124Q,Skoda Rapid,economy,petrol,another_bug,0.1,4.8470114942528735,185.41312476272515,8.089080459770114,17.897435897435898,2.888235294117647,863,45.5,10.816787423880086,2019.0,847000.0,90.0,Механическая
N18717997l,Kia Rio X-line,economy,petrol,wheel_shake,0.1,4.413850574712644,132.8083832241743,8.041379310344828,16.732758620689655,3.497058823529412,992,44.16666666666666,10.763932137812716,2020.0,944900.0,100.0,Механическая
M-2028642u,Kia Rio X,economy,petrol,electro_bug,0.0,4.285747126436782,180.866209185794,8.022413793103448,6.890173410404624,3.747058823529412,853,50.695402298850574,14.41275453165776,2020.0,944900.0,100.0,Механическая
L96875350x,Nissan Qashqai,standart,petrol,engine_ignition,0.1,3.874137931034483,194.1616112627014,7.991379310344827,7.718390804597701,2.488235294117647,851,51.64942528735632,15.21400612352827,2017.0,1413000.0,115.0,Механическая
s-9180453P,Skoda Rapid,economy,petrol,break_bug,0.1,5.388735632183908,101.81354631608482,8.032758620689656,7.988505747126437,3.8794117647058814,824,44.770114942528735,9.032633385821969,2019.0,847000.0,90.0,Механическая
T17061100n,Kia Sportage,standart,petrol,engine_fuel,0.1,4.133735632183908,168.62093602153183,8.066091954022989,14.051282051282053,3.814705882352941,900,49.22988505747127,14.257095302364371,2018.0,1544900.0,150.0,Механическая
Q-1640989g,Smart ForFour,economy,petrol,engine_fuel,0.1,4.123563218390805,172.30572242019898,8.101149425287355,15.196581196581196,2.761764705882353,819,49.43103448275862,13.58311439293363,2014.0,890000.0,71.0,Механическая
K-1544774T,Kia Rio,economy,petrol,break_bug,0.1,5.3020114942528735,110.5311618223954,7.995402298850575,7.017241379310345,3.935294117647059,752,44.3448275862069,10.147840780848616,2020.0,944900.0,100.0,Механическая
G-1577332Q,VW Polo,economy,petrol,electro_bug,0.0,4.382701149425287,194.4307987695872,8.036206896551723,7.568965517241379,3.611764705882353,797,50.47126436781609,14.256801707393045,,,,
V16180698h,Kia Rio X,economy,petrol,wheel_shake,0.1,4.713908045977012,119.0,8.104597701149425,15.775862068965518,4.029411764705882,968,44.10919540229885,9.921927979995116,2020.0,944900.0,100.0,Механическая
O18445397U,Smart Coupe,economy,petrol,break_bug,0.1,5.181724137931035,102.09988644145083,8.044252873563218,8.126436781609195,3.602941176470588,873,43.46551724137931,8.763195864183128,,,,
U-3643164N,Kia Rio,economy,petrol,engine_ignition,0.1,4.091896551724138,184.4958856272455,7.962068965517242,7.155172413793103,2.967647058823529,953,48.7528735632184,13.50109684330724,2020.0,944900.0,100.0,Механическая
G-6618695l,Kia Rio,economy,petrol,break_bug,0.46,5.526666666666666,101.85964225294852,8.010344827586207,7.545977011494253,4.167647058823529,956,44.63218390804597,9.46318078548112,2020.0,944900.0,100.0,Механическая
S20524077t,Hyundai Solaris,economy,petrol,gear_stick,0.1,4.4671839080459765,99.5495045751341,7.931609195402299,9.511627906976743,3.747058823529412,848,44.35632183908046,9.610299161667433,2020.0,780000.0,100.0,Механическая
B16670617R,BMW 320i,business,petrol,engine_check,0.18,4.785459770114942,154.0,8.125287356321838,15.748091603053435,3.2588235294117647,848,44.7528735632184,9.970584935159984,,,,
X16721605D,Smart ForTwo,economy,petrol,break_bug,1.11,5.3243678160919545,106.49018541915352,7.962643678160919,7.144508670520231,2.873529411764706,770,42.798850574712645,9.645736357845236,2014.0,890000.0,71.0,Механическая
f-1996175H,Renault Sandero,standart,petrol,engine_fuel,0.1,4.213908045977012,173.0981236089173,8.17183908045977,16.88135593220339,3.926470588235294,921,50.47126436781609,14.601321565382952,2018.0,697000.0,82.0,Механическая
A-5101478b,Mercedes-Benz E200,business,petrol,engine_check,0.1,4.622758620689655,155.0,8.282183908045976,18.642857142857142,2.773529411764706,942,44.61494252873563,10.453088475048808,,,,
k-1735337t,VW Polo VI,economy,petrol,another_bug,0.1,4.815632183908046,200.0,7.982758620689655,18.08870967741936,3.694117647058824,778,44.58620689655172,10.773604786499028,,,,
I69261244y,Nissan Qashqai,standart,petrol,another_bug,0.1,4.607068965517241,183.3369027077863,8.071264367816093,19.03252032520325,3.226470588235294,845,45.25862068965517,11.301788202917962,2017.0,1413000.0,115.0,Механическая
p18227676S,Smart ForTwo,economy,petrol,engine_overheat,0.1,4.064252873563218,198.14301067705367,7.824712643678161,10.017241379310343,3.2088235294117644,883,50.95977011494253,15.08486942256977,2014.0,890000.0,71.0,Механическая
B-2051518V,Mini Cooper,business,petrol,electro_bug,0.0,4.506551724137931,198.8451906886312,8.082758620689656,7.333333333333333,3.929411764705882,910,47.59770114942529,12.86295911631889,2014.0,1950000.0,231.0,Классический автомат
k17020328W,Smart ForTwo,economy,petrol,engine_fuel,0.1,4.236034482758621,161.9628201981329,8.179310344827586,15.533333333333331,3.1852941176470586,905,50.14942528735632,14.85656176285283,2014.0,890000.0,71.0,Механическая
N-9313658v,Smart ForTwo,economy,petrol,engine_ignition,0.1,4.13735632183908,177.23550602673012,8.045977011494253,7.597701149425287,2.976470588235294,774,50.706896551724135,15.286484211926911,2014.0,890000.0,71.0,Механическая
h-3056262u,Kia Sportage,standart,petrol,another_bug,0.48,4.86683908045977,200.0,8.109770114942528,17.174603174603174,3.4911764705882358,879,43.80459770114943,9.664115233565084,2018.0,1544900.0,150.0,Механическая
K-1866847F,Renault Kaptur,standart,petrol,engine_overheat,0.1,3.959022988505747,180.0,7.891379310344827,9.372093023255816,3.202941176470588,880,50.52873563218391,15.206356353072946,2020.0,1140000.0,114.0,Механическая
u-2156978e,Nissan Qashqai,standart,petrol,engine_ignition,0.1,3.835459770114943,182.40836457384148,8.00919540229885,7.632183908045977,3.247058823529412,923,47.95402298850575,14.271041089556686,2017.0,1413000.0,115.0,Механическая
C-3016941F,Skoda Rapid,economy,petrol,break_bug,0.78,5.133448275862069,114.84882947357264,8.051149425287356,7.53757225433526,3.982352941176471,938,44.0632183908046,10.667953359873952,2019.0,847000.0,90.0,Механическая
c33903073Q,Skoda Rapid,economy,petrol,wheel_shake,0.1,4.855172413793103,118.86592916349322,8.207471264367815,14.19672131147541,4.332352941176471,839,43.81609195402299,9.9571669202741,2019.0,847000.0,90.0,Механическая
Q-1582698g,Smart ForTwo,economy,petrol,break_bug,0.1,5.389712643678161,114.7718731427204,8.047126436781609,7.2011494252873565,4.982352941176471,906,43.247126436781606,10.166922896071988,2014.0,890000.0,71.0,Механическая
K-1010636S,Smart ForFour,economy,petrol,another_bug,0.1,4.838103448275862,185.0,8.102298850574712,15.14516129032258,4.188235294117647,959,44.51149425287356,10.464770795966126,2014.0,890000.0,71.0,Механическая
N70600170h,Hyundai Solaris,economy,petrol,electro_bug,0.0,4.011724137931035,176.53555255083276,7.90632183908046,6.931034482758621,3.0264705882352945,847,49.83908045977012,14.59699356425412,2020.0,780000.0,100.0,Механическая
c-3410027y,Renault Sandero,standart,petrol,engine_ignition,0.1,4.193505747126436,194.56310225675315,8.001149425287357,6.988505747126437,2.920588235294117,916,48.07471264367816,12.77190484560377,2018.0,697000.0,82.0,Механическая
m-8902512v,VW Tiguan,economy,petrol,engine_ignition,0.1,4.171609195402299,165.0,8.006896551724138,7.08092485549133,2.7205882352941178,1034,49.25862068965517,15.83209626281198,,,,
t24316205h,VW Polo,economy,petrol,wheel_shake,0.1,4.4093678160919545,126.25025702845625,8.110919540229885,16.85593220338983,3.747058823529412,838,44.27586206896552,10.2559044380365,,,,
z41744928r,Renault Kaptur,standart,petrol,engine_check,0.1,4.485114942528735,147.52568931121573,8.089655172413792,17.24561403508772,3.2411764705882358,917,44.833333333333336,9.8215778333627,2020.0,1140000.0,114.0,Механическая
n47427969O,Smart ForTwo,economy,petrol,engine_ignition,0.1,3.819827586206896,176.3645792691651,8.060919540229884,7.936781609195402,3.073529411764706,831,49.52298850574713,14.498835521504338,2014.0,890000.0,71.0,Механическая
F14857178F,Smart ForTwo,economy,petrol,engine_ignition,0.1,4.076379310344827,197.0,8.09080459770115,7.609195402298851,2.623529411764706,905,50.21264367816092,14.42403505230835,2014.0,890000.0,71.0,Механическая
x18607097I,Smart Coupe,economy,petrol,engine_check,0.1,4.553793103448276,162.6967460995417,8.036781609195403,16.62015503875969,3.0294117647058822,1034,45.11494252873563,11.399143348156583,,,,
q-1778461b,Smart ForTwo,economy,petrol,engine_overheat,0.1,4.316609195402299,187.41862888880047,7.87816091954023,9.74712643678161,3.182352941176471,853,50.10919540229885,14.2822346673952,2014.0,890000.0,71.0,Механическая
z30179504O,VW Tiguan,economy,petrol,break_bug,0.1,5.106896551724138,107.72810944714462,8.014367816091953,7.293103448275862,3.7588235294117647,746,43.47126436781609,9.632962533834569,,,,
k-7078453O,Renault Kaptur,standart,petrol,engine_overheat,0.1,4.317183908045977,194.0,7.820689655172414,8.89655172413793,4.479411764705882,960,48.0,15.225852672194607,2020.0,1140000.0,114.0,Механическая
n21726530a,Skoda Rapid,economy,petrol,engine_check,0.38,4.417873563218391,151.0,8.076436781609194,17.77777777777778,3.0794117647058825,900,44.44827586206897,9.507841145756489,2019.0,847000.0,90.0,Механическая
N-1839822D,Kia Rio X-line,economy,petrol,electro_bug,0.0,4.336724137931035,183.91060121279696,7.972413793103448,7.514450867052023,3.847058823529412,884,47.35057471264368,13.380085050864745,2020.0,944900.0,100.0,Механическая
b-1553102t,Renault Kaptur,standart,petrol,engine_ignition,0.1,3.734080459770115,181.6857731753545,7.977586206896551,7.109195402298851,3.182352941176471,919,49.31609195402299,14.762398520308968,2020.0,1140000.0,114.0,Механическая
e-1590992X,Kia Rio X,economy,petrol,electro_bug,0.0,4.094597701149426,176.99379609339857,7.934482758620689,7.068965517241379,4.647058823529412,891,49.90229885057471,15.430871219482484,2020.0,944900.0,100.0,Механическая
D11741561w,Smart ForFour,economy,petrol,electro_bug,0.0,4.09551724137931,172.95896657082102,8.006896551724138,7.195402298850575,4.141176470588236,958,49.58045977011494,14.565057076738878,2014.0,890000.0,71.0,Механическая
a-1830602c,Renault Kaptur,standart,petrol,gear_stick,0.26,4.343333333333334,123.60920784025288,7.813218390804598,8.678362573099415,3.764705882352941,788,44.13793103448276,10.721565339291455,2020.0,1140000.0,114.0,Механическая
D-1231501x,VW Polo,economy,petrol,engine_fuel,0.1,4.109022988505747,147.53171065454654,8.114942528735632,14.358333333333333,2.861764705882353,844,48.85632183908046,12.711882394947988,,,,
C-1584260v,VW Polo VI,economy,petrol,another_bug,0.1,4.644080459770115,200.0,8.079310344827586,15.533333333333331,3.347058823529412,821,43.77586206896552,10.525569917344678,,,,
p71461747A,VW Polo VI,economy,petrol,engine_ignition,0.1,3.940574712643678,170.0,8.045977011494253,7.436781609195402,3.4558823529411766,841,50.04022988505747,13.706822568266713,,,,
C-8802779C,Smart ForTwo,economy,petrol,another_bug,0.93,4.659022988505747,195.0,8.079885057471264,16.78813559322034,3.5558823529411767,922,43.770114942528735,10.53175890587378,2014.0,890000.0,71.0,Механическая
C14604474J,Smart ForTwo,economy,petrol,engine_ignition,0.1,4.314080459770115,179.0,7.980459770114942,7.442528735632184,3.261764705882353,966,49.39655172413793,13.85048942834958,2014.0,890000.0,71.0,Механическая
s12923191N,Hyundai Solaris,economy,petrol,engine_overheat,0.1,4.2635632183908045,190.9610117553944,7.858045977011494,8.936416184971097,4.45,957,50.48275862068966,14.80888818327143,2020.0,780000.0,100.0,Механическая
X-6349190I,Kia Sportage,standart,petrol,engine_ignition,0.1,4.2060344827586205,193.06956189646897,8.00919540229885,7.2011494252873565,2.9558823529411766,851,51.02873563218391,14.140675622566752,2018.0,1544900.0,150.0,Механическая
e40587429i,Skoda Rapid,economy,petrol,gear_stick,0.15,4.502931034482758,103.05379070721044,7.806896551724138,8.68208092485549,3.3058823529411767,881,44.867816091954026,10.3577509359673,2019.0,847000.0,90.0,Механическая
w-2010482q,VW Tiguan,economy,petrol,engine_overheat,0.1,3.978390804597701,188.34223312213365,7.802298850574712,8.901734104046243,3.732352941176471,923,49.4367816091954,16.316381462596254,,,,
e-1764646J,VW Tiguan,economy,petrol,gear_stick,0.1,4.319999999999999,112.9797793189222,7.825287356321838,8.775862068965518,3.7588235294117647,820,43.706896551724135,9.4886764653655,,,,
X-2098906t,Smart Coupe,economy,petrol,gear_stick,0.1,4.441666666666666,110.37908606105007,7.882183908045977,9.385057471264368,3.0205882352941176,859,44.172413793103445,9.971875939203253,,,,
X-1655758N,Nissan Qashqai,standart,petrol,electro_bug,0.0,3.9819540229885058,182.17014654129468,8.067241379310346,7.528735632183908,2.988235294117647,779,51.47701149425287,15.479505011797752,2017.0,1413000.0,115.0,Механическая
V14486337I,Renault Kaptur,standart,petrol,engine_fuel,0.1,3.96632183908046,191.21054971674727,8.061494252873564,17.888,3.5205882352941176,859,50.30459770114943,15.166295214417458,2020.0,1140000.0,114.0,Механическая
V-1564308N,VW Polo,economy,petrol,engine_check,0.37,4.665574712643678,183.8400824992465,8.214367816091954,16.761061946902654,2.835294117647059,895,46.08620689655172,9.972130788633734,,,,
j51305093b,Kia Rio X-line,economy,petrol,another_bug,0.1,4.819195402298851,178.6100482370333,8.076436781609194,16.47107438016529,2.920588235294117,935,44.26436781609196,9.631307056136988,2020.0,944900.0,100.0,Механическая
M-1781596c,Smart ForFour,economy,petrol,engine_check,0.15,4.621724137931034,152.0,8.193678160919541,19.13793103448276,3.1411764705882352,831,43.38505747126437,10.450876321755592,2014.0,890000.0,71.0,Механическая
S20112369s,Smart Coupe,economy,petrol,engine_ignition,0.1,4.356379310344828,178.91963299288054,8.005172413793105,7.416184971098266,3.0323529411764705,795,49.46551724137931,14.420460156257082,,,,
B-3513567K,Mercedes-Benz E200,business,petrol,engine_fuel,0.1,4.168275862068965,176.14147847169752,8.301724137931034,14.096774193548388,2.8794117647058823,852,50.2183908045977,15.781693709962166,,,,
j21246192N,Smart ForFour,economy,petrol,wheel_shake,0.1,4.608908045977012,141.5023497437483,8.124137931034483,20.203389830508478,3.9,814,44.48850574712644,10.842934624921131,2014.0,890000.0,71.0,Механическая
h-1554287F,Audi A4,premium,petrol,engine_check,0.1,4.683793103448276,155.0,8.150574712643678,18.041322314049587,1.9352941176470588,873,45.87931034482759,10.038787642195382,2015.0,2125000.0,150.0,Робот с одним сцеплением
A15262612g,Kia Rio,economy,petrol,gear_stick,0.1,4.655344827586207,104.1809403185854,7.783908045977012,8.804597701149426,2.7823529411764705,797,45.33908045977012,9.844746920267918,2020.0,944900.0,100.0,Механическая
W-2514493U,Renault Sandero,standart,petrol,another_bug,0.1,4.638333333333334,200.0,8.08448275862069,17.00854700854701,3.4411764705882355,857,43.5632183908046,9.328557867871448,2018.0,697000.0,82.0,Механическая
z-1337463D,VW Polo,economy,petrol,engine_check,0.39,4.635459770114943,171.0,8.018965517241378,14.700787401574804,3.2205882352941178,825,44.6551724137931,10.469694869658014,,,,
