car_id,model,year,mod,price,engine,power,box,trans,body
y13744087j,Kia Rio X-line,2020,1.4 6MT Comfort,944900,Бензин,100,Механическая,Передний,Хэтчбек
O41613818T,volkswagen Polo VI,,,,,,,,
d-2109686j,Renault Sandero,2018,1.6 5MT Access,697000,Бензин,82,Механическая,Передний,Хэтчбек
u29695600e,Mercedes-Benz GLC,2019,2.0 9AT Premium,4690000,Бензин,197,Классический автомат,Полный,Внедорожник
N-8915870N,Renault Sandero,2018,1.6 5MT Access,697000,Бензин,82,Механическая,Передний,Хэтчбек
b12101843B,Skoda Rapid,2019,1.6 5MT Entry,847000,Бензин,90,Механическая,Передний,Хэтчбек
Q-9368117S,Nissan Qashqai,2017,1.2 6MT XE,1413000,Бензин,115,Механическая,Передний,Внедорожник
O-2124190y,Tesla Model 3,,,,,,,,
h16895544p,Kia Sportage,2018,2.0 6МТ Classic,1544900,Бензин,150,Механическая,Передний,Внедорожник
K77009462l,Smart ForFour,2014,1.0 5MT,890000,Бензин,71,Механическая,Задний,Хэтчбек
s45684436W,volkswagen Polo,2020,1.6 5MT Origin,877900,Бензин,90,Механическая,Передний,Лифтбэк
E-7624014J,volkswagen Polo VI,,,,,,,,
I49569137x,Kia Rio,2020,1.4 6MT Comfort,944900,Бензин,100,Механическая,Передний,Хэтчбек
f20619972B,Skoda Rapid,2019,1.6 5MT Entry,847000,Бензин,90,Механическая,Передний,Хэтчбек
N18554472N,Smart Coupe,,,,,,,,
O-2225875m,volkswagen Tiguan,2020,1.4 6MT Respect,1749900,Бензин,125,Механическая,Передний,Внедорожник
B11433908y,volkswagen Tiguan,2020,1.4 6MT Respect,1749900,Бензин,125,Механическая,Передний,Внедорожник
K20059604P,Skoda Rapid,2019,1.6 5MT Entry,847000,Бензин,90,Механическая,Передний,Хэтчбек
D10115495S,Smart ForTwo,2014,1.0 5MT,890000,Бензин,71,Механическая,Задний,Хэтчбек
s-2136281x,Smart ForTwo,2014,1.0 5MT,890000,Бензин,71,Механическая,Задний,Хэтчбек
z72983842Y,Kia Rio X,2020,1.4 6MT Comfort,944900,Бензин,100,Механическая,Передний,Хэтчбек
s-1094161i,Mercedes-Benz E200,,,,,,,,
Z-1155909A,Nissan Qashqai,2017,1.2 6MT XE,1413000,Бензин,115,Механическая,Передний,Внедорожник
Z-1196295K,Smart ForTwo,2014,1.0 5MT,890000,Бензин,71,Механическая,Задний,Хэтчбек
i31421704Y,Renault Kaptur,2020,1.6 5MT Life,1140000,Бензин,114,Механическая,Передний,Внедорожник
t10463236f,Mini Cooper,2014,2.0 6AT,1950000,Бензин,231,Классический автомат,Передний,Хэтчбек
v13404305i,Kia Sportage,2018,2.0 6МТ Classic,1544900,Бензин,150,Механическая,Передний,Внедорожник
m20203244V,Kia Rio,2020,1.4 6MT Comfort,944900,Бензин,100,Механическая,Передний,Хэтчбек
k-1015732Y,Nissan Qashqai,2017,1.2 6MT XE,1413000,Бензин,115,Механическая,Передний,Внедорожник
m-8965256V,volkswagen Tiguan,2020,1.4 6MT Respect,1749900,Бензин,125,Механическая,Передний,Внедорожник
U13022243O,Renault Sandero,2018,1.6 5MT Access,697000,Бензин,82,Механическая,Передний,Хэтчбек
j12330862q,Hyundai Solaris,2020,1.4 6MT Active,780000,Бензин,100,Механическая,Передний,Седан
C-5320082T,Kia Rio X,2020,1.4 6MT Comfort,944900,Бензин,100,Механическая,Передний,Хэтчбек
s17672064L,Smart ForTwo,2014,1.0 5MT,890000,Бензин,71,Механическая,Задний,Хэтчбек
d19359573S,Smart ForTwo,2014,1.0 5MT,890000,Бензин,71,Механическая,Задний,Хэтчбек
O22361854N,volkswagen Polo VI,,,,,,,,
i-1479300M,Skoda Rapid,2019,1.6 5MT Entry,847000,Бензин,90,Механическая,Передний,Хэтчбек
L60286103R,volkswagen Polo VI,,,,,,,,
p26377723i,Hyundai Solaris,2020,1.4 6MT Active,780000,Бензин,100,Механическая,Передний,Седан
W-1512641W,Renault Kaptur,2020,1.6 5MT Life,1140000,Бензин,114,Механическая,Передний,Внедорожник
y-3838245t,Kia Sportage,2018,2.0 6МТ Classic,1544900,Бензин,150,Механическая,Передний,Внедорожник
b-2719977Z,Kia Rio X,2020,1.4 6MT Comfort,944900,Бензин,100,Механическая,Передний,Хэтчбек
D-2109758O,volkswagen Tiguan,2020,1.4 6MT Respect,1749900,Бензин,125,Механическая,Передний,Внедорожник
M89853598O,Kia Rio X,2020,1.4 6MT Comfort,944900,Бензин,100,Механическая,Передний,Хэтчбек
z34396656x,Nissan Qashqai,2017,1.2 6MT XE,1413000,Бензин,115,Механическая,Передний,Внедорожник
S19803153J,Hyundai Solaris,2020,1.4 6MT Active,780000,Бензин,100,Механическая,Передний,Седан
y35650754l,volkswagen Tiguan,2020,1.4 6MT Respect,1749900,Бензин,125,Механическая,Передний,Внедорожник
U-1719392C,Skoda Rapid,2019,1.6 5MT Entry,847000,Бензин,90,Механическая,Передний,Хэтчбек
Q12359942h,Kia Rio,2020,1.4 6MT Comfort,944900,Бензин,100,Механическая,Передний,Хэтчбек
F-2082660j,Kia Rio X,2020,1.4 6MT Comfort,944900,Бензин,100,Механическая,Передний,Хэтчбек
C15164392z,Skoda Rapid,2019,1.6 5MT Entry,847000,Бензин,90,Механическая,Передний,Хэтчбек
A-6969550V,Smart ForFour,2014,1.0 5MT,890000,Бензин,71,Механическая,Задний,Хэтчбек
H21489304G,Renault Kaptur,2020,1.6 5MT Life,1140000,Бензин,114,Механическая,Передний,Внедорожник
Y-4731644Z,Kia Rio X,2020,1.4 6MT Comfort,944900,Бензин,100,Механическая,Передний,Хэтчбек
Y-1002609O,Renault Kaptur,2020,1.6 5MT Life,1140000,Бензин,114,Механическая,Передний,Внедорожник
q11941907L,Skoda Rapid,2019,1.6 5MT Entry,847000,Бензин,90,Механическая,Передний,Хэтчбек
W17831606Y,Hyundai Solaris,2020,1.4 6MT Active,780000,Бензин,100,Механическая,Передний,Седан
u-1788771U,volkswagen Polo,2020,1.6 5MT Origin,877900,Бензин,90,Механическая,Передний,Лифтбэк
F-1257166O,Kia Rio X,2020,1.4 6MT Comfort,944900,Бензин,100,Механическая,Передний,Хэтчбек
k82740809C,Renault Sandero,2018,1.6 5MT Access,697000,Бензин,82,Механическая,Передний,Хэтчбек
A13746070T,Renault Sandero,2018,1.6 5MT Access,697000,Бензин,82,Механическая,Передний,Хэтчбек
E-1356165C,Kia Sportage,2018,2.0 6МТ Classic,1544900,Бензин,150,Механическая,Передний,Внедорожник
w-1247670S,Nissan Qashqai,2017,1.2 6MT XE,1413000,Бензин,115,Механическая,Передний,Внедорожник
t11173721p,Kia Rio X,2020,1.4 6MT Comfort,944900,Бензин,100,Механическая,Передний,Хэтчбек
i-1340626g,Smart ForTwo,2014,1.0 5MT,890000,Бензин,71,Механическая,Задний,Хэтчбек
G11530237Q,volkswagen Polo VI,,,,,,,,
z-1854947J,Smart Coupe,,,,,,,,
G-1102710u,volkswagen Polo,2020,1.6 5MT Origin,877900,Бензин,90,Механическая,Передний,Лифтбэк
q-1861373D,Smart ForTwo,2014,1.0 5MT,890000,Бензин,71,Механическая,Задний,Хэтчбек
F-1720906M,Volkswagen ID.4 ,,,,,,,,
N-1361542t,Kia Sportage,2018,2.0 6МТ Classic,1544900,Бензин,150,Механическая,Передний,Внедорожник
b-1432630h,volkswagen Polo,2020,1.6 5MT Origin,877900,Бензин,90,Механическая,Передний,Лифтбэк
h-5381376K,Kia Sportage,2018,2.0 6МТ Classic,1544900,Бензин,150,Механическая,Передний,Внедорожник
P-1870462h,Hyundai Solaris,2020,1.4 6MT Active,780000,Бензин,100,Механическая,Передний,Седан
v-9248915k,Kia Rio,2020,1.4 6MT Comfort,944900,Бензин,100,Механическая,Передний,Хэтчбек
K51907129A,Smart ForTwo,2014,1.0 5MT,890000,Бензин,71,Механическая,Задний,Хэтчбек
X-1892335q,Hyundai Solaris,2020,1.4 6MT Active,780000,Бензин,100,Механическая,Передний,Седан
v19385068r,Smart ForTwo,2014,1.0 5MT,890000,Бензин,71,Механическая,Задний,Хэтчбек
m-9741436p,Kia Rio X-line,2020,1.4 6MT Comfort,944900,Бензин,100,Механическая,Передний,Хэтчбек
I13605989C,volkswagen Tiguan,2020,1.4 6MT Respect,1749900,Бензин,125,Механическая,Передний,Внедорожник
C-1374739x,Hyundai Solaris,2020,1.4 6MT Active,780000,Бензин,100,Механическая,Передний,Седан
h20080273C,Kia Rio,2020,1.4 6MT Comfort,944900,Бензин,100,Механическая,Передний,Хэтчбек
g-1944591e,Skoda Rapid,2019,1.6 5MT Entry,847000,Бензин,90,Механическая,Передний,Хэтчбек
b17225071g,volkswagen Polo VI,,,,,,,,
O13657804w,Mini Cooper,2014,2.0 6AT,1950000,Бензин,231,Классический автомат,Передний,Хэтчбек
V-7306183J,Renault Sandero,2018,1.6 5MT Access,697000,Бензин,82,Механическая,Передний,Хэтчбек
A56074965v,Skoda Rapid,2019,1.6 5MT Entry,847000,Бензин,90,Механическая,Передний,Хэтчбек
f19927901y,Smart Coupe,,,,,,,,
a-7058206h,Kia Rio X,2020,1.4 6MT Comfort,944900,Бензин,100,Механическая,Передний,Хэтчбек
a55365942d,Hyundai Solaris,2020,1.4 6MT Active,780000,Бензин,100,Механическая,Передний,Седан
z-1220018d,volkswagen Polo VI,,,,,,,,
R21058725x,Kia Rio,2020,1.4 6MT Comfort,944900,Бензин,100,Механическая,Передний,Хэтчбек
b-2371028p,Smart ForFour,2014,1.0 5MT,890000,Бензин,71,Механическая,Задний,Хэтчбек
G43865383Q,Kia Rio,2020,1.4 6MT Comfort,944900,Бензин,100,Механическая,Передний,Хэтчбек
e78313402L,Kia Rio X,2020,1.4 6MT Comfort,944900,Бензин,100,Механическая,Передний,Хэтчбек
d-6672088A,Kia Rio X,2020,1.4 6MT Comfort,944900,Бензин,100,Механическая,Передний,Хэтчбек
b-8415196u,Smart ForFour,2014,1.0 5MT,890000,Бензин,71,Механическая,Задний,Хэтчбек
N18957837j,volkswagen Polo,2020,1.6 5MT Origin,877900,Бензин,90,Механическая,Передний,Лифтбэк
v69592222X,Smart ForFour,2014,1.0 5MT,890000,Бензин,71,Механическая,Задний,Хэтчбек
n19871201N,Tesla Model 3,,,,,,,,
A-1683178f,Smart ForTwo,2014,1.0 5MT,890000,Бензин,71,Механическая,Задний,Хэтчбек
c-1462399e,Kia Sportage,2018,2.0 6МТ Classic,1544900,Бензин,150,Механическая,Передний,Внедорожник
C38293729H,Smart ForTwo,2014,1.0 5MT,890000,Бензин,71,Механическая,Задний,Хэтчбек
M-4645533N,Hyundai Solaris,2020,1.4 6MT Active,780000,Бензин,100,Механическая,Передний,Седан
i22101695X,Fiat 500,2015,1.4 6MT Lounge,990000,Бензин,100,Механическая,Передний,Хэтчбек
c22334367p,Renault Sandero,2018,1.6 5MT Access,697000,Бензин,82,Механическая,Передний,Хэтчбек
S61532080S,Hyundai Solaris,2020,1.4 6MT Active,780000,Бензин,100,Механическая,Передний,Седан
W-3482364r,Kia Rio X,2020,1.4 6MT Comfort,944900,Бензин,100,Механическая,Передний,Хэтчбек
r-1098555x,volkswagen Polo,2020,1.6 5MT Origin,877900,Бензин,90,Механическая,Передний,Лифтбэк
J-2221564E,Smart ForTwo,2014,1.0 5MT,890000,Бензин,71,Механическая,Задний,Хэтчбек
t89744603y,Smart ForFour,2014,1.0 5MT,890000,Бензин,71,Механическая,Задний,Хэтчбек
R22777636m,Kia Rio X,2020,1.4 6MT Comfort,944900,Бензин,100,Механическая,Передний,Хэтчбек
g95201799l,Kia Rio X-line,2020,1.4 6MT Comfort,944900,Бензин,100,Механическая,Передний,Хэтчбек
b18050488U,Skoda Rapid,2019,1.6 5MT Entry,847000,Бензин,90,Механическая,Передний,Хэтчбек
C-2187827F,Kia Sportage,2018,2.0 6МТ Classic,1544900,Бензин,150,Механическая,Передний,Внедорожник
a-6471303K,Renault Sandero,2018,1.6 5MT Access,697000,Бензин,82,Механическая,Передний,Хэтчбек
u16335953I,volkswagen Tiguan,2020,1.4 6MT Respect,1749900,Бензин,125,Механическая,Передний,Внедорожник
Z-1478978u,Kia Rio,2020,1.4 6MT Comfort,944900,Бензин,100,Механическая,Передний,Хэтчбек
u-1774078g,Smart ForFour,2014,1.0 5MT,890000,Бензин,71,Механическая,Задний,Хэтчбек
e13179173i,volkswagen Polo VI,,,,,,,,
V-9361538G,Kia Rio X-line,2020,1.4 6MT Comfort,944900,Бензин,100,Механическая,Передний,Хэтчбек
C22072062B,Nissan Qashqai,2017,1.2 6MT XE,1413000,Бензин,115,Механическая,Передний,Внедорожник
E68314843q,Kia Sportage,2018,2.0 6МТ Classic,1544900,Бензин,150,Механическая,Передний,Внедорожник
k88534152q,volkswagen Polo,2020,1.6 5MT Origin,877900,Бензин,90,Механическая,Передний,Лифтбэк
q12920406o,Kia Sportage,2018,2.0 6МТ Classic,1544900,Бензин,150,Механическая,Передний,Внедорожник
u-1057398c,Smart ForFour,2014,1.0 5MT,890000,Бензин,71,Механическая,Задний,Хэтчбек
s-3746188l,Smart ForFour,2014,1.0 5MT,890000,Бензин,71,Механическая,Задний,Хэтчбек
j37934708f,Smart ForFour,2014,1.0 5MT,890000,Бензин,71,Механическая,Задний,Хэтчбек
M-2125716U,Smart ForFour,2014,1.0 5MT,890000,Бензин,71,Механическая,Задний,Хэтчбек
A-6734908O,volkswagen Polo,2020,1.6 5MT Origin,877900,Бензин,90,Механическая,Передний,Лифтбэк
f82085811L,volkswagen Polo,2020,1.6 5MT Origin,877900,Бензин,90,Механическая,Передний,Лифтбэк
T-1299777v,Kia Sportage,2018,2.0 6МТ Classic,1544900,Бензин,150,Механическая,Передний,Внедорожник
i21928776j,Kia Sportage,2018,2.0 6МТ Classic,1544900,Бензин,150,Механическая,Передний,Внедорожник
y11348057n,Renault Sandero,2018,1.6 5MT Access,697000,Бензин,82,Механическая,Передний,Хэтчбек
a-1515400J,volkswagen Polo,2020,1.6 5MT Origin,877900,Бензин,90,Механическая,Передний,Лифтбэк
S17262804N,Skoda Rapid,2019,1.6 5MT Entry,847000,Бензин,90,Механическая,Передний,Хэтчбек
W14795073t,Skoda Rapid,2019,1.6 5MT Entry,847000,Бензин,90,Механическая,Передний,Хэтчбек
u-1594350q,Kia Rio X-line,2020,1.4 6MT Comfort,944900,Бензин,100,Механическая,Передний,Хэтчбек
j-1145477E,Mercedes-Benz GLC,2019,2.0 9AT Premium,4690000,Бензин,197,Классический автомат,Полный,Внедорожник
a-7125351Z,volkswagen Tiguan,2020,1.4 6MT Respect,1749900,Бензин,125,Механическая,Передний,Внедорожник
C73458374Q,Kia Sportage,2018,2.0 6МТ Classic,1544900,Бензин,150,Механическая,Передний,Внедорожник
H42487546s,Kia Rio X-line,2020,1.4 6MT Comfort,944900,Бензин,100,Механическая,Передний,Хэтчбек
f-4873956c,Nissan Qashqai,2017,1.2 6MT XE,1413000,Бензин,115,Механическая,Передний,Внедорожник
n-2171056h,Kia Rio X-line,2020,1.4 6MT Comfort,944900,Бензин,100,Механическая,Передний,Хэтчбек
B18328752a,Renault Kaptur,2020,1.6 5MT Life,1140000,Бензин,114,Механическая,Передний,Внедорожник
N-4929388x,volkswagen Tiguan,2020,1.4 6MT Respect,1749900,Бензин,125,Механическая,Передний,Внедорожник
s-1723833v,BMW 320i,,,,,,,,
N15139629D,Renault Sandero,2018,1.6 5MT Access,697000,Бензин,82,Механическая,Передний,Хэтчбек
z-3170763V,Audi A4,2015,35 1.4 7AMT,2125000,Бензин,150,Робот с одним сцеплением,Передний,Седан
w-2294853S,Kia Sportage,2018,2.0 6МТ Classic,1544900,Бензин,150,Механическая,Передний,Внедорожник
v13590850L,Kia Rio X,2020,1.4 6MT Comfort,944900,Бензин,100,Механическая,Передний,Хэтчбек
N-7018320r,Nissan Qashqai,2017,1.2 6MT XE,1413000,Бензин,115,Механическая,Передний,Внедорожник
C-8860661H,volkswagen Polo,2020,1.6 5MT Origin,877900,Бензин,90,Механическая,Передний,Лифтбэк
e-1657282o,Nissan Qashqai,2017,1.2 6MT XE,1413000,Бензин,115,Механическая,Передний,Внедорожник
a-1090366N,volkswagen Tiguan,2020,1.4 6MT Respect,1749900,Бензин,125,Механическая,Передний,Внедорожник
T-1979577d,Audi Q3,2014,1.4 6МT,2045000,Бензин,150,Механическая,Передний,Универсал
T10443943B,Kia Rio X,2020,1.4 6MT Comfort,944900,Бензин,100,Механическая,Передний,Хэтчбек
C-7059083l,Kia Rio X-line,2020,1.4 6MT Comfort,944900,Бензин,100,Механическая,Передний,Хэтчбек
V-2775445H,Smart Coupe,,,,,,,,
Y-1359331n,Kia Rio,2020,1.4 6MT Comfort,944900,Бензин,100,Механическая,Передний,Хэтчбек
J-3845561g,volkswagen Tiguan,2020,1.4 6MT Respect,1749900,Бензин,125,Механическая,Передний,Внедорожник
J-1519931T,Hyundai Solaris,2020,1.4 6MT Active,780000,Бензин,100,Механическая,Передний,Седан
w-1534281h,volkswagen Tiguan,2020,1.4 6MT Respect,1749900,Бензин,125,Механическая,Передний,Внедорожник
q25090977a,Skoda Rapid,2019,1.6 5MT Entry,847000,Бензин,90,Механическая,Передний,Хэтчбек
P14343623p,Skoda Rapid,2019,1.6 5MT Entry,847000,Бензин,90,Механическая,Передний,Хэтчбек
S87921938R,Kia Sportage,2018,2.0 6МТ Classic,1544900,Бензин,150,Механическая,Передний,Внедорожник
Z-2503410m,Renault Sandero,2018,1.6 5MT Access,697000,Бензин,82,Механическая,Передний,Хэтчбек
X15138491s,Nissan Qashqai,2017,1.2 6MT XE,1413000,Бензин,115,Механическая,Передний,Внедорожник
s12797973g,volkswagen Tiguan,2020,1.4 6MT Respect,1749900,Бензин,125,Механическая,Передний,Внедорожник
S-2166867a,Renault Sandero,2018,1.6 5MT Access,697000,Бензин,82,Механическая,Передний,Хэтчбек
l21968436d,Renault Sandero,2018,1.6 5MT Access,697000,Бензин,82,Механическая,Передний,Хэтчбек
e48349275H,Smart Coupe,,,,,,,,
J-2076735y,Smart ForFour,2014,1.0 5MT,890000,Бензин,71,Механическая,Задний,Хэтчбек
H73023939E,Kia Rio,2020,1.4 6MT Comfort,944900,Бензин,100,Механическая,Передний,Хэтчбек
N-6929570j,Kia Sportage,2018,2.0 6МТ Classic,1544900,Бензин,150,Механическая,Передний,Внедорожник
a68025486E,Kia Rio X-line,2020,1.4 6MT Comfort,944900,Бензин,100,Механическая,Передний,Хэтчбек
q-4068323Z,Kia Rio X-line,2020,1.4 6MT Comfort,944900,Бензин,100,Механическая,Передний,Хэтчбек
V15348382y,Renault Sandero,2018,1.6 5MT Access,697000,Бензин,82,Механическая,Передний,Хэтчбек
u14532736a,Smart ForFour,2014,1.0 5MT,890000,Бензин,71,Механическая,Задний,Хэтчбек
V40334761U,Smart Coupe,,,,,,,,
B-2214084P,Kia Rio X,2020,1.4 6MT Comfort,944900,Бензин,100,Механическая,Передний,Хэтчбек
q-1404140E,volkswagen Tiguan,2020,1.4 6MT Respect,1749900,Бензин,125,Механическая,Передний,Внедорожник
A-3681208u,Smart ForFour,2014,1.0 5MT,890000,Бензин,71,Механическая,Задний,Хэтчбек
E16896376o,volkswagen Polo VI,,,,,,,,
d-2534590I,Renault Kaptur,2020,1.6 5MT Life,1140000,Бензин,114,Механическая,Передний,Внедорожник
S-1965116I,Kia Rio,2020,1.4 6MT Comfort,944900,Бензин,100,Механическая,Передний,Хэтчбек
b-4266665E,Kia Rio X-line,2020,1.4 6MT Comfort,944900,Бензин,100,Механическая,Передний,Хэтчбек
I13914989Z,Tesla Model 3,,,,,,,,
m47130393l,Smart ForTwo,2014,1.0 5MT,890000,Бензин,71,Механическая,Задний,Хэтчбек
Q-7410329X,Audi A3,2016,35 1.4 7AMТ Premium,1645000,Бензин,150,Робот с одним сцеплением,Передний,Седан
d-1297927q,Hyundai Solaris,2020,1.4 6MT Active,780000,Бензин,100,Механическая,Передний,Седан
f-1056352e,Hyundai Solaris,2020,1.4 6MT Active,780000,Бензин,100,Механическая,Передний,Седан
u-2070489i,Volkswagen ID.4 ,,,,,,,,
C16363758Y,Smart ForTwo,2014,1.0 5MT,890000,Бензин,71,Механическая,Задний,Хэтчбек
i14933910A,Kia Rio X,2020,1.4 6MT Comfort,944900,Бензин,100,Механическая,Передний,Хэтчбек
r-1475357U,Smart ForFour,2014,1.0 5MT,890000,Бензин,71,Механическая,Задний,Хэтчбек
X61893871I,Smart ForTwo,2014,1.0 5MT,890000,Бензин,71,Механическая,Задний,Хэтчбек
j-1317678J,Kia Rio,2020,1.4 6MT Comfort,944900,Бензин,100,Механическая,Передний,Хэтчбек
B-1975805X,Kia Rio X-line,2020,1.4 6MT Comfort,944900,Бензин,100,Механическая,Передний,Хэтчбек
x-7526060y,Kia Rio X-line,2020,1.4 6MT Comfort,944900,Бензин,100,Механическая,Передний,Хэтчбек
v-1386883Q,Renault Sandero,2018,1.6 5MT Access,697000,Бензин,82,Механическая,Передний,Хэтчбек
A-1463575c,Renault Sandero,2018,1.6 5MT Access,697000,Бензин,82,Механическая,Передний,Хэтчбек
w-9263433r,Renault Sandero,2018,1.6 5MT Access,697000,Бензин,82,Механическая,Передний,Хэтчбек
w19872753k,Kia Rio X-line,2020,1.4 6MT Comfort,944900,Бензин,100,Механическая,Передний,Хэтчбек
C-7911141r,volkswagen Tiguan,2020,1.4 6MT Respect,1749900,Бензин,125,Механическая,Передний,Внедорожник
s-1960417S,Audi Q3,2014,1.4 6МT,2045000,Бензин,150,Механическая,Передний,Универсал
a-8546767B,volkswagen Polo VI,,,,,,,,
F93868144g,Renault Sandero,2018,1.6 5MT Access,697000,Бензин,82,Механическая,Передний,Хэтчбек
T-2012068H,volkswagen Polo,2020,1.6 5MT Origin,877900,Бензин,90,Механическая,Передний,Лифтбэк
w38704997k,Hyundai Solaris,2020,1.4 6MT Active,780000,Бензин,100,Механическая,Передний,Седан
R14058273F,volkswagen Polo,2020,1.6 5MT Origin,877900,Бензин,90,Механическая,Передний,Лифтбэк
Y-1582411z,Smart ForFour,2014,1.0 5MT,890000,Бензин,71,Механическая,Задний,Хэтчбек
Q14512280H,Kia Sportage,2018,2.0 6МТ Classic,1544900,Бензин,150,Механическая,Передний,Внедорожник
S18780622c,Kia Sportage,2018,2.0 6МТ Classic,1544900,Бензин,150,Механическая,Передний,Внедорожник
K20448785V,Smart ForFour,2014,1.0 5MT,890000,Бензин,71,Механическая,Задний,Хэтчбек
c95874857y,Nissan Qashqai,2017,1.2 6MT XE,1413000,Бензин,115,Механическая,Передний,Внедорожник
g25517695C,Mercedes-Benz E200,,,,,,,,
R-1442786V,volkswagen Polo VI,,,,,,,,
g-2283000q,Tesla Model 3,,,,,,,,
I-9353552N,Renault Sandero,2018,1.6 5MT Access,697000,Бензин,82,Механическая,Передний,Хэтчбек
n-1751164y,Smart ForTwo,2014,1.0 5MT,890000,Бензин,71,Механическая,Задний,Хэтчбек
E-2364794p,Smart Coupe,,,,,,,,
Z10584890Y,Kia Rio X,2020,1.4 6MT Comfort,944900,Бензин,100,Механическая,Передний,Хэтчбек
r21240148Z,Fiat 500,2015,1.4 6MT Lounge,990000,Бензин,100,Механическая,Передний,Хэтчбек
d13892145k,volkswagen Polo VI,,,,,,,,
N10423478l,MINI CooperSE,2014,2.0 6AT,1950000,Бензин,231,Классический автомат,Передний,Хэтчбек
X45507052P,Smart ForTwo,2014,1.0 5MT,890000,Бензин,71,Механическая,Задний,Хэтчбек
w-1247054B,Smart ForFour,2014,1.0 5MT,890000,Бензин,71,Механическая,Задний,Хэтчбек
k-7428263u,Smart ForTwo,2014,1.0 5MT,890000,Бензин,71,Механическая,Задний,Хэтчбек
I-1834975z,Mercedes-Benz GLC,2019,2.0 9AT Premium,4690000,Бензин,197,Классический автомат,Полный,Внедорожник
X21759757Y,Kia Rio X,2020,1.4 6MT Comfort,944900,Бензин,100,Механическая,Передний,Хэтчбек
g16808805U,Kia Rio,2020,1.4 6MT Comfort,944900,Бензин,100,Механическая,Передний,Хэтчбек
t15817307U,Renault Kaptur,2020,1.6 5MT Life,1140000,Бензин,114,Механическая,Передний,Внедорожник
K12580160n,Kia Sportage,2018,2.0 6МТ Classic,1544900,Бензин,150,Механическая,Передний,Внедорожник
v24501032Z,Smart ForFour,2014,1.0 5MT,890000,Бензин,71,Механическая,Задний,Хэтчбек
r-1234134E,Kia Rio X-line,2020,1.4 6MT Comfort,944900,Бензин,100,Механическая,Передний,Хэтчбек
F-4368553P,Kia Rio X,2020,1.4 6MT Comfort,944900,Бензин,100,Механическая,Передний,Хэтчбек
e19460921k,Renault Kaptur,2020,1.6 5MT Life,1140000,Бензин,114,Механическая,Передний,Внедорожник
l60900580P,volkswagen Polo,2020,1.6 5MT Origin,877900,Бензин,90,Механическая,Передний,Лифтбэк
L-1528963w,Kia Rio,2020,1.4 6MT Comfort,944900,Бензин,100,Механическая,Передний,Хэтчбек
h-5894617f,Kia Sportage,2018,2.0 6МТ Classic,1544900,Бензин,150,Механическая,Передний,Внедорожник
s-4342091J,Renault Kaptur,2020,1.6 5MT Life,1140000,Бензин,114,Механическая,Передний,Внедорожник
d19132071d,Nissan Qashqai,2017,1.2 6MT XE,1413000,Бензин,115,Механическая,Передний,Внедорожник
T17230987N,Hyundai Solaris,2020,1.4 6MT Active,780000,Бензин,100,Механическая,Передний,Седан
y-9963220p,Kia Sportage,2018,2.0 6МТ Classic,1544900,Бензин,150,Механическая,Передний,Внедорожник
e47564578c,Renault Kaptur,2020,1.6 5MT Life,1140000,Бензин,114,Механическая,Передний,Внедорожник
A-1925405h,Nissan Qashqai,2017,1.2 6MT XE,1413000,Бензин,115,Механическая,Передний,Внедорожник
K-1675111t,Mercedes-Benz E200,,,,,,,,
H97009055R,volkswagen Polo VI,,,,,,,,
I19047773k,volkswagen Polo VI,,,,,,,,
n-4539806B,Kia Sportage,2018,2.0 6МТ Classic,1544900,Бензин,150,Механическая,Передний,Внедорожник
i-1648732d,Renault Kaptur,2020,1.6 5MT Life,1140000,Бензин,114,Механическая,Передний,Внедорожник
e16769908F,Renault Kaptur,2020,1.6 5MT Life,1140000,Бензин,114,Механическая,Передний,Внедорожник
F16255698J,Kia Rio X,2020,1.4 6MT Comfort,944900,Бензин,100,Механическая,Передний,Хэтчбек
G62687264j,Skoda Rapid,2019,1.6 5MT Entry,847000,Бензин,90,Механическая,Передний,Хэтчбек
o-1192530z,Renault Sandero,2018,1.6 5MT Access,697000,Бензин,82,Механическая,Передний,Хэтчбек
I-3923390F,volkswagen Polo,2020,1.6 5MT Origin,877900,Бензин,90,Механическая,Передний,Лифтбэк
O-4279569M,volkswagen Polo VI,,,,,,,,
H16125822e,Smart ForFour,2014,1.0 5MT,890000,Бензин,71,Механическая,Задний,Хэтчбек
o86542160V,Hyundai Solaris,2020,1.4 6MT Active,780000,Бензин,100,Механическая,Передний,Седан
G13398649k,volkswagen Polo,2020,1.6 5MT Origin,877900,Бензин,90,Механическая,Передний,Лифтбэк
a11345005q,Audi A4,2015,35 1.4 7AMT,2125000,Бензин,150,Робот с одним сцеплением,Передний,Седан
I-1647122N,volkswagen Tiguan,2020,1.4 6MT Respect,1749900,Бензин,125,Механическая,Передний,Внедорожник
j39765515y,Kia Sportage,2018,2.0 6МТ Classic,1544900,Бензин,150,Механическая,Передний,Внедорожник
s22685968d,Skoda Rapid,2019,1.6 5MT Entry,847000,Бензин,90,Механическая,Передний,Хэтчбек
Z-3081671k,Nissan Qashqai,2017,1.2 6MT XE,1413000,Бензин,115,Механическая,Передний,Внедорожник
q14945093N,volkswagen Polo VI,,,,,,,,
F72202302t,Smart ForTwo,2014,1.0 5MT,890000,Бензин,71,Механическая,Задний,Хэтчбек
l21849080k,Skoda Rapid,2019,1.6 5MT Entry,847000,Бензин,90,Механическая,Передний,Хэтчбек
s54993523h,Smart Coupe,,,,,,,,
y-1123775i,Renault Kaptur,2020,1.6 5MT Life,1140000,Бензин,114,Механическая,Передний,Внедорожник
M14149808l,Kia Rio X,2020,1.4 6MT Comfort,944900,Бензин,100,Механическая,Передний,Хэтчбек
M20404037C,Kia Rio X,2020,1.4 6MT Comfort,944900,Бензин,100,Механическая,Передний,Хэтчбек
b-1571829x,Mercedes-Benz E200,,,,,,,,
s16958043k,volkswagen Polo VI,,,,,,,,
Y-1266722f,Renault Kaptur,2020,1.6 5MT Life,1140000,Бензин,114,Механическая,Передний,Внедорожник
d10076210Q,Hyundai Solaris,2020,1.4 6MT Active,780000,Бензин,100,Механическая,Передний,Седан
H10820003r,Kia Rio X,2020,1.4 6MT Comfort,944900,Бензин,100,Механическая,Передний,Хэтчбек
W10593018G,Skoda Rapid,2019,1.6 5MT Entry,847000,Бензин,90,Механическая,Передний,Хэтчбек
s-5287107D,Kia Rio,2020,1.4 6MT Comfort,944900,Бензин,100,Механическая,Передний,Хэтчбек
U66280408d,Renault Kaptur,2020,1.6 5MT Life,1140000,Бензин,114,Механическая,Передний,Внедорожник
D-1146124x,volkswagen Polo VI,,,,,,,,
Q-2259244S,Kia Rio X-line,2020,1.4 6MT Comfort,944900,Бензин,100,Механическая,Передний,Хэтчбек
D-7559160p,Smart ForTwo,2014,1.0 5MT,890000,Бензин,71,Механическая,Задний,Хэтчбек
h13839988K,Kia Rio X,2020,1.4 6MT Comfort,944900,Бензин,100,Механическая,Передний,Хэтчбек
H72631192M,Kia Rio X,2020,1.4 6MT Comfort,944900,Бензин,100,Механическая,Передний,Хэтчбек
L-4889905g,volkswagen Tiguan,2020,1.4 6MT Respect,1749900,Бензин,125,Механическая,Передний,Внедорожник
z21607339H,Smart Coupe,,,,,,,,
p-3327570V,Skoda Rapid,2019,1.6 5MT Entry,847000,Бензин,90,Механическая,Передний,Хэтчбек
g12467053Z,BMW 320i,,,,,,,,
N21846215c,Mini Cooper,2014,2.0 6AT,1950000,Бензин,231,Классический автомат,Передний,Хэтчбек
i-2453146k,Skoda Rapid,2019,1.6 5MT Entry,847000,Бензин,90,Механическая,Передний,Хэтчбек
m20786215a,Smart Coupe,,,,,,,,
n20592045x,volkswagen Polo VI,,,,,,,,
H22026851l,Kia Rio X,2020,1.4 6MT Comfort,944900,Бензин,100,Механическая,Передний,Хэтчбек
E51339321G,Smart Coupe,,,,,,,,
k27919049d,Skoda Rapid,2019,1.6 5MT Entry,847000,Бензин,90,Механическая,Передний,Хэтчбек
c33662054g,volkswagen Polo VI,,,,,,,,
S12759270J,Nissan Qashqai,2017,1.2 6MT XE,1413000,Бензин,115,Механическая,Передний,Внедорожник
M-1009693J,Kia Rio,2020,1.4 6MT Comfort,944900,Бензин,100,Механическая,Передний,Хэтчбек
H82330164N,Smart ForFour,2014,1.0 5MT,890000,Бензин,71,Механическая,Задний,Хэтчбек
Q-1696362K,Skoda Rapid,2019,1.6 5MT Entry,847000,Бензин,90,Механическая,Передний,Хэтчбек
a-1300283K,Kia Rio X-line,2020,1.4 6MT Comfort,944900,Бензин,100,Механическая,Передний,Хэтчбек
f11377802P,volkswagen Polo VI,,,,,,,,
r-4630038Z,volkswagen Polo VI,,,,,,,,
N-1766675j,Kia Rio X,2020,1.4 6MT Comfort,944900,Бензин,100,Механическая,Передний,Хэтчбек
D-1038999X,Kia Rio X-line,2020,1.4 6MT Comfort,944900,Бензин,100,Механическая,Передний,Хэтчбек
H-2121225S,Renault Kaptur,2020,1.6 5MT Life,1140000,Бензин,114,Механическая,Передний,Внедорожник
U92034837a,Hyundai Solaris,2020,1.4 6MT Active,780000,Бензин,100,Механическая,Передний,Седан
e47878499e,volkswagen Polo VI,,,,,,,,
y15784992m,Smart Coupe,,,,,,,,
Q19568266H,volkswagen Polo,2020,1.6 5MT Origin,877900,Бензин,90,Механическая,Передний,Лифтбэк
F-1306753r,Smart Coupe,,,,,,,,
g-1001106Y,Skoda Rapid,2019,1.6 5MT Entry,847000,Бензин,90,Механическая,Передний,Хэтчбек
e41548122F,Smart ForTwo,2014,1.0 5MT,890000,Бензин,71,Механическая,Задний,Хэтчбек
d-1191791F,Smart ForTwo,2014,1.0 5MT,890000,Бензин,71,Механическая,Задний,Хэтчбек
a-3508437r,Audi A4,2015,35 1.4 7AMT,2125000,Бензин,150,Робот с одним сцеплением,Передний,Седан
n10768003a,Nissan Qashqai,2017,1.2 6MT XE,1413000,Бензин,115,Механическая,Передний,Внедорожник
V-1058917A,Mercedes-Benz E200,,,,,,,,
G-1064210J,Smart Coupe,,,,,,,,
b37898483B,Smart ForTwo,2014,1.0 5MT,890000,Бензин,71,Механическая,Задний,Хэтчбек
W-1942072H,Kia Rio,2020,1.4 6MT Comfort,944900,Бензин,100,Механическая,Передний,Хэтчбек
U11089784O,Skoda Rapid,2019,1.6 5MT Entry,847000,Бензин,90,Механическая,Передний,Хэтчбек
o17364992e,Smart ForFour,2014,1.0 5MT,890000,Бензин,71,Механическая,Задний,Хэтчбек
w10076088n,Kia Sportage,2018,2.0 6МТ Classic,1544900,Бензин,150,Механическая,Передний,Внедорожник
C-2006279f,Audi A4,2015,35 1.4 7AMT,2125000,Бензин,150,Робот с одним сцеплением,Передний,Седан
E39641246E,Kia Sportage,2018,2.0 6МТ Classic,1544900,Бензин,150,Механическая,Передний,Внедорожник
z14099268L,volkswagen Polo VI,,,,,,,,
V-1025313d,volkswagen Tiguan,2020,1.4 6MT Respect,1749900,Бензин,125,Механическая,Передний,Внедорожник
K20554631n,Nissan Qashqai,2017,1.2 6MT XE,1413000,Бензин,115,Механическая,Передний,Внедорожник
F51416137Z,Renault Sandero,2018,1.6 5MT Access,697000,Бензин,82,Механическая,Передний,Хэтчбек
b-3264280n,Hyundai Solaris,2020,1.4 6MT Active,780000,Бензин,100,Механическая,Передний,Седан
D22362642k,Smart ForFour,2014,1.0 5MT,890000,Бензин,71,Механическая,Задний,Хэтчбек
q-1916829q,Audi A4,2015,35 1.4 7AMT,2125000,Бензин,150,Робот с одним сцеплением,Передний,Седан
K-3971663p,Kia Rio X,2020,1.4 6MT Comfort,944900,Бензин,100,Механическая,Передний,Хэтчбек
A-3756325r,volkswagen Tiguan,2020,1.4 6MT Respect,1749900,Бензин,125,Механическая,Передний,Внедорожник
t50494237j,Nissan Qashqai,2017,1.2 6MT XE,1413000,Бензин,115,Механическая,Передний,Внедорожник
O-1799431p,volkswagen Polo VI,,,,,,,,
R13692872e,Hyundai Solaris,2020,1.4 6MT Active,780000,Бензин,100,Механическая,Передний,Седан
C12335518x,Smart ForFour,2014,1.0 5MT,890000,Бензин,71,Механическая,Задний,Хэтчбек
F19492836W,volkswagen Tiguan,2020,1.4 6MT Respect,1749900,Бензин,125,Механическая,Передний,Внедорожник
X-1992655I,Mercedes-Benz GLC,2019,2.0 9AT Premium,4690000,Бензин,197,Классический автомат,Полный,Внедорожник
l10472079P,Kia Sportage,2018,2.0 6МТ Classic,1544900,Бензин,150,Механическая,Передний,Внедорожник
O-4874952L,volkswagen Tiguan,2020,1.4 6MT Respect,1749900,Бензин,125,Механическая,Передний,Внедорожник
R-7424780C,MINI CooperSE,2014,2.0 6AT,1950000,Бензин,231,Классический автомат,Передний,Хэтчбек
m17609944Y,Hyundai Solaris,2020,1.4 6MT Active,780000,Бензин,100,Механическая,Передний,Седан
i-4390733F,Mini Cooper,2014,2.0 6AT,1950000,Бензин,231,Классический автомат,Передний,Хэтчбек
W-1301331r,Smart Coupe,,,,,,,,
M50269450O,Hyundai Solaris,2020,1.4 6MT Active,780000,Бензин,100,Механическая,Передний,Седан
I17502941F,volkswagen Polo VI,,,,,,,,
v-9234388J,volkswagen Polo VI,,,,,,,,
I16979704r,volkswagen Polo VI,,,,,,,,
s16218530z,Smart ForTwo,2014,1.0 5MT,890000,Бензин,71,Механическая,Задний,Хэтчбек
k-1405918G,Skoda Rapid,2019,1.6 5MT Entry,847000,Бензин,90,Механическая,Передний,Хэтчбек
d-7352777o,volkswagen Polo VI,,,,,,,,
l61851567T,volkswagen Polo,2020,1.6 5MT Origin,877900,Бензин,90,Механическая,Передний,Лифтбэк
j-2201624B,Kia Sportage,2018,2.0 6МТ Classic,1544900,Бензин,150,Механическая,Передний,Внедорожник
n11802717C,Skoda Rapid,2019,1.6 5MT Entry,847000,Бензин,90,Механическая,Передний,Хэтчбек
j17565618E,Kia Rio X,2020,1.4 6MT Comfort,944900,Бензин,100,Механическая,Передний,Хэтчбек
k16623645q,Smart ForFour,2014,1.0 5MT,890000,Бензин,71,Механическая,Задний,Хэтчбек
b14467388K,volkswagen Polo VI,,,,,,,,
W-6742818R,Renault Kaptur,2020,1.6 5MT Life,1140000,Бензин,114,Механическая,Передний,Внедорожник
u22457924s,Skoda Rapid,2019,1.6 5MT Entry,847000,Бензин,90,Механическая,Передний,Хэтчбек
t18723800A,Skoda Rapid,2019,1.6 5MT Entry,847000,Бензин,90,Механическая,Передний,Хэтчбек
v-7054365O,Skoda Rapid,2019,1.6 5MT Entry,847000,Бензин,90,Механическая,Передний,Хэтчбек
z-1602998Z,Kia Rio,2020,1.4 6MT Comfort,944900,Бензин,100,Механическая,Передний,Хэтчбек
x-3347185z,Kia Rio X-line,2020,1.4 6MT Comfort,944900,Бензин,100,Механическая,Передний,Хэтчбек
n-5767544o,Audi A3,2016,35 1.4 7AMТ Premium,1645000,Бензин,150,Робот с одним сцеплением,Передний,Седан
e63361984l,Skoda Rapid,2019,1.6 5MT Entry,847000,Бензин,90,Механическая,Передний,Хэтчбек
Y54367590b,Kia Rio,2020,1.4 6MT Comfort,944900,Бензин,100,Механическая,Передний,Хэтчбек
y11935658q,Mercedes-Benz E200,,,,,,,,
r12380190C,Skoda Rapid,2019,1.6 5MT Entry,847000,Бензин,90,Механическая,Передний,Хэтчбек
k19526508X,Audi A4,2015,35 1.4 7AMT,2125000,Бензин,150,Робот с одним сцеплением,Передний,Седан
v53440686O,Kia Sportage,2018,2.0 6МТ Classic,1544900,Бензин,150,Механическая,Передний,Внедорожник
P-8697515N,Renault Sandero,2018,1.6 5MT Access,697000,Бензин,82,Механическая,Передний,Хэтчбек
A-1737634s,MINI CooperSE,2014,2.0 6AT,1950000,Бензин,231,Классический автомат,Передний,Хэтчбек
m-3564148V,Smart Coupe,,,,,,,,
p22837387w,volkswagen Tiguan,2020,1.4 6MT Respect,1749900,Бензин,125,Механическая,Передний,Внедорожник
l34820395K,Renault Sandero,2018,1.6 5MT Access,697000,Бензин,82,Механическая,Передний,Хэтчбек
y-2198122N,Smart ForTwo,2014,1.0 5MT,890000,Бензин,71,Механическая,Задний,Хэтчбек
T-1279192Y,Smart ForTwo,2014,1.0 5MT,890000,Бензин,71,Механическая,Задний,Хэтчбек
n-8990441z,Renault Sandero,2018,1.6 5MT Access,697000,Бензин,82,Механическая,Передний,Хэтчбек
P16794241p,Renault Sandero,2018,1.6 5MT Access,697000,Бензин,82,Механическая,Передний,Хэтчбек
t73149868J,Hyundai Solaris,2020,1.4 6MT Active,780000,Бензин,100,Механическая,Передний,Седан
j-7040669b,Smart Coupe,,,,,,,,
U22436282H,Renault Sandero,2018,1.6 5MT Access,697000,Бензин,82,Механическая,Передний,Хэтчбек
p79405056U,Smart ForTwo,2014,1.0 5MT,890000,Бензин,71,Механическая,Задний,Хэтчбек
m-1601301c,Renault Sandero,2018,1.6 5MT Access,697000,Бензин,82,Механическая,Передний,Хэтчбек
X72181201T,volkswagen Tiguan,2020,1.4 6MT Respect,1749900,Бензин,125,Механическая,Передний,Внедорожник
t-9455268R,Nissan Qashqai,2017,1.2 6MT XE,1413000,Бензин,115,Механическая,Передний,Внедорожник
C-1104155H,volkswagen Tiguan,2020,1.4 6MT Respect,1749900,Бензин,125,Механическая,Передний,Внедорожник
U16248458j,Kia Rio X,2020,1.4 6MT Comfort,944900,Бензин,100,Механическая,Передний,Хэтчбек
S-4120469L,Mini Cooper,2014,2.0 6AT,1950000,Бензин,231,Классический автомат,Передний,Хэтчбек
n-1232719B,Kia Sportage,2018,2.0 6МТ Classic,1544900,Бензин,150,Механическая,Передний,Внедорожник
S18963318k,Smart Coupe,,,,,,,,
G-2226752k,Audi Q3,2014,1.4 6МT,2045000,Бензин,150,Механическая,Передний,Универсал
k93390324e,Mini Cooper,2014,2.0 6AT,1950000,Бензин,231,Классический автомат,Передний,Хэтчбек
V-1918392R,Skoda Rapid,2019,1.6 5MT Entry,847000,Бензин,90,Механическая,Передний,Хэтчбек
N17803792H,Kia Rio,2020,1.4 6MT Comfort,944900,Бензин,100,Механическая,Передний,Хэтчбек
A32458478u,volkswagen Polo VI,,,,,,,,
R-1710572o,Skoda Rapid,2019,1.6 5MT Entry,847000,Бензин,90,Механическая,Передний,Хэтчбек
p81265760I,volkswagen Polo VI,,,,,,,,
v-1155372j,Kia Sportage,2018,2.0 6МТ Classic,1544900,Бензин,150,Механическая,Передний,Внедорожник
z73688663a,Skoda Rapid,2019,1.6 5MT Entry,847000,Бензин,90,Механическая,Передний,Хэтчбек
X-1036784d,volkswagen Polo,2020,1.6 5MT Origin,877900,Бензин,90,Механическая,Передний,Лифтбэк
r-1281369M,Kia Sportage,2018,2.0 6МТ Classic,1544900,Бензин,150,Механическая,Передний,Внедорожник
e-2751485D,Kia Sportage,2018,2.0 6МТ Classic,1544900,Бензин,150,Механическая,Передний,Внедорожник
Q-1670265e,Smart Coupe,,,,,,,,
v-1937023k,Kia Rio,2020,1.4 6MT Comfort,944900,Бензин,100,Механическая,Передний,Хэтчбек
l20591979C,Renault Kaptur,2020,1.6 5MT Life,1140000,Бензин,114,Механическая,Передний,Внедорожник
c50744646N,volkswagen Polo,2020,1.6 5MT Origin,877900,Бензин,90,Механическая,Передний,Лифтбэк
P13663597M,Kia Sportage,2018,2.0 6МТ Classic,1544900,Бензин,150,Механическая,Передний,Внедорожник
Q11996423R,volkswagen Polo,2020,1.6 5MT Origin,877900,Бензин,90,Механическая,Передний,Лифтбэк
p33048720U,Renault Sandero,2018,1.6 5MT Access,697000,Бензин,82,Механическая,Передний,Хэтчбек
W17327191z,Smart Coupe,,,,,,,,
X27634860c,volkswagen Polo,2020,1.6 5MT Origin,877900,Бензин,90,Механическая,Передний,Лифтбэк
h11151569D,Smart ForFour,2014,1.0 5MT,890000,Бензин,71,Механическая,Задний,Хэтчбек
w13862354L,Kia Sportage,2018,2.0 6МТ Classic,1544900,Бензин,150,Механическая,Передний,Внедорожник
G-1225214b,Kia Sportage,2018,2.0 6МТ Classic,1544900,Бензин,150,Механическая,Передний,Внедорожник
A-1049127W,Hyundai Solaris,2020,1.4 6MT Active,780000,Бензин,100,Механическая,Передний,Седан
B-1232981t,Kia Rio X,2020,1.4 6MT Comfort,944900,Бензин,100,Механическая,Передний,Хэтчбек
m70682170q,Kia Rio X-line,2020,1.4 6MT Comfort,944900,Бензин,100,Механическая,Передний,Хэтчбек
K-1744621w,volkswagen Polo VI,,,,,,,,
V43499402t,Nissan Qashqai,2017,1.2 6MT XE,1413000,Бензин,115,Механическая,Передний,Внедорожник
f-2278263a,Renault Kaptur,2020,1.6 5MT Life,1140000,Бензин,114,Механическая,Передний,Внедорожник
g-6471498I,MINI CooperSE,2014,2.0 6AT,1950000,Бензин,231,Классический автомат,Передний,Хэтчбек
i-3205593N,Smart ForFour,2014,1.0 5MT,890000,Бензин,71,Механическая,Задний,Хэтчбек
l65240349Z,Renault Sandero,2018,1.6 5MT Access,697000,Бензин,82,Механическая,Передний,Хэтчбек
L-2024330N,Kia Sportage,2018,2.0 6МТ Classic,1544900,Бензин,150,Механическая,Передний,Внедорожник
c20826490j,Kia Rio X-line,2020,1.4 6MT Comfort,944900,Бензин,100,Механическая,Передний,Хэтчбек
c-1675806d,Skoda Rapid,2019,1.6 5MT Entry,847000,Бензин,90,Механическая,Передний,Хэтчбек
Q-2037054s,Renault Sandero,2018,1.6 5MT Access,697000,Бензин,82,Механическая,Передний,Хэтчбек
i-8030392l,Kia Rio X-line,2020,1.4 6MT Comfort,944900,Бензин,100,Механическая,Передний,Хэтчбек
H56874337I,Smart ForTwo,2014,1.0 5MT,890000,Бензин,71,Механическая,Задний,Хэтчбек
l-2088564B,volkswagen Polo VI,,,,,,,,
g-1503076Q,Smart ForFour,2014,1.0 5MT,890000,Бензин,71,Механическая,Задний,Хэтчбек
z22851238e,volkswagen Polo,2020,1.6 5MT Origin,877900,Бензин,90,Механическая,Передний,Лифтбэк
I-7566385U,Kia Sportage,2018,2.0 6МТ Classic,1544900,Бензин,150,Механическая,Передний,Внедорожник
Z16147645X,Skoda Rapid,2019,1.6 5MT Entry,847000,Бензин,90,Механическая,Передний,Хэтчбек
r-1558153U,Audi Q3,2014,1.4 6МT,2045000,Бензин,150,Механическая,Передний,Универсал
o-9448236d,Renault Kaptur,2020,1.6 5MT Life,1140000,Бензин,114,Механическая,Передний,Внедорожник
m17658099N,Hyundai Solaris,2020,1.4 6MT Active,780000,Бензин,100,Механическая,Передний,Седан
q-1536726P,Renault Kaptur,2020,1.6 5MT Life,1140000,Бензин,114,Механическая,Передний,Внедорожник
v-1736895l,Skoda Rapid,2019,1.6 5MT Entry,847000,Бензин,90,Механическая,Передний,Хэтчбек
H-1807268T,volkswagen Polo,2020,1.6 5MT Origin,877900,Бензин,90,Механическая,Передний,Лифтбэк
n-1768418D,Nissan Qashqai,2017,1.2 6MT XE,1413000,Бензин,115,Механическая,Передний,Внедорожник
k55997232L,Hyundai Solaris,2020,1.4 6MT Active,780000,Бензин,100,Механическая,Передний,Седан
L-2169697n,Kia Sportage,2018,2.0 6МТ Classic,1544900,Бензин,150,Механическая,Передний,Внедорожник
E-5768743C,Mercedes-Benz GLC,2019,2.0 9AT Premium,4690000,Бензин,197,Классический автомат,Полный,Внедорожник
s-4094631m,volkswagen Polo,2020,1.6 5MT Origin,877900,Бензин,90,Механическая,Передний,Лифтбэк
V20793549R,Renault Sandero,2018,1.6 5MT Access,697000,Бензин,82,Механическая,Передний,Хэтчбек
g11868644O,volkswagen Tiguan,2020,1.4 6MT Respect,1749900,Бензин,125,Механическая,Передний,Внедорожник
k50823429c,Skoda Rapid,2019,1.6 5MT Entry,847000,Бензин,90,Механическая,Передний,Хэтчбек
T-5659136s,Hyundai Solaris,2020,1.4 6MT Active,780000,Бензин,100,Механическая,Передний,Седан
Y17601105t,Renault Kaptur,2020,1.6 5MT Life,1140000,Бензин,114,Механическая,Передний,Внедорожник
c60273416t,Renault Kaptur,2020,1.6 5MT Life,1140000,Бензин,114,Механическая,Передний,Внедорожник
t21606510Y,Hyundai Solaris,2020,1.4 6MT Active,780000,Бензин,100,Механическая,Передний,Седан
R88159240t,volkswagen Polo VI,,,,,,,,
L21442805h,Kia Sportage,2018,2.0 6МТ Classic,1544900,Бензин,150,Механическая,Передний,Внедорожник
u-2025209s,Mercedes-Benz GLC,2019,2.0 9AT Premium,4690000,Бензин,197,Классический автомат,Полный,Внедорожник
I97024995K,Kia Rio X,2020,1.4 6MT Comfort,944900,Бензин,100,Механическая,Передний,Хэтчбек
P95971972i,Kia Rio X-line,2020,1.4 6MT Comfort,944900,Бензин,100,Механическая,Передний,Хэтчбек
P10296494R,Kia Rio,2020,1.4 6MT Comfort,944900,Бензин,100,Механическая,Передний,Хэтчбек
o-1588203t,volkswagen Polo VI,,,,,,,,
S-1915237T,volkswagen Tiguan,2020,1.4 6MT Respect,1749900,Бензин,125,Механическая,Передний,Внедорожник
u-1715408i,Renault Kaptur,2020,1.6 5MT Life,1140000,Бензин,114,Механическая,Передний,Внедорожник
P-7445835e,Renault Kaptur,2020,1.6 5MT Life,1140000,Бензин,114,Механическая,Передний,Внедорожник
Z-3125529h,Smart ForTwo,2014,1.0 5MT,890000,Бензин,71,Механическая,Задний,Хэтчбек
C-1198893D,Kia Rio X-line,2020,1.4 6MT Comfort,944900,Бензин,100,Механическая,Передний,Хэтчбек
u-1140095Q,Kia Rio,2020,1.4 6MT Comfort,944900,Бензин,100,Механическая,Передний,Хэтчбек
I-8039148a,volkswagen Polo,2020,1.6 5MT Origin,877900,Бензин,90,Механическая,Передний,Лифтбэк
C23250927C,Fiat 500,2015,1.4 6MT Lounge,990000,Бензин,100,Механическая,Передний,Хэтчбек
i36367577X,Smart Coupe,,,,,,,,
J-1264842C,MINI CooperSE,2014,2.0 6AT,1950000,Бензин,231,Классический автомат,Передний,Хэтчбек
X-1729593v,Nissan Qashqai,2017,1.2 6MT XE,1413000,Бензин,115,Механическая,Передний,Внедорожник
W18935144W,Nissan Qashqai,2017,1.2 6MT XE,1413000,Бензин,115,Механическая,Передний,Внедорожник
c-5615180M,Mercedes-Benz GLC,2019,2.0 9AT Premium,4690000,Бензин,197,Классический автомат,Полный,Внедорожник
a-1993580l,Kia Rio,2020,1.4 6MT Comfort,944900,Бензин,100,Механическая,Передний,Хэтчбек
l20015000O,Hyundai Solaris,2020,1.4 6MT Active,780000,Бензин,100,Механическая,Передний,Седан
t-1890179i,Kia Sportage,2018,2.0 6МТ Classic,1544900,Бензин,150,Механическая,Передний,Внедорожник
r-2150771s,Hyundai Solaris,2020,1.4 6MT Active,780000,Бензин,100,Механическая,Передний,Седан
b-8006722p,volkswagen Tiguan,2020,1.4 6MT Respect,1749900,Бензин,125,Механическая,Передний,Внедорожник
h-1013836h,Smart ForFour,2014,1.0 5MT,890000,Бензин,71,Механическая,Задний,Хэтчбек
O15208534I,Hyundai Solaris,2020,1.4 6MT Active,780000,Бензин,100,Механическая,Передний,Седан
a-2094929a,Audi Q3,2014,1.4 6МT,2045000,Бензин,150,Механическая,Передний,Универсал
z-1514384W,Kia Rio X-line,2020,1.4 6MT Comfort,944900,Бензин,100,Механическая,Передний,Хэтчбек
s-1243339h,MINI CooperSE,2014,2.0 6AT,1950000,Бензин,231,Классический автомат,Передний,Хэтчбек
Z-1691162B,Mini Cooper,2014,2.0 6AT,1950000,Бензин,231,Классический автомат,Передний,Хэтчбек
P-1412506Z,Volkswagen ID.4 ,,,,,,,,
I77886789f,Kia Rio X,2020,1.4 6MT Comfort,944900,Бензин,100,Механическая,Передний,Хэтчбек
e89496897S,Smart ForTwo,2014,1.0 5MT,890000,Бензин,71,Механическая,Задний,Хэтчбек
H-2061992E,Audi A3,2016,35 1.4 7AMТ Premium,1645000,Бензин,150,Робот с одним сцеплением,Передний,Седан
r12485993Y,Kia Rio,2020,1.4 6MT Comfort,944900,Бензин,100,Механическая,Передний,Хэтчбек
h-4055905a,Kia Rio X-line,2020,1.4 6MT Comfort,944900,Бензин,100,Механическая,Передний,Хэтчбек
g66229611W,Hyundai Solaris,2020,1.4 6MT Active,780000,Бензин,100,Механическая,Передний,Седан
t-5576466l,volkswagen Tiguan,2020,1.4 6MT Respect,1749900,Бензин,125,Механическая,Передний,Внедорожник
O13566304w,Hyundai Solaris,2020,1.4 6MT Active,780000,Бензин,100,Механическая,Передний,Седан
M-1459552x,Renault Sandero,2018,1.6 5MT Access,697000,Бензин,82,Механическая,Передний,Хэтчбек
t18819186j,Smart ForFour,2014,1.0 5MT,890000,Бензин,71,Механическая,Задний,Хэтчбек
b-6894725S,Renault Sandero,2018,1.6 5MT Access,697000,Бензин,82,Механическая,Передний,Хэтчбек
U-1517611e,Smart Coupe,,,,,,,,
f-1766985X,Audi A4,2015,35 1.4 7AMT,2125000,Бензин,150,Робот с одним сцеплением,Передний,Седан
r-4232284g,Kia Sportage,2018,2.0 6МТ Classic,1544900,Бензин,150,Механическая,Передний,Внедорожник
u-7756149A,volkswagen Polo VI,,,,,,,,
x-5093569t,Hyundai Solaris,2020,1.4 6MT Active,780000,Бензин,100,Механическая,Передний,Седан
i-1106718P,Tesla Model 3,,,,,,,,
m19179340R,Nissan Qashqai,2017,1.2 6MT XE,1413000,Бензин,115,Механическая,Передний,Внедорожник
p-8676887s,Smart ForFour,2014,1.0 5MT,890000,Бензин,71,Механическая,Задний,Хэтчбек
O21645254m,Mercedes-Benz E200,,,,,,,,
F18814121v,Renault Kaptur,2020,1.6 5MT Life,1140000,Бензин,114,Механическая,Передний,Внедорожник
M-1529406d,Renault Kaptur,2020,1.6 5MT Life,1140000,Бензин,114,Механическая,Передний,Внедорожник
S-1051984S,Skoda Rapid,2019,1.6 5MT Entry,847000,Бензин,90,Механическая,Передний,Хэтчбек
v10745703c,volkswagen Tiguan,2020,1.4 6MT Respect,1749900,Бензин,125,Механическая,Передний,Внедорожник
l57128172Q,Hyundai Solaris,2020,1.4 6MT Active,780000,Бензин,100,Механическая,Передний,Седан
Z-7997184C,Kia Rio,2020,1.4 6MT Comfort,944900,Бензин,100,Механическая,Передний,Хэтчбек
z86911952C,Nissan Qashqai,2017,1.2 6MT XE,1413000,Бензин,115,Механическая,Передний,Внедорожник
n-3242143c,Nissan Qashqai,2017,1.2 6MT XE,1413000,Бензин,115,Механическая,Передний,Внедорожник
I29523102L,Nissan Qashqai,2017,1.2 6MT XE,1413000,Бензин,115,Механическая,Передний,Внедорожник
g-7424670L,Volkswagen ID.4 ,,,,,,,,
z45708153c,Smart ForTwo,2014,1.0 5MT,890000,Бензин,71,Механическая,Задний,Хэтчбек
P-1980717v,Mini Cooper,2014,2.0 6AT,1950000,Бензин,231,Классический автомат,Передний,Хэтчбек
O-2198733k,Renault Kaptur,2020,1.6 5MT Life,1140000,Бензин,114,Механическая,Передний,Внедорожник
j21765409E,volkswagen Tiguan,2020,1.4 6MT Respect,1749900,Бензин,125,Механическая,Передний,Внедорожник
P-2832417U,volkswagen Tiguan,2020,1.4 6MT Respect,1749900,Бензин,125,Механическая,Передний,Внедорожник
S11905138M,Mercedes-Benz E200,,,,,,,,
V21472170q,Smart Coupe,,,,,,,,
F-5640696g,volkswagen Polo VI,,,,,,,,
i10103684i,Kia Sportage,2018,2.0 6МТ Classic,1544900,Бензин,150,Механическая,Передний,Внедорожник
L13493904m,Smart Coupe,,,,,,,,
S17718285e,volkswagen Tiguan,2020,1.4 6MT Respect,1749900,Бензин,125,Механическая,Передний,Внедорожник
W-2201967O,Skoda Rapid,2019,1.6 5MT Entry,847000,Бензин,90,Механическая,Передний,Хэтчбек
G36366245G,Kia Rio X,2020,1.4 6MT Comfort,944900,Бензин,100,Механическая,Передний,Хэтчбек
k-1039028Y,Renault Kaptur,2020,1.6 5MT Life,1140000,Бензин,114,Механическая,Передний,Внедорожник
d-2008716O,Smart ForFour,2014,1.0 5MT,890000,Бензин,71,Механическая,Задний,Хэтчбек
x-1299683h,Kia Rio X-line,2020,1.4 6MT Comfort,944900,Бензин,100,Механическая,Передний,Хэтчбек
r95144569S,Nissan Qashqai,2017,1.2 6MT XE,1413000,Бензин,115,Механическая,Передний,Внедорожник
v19098891O,Fiat 500,2015,1.4 6MT Lounge,990000,Бензин,100,Механическая,Передний,Хэтчбек
l-5953507c,Hyundai Solaris,2020,1.4 6MT Active,780000,Бензин,100,Механическая,Передний,Седан
W-1211129e,volkswagen Polo VI,,,,,,,,
f18094807B,Kia Rio,2020,1.4 6MT Comfort,944900,Бензин,100,Механическая,Передний,Хэтчбек
W78003964P,Renault Kaptur,2020,1.6 5MT Life,1140000,Бензин,114,Механическая,Передний,Внедорожник
X-1621523j,Kia Sportage,2018,2.0 6МТ Classic,1544900,Бензин,150,Механическая,Передний,Внедорожник
V-1546513V,Kia Sportage,2018,2.0 6МТ Classic,1544900,Бензин,150,Механическая,Передний,Внедорожник
F-8586878o,Renault Kaptur,2020,1.6 5MT Life,1140000,Бензин,114,Механическая,Передний,Внедорожник
U55413283u,Renault Sandero,2018,1.6 5MT Access,697000,Бензин,82,Механическая,Передний,Хэтчбек
G60874546x,Kia Sportage,2018,2.0 6МТ Classic,1544900,Бензин,150,Механическая,Передний,Внедорожник
j-3298639y,Smart Coupe,,,,,,,,
a-2231592K,Kia Rio X,2020,1.4 6MT Comfort,944900,Бензин,100,Механическая,Передний,Хэтчбек
u20900113b,volkswagen Polo,2020,1.6 5MT Origin,877900,Бензин,90,Механическая,Передний,Лифтбэк
t41251369W,Hyundai Solaris,2020,1.4 6MT Active,780000,Бензин,100,Механическая,Передний,Седан
J-2227260C,Smart ForTwo,2014,1.0 5MT,890000,Бензин,71,Механическая,Задний,Хэтчбек
B23940306W,Kia Rio,2020,1.4 6MT Comfort,944900,Бензин,100,Механическая,Передний,Хэтчбек
P10250273P,Nissan Qashqai,2017,1.2 6MT XE,1413000,Бензин,115,Механическая,Передний,Внедорожник
r22736648k,Kia Rio,2020,1.4 6MT Comfort,944900,Бензин,100,Механическая,Передний,Хэтчбек
c46100183j,Skoda Rapid,2019,1.6 5MT Entry,847000,Бензин,90,Механическая,Передний,Хэтчбек
G62087174h,Renault Kaptur,2020,1.6 5MT Life,1140000,Бензин,114,Механическая,Передний,Внедорожник
q-5999331f,volkswagen Polo VI,,,,,,,,
i13348473C,Renault Kaptur,2020,1.6 5MT Life,1140000,Бензин,114,Механическая,Передний,Внедорожник
L22673753u,volkswagen Tiguan,2020,1.4 6MT Respect,1749900,Бензин,125,Механическая,Передний,Внедорожник
c18052201Q,Mercedes-Benz GLC,2019,2.0 9AT Premium,4690000,Бензин,197,Классический автомат,Полный,Внедорожник
A-1784046i,Smart ForTwo,2014,1.0 5MT,890000,Бензин,71,Механическая,Задний,Хэтчбек
i93529341g,volkswagen Polo,2020,1.6 5MT Origin,877900,Бензин,90,Механическая,Передний,Лифтбэк
p22304025u,Skoda Rapid,2019,1.6 5MT Entry,847000,Бензин,90,Механическая,Передний,Хэтчбек
m-4969495i,Hyundai Solaris,2020,1.4 6MT Active,780000,Бензин,100,Механическая,Передний,Седан
E-4032546h,Kia Rio X,2020,1.4 6MT Comfort,944900,Бензин,100,Механическая,Передний,Хэтчбек
t-1355401k,Kia Rio X-line,2020,1.4 6MT Comfort,944900,Бензин,100,Механическая,Передний,Хэтчбек
I47101924n,Kia Rio X-line,2020,1.4 6MT Comfort,944900,Бензин,100,Механическая,Передний,Хэтчбек
z-1297205A,Hyundai Solaris,2020,1.4 6MT Active,780000,Бензин,100,Механическая,Передний,Седан
b15966462n,Kia Rio X-line,2020,1.4 6MT Comfort,944900,Бензин,100,Механическая,Передний,Хэтчбек
R-1683951Y,Skoda Rapid,2019,1.6 5MT Entry,847000,Бензин,90,Механическая,Передний,Хэтчбек
O23711712l,Renault Sandero,2018,1.6 5MT Access,697000,Бензин,82,Механическая,Передний,Хэтчбек
f-1250190O,Hyundai Solaris,2020,1.4 6MT Active,780000,Бензин,100,Механическая,Передний,Седан
B-8541235p,Renault Sandero,2018,1.6 5MT Access,697000,Бензин,82,Механическая,Передний,Хэтчбек
A20603057e,Skoda Rapid,2019,1.6 5MT Entry,847000,Бензин,90,Механическая,Передний,Хэтчбек
r89880873T,Renault Sandero,2018,1.6 5MT Access,697000,Бензин,82,Механическая,Передний,Хэтчбек
T-8925134M,Hyundai Solaris,2020,1.4 6MT Active,780000,Бензин,100,Механическая,Передний,Седан
V-9725752D,Nissan Qashqai,2017,1.2 6MT XE,1413000,Бензин,115,Механическая,Передний,Внедорожник
s19895093b,Renault Sandero,2018,1.6 5MT Access,697000,Бензин,82,Механическая,Передний,Хэтчбек
x58256990o,volkswagen Tiguan,2020,1.4 6MT Respect,1749900,Бензин,125,Механическая,Передний,Внедорожник
l-1554787I,Renault Sandero,2018,1.6 5MT Access,697000,Бензин,82,Механическая,Передний,Хэтчбек
b-2065373n,Kia Rio,2020,1.4 6MT Comfort,944900,Бензин,100,Механическая,Передний,Хэтчбек
U20118110o,Renault Kaptur,2020,1.6 5MT Life,1140000,Бензин,114,Механическая,Передний,Внедорожник
f17295371z,Smart ForFour,2014,1.0 5MT,890000,Бензин,71,Механическая,Задний,Хэтчбек
H-3434345i,Kia Sportage,2018,2.0 6МТ Classic,1544900,Бензин,150,Механическая,Передний,Внедорожник
c-1038656M,volkswagen Polo,2020,1.6 5MT Origin,877900,Бензин,90,Механическая,Передний,Лифтбэк
b-3993593n,Hyundai Solaris,2020,1.4 6MT Active,780000,Бензин,100,Механическая,Передний,Седан
A-4064758I,volkswagen Polo VI,,,,,,,,
p-1862043f,Kia Rio X-line,2020,1.4 6MT Comfort,944900,Бензин,100,Механическая,Передний,Хэтчбек
n-3147237F,Smart ForTwo,2014,1.0 5MT,890000,Бензин,71,Механическая,Задний,Хэтчбек
L18676057l,volkswagen Polo,2020,1.6 5MT Origin,877900,Бензин,90,Механическая,Передний,Лифтбэк
v77404713z,Nissan Qashqai,2017,1.2 6MT XE,1413000,Бензин,115,Механическая,Передний,Внедорожник
h-2382400T,Kia Rio,2020,1.4 6MT Comfort,944900,Бензин,100,Механическая,Передний,Хэтчбек
j-3753181u,Kia Rio X,2020,1.4 6MT Comfort,944900,Бензин,100,Механическая,Передний,Хэтчбек
m-1806910Q,Smart ForFour,2014,1.0 5MT,890000,Бензин,71,Механическая,Задний,Хэтчбек
N-1293747R,Nissan Qashqai,2017,1.2 6MT XE,1413000,Бензин,115,Механическая,Передний,Внедорожник
H-1213278K,Skoda Rapid,2019,1.6 5MT Entry,847000,Бензин,90,Механическая,Передний,Хэтчбек
k-1284276t,Smart ForTwo,2014,1.0 5MT,890000,Бензин,71,Механическая,Задний,Хэтчбек
w-4839718z,Kia Sportage,2018,2.0 6МТ Classic,1544900,Бензин,150,Механическая,Передний,Внедорожник
L11781730e,volkswagen Polo,2020,1.6 5MT Origin,877900,Бензин,90,Механическая,Передний,Лифтбэк
X25302782p,BMW 320i,,,,,,,,
l-4285389z,Smart ForTwo,2014,1.0 5MT,890000,Бензин,71,Механическая,Задний,Хэтчбек
A-2110919g,volkswagen Polo VI,,,,,,,,
B28690472s,volkswagen Polo,2020,1.6 5MT Origin,877900,Бензин,90,Механическая,Передний,Лифтбэк
b-2278301E,Renault Kaptur,2020,1.6 5MT Life,1140000,Бензин,114,Механическая,Передний,Внедорожник
n-9660895o,Hyundai Solaris,2020,1.4 6MT Active,780000,Бензин,100,Механическая,Передний,Седан
I92805218s,Kia Sportage,2018,2.0 6МТ Classic,1544900,Бензин,150,Механическая,Передний,Внедорожник
F14265516N,Kia Rio X-line,2020,1.4 6MT Comfort,944900,Бензин,100,Механическая,Передний,Хэтчбек
J38284226P,Volkswagen ID.4 ,,,,,,,,
f11975477T,Kia Rio X-line,2020,1.4 6MT Comfort,944900,Бензин,100,Механическая,Передний,Хэтчбек
p71128508c,Kia Rio X-line,2020,1.4 6MT Comfort,944900,Бензин,100,Механическая,Передний,Хэтчбек
T19870933B,Renault Sandero,2018,1.6 5MT Access,697000,Бензин,82,Механическая,Передний,Хэтчбек
L-2146603e,Smart ForTwo,2014,1.0 5MT,890000,Бензин,71,Механическая,Задний,Хэтчбек
G13349292r,Kia Rio X-line,2020,1.4 6MT Comfort,944900,Бензин,100,Механическая,Передний,Хэтчбек
c-4737890p,Renault Kaptur,2020,1.6 5MT Life,1140000,Бензин,114,Механическая,Передний,Внедорожник
S15627573c,Kia Sportage,2018,2.0 6МТ Classic,1544900,Бензин,150,Механическая,Передний,Внедорожник
X83844922n,volkswagen Polo,2020,1.6 5MT Origin,877900,Бензин,90,Механическая,Передний,Лифтбэк
y19652944A,Smart ForFour,2014,1.0 5MT,890000,Бензин,71,Механическая,Задний,Хэтчбек
N-4842662w,Kia Rio X-line,2020,1.4 6MT Comfort,944900,Бензин,100,Механическая,Передний,Хэтчбек
W-1949796N,Nissan Qashqai,2017,1.2 6MT XE,1413000,Бензин,115,Механическая,Передний,Внедорожник
u71964968t,Audi A3,2016,35 1.4 7AMТ Premium,1645000,Бензин,150,Робот с одним сцеплением,Передний,Седан
D46039134C,volkswagen Polo VI,,,,,,,,
F11676889s,Kia Rio,2020,1.4 6MT Comfort,944900,Бензин,100,Механическая,Передний,Хэтчбек
R-6844153a,Skoda Rapid,2019,1.6 5MT Entry,847000,Бензин,90,Механическая,Передний,Хэтчбек
n95681185i,Kia Rio X,2020,1.4 6MT Comfort,944900,Бензин,100,Механическая,Передний,Хэтчбек
y53052788O,Renault Kaptur,2020,1.6 5MT Life,1140000,Бензин,114,Механическая,Передний,Внедорожник
e17156131L,Smart ForFour,2014,1.0 5MT,890000,Бензин,71,Механическая,Задний,Хэтчбек
I20900258y,Smart ForTwo,2014,1.0 5MT,890000,Бензин,71,Механическая,Задний,Хэтчбек
o87681914x,Nissan Qashqai,2017,1.2 6MT XE,1413000,Бензин,115,Механическая,Передний,Внедорожник
Q-5554551x,Renault Kaptur,2020,1.6 5MT Life,1140000,Бензин,114,Механическая,Передний,Внедорожник
l-1607581F,Smart ForTwo,2014,1.0 5MT,890000,Бензин,71,Механическая,Задний,Хэтчбек
a-9339461G,Nissan Qashqai,2017,1.2 6MT XE,1413000,Бензин,115,Механическая,Передний,Внедорожник
n28625799A,Kia Sportage,2018,2.0 6МТ Classic,1544900,Бензин,150,Механическая,Передний,Внедорожник
N21890923Q,volkswagen Polo,2020,1.6 5MT Origin,877900,Бензин,90,Механическая,Передний,Лифтбэк
g-1957069S,volkswagen Polo,2020,1.6 5MT Origin,877900,Бензин,90,Механическая,Передний,Лифтбэк
e-5741942D,Kia Rio,2020,1.4 6MT Comfort,944900,Бензин,100,Механическая,Передний,Хэтчбек
y12023699E,Renault Sandero,2018,1.6 5MT Access,697000,Бензин,82,Механическая,Передний,Хэтчбек
Y-8852975t,Nissan Qashqai,2017,1.2 6MT XE,1413000,Бензин,115,Механическая,Передний,Внедорожник
L-2247718T,Kia Rio X-line,2020,1.4 6MT Comfort,944900,Бензин,100,Механическая,Передний,Хэтчбек
N19589603r,Skoda Rapid,2019,1.6 5MT Entry,847000,Бензин,90,Механическая,Передний,Хэтчбек
d37118079d,Skoda Rapid,2019,1.6 5MT Entry,847000,Бензин,90,Механическая,Передний,Хэтчбек
s47589001I,volkswagen Tiguan,2020,1.4 6MT Respect,1749900,Бензин,125,Механическая,Передний,Внедорожник
y-1806571O,Smart ForTwo,2014,1.0 5MT,890000,Бензин,71,Механическая,Задний,Хэтчбек
L16050992t,Kia Rio X-line,2020,1.4 6MT Comfort,944900,Бензин,100,Механическая,Передний,Хэтчбек
m-4274263Z,Kia Sportage,2018,2.0 6МТ Classic,1544900,Бензин,150,Механическая,Передний,Внедорожник
s33927254Y,volkswagen Polo,2020,1.6 5MT Origin,877900,Бензин,90,Механическая,Передний,Лифтбэк
g19494953p,Audi A3,2016,35 1.4 7AMТ Premium,1645000,Бензин,150,Робот с одним сцеплением,Передний,Седан
Y-4198316J,volkswagen Tiguan,2020,1.4 6MT Respect,1749900,Бензин,125,Механическая,Передний,Внедорожник
a-7282370E,Renault Kaptur,2020,1.6 5MT Life,1140000,Бензин,114,Механическая,Передний,Внедорожник
z16068145k,Mercedes-Benz GLC,2019,2.0 9AT Premium,4690000,Бензин,197,Классический автомат,Полный,Внедорожник
d-4629986a,Kia Rio,2020,1.4 6MT Comfort,944900,Бензин,100,Механическая,Передний,Хэтчбек
Q35379022F,Hyundai Solaris,2020,1.4 6MT Active,780000,Бензин,100,Механическая,Передний,Седан
r10613305A,Kia Rio X,2020,1.4 6MT Comfort,944900,Бензин,100,Механическая,Передний,Хэтчбек
N23006473B,Hyundai Solaris,2020,1.4 6MT Active,780000,Бензин,100,Механическая,Передний,Седан
m-2019578o,volkswagen Tiguan,2020,1.4 6MT Respect,1749900,Бензин,125,Механическая,Передний,Внедорожник
W86413939q,Smart ForFour,2014,1.0 5MT,890000,Бензин,71,Механическая,Задний,Хэтчбек
o-1093440v,MINI CooperSE,2014,2.0 6AT,1950000,Бензин,231,Классический автомат,Передний,Хэтчбек
S-1468454C,Kia Rio,2020,1.4 6MT Comfort,944900,Бензин,100,Механическая,Передний,Хэтчбек
b-1081111P,Hyundai Solaris,2020,1.4 6MT Active,780000,Бензин,100,Механическая,Передний,Седан
H10062346p,Mercedes-Benz GLC,2019,2.0 9AT Premium,4690000,Бензин,197,Классический автомат,Полный,Внедорожник
N-5708757B,Kia Rio X-line,2020,1.4 6MT Comfort,944900,Бензин,100,Механическая,Передний,Хэтчбек
b-7098808D,Hyundai Solaris,2020,1.4 6MT Active,780000,Бензин,100,Механическая,Передний,Седан
M-4627743Y,Renault Kaptur,2020,1.6 5MT Life,1140000,Бензин,114,Механическая,Передний,Внедорожник
s-1392305F,Kia Rio X,2020,1.4 6MT Comfort,944900,Бензин,100,Механическая,Передний,Хэтчбек
z67141488o,Hyundai Solaris,2020,1.4 6MT Active,780000,Бензин,100,Механическая,Передний,Седан
z-8891400p,Kia Rio,2020,1.4 6MT Comfort,944900,Бензин,100,Механическая,Передний,Хэтчбек
z-5687636M,Renault Kaptur,2020,1.6 5MT Life,1140000,Бензин,114,Механическая,Передний,Внедорожник
K-1514397X,Kia Rio X,2020,1.4 6MT Comfort,944900,Бензин,100,Механическая,Передний,Хэтчбек
U57863590w,Renault Sandero,2018,1.6 5MT Access,697000,Бензин,82,Механическая,Передний,Хэтчбек
M49274481G,Renault Kaptur,2020,1.6 5MT Life,1140000,Бензин,114,Механическая,Передний,Внедорожник
a11122197a,Renault Sandero,2018,1.6 5MT Access,697000,Бензин,82,Механическая,Передний,Хэтчбек
b15256546L,Nissan Qashqai,2017,1.2 6MT XE,1413000,Бензин,115,Механическая,Передний,Внедорожник
B11239506t,Audi Q3,2014,1.4 6МT,2045000,Бензин,150,Механическая,Передний,Универсал
l-1337696j,Kia Sportage,2018,2.0 6МТ Classic,1544900,Бензин,150,Механическая,Передний,Внедорожник
q-6650729Y,Kia Rio X,2020,1.4 6MT Comfort,944900,Бензин,100,Механическая,Передний,Хэтчбек
B17720677C,Skoda Rapid,2019,1.6 5MT Entry,847000,Бензин,90,Механическая,Передний,Хэтчбек
s21770212W,volkswagen Polo VI,,,,,,,,
x30389932l,Kia Rio,2020,1.4 6MT Comfort,944900,Бензин,100,Механическая,Передний,Хэтчбек
B15081492o,Kia Rio,2020,1.4 6MT Comfort,944900,Бензин,100,Механическая,Передний,Хэтчбек
O51808760A,volkswagen Tiguan,2020,1.4 6MT Respect,1749900,Бензин,125,Механическая,Передний,Внедорожник
l62738348Q,Skoda Rapid,2019,1.6 5MT Entry,847000,Бензин,90,Механическая,Передний,Хэтчбек
v-6614004H,Audi A3,2016,35 1.4 7AMТ Premium,1645000,Бензин,150,Робот с одним сцеплением,Передний,Седан
c21762167i,Smart ForFour,2014,1.0 5MT,890000,Бензин,71,Механическая,Задний,Хэтчбек
B16746018u,Renault Kaptur,2020,1.6 5MT Life,1140000,Бензин,114,Механическая,Передний,Внедорожник
T-2093464U,Smart ForTwo,2014,1.0 5MT,890000,Бензин,71,Механическая,Задний,Хэтчбек
t11315883F,Skoda Rapid,2019,1.6 5MT Entry,847000,Бензин,90,Механическая,Передний,Хэтчбек
I-2073229s,Tesla Model 3,,,,,,,,
r-7396117p,Smart Coupe,,,,,,,,
t-1412384s,Hyundai Solaris,2020,1.4 6MT Active,780000,Бензин,100,Механическая,Передний,Седан
E-2041030F,Renault Kaptur,2020,1.6 5MT Life,1140000,Бензин,114,Механическая,Передний,Внедорожник
q-1744366u,Kia Rio,2020,1.4 6MT Comfort,944900,Бензин,100,Механическая,Передний,Хэтчбек
E17823137X,Skoda Rapid,2019,1.6 5MT Entry,847000,Бензин,90,Механическая,Передний,Хэтчбек
n34490222d,Smart ForFour,2014,1.0 5MT,890000,Бензин,71,Механическая,Задний,Хэтчбек
k20675157L,Skoda Rapid,2019,1.6 5MT Entry,847000,Бензин,90,Механическая,Передний,Хэтчбек
x-1548714k,volkswagen Polo VI,,,,,,,,
A14861843I,Smart ForTwo,2014,1.0 5MT,890000,Бензин,71,Механическая,Задний,Хэтчбек
H-1457815L,Renault Kaptur,2020,1.6 5MT Life,1140000,Бензин,114,Механическая,Передний,Внедорожник
R-1948335X,volkswagen Tiguan,2020,1.4 6MT Respect,1749900,Бензин,125,Механическая,Передний,Внедорожник
C20191765o,Kia Rio X,2020,1.4 6MT Comfort,944900,Бензин,100,Механическая,Передний,Хэтчбек
R16773550u,Renault Sandero,2018,1.6 5MT Access,697000,Бензин,82,Механическая,Передний,Хэтчбек
f18945419X,Kia Rio X,2020,1.4 6MT Comfort,944900,Бензин,100,Механическая,Передний,Хэтчбек
z-3485115T,Skoda Rapid,2019,1.6 5MT Entry,847000,Бензин,90,Механическая,Передний,Хэтчбек
C-4073157k,Smart ForTwo,2014,1.0 5MT,890000,Бензин,71,Механическая,Задний,Хэтчбек
u21310295q,Kia Sportage,2018,2.0 6МТ Classic,1544900,Бензин,150,Механическая,Передний,Внедорожник
N-9781014K,volkswagen Polo VI,,,,,,,,
t22511448x,Smart ForTwo,2014,1.0 5MT,890000,Бензин,71,Механическая,Задний,Хэтчбек
T-4883335x,Kia Rio X-line,2020,1.4 6MT Comfort,944900,Бензин,100,Механическая,Передний,Хэтчбек
q12245711E,Nissan Qashqai,2017,1.2 6MT XE,1413000,Бензин,115,Механическая,Передний,Внедорожник
B-6461335O,Hyundai Solaris,2020,1.4 6MT Active,780000,Бензин,100,Механическая,Передний,Седан
q15170801B,Kia Sportage,2018,2.0 6МТ Classic,1544900,Бензин,150,Механическая,Передний,Внедорожник
W18060288Q,Kia Rio,2020,1.4 6MT Comfort,944900,Бензин,100,Механическая,Передний,Хэтчбек
b21711455K,Nissan Qashqai,2017,1.2 6MT XE,1413000,Бензин,115,Механическая,Передний,Внедорожник
j20079629P,Smart Coupe,,,,,,,,
C11747534v,volkswagen Polo VI,,,,,,,,
M58894937r,Renault Kaptur,2020,1.6 5MT Life,1140000,Бензин,114,Механическая,Передний,Внедорожник
A11922887f,Smart Coupe,,,,,,,,
n12377024x,Smart ForFour,2014,1.0 5MT,890000,Бензин,71,Механическая,Задний,Хэтчбек
L-1227525r,volkswagen Tiguan,2020,1.4 6MT Respect,1749900,Бензин,125,Механическая,Передний,Внедорожник
i-1095441d,Renault Sandero,2018,1.6 5MT Access,697000,Бензин,82,Механическая,Передний,Хэтчбек
c12597990Y,Smart ForTwo,2014,1.0 5MT,890000,Бензин,71,Механическая,Задний,Хэтчбек
Q86719011p,Smart Coupe,,,,,,,,
S-7961176I,volkswagen Polo,2020,1.6 5MT Origin,877900,Бензин,90,Механическая,Передний,Лифтбэк
i-2288384f,Mini Cooper,2014,2.0 6AT,1950000,Бензин,231,Классический автомат,Передний,Хэтчбек
U16614632F,Kia Rio,2020,1.4 6MT Comfort,944900,Бензин,100,Механическая,Передний,Хэтчбек
U-7130411Q,MINI CooperSE,2014,2.0 6AT,1950000,Бензин,231,Классический автомат,Передний,Хэтчбек
q22813846g,Kia Rio,2020,1.4 6MT Comfort,944900,Бензин,100,Механическая,Передний,Хэтчбек
i-7530121C,Smart ForFour,2014,1.0 5MT,890000,Бензин,71,Механическая,Задний,Хэтчбек
g-1991724F,Smart ForTwo,2014,1.0 5MT,890000,Бензин,71,Механическая,Задний,Хэтчбек
P12661886a,Kia Rio,2020,1.4 6MT Comfort,944900,Бензин,100,Механическая,Передний,Хэтчбек
j-2223695S,Mini Cooper,2014,2.0 6AT,1950000,Бензин,231,Классический автомат,Передний,Хэтчбек
B-2081255O,Smart Coupe,,,,,,,,
H97221372X,volkswagen Tiguan,2020,1.4 6MT Respect,1749900,Бензин,125,Механическая,Передний,Внедорожник
O-2020503H,volkswagen Polo VI,,,,,,,,
G15670643N,Nissan Qashqai,2017,1.2 6MT XE,1413000,Бензин,115,Механическая,Передний,Внедорожник
M-1335244r,Smart ForTwo,2014,1.0 5MT,890000,Бензин,71,Механическая,Задний,Хэтчбек
c53045565g,Volkswagen ID.4 ,,,,,,,,
Q19862548Q,Renault Sandero,2018,1.6 5MT Access,697000,Бензин,82,Механическая,Передний,Хэтчбек
x24297410X,Hyundai Solaris,2020,1.4 6MT Active,780000,Бензин,100,Механическая,Передний,Седан
n-2248103n,Renault Sandero,2018,1.6 5MT Access,697000,Бензин,82,Механическая,Передний,Хэтчбек
J-1564265f,Skoda Rapid,2019,1.6 5MT Entry,847000,Бензин,90,Механическая,Передний,Хэтчбек
z-8396890u,Renault Kaptur,2020,1.6 5MT Life,1140000,Бензин,114,Механическая,Передний,Внедорожник
S-1235434W,Kia Rio X-line,2020,1.4 6MT Comfort,944900,Бензин,100,Механическая,Передний,Хэтчбек
W-7286692g,Renault Kaptur,2020,1.6 5MT Life,1140000,Бензин,114,Механическая,Передний,Внедорожник
l-1076081s,Skoda Rapid,2019,1.6 5MT Entry,847000,Бензин,90,Механическая,Передний,Хэтчбек
s13888728i,Smart ForFour,2014,1.0 5MT,890000,Бензин,71,Механическая,Задний,Хэтчбек
f-1599161k,Smart ForFour,2014,1.0 5MT,890000,Бензин,71,Механическая,Задний,Хэтчбек
k13011549U,Renault Sandero,2018,1.6 5MT Access,697000,Бензин,82,Механическая,Передний,Хэтчбек
v13208941X,Kia Rio,2020,1.4 6MT Comfort,944900,Бензин,100,Механическая,Передний,Хэтчбек
b-1380770L,Smart ForTwo,2014,1.0 5MT,890000,Бензин,71,Механическая,Задний,Хэтчбек
X22359217a,Kia Rio X,2020,1.4 6MT Comfort,944900,Бензин,100,Механическая,Передний,Хэтчбек
C50359433E,volkswagen Polo VI,,,,,,,,
v22254568R,Smart ForFour,2014,1.0 5MT,890000,Бензин,71,Механическая,Задний,Хэтчбек
l13884760f,Kia Rio X,2020,1.4 6MT Comfort,944900,Бензин,100,Механическая,Передний,Хэтчбек
W17936165j,Skoda Rapid,2019,1.6 5MT Entry,847000,Бензин,90,Механическая,Передний,Хэтчбек
S-3511294t,Kia Rio X,2020,1.4 6MT Comfort,944900,Бензин,100,Механическая,Передний,Хэтчбек
j58227834T,Smart ForTwo,2014,1.0 5MT,890000,Бензин,71,Механическая,Задний,Хэтчбек
z40790936m,volkswagen Polo,2020,1.6 5MT Origin,877900,Бензин,90,Механическая,Передний,Лифтбэк
k14397227n,Hyundai Solaris,2020,1.4 6MT Active,780000,Бензин,100,Механическая,Передний,Седан
X62303511v,Kia Rio X,2020,1.4 6MT Comfort,944900,Бензин,100,Механическая,Передний,Хэтчбек
B-1561363P,Renault Sandero,2018,1.6 5MT Access,697000,Бензин,82,Механическая,Передний,Хэтчбек
i47017449U,Kia Rio X-line,2020,1.4 6MT Comfort,944900,Бензин,100,Механическая,Передний,Хэтчбек
Z17281512s,Hyundai Solaris,2020,1.4 6MT Active,780000,Бензин,100,Механическая,Передний,Седан
O-1267999T,Smart ForTwo,2014,1.0 5MT,890000,Бензин,71,Механическая,Задний,Хэтчбек
p87595615V,Hyundai Solaris,2020,1.4 6MT Active,780000,Бензин,100,Механическая,Передний,Седан
d21839434m,Kia Rio,2020,1.4 6MT Comfort,944900,Бензин,100,Механическая,Передний,Хэтчбек
t11042597E,Kia Sportage,2018,2.0 6МТ Classic,1544900,Бензин,150,Механическая,Передний,Внедорожник
n16260385q,volkswagen Polo,2020,1.6 5MT Origin,877900,Бензин,90,Механическая,Передний,Лифтбэк
R-1126472L,Smart ForFour,2014,1.0 5MT,890000,Бензин,71,Механическая,Задний,Хэтчбек
W-9477259M,Kia Sportage,2018,2.0 6МТ Classic,1544900,Бензин,150,Механическая,Передний,Внедорожник
F-6369826L,Nissan Qashqai,2017,1.2 6MT XE,1413000,Бензин,115,Механическая,Передний,Внедорожник
y10620904U,Kia Sportage,2018,2.0 6МТ Classic,1544900,Бензин,150,Механическая,Передний,Внедорожник
Z76775340d,volkswagen Tiguan,2020,1.4 6MT Respect,1749900,Бензин,125,Механическая,Передний,Внедорожник
d-1139767Q,volkswagen Polo VI,,,,,,,,
C-1370961Z,Audi Q3,2014,1.4 6МT,2045000,Бензин,150,Механическая,Передний,Универсал
A-6054905F,Smart ForFour,2014,1.0 5MT,890000,Бензин,71,Механическая,Задний,Хэтчбек
C-6638042h,Smart ForTwo,2014,1.0 5MT,890000,Бензин,71,Механическая,Задний,Хэтчбек
o88568317p,volkswagen Polo,2020,1.6 5MT Origin,877900,Бензин,90,Механическая,Передний,Лифтбэк
Q15313356b,volkswagen Tiguan,2020,1.4 6MT Respect,1749900,Бензин,125,Механическая,Передний,Внедорожник
W10497593m,Kia Rio,2020,1.4 6MT Comfort,944900,Бензин,100,Механическая,Передний,Хэтчбек
o-1891967P,Kia Sportage,2018,2.0 6МТ Classic,1544900,Бензин,150,Механическая,Передний,Внедорожник
p22237238Z,Renault Kaptur,2020,1.6 5MT Life,1140000,Бензин,114,Механическая,Передний,Внедорожник
a41280148k,Renault Kaptur,2020,1.6 5MT Life,1140000,Бензин,114,Механическая,Передний,Внедорожник
R49036294u,Smart Coupe,,,,,,,,
z-4833684R,volkswagen Polo,2020,1.6 5MT Origin,877900,Бензин,90,Механическая,Передний,Лифтбэк
K20525629B,volkswagen Tiguan,2020,1.4 6MT Respect,1749900,Бензин,125,Механическая,Передний,Внедорожник
v95100302y,volkswagen Polo VI,,,,,,,,
S-8715402c,Mini Cooper,2014,2.0 6AT,1950000,Бензин,231,Классический автомат,Передний,Хэтчбек
H15588497J,Skoda Rapid,2019,1.6 5MT Entry,847000,Бензин,90,Механическая,Передний,Хэтчбек
L94218328d,Kia Rio,2020,1.4 6MT Comfort,944900,Бензин,100,Механическая,Передний,Хэтчбек
j55128828K,Renault Sandero,2018,1.6 5MT Access,697000,Бензин,82,Механическая,Передний,Хэтчбек
I-9335565Q,Smart ForFour,2014,1.0 5MT,890000,Бензин,71,Механическая,Задний,Хэтчбек
M19182860m,Kia Sportage,2018,2.0 6МТ Classic,1544900,Бензин,150,Механическая,Передний,Внедорожник
m-2205063P,Smart ForFour,2014,1.0 5MT,890000,Бензин,71,Механическая,Задний,Хэтчбек
e12051793m,volkswagen Polo VI,,,,,,,,
Z60523911N,Renault Kaptur,2020,1.6 5MT Life,1140000,Бензин,114,Механическая,Передний,Внедорожник
I-1072340c,Skoda Rapid,2019,1.6 5MT Entry,847000,Бензин,90,Механическая,Передний,Хэтчбек
K-2460692D,Renault Kaptur,2020,1.6 5MT Life,1140000,Бензин,114,Механическая,Передний,Внедорожник
q-9818488o,Smart Coupe,,,,,,,,
M-1351643L,Nissan Qashqai,2017,1.2 6MT XE,1413000,Бензин,115,Механическая,Передний,Внедорожник
a15168936c,Renault Kaptur,2020,1.6 5MT Life,1140000,Бензин,114,Механическая,Передний,Внедорожник
P-8016178d,Renault Kaptur,2020,1.6 5MT Life,1140000,Бензин,114,Механическая,Передний,Внедорожник
I-5434170l,volkswagen Polo,2020,1.6 5MT Origin,877900,Бензин,90,Механическая,Передний,Лифтбэк
L10152680W,Smart ForFour,2014,1.0 5MT,890000,Бензин,71,Механическая,Задний,Хэтчбек
J-1648795r,volkswagen Polo,2020,1.6 5MT Origin,877900,Бензин,90,Механическая,Передний,Лифтбэк
p-7109749V,Mercedes-Benz E200,,,,,,,,
g-1247997Z,Renault Sandero,2018,1.6 5MT Access,697000,Бензин,82,Механическая,Передний,Хэтчбек
I-5970052e,Kia Rio X-line,2020,1.4 6MT Comfort,944900,Бензин,100,Механическая,Передний,Хэтчбек
v-1935966T,Hyundai Solaris,2020,1.4 6MT Active,780000,Бензин,100,Механическая,Передний,Седан
M95466176u,Smart ForFour,2014,1.0 5MT,890000,Бензин,71,Механическая,Задний,Хэтчбек
x94067365b,Kia Sportage,2018,2.0 6МТ Classic,1544900,Бензин,150,Механическая,Передний,Внедорожник
f-1498735Z,Kia Rio X,2020,1.4 6MT Comfort,944900,Бензин,100,Механическая,Передний,Хэтчбек
N-1305225x,volkswagen Polo VI,,,,,,,,
y-2171969q,Renault Sandero,2018,1.6 5MT Access,697000,Бензин,82,Механическая,Передний,Хэтчбек
c17052193e,Nissan Qashqai,2017,1.2 6MT XE,1413000,Бензин,115,Механическая,Передний,Внедорожник
b-1872358o,Smart ForFour,2014,1.0 5MT,890000,Бензин,71,Механическая,Задний,Хэтчбек
o90119190V,Hyundai Solaris,2020,1.4 6MT Active,780000,Бензин,100,Механическая,Передний,Седан
u-5484227S,volkswagen Polo VI,,,,,,,,
u82752427P,Kia Rio X-line,2020,1.4 6MT Comfort,944900,Бензин,100,Механическая,Передний,Хэтчбек
o16230080f,volkswagen Polo,2020,1.6 5MT Origin,877900,Бензин,90,Механическая,Передний,Лифтбэк
m-2245548R,Kia Sportage,2018,2.0 6МТ Classic,1544900,Бензин,150,Механическая,Передний,Внедорожник
w10201905w,Smart Coupe,,,,,,,,
T-2189506b,Kia Sportage,2018,2.0 6МТ Classic,1544900,Бензин,150,Механическая,Передний,Внедорожник
Z-1361289G,Mini Cooper,2014,2.0 6AT,1950000,Бензин,231,Классический автомат,Передний,Хэтчбек
Y22302267X,Kia Rio,2020,1.4 6MT Comfort,944900,Бензин,100,Механическая,Передний,Хэтчбек
l-1026528H,Smart Coupe,,,,,,,,
H-2757468E,volkswagen Polo VI,,,,,,,,
N-2240902Z,Smart ForFour,2014,1.0 5MT,890000,Бензин,71,Механическая,Задний,Хэтчбек
x13730258P,volkswagen Tiguan,2020,1.4 6MT Respect,1749900,Бензин,125,Механическая,Передний,Внедорожник
h12427301o,Nissan Qashqai,2017,1.2 6MT XE,1413000,Бензин,115,Механическая,Передний,Внедорожник
I-2834874F,Smart ForFour,2014,1.0 5MT,890000,Бензин,71,Механическая,Задний,Хэтчбек
N89944460U,Kia Rio X,2020,1.4 6MT Comfort,944900,Бензин,100,Механическая,Передний,Хэтчбек
j-1712772o,Nissan Qashqai,2017,1.2 6MT XE,1413000,Бензин,115,Механическая,Передний,Внедорожник
c19881313A,Kia Rio,2020,1.4 6MT Comfort,944900,Бензин,100,Механическая,Передний,Хэтчбек
Q-6918324o,Kia Rio X-line,2020,1.4 6MT Comfort,944900,Бензин,100,Механическая,Передний,Хэтчбек
D-1543108f,Fiat 500,2015,1.4 6MT Lounge,990000,Бензин,100,Механическая,Передний,Хэтчбек
T-7607561S,Smart Coupe,,,,,,,,
K-1703648s,Kia Rio,2020,1.4 6MT Comfort,944900,Бензин,100,Механическая,Передний,Хэтчбек
t97882515C,Mini Cooper,2014,2.0 6AT,1950000,Бензин,231,Классический автомат,Передний,Хэтчбек
B-1223366j,Smart Coupe,,,,,,,,
e78136849E,volkswagen Tiguan,2020,1.4 6MT Respect,1749900,Бензин,125,Механическая,Передний,Внедорожник
r-3130013n,Kia Sportage,2018,2.0 6МТ Classic,1544900,Бензин,150,Механическая,Передний,Внедорожник
S-3888121i,Kia Rio X,2020,1.4 6MT Comfort,944900,Бензин,100,Механическая,Передний,Хэтчбек
v13412057i,Kia Sportage,2018,2.0 6МТ Classic,1544900,Бензин,150,Механическая,Передний,Внедорожник
w15600381D,Kia Rio X,2020,1.4 6MT Comfort,944900,Бензин,100,Механическая,Передний,Хэтчбек
i98744677i,Renault Sandero,2018,1.6 5MT Access,697000,Бензин,82,Механическая,Передний,Хэтчбек
a35746775Z,Kia Rio,2020,1.4 6MT Comfort,944900,Бензин,100,Механическая,Передний,Хэтчбек
I30300326i,Smart Coupe,,,,,,,,
L-3013668o,Nissan Qashqai,2017,1.2 6MT XE,1413000,Бензин,115,Механическая,Передний,Внедорожник
D22902572P,Kia Rio X,2020,1.4 6MT Comfort,944900,Бензин,100,Механическая,Передний,Хэтчбек
h-1083202b,Kia Rio X-line,2020,1.4 6MT Comfort,944900,Бензин,100,Механическая,Передний,Хэтчбек
m-1912665m,Kia Rio X-line,2020,1.4 6MT Comfort,944900,Бензин,100,Механическая,Передний,Хэтчбек
t54756416j,Kia Rio X-line,2020,1.4 6MT Comfort,944900,Бензин,100,Механическая,Передний,Хэтчбек
T20363976m,Smart ForFour,2014,1.0 5MT,890000,Бензин,71,Механическая,Задний,Хэтчбек
p81056764h,Fiat 500,2015,1.4 6MT Lounge,990000,Бензин,100,Механическая,Передний,Хэтчбек
I15203455u,Smart ForTwo,2014,1.0 5MT,890000,Бензин,71,Механическая,Задний,Хэтчбек
U18148584e,Nissan Qashqai,2017,1.2 6MT XE,1413000,Бензин,115,Механическая,Передний,Внедорожник
i-1445700R,Hyundai Solaris,2020,1.4 6MT Active,780000,Бензин,100,Механическая,Передний,Седан
n-2162898E,Smart ForTwo,2014,1.0 5MT,890000,Бензин,71,Механическая,Задний,Хэтчбек
v-2280326L,volkswagen Polo,2020,1.6 5MT Origin,877900,Бензин,90,Механическая,Передний,Лифтбэк
B54175025n,Skoda Rapid,2019,1.6 5MT Entry,847000,Бензин,90,Механическая,Передний,Хэтчбек
a-1388740X,Hyundai Solaris,2020,1.4 6MT Active,780000,Бензин,100,Механическая,Передний,Седан
Q72167569Z,volkswagen Tiguan,2020,1.4 6MT Respect,1749900,Бензин,125,Механическая,Передний,Внедорожник
e10663028u,Kia Rio X-line,2020,1.4 6MT Comfort,944900,Бензин,100,Механическая,Передний,Хэтчбек
G-8756627H,Kia Rio,2020,1.4 6MT Comfort,944900,Бензин,100,Механическая,Передний,Хэтчбек
I14406288e,Renault Kaptur,2020,1.6 5MT Life,1140000,Бензин,114,Механическая,Передний,Внедорожник
r-9097768K,Renault Sandero,2018,1.6 5MT Access,697000,Бензин,82,Механическая,Передний,Хэтчбек
Y-3787995U,volkswagen Tiguan,2020,1.4 6MT Respect,1749900,Бензин,125,Механическая,Передний,Внедорожник
o-2324110V,volkswagen Polo VI,,,,,,,,
F18164143O,Smart Coupe,,,,,,,,
a-2243028s,volkswagen Tiguan,2020,1.4 6MT Respect,1749900,Бензин,125,Механическая,Передний,Внедорожник
S-1740592Q,volkswagen Tiguan,2020,1.4 6MT Respect,1749900,Бензин,125,Механическая,Передний,Внедорожник
b-2298403w,MINI CooperSE,2014,2.0 6AT,1950000,Бензин,231,Классический автомат,Передний,Хэтчбек
B17440481q,Smart ForTwo,2014,1.0 5MT,890000,Бензин,71,Механическая,Задний,Хэтчбек
p-1820938A,volkswagen Polo VI,,,,,,,,
d-4762711Z,Smart ForFour,2014,1.0 5MT,890000,Бензин,71,Механическая,Задний,Хэтчбек
d-1979148g,volkswagen Tiguan,2020,1.4 6MT Respect,1749900,Бензин,125,Механическая,Передний,Внедорожник
J22534308x,Nissan Qashqai,2017,1.2 6MT XE,1413000,Бензин,115,Механическая,Передний,Внедорожник
u-1504120V,volkswagen Polo,2020,1.6 5MT Origin,877900,Бензин,90,Механическая,Передний,Лифтбэк
k74625649K,Hyundai Solaris,2020,1.4 6MT Active,780000,Бензин,100,Механическая,Передний,Седан
y16050355z,Renault Kaptur,2020,1.6 5MT Life,1140000,Бензин,114,Механическая,Передний,Внедорожник
d-2225751Z,Kia Rio,2020,1.4 6MT Comfort,944900,Бензин,100,Механическая,Передний,Хэтчбек
o-2922285t,volkswagen Polo VI,,,,,,,,
Q21021305o,Renault Kaptur,2020,1.6 5MT Life,1140000,Бензин,114,Механическая,Передний,Внедорожник
h-6813015B,Nissan Qashqai,2017,1.2 6MT XE,1413000,Бензин,115,Механическая,Передний,Внедорожник
L-1496694j,Nissan Qashqai,2017,1.2 6MT XE,1413000,Бензин,115,Механическая,Передний,Внедорожник
V-1623563U,volkswagen Polo VI,,,,,,,,
D-2134856N,Skoda Rapid,2019,1.6 5MT Entry,847000,Бензин,90,Механическая,Передний,Хэтчбек
O-3249507n,Skoda Rapid,2019,1.6 5MT Entry,847000,Бензин,90,Механическая,Передний,Хэтчбек
P-8581853M,Mercedes-Benz E200,,,,,,,,
p10765484c,Renault Kaptur,2020,1.6 5MT Life,1140000,Бензин,114,Механическая,Передний,Внедорожник
a-5976169f,volkswagen Polo,2020,1.6 5MT Origin,877900,Бензин,90,Механическая,Передний,Лифтбэк
H-4871785P,Hyundai Solaris,2020,1.4 6MT Active,780000,Бензин,100,Механическая,Передний,Седан
H83423387a,Kia Rio X-line,2020,1.4 6MT Comfort,944900,Бензин,100,Механическая,Передний,Хэтчбек
g18985198o,Nissan Qashqai,2017,1.2 6MT XE,1413000,Бензин,115,Механическая,Передний,Внедорожник
f-1368188Z,Smart ForFour,2014,1.0 5MT,890000,Бензин,71,Механическая,Задний,Хэтчбек
k-2273981K,Hyundai Solaris,2020,1.4 6MT Active,780000,Бензин,100,Механическая,Передний,Седан
n81763737L,Nissan Qashqai,2017,1.2 6MT XE,1413000,Бензин,115,Механическая,Передний,Внедорожник
c-1171224N,Kia Rio X,2020,1.4 6MT Comfort,944900,Бензин,100,Механическая,Передний,Хэтчбек
K-2042834N,volkswagen Polo VI,,,,,,,,
A-7704231e,Smart ForTwo,2014,1.0 5MT,890000,Бензин,71,Механическая,Задний,Хэтчбек
T-2809069O,Renault Sandero,2018,1.6 5MT Access,697000,Бензин,82,Механическая,Передний,Хэтчбек
e-2200514f,Kia Rio,2020,1.4 6MT Comfort,944900,Бензин,100,Механическая,Передний,Хэтчбек
J-1137633W,Renault Kaptur,2020,1.6 5MT Life,1140000,Бензин,114,Механическая,Передний,Внедорожник
T17971896t,Kia Sportage,2018,2.0 6МТ Classic,1544900,Бензин,150,Механическая,Передний,Внедорожник
z10430541i,Mini Cooper,2014,2.0 6AT,1950000,Бензин,231,Классический автомат,Передний,Хэтчбек
o-9505235X,volkswagen Tiguan,2020,1.4 6MT Respect,1749900,Бензин,125,Механическая,Передний,Внедорожник
Z56694596c,Nissan Qashqai,2017,1.2 6MT XE,1413000,Бензин,115,Механическая,Передний,Внедорожник
u-2290162o,Kia Rio X,2020,1.4 6MT Comfort,944900,Бензин,100,Механическая,Передний,Хэтчбек
E-5303502D,Nissan Qashqai,2017,1.2 6MT XE,1413000,Бензин,115,Механическая,Передний,Внедорожник
R50675613t,Nissan Qashqai,2017,1.2 6MT XE,1413000,Бензин,115,Механическая,Передний,Внедорожник
H-1289656m,Volkswagen ID.4 ,,,,,,,,
O-1576355d,Renault Kaptur,2020,1.6 5MT Life,1140000,Бензин,114,Механическая,Передний,Внедорожник
U-6362584Q,Renault Sandero,2018,1.6 5MT Access,697000,Бензин,82,Механическая,Передний,Хэтчбек
B-8479157Q,Kia Rio X-line,2020,1.4 6MT Comfort,944900,Бензин,100,Механическая,Передний,Хэтчбек
h16559760t,volkswagen Polo VI,,,,,,,,
o-1530462a,Renault Sandero,2018,1.6 5MT Access,697000,Бензин,82,Механическая,Передний,Хэтчбек
Q70371595z,Hyundai Solaris,2020,1.4 6MT Active,780000,Бензин,100,Механическая,Передний,Седан
v11386552i,Kia Sportage,2018,2.0 6МТ Classic,1544900,Бензин,150,Механическая,Передний,Внедорожник
A-8582359Y,Smart ForTwo,2014,1.0 5MT,890000,Бензин,71,Механическая,Задний,Хэтчбек
m-1142531u,Nissan Qashqai,2017,1.2 6MT XE,1413000,Бензин,115,Механическая,Передний,Внедорожник
w21325307E,Nissan Qashqai,2017,1.2 6MT XE,1413000,Бензин,115,Механическая,Передний,Внедорожник
P-8788464u,Nissan Qashqai,2017,1.2 6MT XE,1413000,Бензин,115,Механическая,Передний,Внедорожник
Y11984874C,volkswagen Tiguan,2020,1.4 6MT Respect,1749900,Бензин,125,Механическая,Передний,Внедорожник
I-2085485K,Kia Rio X,2020,1.4 6MT Comfort,944900,Бензин,100,Механическая,Передний,Хэтчбек
p-1607435n,Renault Sandero,2018,1.6 5MT Access,697000,Бензин,82,Механическая,Передний,Хэтчбек
v-7267042G,volkswagen Polo VI,,,,,,,,
X-5337958G,Kia Sportage,2018,2.0 6МТ Classic,1544900,Бензин,150,Механическая,Передний,Внедорожник
T14802622s,Mercedes-Benz E200,,,,,,,,
k-6591744D,Hyundai Solaris,2020,1.4 6MT Active,780000,Бензин,100,Механическая,Передний,Седан
z-2033330g,Kia Rio X,2020,1.4 6MT Comfort,944900,Бензин,100,Механическая,Передний,Хэтчбек
o18752959g,Kia Rio X-line,2020,1.4 6MT Comfort,944900,Бензин,100,Механическая,Передний,Хэтчбек
t11356436u,Kia Sportage,2018,2.0 6МТ Classic,1544900,Бензин,150,Механическая,Передний,Внедорожник
V-2169580X,Renault Kaptur,2020,1.6 5MT Life,1140000,Бензин,114,Механическая,Передний,Внедорожник
R89114665D,Kia Rio X-line,2020,1.4 6MT Comfort,944900,Бензин,100,Механическая,Передний,Хэтчбек
F15011099W,Kia Rio X,2020,1.4 6MT Comfort,944900,Бензин,100,Механическая,Передний,Хэтчбек
T22451402g,Kia Rio,2020,1.4 6MT Comfort,944900,Бензин,100,Механическая,Передний,Хэтчбек
t61975264x,Nissan Qashqai,2017,1.2 6MT XE,1413000,Бензин,115,Механическая,Передний,Внедорожник
X-1055263h,Smart ForTwo,2014,1.0 5MT,890000,Бензин,71,Механическая,Задний,Хэтчбек
B-1276447I,Skoda Rapid,2019,1.6 5MT Entry,847000,Бензин,90,Механическая,Передний,Хэтчбек
F57559229C,volkswagen Polo VI,,,,,,,,
s-5093199D,Renault Kaptur,2020,1.6 5MT Life,1140000,Бензин,114,Механическая,Передний,Внедорожник
B-1571885y,Kia Sportage,2018,2.0 6МТ Classic,1544900,Бензин,150,Механическая,Передний,Внедорожник
e14382410l,Smart ForTwo,2014,1.0 5MT,890000,Бензин,71,Механическая,Задний,Хэтчбек
c-1538833m,Kia Rio X-line,2020,1.4 6MT Comfort,944900,Бензин,100,Механическая,Передний,Хэтчбек
G-1242522V,Renault Sandero,2018,1.6 5MT Access,697000,Бензин,82,Механическая,Передний,Хэтчбек
z52651957L,Fiat 500,2015,1.4 6MT Lounge,990000,Бензин,100,Механическая,Передний,Хэтчбек
R15749283D,Skoda Rapid,2019,1.6 5MT Entry,847000,Бензин,90,Механическая,Передний,Хэтчбек
Z-7340686v,Renault Sandero,2018,1.6 5MT Access,697000,Бензин,82,Механическая,Передний,Хэтчбек
X13250656u,Kia Rio X,2020,1.4 6MT Comfort,944900,Бензин,100,Механическая,Передний,Хэтчбек
b-1016644U,volkswagen Tiguan,2020,1.4 6MT Respect,1749900,Бензин,125,Механическая,Передний,Внедорожник
e-9324711M,Renault Sandero,2018,1.6 5MT Access,697000,Бензин,82,Механическая,Передний,Хэтчбек
S-1099304I,Renault Sandero,2018,1.6 5MT Access,697000,Бензин,82,Механическая,Передний,Хэтчбек
A-1956639b,Renault Sandero,2018,1.6 5MT Access,697000,Бензин,82,Механическая,Передний,Хэтчбек
X-8191999r,Hyundai Solaris,2020,1.4 6MT Active,780000,Бензин,100,Механическая,Передний,Седан
g83089172g,volkswagen Tiguan,2020,1.4 6MT Respect,1749900,Бензин,125,Механическая,Передний,Внедорожник
m-1402552y,Renault Sandero,2018,1.6 5MT Access,697000,Бензин,82,Механическая,Передний,Хэтчбек
G-2990262b,Smart Coupe,,,,,,,,
p97508110p,Kia Sportage,2018,2.0 6МТ Classic,1544900,Бензин,150,Механическая,Передний,Внедорожник
O-9487423J,Kia Rio X-line,2020,1.4 6MT Comfort,944900,Бензин,100,Механическая,Передний,Хэтчбек
o21208881t,Audi Q3,2014,1.4 6МT,2045000,Бензин,150,Механическая,Передний,Универсал
m-1655829f,volkswagen Tiguan,2020,1.4 6MT Respect,1749900,Бензин,125,Механическая,Передний,Внедорожник
s-1795135b,Nissan Qashqai,2017,1.2 6MT XE,1413000,Бензин,115,Механическая,Передний,Внедорожник
X10754765V,volkswagen Tiguan,2020,1.4 6MT Respect,1749900,Бензин,125,Механическая,Передний,Внедорожник
q-1010002z,Smart ForTwo,2014,1.0 5MT,890000,Бензин,71,Механическая,Задний,Хэтчбек
C-1546256l,Mercedes-Benz E200,,,,,,,,
x80611394y,Smart Coupe,,,,,,,,
x-1155940j,Renault Sandero,2018,1.6 5MT Access,697000,Бензин,82,Механическая,Передний,Хэтчбек
y17958394w,Hyundai Solaris,2020,1.4 6MT Active,780000,Бензин,100,Механическая,Передний,Седан
w75295475d,Kia Rio,2020,1.4 6MT Comfort,944900,Бензин,100,Механическая,Передний,Хэтчбек
a-4209036O,Renault Sandero,2018,1.6 5MT Access,697000,Бензин,82,Механическая,Передний,Хэтчбек
z-1424722R,Kia Rio X-line,2020,1.4 6MT Comfort,944900,Бензин,100,Механическая,Передний,Хэтчбек
e88950408e,Smart Coupe,,,,,,,,
z-1104831H,Kia Sportage,2018,2.0 6МТ Classic,1544900,Бензин,150,Механическая,Передний,Внедорожник
E86045670c,Kia Rio X,2020,1.4 6MT Comfort,944900,Бензин,100,Механическая,Передний,Хэтчбек
v88691914J,volkswagen Polo,2020,1.6 5MT Origin,877900,Бензин,90,Механическая,Передний,Лифтбэк
d-6273123g,Audi A4,2015,35 1.4 7AMT,2125000,Бензин,150,Робот с одним сцеплением,Передний,Седан
I-5675626j,Renault Kaptur,2020,1.6 5MT Life,1140000,Бензин,114,Механическая,Передний,Внедорожник
K91014117o,Skoda Rapid,2019,1.6 5MT Entry,847000,Бензин,90,Механическая,Передний,Хэтчбек
r18501621n,volkswagen Tiguan,2020,1.4 6MT Respect,1749900,Бензин,125,Механическая,Передний,Внедорожник
A-2157802N,Nissan Qashqai,2017,1.2 6MT XE,1413000,Бензин,115,Механическая,Передний,Внедорожник
f55908334b,volkswagen Polo,2020,1.6 5MT Origin,877900,Бензин,90,Механическая,Передний,Лифтбэк
L13979610h,volkswagen Polo,2020,1.6 5MT Origin,877900,Бензин,90,Механическая,Передний,Лифтбэк
x38201050e,Skoda Rapid,2019,1.6 5MT Entry,847000,Бензин,90,Механическая,Передний,Хэтчбек
L86038163R,Renault Sandero,2018,1.6 5MT Access,697000,Бензин,82,Механическая,Передний,Хэтчбек
H-1751594v,volkswagen Polo,2020,1.6 5MT Origin,877900,Бензин,90,Механическая,Передний,Лифтбэк
r-2079936x,Smart Coupe,,,,,,,,
K-2275807Z,Kia Rio X-line,2020,1.4 6MT Comfort,944900,Бензин,100,Механическая,Передний,Хэтчбек
N29840074e,Smart ForTwo,2014,1.0 5MT,890000,Бензин,71,Механическая,Задний,Хэтчбек
U-2283333k,Kia Rio X,2020,1.4 6MT Comfort,944900,Бензин,100,Механическая,Передний,Хэтчбек
f21333384S,Hyundai Solaris,2020,1.4 6MT Active,780000,Бензин,100,Механическая,Передний,Седан
p-1229769J,Renault Sandero,2018,1.6 5MT Access,697000,Бензин,82,Механическая,Передний,Хэтчбек
r-5540835r,Mercedes-Benz GLC,2019,2.0 9AT Premium,4690000,Бензин,197,Классический автомат,Полный,Внедорожник
R-2878244Q,Renault Kaptur,2020,1.6 5MT Life,1140000,Бензин,114,Механическая,Передний,Внедорожник
a51887682f,Smart Coupe,,,,,,,,
Y74292605C,Nissan Qashqai,2017,1.2 6MT XE,1413000,Бензин,115,Механическая,Передний,Внедорожник
K-4627145s,Nissan Qashqai,2017,1.2 6MT XE,1413000,Бензин,115,Механическая,Передний,Внедорожник
K-9436185H,Hyundai Solaris,2020,1.4 6MT Active,780000,Бензин,100,Механическая,Передний,Седан
h90156916h,BMW 320i,,,,,,,,
a-1946557R,Kia Rio X,2020,1.4 6MT Comfort,944900,Бензин,100,Механическая,Передний,Хэтчбек
W-3891859t,Renault Kaptur,2020,1.6 5MT Life,1140000,Бензин,114,Механическая,Передний,Внедорожник
E-7802767l,Nissan Qashqai,2017,1.2 6MT XE,1413000,Бензин,115,Механическая,Передний,Внедорожник
M-2277769E,volkswagen Tiguan,2020,1.4 6MT Respect,1749900,Бензин,125,Механическая,Передний,Внедорожник
u19642552o,Audi A4,2015,35 1.4 7AMT,2125000,Бензин,150,Робот с одним сцеплением,Передний,Седан
x98858599X,Nissan Qashqai,2017,1.2 6MT XE,1413000,Бензин,115,Механическая,Передний,Внедорожник
b53350458l,volkswagen Polo,2020,1.6 5MT Origin,877900,Бензин,90,Механическая,Передний,Лифтбэк
U13465352s,Renault Sandero,2018,1.6 5MT Access,697000,Бензин,82,Механическая,Передний,Хэтчбек
m22143297y,Kia Rio X-line,2020,1.4 6MT Comfort,944900,Бензин,100,Механическая,Передний,Хэтчбек
J20243122o,Kia Rio X,2020,1.4 6MT Comfort,944900,Бензин,100,Механическая,Передний,Хэтчбек
l-9821804Q,Smart ForTwo,2014,1.0 5MT,890000,Бензин,71,Механическая,Задний,Хэтчбек
s73940471Q,Kia Rio X-line,2020,1.4 6MT Comfort,944900,Бензин,100,Механическая,Передний,Хэтчбек
t-2297441l,Kia Sportage,2018,2.0 6МТ Classic,1544900,Бензин,150,Механическая,Передний,Внедорожник
q12145655O,Skoda Rapid,2019,1.6 5MT Entry,847000,Бензин,90,Механическая,Передний,Хэтчбек
b-2599382m,Renault Kaptur,2020,1.6 5MT Life,1140000,Бензин,114,Механическая,Передний,Внедорожник
v-1299369C,Kia Rio X,2020,1.4 6MT Comfort,944900,Бензин,100,Механическая,Передний,Хэтчбек
B43377576R,Kia Sportage,2018,2.0 6МТ Classic,1544900,Бензин,150,Механическая,Передний,Внедорожник
j18433975f,Volkswagen ID.4 ,,,,,,,,
r12315595Q,Smart ForFour,2014,1.0 5MT,890000,Бензин,71,Механическая,Задний,Хэтчбек
z55650126E,BMW 320i,,,,,,,,
f76040339F,volkswagen Tiguan,2020,1.4 6MT Respect,1749900,Бензин,125,Механическая,Передний,Внедорожник
P-1722143i,Hyundai Solaris,2020,1.4 6MT Active,780000,Бензин,100,Механическая,Передний,Седан
i-1260000J,volkswagen Polo VI,,,,,,,,
j19148530u,Kia Rio X,2020,1.4 6MT Comfort,944900,Бензин,100,Механическая,Передний,Хэтчбек
f22138231E,Nissan Qashqai,2017,1.2 6MT XE,1413000,Бензин,115,Механическая,Передний,Внедорожник
V83870783w,Kia Rio X-line,2020,1.4 6MT Comfort,944900,Бензин,100,Механическая,Передний,Хэтчбек
O-8288025e,Smart ForTwo,2014,1.0 5MT,890000,Бензин,71,Механическая,Задний,Хэтчбек
p-1854885f,Kia Rio,2020,1.4 6MT Comfort,944900,Бензин,100,Механическая,Передний,Хэтчбек
J-7902945N,Smart ForTwo,2014,1.0 5MT,890000,Бензин,71,Механическая,Задний,Хэтчбек
G12472145Q,Kia Sportage,2018,2.0 6МТ Classic,1544900,Бензин,150,Механическая,Передний,Внедорожник
k11261165S,Kia Sportage,2018,2.0 6МТ Classic,1544900,Бензин,150,Механическая,Передний,Внедорожник
l-1737033R,Renault Kaptur,2020,1.6 5MT Life,1140000,Бензин,114,Механическая,Передний,Внедорожник
m17424608q,Smart Coupe,,,,,,,,
W10552458N,Renault Sandero,2018,1.6 5MT Access,697000,Бензин,82,Механическая,Передний,Хэтчбек
L-1525462q,Kia Rio X-line,2020,1.4 6MT Comfort,944900,Бензин,100,Механическая,Передний,Хэтчбек
z17317811F,Skoda Rapid,2019,1.6 5MT Entry,847000,Бензин,90,Механическая,Передний,Хэтчбек
g17604731B,Kia Rio X-line,2020,1.4 6MT Comfort,944900,Бензин,100,Механическая,Передний,Хэтчбек
j-9417716z,Kia Sportage,2018,2.0 6МТ Classic,1544900,Бензин,150,Механическая,Передний,Внедорожник
F-8081733V,Renault Sandero,2018,1.6 5MT Access,697000,Бензин,82,Механическая,Передний,Хэтчбек
V34635115U,Smart ForTwo,2014,1.0 5MT,890000,Бензин,71,Механическая,Задний,Хэтчбек
u21716903G,Kia Rio X-line,2020,1.4 6MT Comfort,944900,Бензин,100,Механическая,Передний,Хэтчбек
B44457813K,Hyundai Solaris,2020,1.4 6MT Active,780000,Бензин,100,Механическая,Передний,Седан
Z95207161f,Hyundai Solaris,2020,1.4 6MT Active,780000,Бензин,100,Механическая,Передний,Седан
V-1791691i,Renault Kaptur,2020,1.6 5MT Life,1140000,Бензин,114,Механическая,Передний,Внедорожник
T13929401h,volkswagen Tiguan,2020,1.4 6MT Respect,1749900,Бензин,125,Механическая,Передний,Внедорожник
c10078355B,Renault Kaptur,2020,1.6 5MT Life,1140000,Бензин,114,Механическая,Передний,Внедорожник
k53527360z,Hyundai Solaris,2020,1.4 6MT Active,780000,Бензин,100,Механическая,Передний,Седан
j47860209v,Renault Sandero,2018,1.6 5MT Access,697000,Бензин,82,Механическая,Передний,Хэтчбек
L-4359316J,Smart ForFour,2014,1.0 5MT,890000,Бензин,71,Механическая,Задний,Хэтчбек
C-1282139K,Nissan Qashqai,2017,1.2 6MT XE,1413000,Бензин,115,Механическая,Передний,Внедорожник
V18494938a,Kia Rio,2020,1.4 6MT Comfort,944900,Бензин,100,Механическая,Передний,Хэтчбек
i15507571c,Hyundai Solaris,2020,1.4 6MT Active,780000,Бензин,100,Механическая,Передний,Седан
m-1183503n,Smart ForFour,2014,1.0 5MT,890000,Бензин,71,Механическая,Задний,Хэтчбек
i-4948425K,Fiat 500,2015,1.4 6MT Lounge,990000,Бензин,100,Механическая,Передний,Хэтчбек
b-8098670o,Smart ForFour,2014,1.0 5MT,890000,Бензин,71,Механическая,Задний,Хэтчбек
k-2063559v,Kia Rio X,2020,1.4 6MT Comfort,944900,Бензин,100,Механическая,Передний,Хэтчбек
W-9736867F,Kia Rio X-line,2020,1.4 6MT Comfort,944900,Бензин,100,Механическая,Передний,Хэтчбек
F-1617117u,Kia Rio X,2020,1.4 6MT Comfort,944900,Бензин,100,Механическая,Передний,Хэтчбек
Z-1215607M,Smart Coupe,,,,,,,,
K17948343e,Kia Rio X,2020,1.4 6MT Comfort,944900,Бензин,100,Механическая,Передний,Хэтчбек
s22711570h,Renault Sandero,2018,1.6 5MT Access,697000,Бензин,82,Механическая,Передний,Хэтчбек
E-9772567U,Hyundai Solaris,2020,1.4 6MT Active,780000,Бензин,100,Механическая,Передний,Седан
p22438429U,Renault Sandero,2018,1.6 5MT Access,697000,Бензин,82,Механическая,Передний,Хэтчбек
B-6025126p,Mercedes-Benz E200,,,,,,,,
d-2973997T,volkswagen Polo VI,,,,,,,,
s17922461E,Mini Cooper,2014,2.0 6AT,1950000,Бензин,231,Классический автомат,Передний,Хэтчбек
D-1872183T,Smart Coupe,,,,,,,,
x15885063C,volkswagen Tiguan,2020,1.4 6MT Respect,1749900,Бензин,125,Механическая,Передний,Внедорожник
G-2033856I,volkswagen Polo VI,,,,,,,,
p-2709288d,Hyundai Solaris,2020,1.4 6MT Active,780000,Бензин,100,Механическая,Передний,Седан
B22876755u,Smart ForFour,2014,1.0 5MT,890000,Бензин,71,Механическая,Задний,Хэтчбек
O19079001s,Smart ForFour,2014,1.0 5MT,890000,Бензин,71,Механическая,Задний,Хэтчбек
R-7985955b,Skoda Rapid,2019,1.6 5MT Entry,847000,Бензин,90,Механическая,Передний,Хэтчбек
P-1455215x,Nissan Qashqai,2017,1.2 6MT XE,1413000,Бензин,115,Механическая,Передний,Внедорожник
b-2020563x,Renault Kaptur,2020,1.6 5MT Life,1140000,Бензин,114,Механическая,Передний,Внедорожник
k-1116393U,Audi A4,2015,35 1.4 7AMT,2125000,Бензин,150,Робот с одним сцеплением,Передний,Седан
t10480222N,Kia Rio,2020,1.4 6MT Comfort,944900,Бензин,100,Механическая,Передний,Хэтчбек
N-1173416G,Fiat 500,2015,1.4 6MT Lounge,990000,Бензин,100,Механическая,Передний,Хэтчбек
p45485968r,Kia Rio,2020,1.4 6MT Comfort,944900,Бензин,100,Механическая,Передний,Хэтчбек
w-7960339R,volkswagen Tiguan,2020,1.4 6MT Respect,1749900,Бензин,125,Механическая,Передний,Внедорожник
q19295660b,Kia Rio X-line,2020,1.4 6MT Comfort,944900,Бензин,100,Механическая,Передний,Хэтчбек
e10695158w,Skoda Rapid,2019,1.6 5MT Entry,847000,Бензин,90,Механическая,Передний,Хэтчбек
d-3096262i,Kia Sportage,2018,2.0 6МТ Classic,1544900,Бензин,150,Механическая,Передний,Внедорожник
K65157128T,volkswagen Polo,2020,1.6 5MT Origin,877900,Бензин,90,Механическая,Передний,Лифтбэк
f15758729f,Renault Kaptur,2020,1.6 5MT Life,1140000,Бензин,114,Механическая,Передний,Внедорожник
t-6744951h,Renault Sandero,2018,1.6 5MT Access,697000,Бензин,82,Механическая,Передний,Хэтчбек
Z64841412z,volkswagen Tiguan,2020,1.4 6MT Respect,1749900,Бензин,125,Механическая,Передний,Внедорожник
q14218693U,Hyundai Solaris,2020,1.4 6MT Active,780000,Бензин,100,Механическая,Передний,Седан
i65206392I,Smart ForTwo,2014,1.0 5MT,890000,Бензин,71,Механическая,Задний,Хэтчбек
Z16324825g,Renault Kaptur,2020,1.6 5MT Life,1140000,Бензин,114,Механическая,Передний,Внедорожник
e58896117T,Smart ForFour,2014,1.0 5MT,890000,Бензин,71,Механическая,Задний,Хэтчбек
K-1677124d,volkswagen Tiguan,2020,1.4 6MT Respect,1749900,Бензин,125,Механическая,Передний,Внедорожник
b35718807I,Smart ForFour,2014,1.0 5MT,890000,Бензин,71,Механическая,Задний,Хэтчбек
V97485328d,volkswagen Tiguan,2020,1.4 6MT Respect,1749900,Бензин,125,Механическая,Передний,Внедорожник
R-2824741Q,volkswagen Polo VI,,,,,,,,
M-2130010I,Renault Sandero,2018,1.6 5MT Access,697000,Бензин,82,Механическая,Передний,Хэтчбек
N10159439v,Kia Rio X-line,2020,1.4 6MT Comfort,944900,Бензин,100,Механическая,Передний,Хэтчбек
F45462936z,Renault Kaptur,2020,1.6 5MT Life,1140000,Бензин,114,Механическая,Передний,Внедорожник
p-1518592V,Kia Sportage,2018,2.0 6МТ Classic,1544900,Бензин,150,Механическая,Передний,Внедорожник
X-2494579Q,Renault Kaptur,2020,1.6 5MT Life,1140000,Бензин,114,Механическая,Передний,Внедорожник
e46251116n,Smart ForFour,2014,1.0 5MT,890000,Бензин,71,Механическая,Задний,Хэтчбек
v-9957846B,Hyundai Solaris,2020,1.4 6MT Active,780000,Бензин,100,Механическая,Передний,Седан
u19644523F,Audi A4,2015,35 1.4 7AMT,2125000,Бензин,150,Робот с одним сцеплением,Передний,Седан
T13028640g,Audi Q3,2014,1.4 6МT,2045000,Бензин,150,Механическая,Передний,Универсал
G-1964724b,volkswagen Polo,2020,1.6 5MT Origin,877900,Бензин,90,Механическая,Передний,Лифтбэк
m16859646c,BMW 320i,,,,,,,,
d-1391916M,Kia Rio X-line,2020,1.4 6MT Comfort,944900,Бензин,100,Механическая,Передний,Хэтчбек
i-6370435c,volkswagen Polo,2020,1.6 5MT Origin,877900,Бензин,90,Механическая,Передний,Лифтбэк
T12624719o,Renault Sandero,2018,1.6 5MT Access,697000,Бензин,82,Механическая,Передний,Хэтчбек
B11921379d,Mercedes-Benz E200,,,,,,,,
a67229154g,Smart ForFour,2014,1.0 5MT,890000,Бензин,71,Механическая,Задний,Хэтчбек
u14638117A,Renault Kaptur,2020,1.6 5MT Life,1140000,Бензин,114,Механическая,Передний,Внедорожник
L-6802285d,Smart ForFour,2014,1.0 5MT,890000,Бензин,71,Механическая,Задний,Хэтчбек
s-1372033F,Nissan Qashqai,2017,1.2 6MT XE,1413000,Бензин,115,Механическая,Передний,Внедорожник
x53768772i,Nissan Qashqai,2017,1.2 6MT XE,1413000,Бензин,115,Механическая,Передний,Внедорожник
v22019991n,Kia Rio,2020,1.4 6MT Comfort,944900,Бензин,100,Механическая,Передний,Хэтчбек
g88678216g,Smart ForFour,2014,1.0 5MT,890000,Бензин,71,Механическая,Задний,Хэтчбек
b-7314701z,volkswagen Polo,2020,1.6 5MT Origin,877900,Бензин,90,Механическая,Передний,Лифтбэк
N-2930071J,Skoda Rapid,2019,1.6 5MT Entry,847000,Бензин,90,Механическая,Передний,Хэтчбек
W-2145474K,Renault Kaptur,2020,1.6 5MT Life,1140000,Бензин,114,Механическая,Передний,Внедорожник
d-2251789J,Skoda Rapid,2019,1.6 5MT Entry,847000,Бензин,90,Механическая,Передний,Хэтчбек
S-1907504N,Smart ForTwo,2014,1.0 5MT,890000,Бензин,71,Механическая,Задний,Хэтчбек
e-5805562W,Kia Rio,2020,1.4 6MT Comfort,944900,Бензин,100,Механическая,Передний,Хэтчбек
N44849090k,Tesla Model 3,,,,,,,,
I13538939n,Skoda Rapid,2019,1.6 5MT Entry,847000,Бензин,90,Механическая,Передний,Хэтчбек
x-6241530r,Kia Rio,2020,1.4 6MT Comfort,944900,Бензин,100,Механическая,Передний,Хэтчбек
N-1337765t,Volkswagen ID.4 ,,,,,,,,
n10482164t,Kia Rio,2020,1.4 6MT Comfort,944900,Бензин,100,Механическая,Передний,Хэтчбек
q78677693j,Smart ForTwo,2014,1.0 5MT,890000,Бензин,71,Механическая,Задний,Хэтчбек
N32430719L,Fiat 500,2015,1.4 6MT Lounge,990000,Бензин,100,Механическая,Передний,Хэтчбек
p-8718312x,Renault Kaptur,2020,1.6 5MT Life,1140000,Бензин,114,Механическая,Передний,Внедорожник
T-1931494b,volkswagen Tiguan,2020,1.4 6MT Respect,1749900,Бензин,125,Механическая,Передний,Внедорожник
y35238235q,Smart ForFour,2014,1.0 5MT,890000,Бензин,71,Механическая,Задний,Хэтчбек
F13192545Q,volkswagen Polo VI,,,,,,,,
W18403556e,Smart ForFour,2014,1.0 5MT,890000,Бензин,71,Механическая,Задний,Хэтчбек
M82843835N,Skoda Rapid,2019,1.6 5MT Entry,847000,Бензин,90,Механическая,Передний,Хэтчбек
s13606781f,Kia Rio X,2020,1.4 6MT Comfort,944900,Бензин,100,Механическая,Передний,Хэтчбек
t-2138235v,Renault Sandero,2018,1.6 5MT Access,697000,Бензин,82,Механическая,Передний,Хэтчбек
S16342495w,Kia Sportage,2018,2.0 6МТ Classic,1544900,Бензин,150,Механическая,Передний,Внедорожник
W-2042458Y,Audi Q3,2014,1.4 6МT,2045000,Бензин,150,Механическая,Передний,Универсал
c11505078D,Kia Rio,2020,1.4 6MT Comfort,944900,Бензин,100,Механическая,Передний,Хэтчбек
h-1488746F,Kia Rio X-line,2020,1.4 6MT Comfort,944900,Бензин,100,Механическая,Передний,Хэтчбек
t67883849F,Smart Coupe,,,,,,,,
m14751349G,Kia Rio,2020,1.4 6MT Comfort,944900,Бензин,100,Механическая,Передний,Хэтчбек
L-2236074w,Smart Coupe,,,,,,,,
Q22604154e,Kia Rio X-line,2020,1.4 6MT Comfort,944900,Бензин,100,Механическая,Передний,Хэтчбек
I-1499320U,Hyundai Solaris,2020,1.4 6MT Active,780000,Бензин,100,Механическая,Передний,Седан
w-2107765l,Renault Kaptur,2020,1.6 5MT Life,1140000,Бензин,114,Механическая,Передний,Внедорожник
M-4256527V,Kia Rio,2020,1.4 6MT Comfort,944900,Бензин,100,Механическая,Передний,Хэтчбек
V14377897W,Kia Rio X,2020,1.4 6MT Comfort,944900,Бензин,100,Механическая,Передний,Хэтчбек
r-1938611y,Smart ForFour,2014,1.0 5MT,890000,Бензин,71,Механическая,Задний,Хэтчбек
c-8145167j,volkswagen Tiguan,2020,1.4 6MT Respect,1749900,Бензин,125,Механическая,Передний,Внедорожник
B91129852I,Kia Rio X-line,2020,1.4 6MT Comfort,944900,Бензин,100,Механическая,Передний,Хэтчбек
M37487017a,Hyundai Solaris,2020,1.4 6MT Active,780000,Бензин,100,Механическая,Передний,Седан
z-2004787O,Smart Coupe,,,,,,,,
l-1645080P,Nissan Qashqai,2017,1.2 6MT XE,1413000,Бензин,115,Механическая,Передний,Внедорожник
V46220162X,MINI CooperSE,2014,2.0 6AT,1950000,Бензин,231,Классический автомат,Передний,Хэтчбек
v84995071C,Renault Sandero,2018,1.6 5MT Access,697000,Бензин,82,Механическая,Передний,Хэтчбек
H19405674G,Skoda Rapid,2019,1.6 5MT Entry,847000,Бензин,90,Механическая,Передний,Хэтчбек
O22899655s,Renault Kaptur,2020,1.6 5MT Life,1140000,Бензин,114,Механическая,Передний,Внедорожник
Q13439225z,Kia Rio,2020,1.4 6MT Comfort,944900,Бензин,100,Механическая,Передний,Хэтчбек
h-1050982E,Smart Coupe,,,,,,,,
P74322315x,volkswagen Tiguan,2020,1.4 6MT Respect,1749900,Бензин,125,Механическая,Передний,Внедорожник
R15925847J,volkswagen Polo VI,,,,,,,,
z-1765070X,Renault Kaptur,2020,1.6 5MT Life,1140000,Бензин,114,Механическая,Передний,Внедорожник
w-1029280i,Skoda Rapid,2019,1.6 5MT Entry,847000,Бензин,90,Механическая,Передний,Хэтчбек
z-1923449T,volkswagen Tiguan,2020,1.4 6MT Respect,1749900,Бензин,125,Механическая,Передний,Внедорожник
O20152474b,Kia Rio X-line,2020,1.4 6MT Comfort,944900,Бензин,100,Механическая,Передний,Хэтчбек
d-1150959l,Smart ForTwo,2014,1.0 5MT,890000,Бензин,71,Механическая,Задний,Хэтчбек
E16848552h,Skoda Rapid,2019,1.6 5MT Entry,847000,Бензин,90,Механическая,Передний,Хэтчбек
g15598327l,Smart ForTwo,2014,1.0 5MT,890000,Бензин,71,Механическая,Задний,Хэтчбек
R14260142p,Audi A3,2016,35 1.4 7AMТ Premium,1645000,Бензин,150,Робот с одним сцеплением,Передний,Седан
H-4546747T,Kia Rio X,2020,1.4 6MT Comfort,944900,Бензин,100,Механическая,Передний,Хэтчбек
f-1148428g,Smart ForTwo,2014,1.0 5MT,890000,Бензин,71,Механическая,Задний,Хэтчбек
T-1017836m,Smart ForTwo,2014,1.0 5MT,890000,Бензин,71,Механическая,Задний,Хэтчбек
g-2265044F,volkswagen Tiguan,2020,1.4 6MT Respect,1749900,Бензин,125,Механическая,Передний,Внедорожник
j18260546M,Fiat 500,2015,1.4 6MT Lounge,990000,Бензин,100,Механическая,Передний,Хэтчбек
B-9426058n,Hyundai Solaris,2020,1.4 6MT Active,780000,Бензин,100,Механическая,Передний,Седан
r-4084524U,Skoda Rapid,2019,1.6 5MT Entry,847000,Бензин,90,Механическая,Передний,Хэтчбек
L-5326583i,Audi A4,2015,35 1.4 7AMT,2125000,Бензин,150,Робот с одним сцеплением,Передний,Седан
I-1760030m,Renault Kaptur,2020,1.6 5MT Life,1140000,Бензин,114,Механическая,Передний,Внедорожник
c-1205079o,volkswagen Polo VI,,,,,,,,
s-1194174G,Smart ForFour,2014,1.0 5MT,890000,Бензин,71,Механическая,Задний,Хэтчбек
z11424698a,Nissan Qashqai,2017,1.2 6MT XE,1413000,Бензин,115,Механическая,Передний,Внедорожник
u12808660Q,Smart ForTwo,2014,1.0 5MT,890000,Бензин,71,Механическая,Задний,Хэтчбек
q14308699p,Renault Kaptur,2020,1.6 5MT Life,1140000,Бензин,114,Механическая,Передний,Внедорожник
h14275703Y,Nissan Qashqai,2017,1.2 6MT XE,1413000,Бензин,115,Механическая,Передний,Внедорожник
f21537042p,volkswagen Polo,2020,1.6 5MT Origin,877900,Бензин,90,Механическая,Передний,Лифтбэк
w-1541101s,Kia Rio X-line,2020,1.4 6MT Comfort,944900,Бензин,100,Механическая,Передний,Хэтчбек
D85554326y,Skoda Rapid,2019,1.6 5MT Entry,847000,Бензин,90,Механическая,Передний,Хэтчбек
v19622542w,Smart Coupe,,,,,,,,
g15134858G,Kia Rio,2020,1.4 6MT Comfort,944900,Бензин,100,Механическая,Передний,Хэтчбек
T-1971816y,Renault Kaptur,2020,1.6 5MT Life,1140000,Бензин,114,Механическая,Передний,Внедорожник
C-9596685X,Kia Rio X-line,2020,1.4 6MT Comfort,944900,Бензин,100,Механическая,Передний,Хэтчбек
b-1448976u,Kia Rio X-line,2020,1.4 6MT Comfort,944900,Бензин,100,Механическая,Передний,Хэтчбек
T20813001U,Tesla Model 3,,,,,,,,
N-1202466T,Smart ForTwo,2014,1.0 5MT,890000,Бензин,71,Механическая,Задний,Хэтчбек
A-1228282M,Skoda Rapid,2019,1.6 5MT Entry,847000,Бензин,90,Механическая,Передний,Хэтчбек
I-4541478k,Hyundai Solaris,2020,1.4 6MT Active,780000,Бензин,100,Механическая,Передний,Седан
C72529736J,Smart Coupe,,,,,,,,
u-1444692P,Smart ForFour,2014,1.0 5MT,890000,Бензин,71,Механическая,Задний,Хэтчбек
D16135750H,Hyundai Solaris,2020,1.4 6MT Active,780000,Бензин,100,Механическая,Передний,Седан
K-1436228o,Renault Sandero,2018,1.6 5MT Access,697000,Бензин,82,Механическая,Передний,Хэтчбек
i-7847314g,Renault Kaptur,2020,1.6 5MT Life,1140000,Бензин,114,Механическая,Передний,Внедорожник
z-1432906b,volkswagen Polo VI,,,,,,,,
a59990556c,Kia Rio X-line,2020,1.4 6MT Comfort,944900,Бензин,100,Механическая,Передний,Хэтчбек
N96513993C,volkswagen Polo VI,,,,,,,,
i-1870741R,Kia Rio X,2020,1.4 6MT Comfort,944900,Бензин,100,Механическая,Передний,Хэтчбек
s-1843132u,Nissan Qashqai,2017,1.2 6MT XE,1413000,Бензин,115,Механическая,Передний,Внедорожник
o-1115986v,Skoda Rapid,2019,1.6 5MT Entry,847000,Бензин,90,Механическая,Передний,Хэтчбек
t38578752d,volkswagen Polo,2020,1.6 5MT Origin,877900,Бензин,90,Механическая,Передний,Лифтбэк
C10051284I,Nissan Qashqai,2017,1.2 6MT XE,1413000,Бензин,115,Механическая,Передний,Внедорожник
l13569942Y,Volkswagen ID.4 ,,,,,,,,
h-2041660O,Nissan Qashqai,2017,1.2 6MT XE,1413000,Бензин,115,Механическая,Передний,Внедорожник
z-1435869q,Hyundai Solaris,2020,1.4 6MT Active,780000,Бензин,100,Механическая,Передний,Седан
T-5519773T,Renault Kaptur,2020,1.6 5MT Life,1140000,Бензин,114,Механическая,Передний,Внедорожник
O-5485697r,volkswagen Polo,2020,1.6 5MT Origin,877900,Бензин,90,Механическая,Передний,Лифтбэк
P-1558274R,Smart ForFour,2014,1.0 5MT,890000,Бензин,71,Механическая,Задний,Хэтчбек
x-2038594x,Kia Sportage,2018,2.0 6МТ Classic,1544900,Бензин,150,Механическая,Передний,Внедорожник
D-6990841m,Kia Sportage,2018,2.0 6МТ Classic,1544900,Бензин,150,Механическая,Передний,Внедорожник
A65531464N,Hyundai Solaris,2020,1.4 6MT Active,780000,Бензин,100,Механическая,Передний,Седан
o77710485U,Skoda Rapid,2019,1.6 5MT Entry,847000,Бензин,90,Механическая,Передний,Хэтчбек
Z19095231c,Smart ForTwo,2014,1.0 5MT,890000,Бензин,71,Механическая,Задний,Хэтчбек
T10888967t,Mini Cooper,2014,2.0 6AT,1950000,Бензин,231,Классический автомат,Передний,Хэтчбек
p-2255017N,Smart ForTwo,2014,1.0 5MT,890000,Бензин,71,Механическая,Задний,Хэтчбек
q-1756523i,Renault Sandero,2018,1.6 5MT Access,697000,Бензин,82,Механическая,Передний,Хэтчбек
Y-6535925G,Hyundai Solaris,2020,1.4 6MT Active,780000,Бензин,100,Механическая,Передний,Седан
k26646728S,Hyundai Solaris,2020,1.4 6MT Active,780000,Бензин,100,Механическая,Передний,Седан
E10817164G,Smart Coupe,,,,,,,,
i99098791Y,Skoda Rapid,2019,1.6 5MT Entry,847000,Бензин,90,Механическая,Передний,Хэтчбек
x78013621Q,volkswagen Polo,2020,1.6 5MT Origin,877900,Бензин,90,Механическая,Передний,Лифтбэк
v72063519l,Renault Kaptur,2020,1.6 5MT Life,1140000,Бензин,114,Механическая,Передний,Внедорожник
G-1501447C,Audi Q3,2014,1.4 6МT,2045000,Бензин,150,Механическая,Передний,Универсал
J11325795N,Smart ForFour,2014,1.0 5MT,890000,Бензин,71,Механическая,Задний,Хэтчбек
Z21101596H,Kia Rio X-line,2020,1.4 6MT Comfort,944900,Бензин,100,Механическая,Передний,Хэтчбек
J-1113742S,Kia Rio X-line,2020,1.4 6MT Comfort,944900,Бензин,100,Механическая,Передний,Хэтчбек
z66178432L,Hyundai Solaris,2020,1.4 6MT Active,780000,Бензин,100,Механическая,Передний,Седан
Z-5687556v,Kia Sportage,2018,2.0 6МТ Classic,1544900,Бензин,150,Механическая,Передний,Внедорожник
t16803701q,Kia Rio X-line,2020,1.4 6MT Comfort,944900,Бензин,100,Механическая,Передний,Хэтчбек
O62055401u,volkswagen Polo,2020,1.6 5MT Origin,877900,Бензин,90,Механическая,Передний,Лифтбэк
g-1993142v,Smart Coupe,,,,,,,,
b-1419953q,Smart Coupe,,,,,,,,
g20755268p,Renault Sandero,2018,1.6 5MT Access,697000,Бензин,82,Механическая,Передний,Хэтчбек
J-1674693O,Audi A3,2016,35 1.4 7AMТ Premium,1645000,Бензин,150,Робот с одним сцеплением,Передний,Седан
y-4433197h,Hyundai Solaris,2020,1.4 6MT Active,780000,Бензин,100,Механическая,Передний,Седан
q13192264P,Renault Kaptur,2020,1.6 5MT Life,1140000,Бензин,114,Механическая,Передний,Внедорожник
Y77058654W,Kia Sportage,2018,2.0 6МТ Classic,1544900,Бензин,150,Механическая,Передний,Внедорожник
A-2296917r,Skoda Rapid,2019,1.6 5MT Entry,847000,Бензин,90,Механическая,Передний,Хэтчбек
O-2688441F,Tesla Model 3,,,,,,,,
F36891838q,Smart Coupe,,,,,,,,
M20797256F,Renault Sandero,2018,1.6 5MT Access,697000,Бензин,82,Механическая,Передний,Хэтчбек
o14161849i,Kia Rio X,2020,1.4 6MT Comfort,944900,Бензин,100,Механическая,Передний,Хэтчбек
L14463305V,Renault Kaptur,2020,1.6 5MT Life,1140000,Бензин,114,Механическая,Передний,Внедорожник
d-1069476v,Nissan Qashqai,2017,1.2 6MT XE,1413000,Бензин,115,Механическая,Передний,Внедорожник
A18130070W,Smart ForFour,2014,1.0 5MT,890000,Бензин,71,Механическая,Задний,Хэтчбек
N48891421Y,Smart ForFour,2014,1.0 5MT,890000,Бензин,71,Механическая,Задний,Хэтчбек
r-3882229P,volkswagen Polo VI,,,,,,,,
k-1148512o,Kia Rio X-line,2020,1.4 6MT Comfort,944900,Бензин,100,Механическая,Передний,Хэтчбек
K19117294v,volkswagen Polo VI,,,,,,,,
R-9698903l,Hyundai Solaris,2020,1.4 6MT Active,780000,Бензин,100,Механическая,Передний,Седан
n18568803d,volkswagen Polo,2020,1.6 5MT Origin,877900,Бензин,90,Механическая,Передний,Лифтбэк
u18380175j,volkswagen Tiguan,2020,1.4 6MT Respect,1749900,Бензин,125,Механическая,Передний,Внедорожник
v48821525w,Kia Rio X,2020,1.4 6MT Comfort,944900,Бензин,100,Механическая,Передний,Хэтчбек
R-1929076H,Smart ForTwo,2014,1.0 5MT,890000,Бензин,71,Механическая,Задний,Хэтчбек
R14565987z,volkswagen Polo VI,,,,,,,,
j-2092568x,volkswagen Tiguan,2020,1.4 6MT Respect,1749900,Бензин,125,Механическая,Передний,Внедорожник
S45472418H,volkswagen Tiguan,2020,1.4 6MT Respect,1749900,Бензин,125,Механическая,Передний,Внедорожник
d15211601W,volkswagen Polo VI,,,,,,,,
q48434550h,volkswagen Polo VI,,,,,,,,
S24664424B,volkswagen Polo VI,,,,,,,,
z91353693Z,Nissan Qashqai,2017,1.2 6MT XE,1413000,Бензин,115,Механическая,Передний,Внедорожник
d-1078291X,Smart ForFour,2014,1.0 5MT,890000,Бензин,71,Механическая,Задний,Хэтчбек
y-2155004p,Smart ForTwo,2014,1.0 5MT,890000,Бензин,71,Механическая,Задний,Хэтчбек
f11749417l,volkswagen Polo VI,,,,,,,,
h66939763B,Renault Kaptur,2020,1.6 5MT Life,1140000,Бензин,114,Механическая,Передний,Внедорожник
d16236969s,volkswagen Polo VI,,,,,,,,
p25512710L,Fiat 500,2015,1.4 6MT Lounge,990000,Бензин,100,Механическая,Передний,Хэтчбек
F37580132V,Nissan Qashqai,2017,1.2 6MT XE,1413000,Бензин,115,Механическая,Передний,Внедорожник
l-4067739z,Renault Kaptur,2020,1.6 5MT Life,1140000,Бензин,114,Механическая,Передний,Внедорожник
o-2117199c,Renault Sandero,2018,1.6 5MT Access,697000,Бензин,82,Механическая,Передний,Хэтчбек
w12773963K,volkswagen Polo,2020,1.6 5MT Origin,877900,Бензин,90,Механическая,Передний,Лифтбэк
C12905383w,Smart ForFour,2014,1.0 5MT,890000,Бензин,71,Механическая,Задний,Хэтчбек
m27367092i,Kia Rio X,2020,1.4 6MT Comfort,944900,Бензин,100,Механическая,Передний,Хэтчбек
v-2285960e,Kia Rio,2020,1.4 6MT Comfort,944900,Бензин,100,Механическая,Передний,Хэтчбек
k49230827x,volkswagen Polo VI,,,,,,,,
A19264202q,Hyundai Solaris,2020,1.4 6MT Active,780000,Бензин,100,Механическая,Передний,Седан
x-1917627k,Smart Coupe,,,,,,,,
v34523863p,Renault Kaptur,2020,1.6 5MT Life,1140000,Бензин,114,Механическая,Передний,Внедорожник
L18993999w,Kia Rio X-line,2020,1.4 6MT Comfort,944900,Бензин,100,Механическая,Передний,Хэтчбек
x27866622h,Skoda Rapid,2019,1.6 5MT Entry,847000,Бензин,90,Механическая,Передний,Хэтчбек
f-1853653Z,Skoda Rapid,2019,1.6 5MT Entry,847000,Бензин,90,Механическая,Передний,Хэтчбек
R-1884707W,Kia Rio X-line,2020,1.4 6MT Comfort,944900,Бензин,100,Механическая,Передний,Хэтчбек
i17810499T,Smart ForFour,2014,1.0 5MT,890000,Бензин,71,Механическая,Задний,Хэтчбек
W78299212w,volkswagen Tiguan,2020,1.4 6MT Respect,1749900,Бензин,125,Механическая,Передний,Внедорожник
w14433777p,volkswagen Polo,2020,1.6 5MT Origin,877900,Бензин,90,Механическая,Передний,Лифтбэк
H11593230U,volkswagen Polo,2020,1.6 5MT Origin,877900,Бензин,90,Механическая,Передний,Лифтбэк
h15130253D,Kia Rio X,2020,1.4 6MT Comfort,944900,Бензин,100,Механическая,Передний,Хэтчбек
X11054176S,Smart ForTwo,2014,1.0 5MT,890000,Бензин,71,Механическая,Задний,Хэтчбек
Z-8446585u,Smart Coupe,,,,,,,,
L12738838U,volkswagen Polo,2020,1.6 5MT Origin,877900,Бензин,90,Механическая,Передний,Лифтбэк
M13557782G,MINI CooperSE,2014,2.0 6AT,1950000,Бензин,231,Классический автомат,Передний,Хэтчбек
f78630029r,Kia Rio X,2020,1.4 6MT Comfort,944900,Бензин,100,Механическая,Передний,Хэтчбек
O-9483543e,Smart ForFour,2014,1.0 5MT,890000,Бензин,71,Механическая,Задний,Хэтчбек
h-5517689I,Smart Coupe,,,,,,,,
I29670539p,volkswagen Polo VI,,,,,,,,
u-1562836u,Audi A4,2015,35 1.4 7AMT,2125000,Бензин,150,Робот с одним сцеплением,Передний,Седан
f-1256567w,Skoda Rapid,2019,1.6 5MT Entry,847000,Бензин,90,Механическая,Передний,Хэтчбек
d-1499264O,Hyundai Solaris,2020,1.4 6MT Active,780000,Бензин,100,Механическая,Передний,Седан
k-9974810a,Smart Coupe,,,,,,,,
I58543255u,Kia Sportage,2018,2.0 6МТ Classic,1544900,Бензин,150,Механическая,Передний,Внедорожник
J-4114552o,volkswagen Polo,2020,1.6 5MT Origin,877900,Бензин,90,Механическая,Передний,Лифтбэк
v-1348159h,Smart Coupe,,,,,,,,
o-4164928U,volkswagen Polo,2020,1.6 5MT Origin,877900,Бензин,90,Механическая,Передний,Лифтбэк
H44042475h,volkswagen Polo,2020,1.6 5MT Origin,877900,Бензин,90,Механическая,Передний,Лифтбэк
W67288330r,Renault Sandero,2018,1.6 5MT Access,697000,Бензин,82,Механическая,Передний,Хэтчбек
o12808130Q,Kia Rio X,2020,1.4 6MT Comfort,944900,Бензин,100,Механическая,Передний,Хэтчбек
M-6381482U,Kia Sportage,2018,2.0 6МТ Classic,1544900,Бензин,150,Механическая,Передний,Внедорожник
u-1483442N,Mini Cooper,2014,2.0 6AT,1950000,Бензин,231,Классический автомат,Передний,Хэтчбек
S50025102C,Skoda Rapid,2019,1.6 5MT Entry,847000,Бензин,90,Механическая,Передний,Хэтчбек
w-3920980N,BMW 320i,,,,,,,,
Q12332938h,Kia Rio X,2020,1.4 6MT Comfort,944900,Бензин,100,Механическая,Передний,Хэтчбек
j-2299409Z,volkswagen Polo,2020,1.6 5MT Origin,877900,Бензин,90,Механическая,Передний,Лифтбэк
K11706281f,Renault Kaptur,2020,1.6 5MT Life,1140000,Бензин,114,Механическая,Передний,Внедорожник
O-2486036j,Fiat 500,2015,1.4 6MT Lounge,990000,Бензин,100,Механическая,Передний,Хэтчбек
t-8810902I,volkswagen Tiguan,2020,1.4 6MT Respect,1749900,Бензин,125,Механическая,Передний,Внедорожник
h20475534X,Kia Rio X,2020,1.4 6MT Comfort,944900,Бензин,100,Механическая,Передний,Хэтчбек
q-2262220H,Smart ForTwo,2014,1.0 5MT,890000,Бензин,71,Механическая,Задний,Хэтчбек
V86791015e,Smart ForFour,2014,1.0 5MT,890000,Бензин,71,Механическая,Задний,Хэтчбек
k-4177928A,volkswagen Polo VI,,,,,,,,
i12582651H,Skoda Rapid,2019,1.6 5MT Entry,847000,Бензин,90,Механическая,Передний,Хэтчбек
D-8879476a,Smart ForFour,2014,1.0 5MT,890000,Бензин,71,Механическая,Задний,Хэтчбек
A-4388746k,volkswagen Tiguan,2020,1.4 6MT Respect,1749900,Бензин,125,Механическая,Передний,Внедорожник
v10840367M,Kia Sportage,2018,2.0 6МТ Classic,1544900,Бензин,150,Механическая,Передний,Внедорожник
T69253406y,volkswagen Polo VI,,,,,,,,
C17218196q,Smart Coupe,,,,,,,,
Y22725587G,Smart Coupe,,,,,,,,
D-1297931h,Smart ForFour,2014,1.0 5MT,890000,Бензин,71,Механическая,Задний,Хэтчбек
o-3452756G,BMW 320i,,,,,,,,
o-3097493N,Smart Coupe,,,,,,,,
U-1111974C,Kia Rio,2020,1.4 6MT Comfort,944900,Бензин,100,Механическая,Передний,Хэтчбек
Y-1175573T,Kia Rio,2020,1.4 6MT Comfort,944900,Бензин,100,Механическая,Передний,Хэтчбек
R-1348537L,Renault Sandero,2018,1.6 5MT Access,697000,Бензин,82,Механическая,Передний,Хэтчбек
G-6080211i,Kia Rio X-line,2020,1.4 6MT Comfort,944900,Бензин,100,Механическая,Передний,Хэтчбек
N18096525X,volkswagen Polo VI,,,,,,,,
Z-1507790Z,Renault Kaptur,2020,1.6 5MT Life,1140000,Бензин,114,Механическая,Передний,Внедорожник
n20176674t,volkswagen Tiguan,2020,1.4 6MT Respect,1749900,Бензин,125,Механическая,Передний,Внедорожник
a22370652k,Kia Rio,2020,1.4 6MT Comfort,944900,Бензин,100,Механическая,Передний,Хэтчбек
y-1494852A,Hyundai Solaris,2020,1.4 6MT Active,780000,Бензин,100,Механическая,Передний,Седан
n-9327549l,Hyundai Solaris,2020,1.4 6MT Active,780000,Бензин,100,Механическая,Передний,Седан
I20629724K,Nissan Qashqai,2017,1.2 6MT XE,1413000,Бензин,115,Механическая,Передний,Внедорожник
P33310269L,Audi A4,2015,35 1.4 7AMT,2125000,Бензин,150,Робот с одним сцеплением,Передний,Седан
D-2197400i,Hyundai Solaris,2020,1.4 6MT Active,780000,Бензин,100,Механическая,Передний,Седан
o-1745163l,Smart ForFour,2014,1.0 5MT,890000,Бензин,71,Механическая,Задний,Хэтчбек
V96754329h,Audi Q3,2014,1.4 6МT,2045000,Бензин,150,Механическая,Передний,Универсал
Y17319354d,Smart ForFour,2014,1.0 5MT,890000,Бензин,71,Механическая,Задний,Хэтчбек
k11526558b,Renault Sandero,2018,1.6 5MT Access,697000,Бензин,82,Механическая,Передний,Хэтчбек
T-9114355z,Kia Sportage,2018,2.0 6МТ Classic,1544900,Бензин,150,Механическая,Передний,Внедорожник
W-1538165q,Audi Q3,2014,1.4 6МT,2045000,Бензин,150,Механическая,Передний,Универсал
P86492880m,Hyundai Solaris,2020,1.4 6MT Active,780000,Бензин,100,Механическая,Передний,Седан
a56690336a,Skoda Rapid,2019,1.6 5MT Entry,847000,Бензин,90,Механическая,Передний,Хэтчбек
d49016497x,Kia Sportage,2018,2.0 6МТ Classic,1544900,Бензин,150,Механическая,Передний,Внедорожник
p17927557N,volkswagen Polo,2020,1.6 5MT Origin,877900,Бензин,90,Механическая,Передний,Лифтбэк
f-1833647Q,Smart ForFour,2014,1.0 5MT,890000,Бензин,71,Механическая,Задний,Хэтчбек
G-5802745y,Skoda Rapid,2019,1.6 5MT Entry,847000,Бензин,90,Механическая,Передний,Хэтчбек
n72821280e,Smart ForFour,2014,1.0 5MT,890000,Бензин,71,Механическая,Задний,Хэтчбек
I14877267r,Smart ForTwo,2014,1.0 5MT,890000,Бензин,71,Механическая,Задний,Хэтчбек
n19095522k,Kia Rio X,2020,1.4 6MT Comfort,944900,Бензин,100,Механическая,Передний,Хэтчбек
M16247717Y,Smart ForFour,2014,1.0 5MT,890000,Бензин,71,Механическая,Задний,Хэтчбек
K94908453V,Smart Coupe,,,,,,,,
C-1615695X,Skoda Rapid,2019,1.6 5MT Entry,847000,Бензин,90,Механическая,Передний,Хэтчбек
k25002330L,MINI CooperSE,2014,2.0 6AT,1950000,Бензин,231,Классический автомат,Передний,Хэтчбек
K23027223e,Smart ForTwo,2014,1.0 5MT,890000,Бензин,71,Механическая,Задний,Хэтчбек
e-2141689x,Smart ForFour,2014,1.0 5MT,890000,Бензин,71,Механическая,Задний,Хэтчбек
i-2296057M,Hyundai Solaris,2020,1.4 6MT Active,780000,Бензин,100,Механическая,Передний,Седан
j10329551Q,volkswagen Polo VI,,,,,,,,
U43132093r,Audi Q3,2014,1.4 6МT,2045000,Бензин,150,Механическая,Передний,Универсал
P22362100d,volkswagen Polo VI,,,,,,,,
q11710186w,Hyundai Solaris,2020,1.4 6MT Active,780000,Бензин,100,Механическая,Передний,Седан
u-1256596i,Renault Sandero,2018,1.6 5MT Access,697000,Бензин,82,Механическая,Передний,Хэтчбек
b-1441595E,Mini Cooper,2014,2.0 6AT,1950000,Бензин,231,Классический автомат,Передний,Хэтчбек
C88130543S,Hyundai Solaris,2020,1.4 6MT Active,780000,Бензин,100,Механическая,Передний,Седан
k-2258315m,Kia Sportage,2018,2.0 6МТ Classic,1544900,Бензин,150,Механическая,Передний,Внедорожник
u-8880366u,Renault Sandero,2018,1.6 5MT Access,697000,Бензин,82,Механическая,Передний,Хэтчбек
L73176899o,Smart ForFour,2014,1.0 5MT,890000,Бензин,71,Механическая,Задний,Хэтчбек
j10534290W,Hyundai Solaris,2020,1.4 6MT Active,780000,Бензин,100,Механическая,Передний,Седан
W-1261565K,Kia Sportage,2018,2.0 6МТ Classic,1544900,Бензин,150,Механическая,Передний,Внедорожник
f21748487q,Smart ForFour,2014,1.0 5MT,890000,Бензин,71,Механическая,Задний,Хэтчбек
N-3700375g,Audi Q3,2014,1.4 6МT,2045000,Бензин,150,Механическая,Передний,Универсал
W11094351T,Renault Kaptur,2020,1.6 5MT Life,1140000,Бензин,114,Механическая,Передний,Внедорожник
e-1632869f,volkswagen Polo,2020,1.6 5MT Origin,877900,Бензин,90,Механическая,Передний,Лифтбэк
A-7245140H,volkswagen Polo VI,,,,,,,,
a38819194R,Nissan Qashqai,2017,1.2 6MT XE,1413000,Бензин,115,Механическая,Передний,Внедорожник
D88344444z,volkswagen Polo,2020,1.6 5MT Origin,877900,Бензин,90,Механическая,Передний,Лифтбэк
E-2196240r,Kia Rio X,2020,1.4 6MT Comfort,944900,Бензин,100,Механическая,Передний,Хэтчбек
P58511672r,Kia Rio X,2020,1.4 6MT Comfort,944900,Бензин,100,Механическая,Передний,Хэтчбек
U19913900a,Kia Rio,2020,1.4 6MT Comfort,944900,Бензин,100,Механическая,Передний,Хэтчбек
X88728094G,Renault Sandero,2018,1.6 5MT Access,697000,Бензин,82,Механическая,Передний,Хэтчбек
K14458511K,Skoda Rapid,2019,1.6 5MT Entry,847000,Бензин,90,Механическая,Передний,Хэтчбек
d-3934635Q,Kia Rio X-line,2020,1.4 6MT Comfort,944900,Бензин,100,Механическая,Передний,Хэтчбек
S-8631452Q,volkswagen Tiguan,2020,1.4 6MT Respect,1749900,Бензин,125,Механическая,Передний,Внедорожник
Q58926665G,Renault Sandero,2018,1.6 5MT Access,697000,Бензин,82,Механическая,Передний,Хэтчбек
W-1652862N,Nissan Qashqai,2017,1.2 6MT XE,1413000,Бензин,115,Механическая,Передний,Внедорожник
X18004949I,Kia Rio X-line,2020,1.4 6MT Comfort,944900,Бензин,100,Механическая,Передний,Хэтчбек
E-4467489A,Nissan Qashqai,2017,1.2 6MT XE,1413000,Бензин,115,Механическая,Передний,Внедорожник
p15480858O,Smart ForTwo,2014,1.0 5MT,890000,Бензин,71,Механическая,Задний,Хэтчбек
e64842741d,Kia Rio X-line,2020,1.4 6MT Comfort,944900,Бензин,100,Механическая,Передний,Хэтчбек
f-6608406e,Audi Q3,2014,1.4 6МT,2045000,Бензин,150,Механическая,Передний,Универсал
f-1958284u,volkswagen Polo VI,,,,,,,,
I-5997907e,Hyundai Solaris,2020,1.4 6MT Active,780000,Бензин,100,Механическая,Передний,Седан
A-1079539w,Renault Kaptur,2020,1.6 5MT Life,1140000,Бензин,114,Механическая,Передний,Внедорожник
G-1995566F,Kia Rio,2020,1.4 6MT Comfort,944900,Бензин,100,Механическая,Передний,Хэтчбек
o25113856w,Kia Sportage,2018,2.0 6МТ Classic,1544900,Бензин,150,Механическая,Передний,Внедорожник
Z-6848638K,Smart Coupe,,,,,,,,
L-8838271K,Kia Rio X-line,2020,1.4 6MT Comfort,944900,Бензин,100,Механическая,Передний,Хэтчбек
S16201816J,Hyundai Solaris,2020,1.4 6MT Active,780000,Бензин,100,Механическая,Передний,Седан
W-5465085u,Fiat 500,2015,1.4 6MT Lounge,990000,Бензин,100,Механическая,Передний,Хэтчбек
i-1727733j,Renault Sandero,2018,1.6 5MT Access,697000,Бензин,82,Механическая,Передний,Хэтчбек
I-2277221J,Hyundai Solaris,2020,1.4 6MT Active,780000,Бензин,100,Механическая,Передний,Седан
J12910153n,Kia Rio X-line,2020,1.4 6MT Comfort,944900,Бензин,100,Механическая,Передний,Хэтчбек
N76275408I,Smart ForFour,2014,1.0 5MT,890000,Бензин,71,Механическая,Задний,Хэтчбек
t11302884D,Hyundai Solaris,2020,1.4 6MT Active,780000,Бензин,100,Механическая,Передний,Седан
R-2936061K,Mercedes-Benz GLC,2019,2.0 9AT Premium,4690000,Бензин,197,Классический автомат,Полный,Внедорожник
v-1922740b,Renault Sandero,2018,1.6 5MT Access,697000,Бензин,82,Механическая,Передний,Хэтчбек
m22595960l,volkswagen Tiguan,2020,1.4 6MT Respect,1749900,Бензин,125,Механическая,Передний,Внедорожник
m-1081136r,Nissan Qashqai,2017,1.2 6MT XE,1413000,Бензин,115,Механическая,Передний,Внедорожник
T-4791409E,Kia Rio X,2020,1.4 6MT Comfort,944900,Бензин,100,Механическая,Передний,Хэтчбек
H22874195d,volkswagen Polo VI,,,,,,,,
C13109091o,volkswagen Tiguan,2020,1.4 6MT Respect,1749900,Бензин,125,Механическая,Передний,Внедорожник
h14762717O,Smart ForFour,2014,1.0 5MT,890000,Бензин,71,Механическая,Задний,Хэтчбек
M-1111680h,Renault Sandero,2018,1.6 5MT Access,697000,Бензин,82,Механическая,Передний,Хэтчбек
f-1640048B,Kia Rio X,2020,1.4 6MT Comfort,944900,Бензин,100,Механическая,Передний,Хэтчбек
C-1072482Q,volkswagen Polo VI,,,,,,,,
R63811585p,volkswagen Tiguan,2020,1.4 6MT Respect,1749900,Бензин,125,Механическая,Передний,Внедорожник
d-1051262p,Smart ForFour,2014,1.0 5MT,890000,Бензин,71,Механическая,Задний,Хэтчбек
i11748425a,Smart ForFour,2014,1.0 5MT,890000,Бензин,71,Механическая,Задний,Хэтчбек
a97165984P,Nissan Qashqai,2017,1.2 6MT XE,1413000,Бензин,115,Механическая,Передний,Внедорожник
P20515953Y,volkswagen Polo VI,,,,,,,,
M-1963958p,Renault Kaptur,2020,1.6 5MT Life,1140000,Бензин,114,Механическая,Передний,Внедорожник
o21869800I,Smart ForFour,2014,1.0 5MT,890000,Бензин,71,Механическая,Задний,Хэтчбек
t87727056H,Skoda Rapid,2019,1.6 5MT Entry,847000,Бензин,90,Механическая,Передний,Хэтчбек
k21821329d,Renault Sandero,2018,1.6 5MT Access,697000,Бензин,82,Механическая,Передний,Хэтчбек
e-1793470V,volkswagen Polo VI,,,,,,,,
U-6122657S,Skoda Rapid,2019,1.6 5MT Entry,847000,Бензин,90,Механическая,Передний,Хэтчбек
N41647899e,Kia Rio X-line,2020,1.4 6MT Comfort,944900,Бензин,100,Механическая,Передний,Хэтчбек
N22527355E,volkswagen Polo,2020,1.6 5MT Origin,877900,Бензин,90,Механическая,Передний,Лифтбэк
H17549143D,Hyundai Solaris,2020,1.4 6MT Active,780000,Бензин,100,Механическая,Передний,Седан
h-2128254A,Skoda Rapid,2019,1.6 5MT Entry,847000,Бензин,90,Механическая,Передний,Хэтчбек
e11547536L,Kia Rio X-line,2020,1.4 6MT Comfort,944900,Бензин,100,Механическая,Передний,Хэтчбек
y-3814795q,Smart ForFour,2014,1.0 5MT,890000,Бензин,71,Механическая,Задний,Хэтчбек
V12462480t,Smart Coupe,,,,,,,,
p22133368b,Tesla Model 3,,,,,,,,
M-1786506l,Kia Sportage,2018,2.0 6МТ Classic,1544900,Бензин,150,Механическая,Передний,Внедорожник
E-1192475T,Renault Sandero,2018,1.6 5MT Access,697000,Бензин,82,Механическая,Передний,Хэтчбек
E11949860p,Audi Q3,2014,1.4 6МT,2045000,Бензин,150,Механическая,Передний,Универсал
h-2096845p,Smart Coupe,,,,,,,,
G17430753s,volkswagen Polo VI,,,,,,,,
w-5388022o,Renault Kaptur,2020,1.6 5MT Life,1140000,Бензин,114,Механическая,Передний,Внедорожник
B25854093d,Nissan Qashqai,2017,1.2 6MT XE,1413000,Бензин,115,Механическая,Передний,Внедорожник
Z69629123S,Hyundai Solaris,2020,1.4 6MT Active,780000,Бензин,100,Механическая,Передний,Седан
h-1428946I,volkswagen Polo VI,,,,,,,,
S-1358921N,volkswagen Polo,2020,1.6 5MT Origin,877900,Бензин,90,Механическая,Передний,Лифтбэк
Z60401723J,Kia Sportage,2018,2.0 6МТ Classic,1544900,Бензин,150,Механическая,Передний,Внедорожник
s18901076N,Renault Sandero,2018,1.6 5MT Access,697000,Бензин,82,Механическая,Передний,Хэтчбек
V-1176448O,Kia Sportage,2018,2.0 6МТ Classic,1544900,Бензин,150,Механическая,Передний,Внедорожник
j26265780j,Skoda Rapid,2019,1.6 5MT Entry,847000,Бензин,90,Механическая,Передний,Хэтчбек
r48172718A,Skoda Rapid,2019,1.6 5MT Entry,847000,Бензин,90,Механическая,Передний,Хэтчбек
d-8002745O,Nissan Qashqai,2017,1.2 6MT XE,1413000,Бензин,115,Механическая,Передний,Внедорожник
q-1487182h,volkswagen Tiguan,2020,1.4 6MT Respect,1749900,Бензин,125,Механическая,Передний,Внедорожник
D-8569809Z,Renault Sandero,2018,1.6 5MT Access,697000,Бензин,82,Механическая,Передний,Хэтчбек
v-1780358c,BMW 320i,,,,,,,,
I-1820859i,Renault Sandero,2018,1.6 5MT Access,697000,Бензин,82,Механическая,Передний,Хэтчбек
q22680253Z,Audi A3,2016,35 1.4 7AMТ Premium,1645000,Бензин,150,Робот с одним сцеплением,Передний,Седан
E-1232264m,volkswagen Polo VI,,,,,,,,
Z12282683t,MINI CooperSE,2014,2.0 6AT,1950000,Бензин,231,Классический автомат,Передний,Хэтчбек
w-4694330w,Kia Sportage,2018,2.0 6МТ Classic,1544900,Бензин,150,Механическая,Передний,Внедорожник
u41475684g,Kia Rio X-line,2020,1.4 6MT Comfort,944900,Бензин,100,Механическая,Передний,Хэтчбек
v22877971A,volkswagen Polo VI,,,,,,,,
U-1810601i,volkswagen Polo VI,,,,,,,,
f-1733732O,Kia Rio X,2020,1.4 6MT Comfort,944900,Бензин,100,Механическая,Передний,Хэтчбек
T89595628a,Kia Rio X-line,2020,1.4 6MT Comfort,944900,Бензин,100,Механическая,Передний,Хэтчбек
Z-2109687y,Hyundai Solaris,2020,1.4 6MT Active,780000,Бензин,100,Механическая,Передний,Седан
r21497854N,Kia Rio X-line,2020,1.4 6MT Comfort,944900,Бензин,100,Механическая,Передний,Хэтчбек
U59594722h,Fiat 500,2015,1.4 6MT Lounge,990000,Бензин,100,Механическая,Передний,Хэтчбек
v-9816729Z,Renault Kaptur,2020,1.6 5MT Life,1140000,Бензин,114,Механическая,Передний,Внедорожник
h-1856871O,Mercedes-Benz GLC,2019,2.0 9AT Premium,4690000,Бензин,197,Классический автомат,Полный,Внедорожник
r66547692x,Renault Kaptur,2020,1.6 5MT Life,1140000,Бензин,114,Механическая,Передний,Внедорожник
H22956801B,Kia Sportage,2018,2.0 6МТ Classic,1544900,Бензин,150,Механическая,Передний,Внедорожник
E-1030575F,volkswagen Tiguan,2020,1.4 6MT Respect,1749900,Бензин,125,Механическая,Передний,Внедорожник
K14620940o,Smart Coupe,,,,,,,,
M65548078V,Kia Sportage,2018,2.0 6МТ Classic,1544900,Бензин,150,Механическая,Передний,Внедорожник
N-1726327i,volkswagen Polo,2020,1.6 5MT Origin,877900,Бензин,90,Механическая,Передний,Лифтбэк
w-1247066y,volkswagen Polo,2020,1.6 5MT Origin,877900,Бензин,90,Механическая,Передний,Лифтбэк
g42249929i,Skoda Rapid,2019,1.6 5MT Entry,847000,Бензин,90,Механическая,Передний,Хэтчбек
a20879753i,Smart Coupe,,,,,,,,
R-1015571o,volkswagen Tiguan,2020,1.4 6MT Respect,1749900,Бензин,125,Механическая,Передний,Внедорожник
D18873569A,Smart ForFour,2014,1.0 5MT,890000,Бензин,71,Механическая,Задний,Хэтчбек
P-1424840K,volkswagen Polo VI,,,,,,,,
u-1813398B,Smart ForTwo,2014,1.0 5MT,890000,Бензин,71,Механическая,Задний,Хэтчбек
o-9110587W,Nissan Qashqai,2017,1.2 6MT XE,1413000,Бензин,115,Механическая,Передний,Внедорожник
U10311712e,volkswagen Polo,2020,1.6 5MT Origin,877900,Бензин,90,Механическая,Передний,Лифтбэк
m-1088453g,Kia Sportage,2018,2.0 6МТ Classic,1544900,Бензин,150,Механическая,Передний,Внедорожник
f-7120148O,Renault Kaptur,2020,1.6 5MT Life,1140000,Бензин,114,Механическая,Передний,Внедорожник
f43525913Z,Kia Rio X-line,2020,1.4 6MT Comfort,944900,Бензин,100,Механическая,Передний,Хэтчбек
V-1004656F,Nissan Qashqai,2017,1.2 6MT XE,1413000,Бензин,115,Механическая,Передний,Внедорожник
N-1585083b,volkswagen Tiguan,2020,1.4 6MT Respect,1749900,Бензин,125,Механическая,Передний,Внедорожник
t15843955M,Smart Coupe,,,,,,,,
N-3512121s,volkswagen Polo VI,,,,,,,,
E-2184088G,Smart ForFour,2014,1.0 5MT,890000,Бензин,71,Механическая,Задний,Хэтчбек
h15062276x,Hyundai Solaris,2020,1.4 6MT Active,780000,Бензин,100,Механическая,Передний,Седан
s90558240D,Fiat 500,2015,1.4 6MT Lounge,990000,Бензин,100,Механическая,Передний,Хэтчбек
L-1816115Y,Kia Rio X,2020,1.4 6MT Comfort,944900,Бензин,100,Механическая,Передний,Хэтчбек
i40584522k,Renault Kaptur,2020,1.6 5MT Life,1140000,Бензин,114,Механическая,Передний,Внедорожник
A-1680490U,Smart ForFour,2014,1.0 5MT,890000,Бензин,71,Механическая,Задний,Хэтчбек
u12261336F,Renault Kaptur,2020,1.6 5MT Life,1140000,Бензин,114,Механическая,Передний,Внедорожник
q-1248463u,Hyundai Solaris,2020,1.4 6MT Active,780000,Бензин,100,Механическая,Передний,Седан
m52656713y,Audi A3,2016,35 1.4 7AMТ Premium,1645000,Бензин,150,Робот с одним сцеплением,Передний,Седан
L-6228218t,volkswagen Polo,2020,1.6 5MT Origin,877900,Бензин,90,Механическая,Передний,Лифтбэк
k40909397b,volkswagen Polo,2020,1.6 5MT Origin,877900,Бензин,90,Механическая,Передний,Лифтбэк
A-1721538a,Skoda Rapid,2019,1.6 5MT Entry,847000,Бензин,90,Механическая,Передний,Хэтчбек
p14707024B,Smart Coupe,,,,,,,,
u-1058332x,Kia Rio,2020,1.4 6MT Comfort,944900,Бензин,100,Механическая,Передний,Хэтчбек
w13176062d,Kia Sportage,2018,2.0 6МТ Classic,1544900,Бензин,150,Механическая,Передний,Внедорожник
B13169162p,Smart ForFour,2014,1.0 5MT,890000,Бензин,71,Механическая,Задний,Хэтчбек
f17933532Q,Skoda Rapid,2019,1.6 5MT Entry,847000,Бензин,90,Механическая,Передний,Хэтчбек
P-1313124Y,Nissan Qashqai,2017,1.2 6MT XE,1413000,Бензин,115,Механическая,Передний,Внедорожник
F14063148j,Nissan Qashqai,2017,1.2 6MT XE,1413000,Бензин,115,Механическая,Передний,Внедорожник
J79491457w,Kia Rio X,2020,1.4 6MT Comfort,944900,Бензин,100,Механическая,Передний,Хэтчбек
o73706221L,Smart ForTwo,2014,1.0 5MT,890000,Бензин,71,Механическая,Задний,Хэтчбек
Q13493762f,Kia Rio X-line,2020,1.4 6MT Comfort,944900,Бензин,100,Механическая,Передний,Хэтчбек
I12233871v,volkswagen Polo VI,,,,,,,,
A19937465q,volkswagen Polo,2020,1.6 5MT Origin,877900,Бензин,90,Механическая,Передний,Лифтбэк
i12150044m,Kia Rio X-line,2020,1.4 6MT Comfort,944900,Бензин,100,Механическая,Передний,Хэтчбек
E-1571710h,Nissan Qashqai,2017,1.2 6MT XE,1413000,Бензин,115,Механическая,Передний,Внедорожник
R61678217L,Kia Rio X-line,2020,1.4 6MT Comfort,944900,Бензин,100,Механическая,Передний,Хэтчбек
k-1178981C,Renault Sandero,2018,1.6 5MT Access,697000,Бензин,82,Механическая,Передний,Хэтчбек
M77185218x,Smart Coupe,,,,,,,,
k11391896M,Hyundai Solaris,2020,1.4 6MT Active,780000,Бензин,100,Механическая,Передний,Седан
l-3474389b,Kia Rio X,2020,1.4 6MT Comfort,944900,Бензин,100,Механическая,Передний,Хэтчбек
x-1367493b,Smart ForFour,2014,1.0 5MT,890000,Бензин,71,Механическая,Задний,Хэтчбек
N28690532T,Kia Rio,2020,1.4 6MT Comfort,944900,Бензин,100,Механическая,Передний,Хэтчбек
M20461177C,Hyundai Solaris,2020,1.4 6MT Active,780000,Бензин,100,Механическая,Передний,Седан
v-1950459j,Smart ForFour,2014,1.0 5MT,890000,Бензин,71,Механическая,Задний,Хэтчбек
P-1366157f,Skoda Rapid,2019,1.6 5MT Entry,847000,Бензин,90,Механическая,Передний,Хэтчбек
k-2198355u,Nissan Qashqai,2017,1.2 6MT XE,1413000,Бензин,115,Механическая,Передний,Внедорожник
r-2272437U,volkswagen Tiguan,2020,1.4 6MT Respect,1749900,Бензин,125,Механическая,Передний,Внедорожник
H-1610911B,Kia Rio,2020,1.4 6MT Comfort,944900,Бензин,100,Механическая,Передний,Хэтчбек
o-4950899p,Kia Sportage,2018,2.0 6МТ Classic,1544900,Бензин,150,Механическая,Передний,Внедорожник
q-4569496u,volkswagen Polo VI,,,,,,,,
B14927437i,Smart ForFour,2014,1.0 5MT,890000,Бензин,71,Механическая,Задний,Хэтчбек
E13226619z,Kia Sportage,2018,2.0 6МТ Classic,1544900,Бензин,150,Механическая,Передний,Внедорожник
g-1495042h,Smart Coupe,,,,,,,,
a-1279143n,Kia Sportage,2018,2.0 6МТ Classic,1544900,Бензин,150,Механическая,Передний,Внедорожник
n84700288Y,volkswagen Tiguan,2020,1.4 6MT Respect,1749900,Бензин,125,Механическая,Передний,Внедорожник
P94483357J,Hyundai Solaris,2020,1.4 6MT Active,780000,Бензин,100,Механическая,Передний,Седан
e-1100534R,Nissan Qashqai,2017,1.2 6MT XE,1413000,Бензин,115,Механическая,Передний,Внедорожник
p-1097843f,Skoda Rapid,2019,1.6 5MT Entry,847000,Бензин,90,Механическая,Передний,Хэтчбек
k28316812g,Kia Rio X,2020,1.4 6MT Comfort,944900,Бензин,100,Механическая,Передний,Хэтчбек
T77801635B,Skoda Rapid,2019,1.6 5MT Entry,847000,Бензин,90,Механическая,Передний,Хэтчбек
z-3757964J,Smart ForTwo,2014,1.0 5MT,890000,Бензин,71,Механическая,Задний,Хэтчбек
n83325059s,Smart ForTwo,2014,1.0 5MT,890000,Бензин,71,Механическая,Задний,Хэтчбек
n-5592412g,volkswagen Polo VI,,,,,,,,
X20156241e,Mercedes-Benz GLC,2019,2.0 9AT Premium,4690000,Бензин,197,Классический автомат,Полный,Внедорожник
v-3839326y,Renault Kaptur,2020,1.6 5MT Life,1140000,Бензин,114,Механическая,Передний,Внедорожник
d21849459k,BMW 320i,,,,,,,,
V11493739H,Kia Rio X,2020,1.4 6MT Comfort,944900,Бензин,100,Механическая,Передний,Хэтчбек
e-1713473l,Smart ForFour,2014,1.0 5MT,890000,Бензин,71,Механическая,Задний,Хэтчбек
o-1428006H,Renault Sandero,2018,1.6 5MT Access,697000,Бензин,82,Механическая,Передний,Хэтчбек
P-1019884q,Nissan Qashqai,2017,1.2 6MT XE,1413000,Бензин,115,Механическая,Передний,Внедорожник
a-1405894q,Kia Rio X,2020,1.4 6MT Comfort,944900,Бензин,100,Механическая,Передний,Хэтчбек
d-7666372x,Kia Rio X,2020,1.4 6MT Comfort,944900,Бензин,100,Механическая,Передний,Хэтчбек
Z-1984492i,Kia Rio,2020,1.4 6MT Comfort,944900,Бензин,100,Механическая,Передний,Хэтчбек
r10507876y,Audi A3,2016,35 1.4 7AMТ Premium,1645000,Бензин,150,Робот с одним сцеплением,Передний,Седан
N12915117c,Smart ForFour,2014,1.0 5MT,890000,Бензин,71,Механическая,Задний,Хэтчбек
s48916749r,Renault Kaptur,2020,1.6 5MT Life,1140000,Бензин,114,Механическая,Передний,Внедорожник
x-8009442a,Smart ForTwo,2014,1.0 5MT,890000,Бензин,71,Механическая,Задний,Хэтчбек
V-9605877z,Mercedes-Benz E200,,,,,,,,
J12356869N,Kia Rio X-line,2020,1.4 6MT Comfort,944900,Бензин,100,Механическая,Передний,Хэтчбек
A14283545z,volkswagen Tiguan,2020,1.4 6MT Respect,1749900,Бензин,125,Механическая,Передний,Внедорожник
q11931054T,Kia Sportage,2018,2.0 6МТ Classic,1544900,Бензин,150,Механическая,Передний,Внедорожник
a18429533v,Kia Rio X-line,2020,1.4 6MT Comfort,944900,Бензин,100,Механическая,Передний,Хэтчбек
Z13225783s,Hyundai Solaris,2020,1.4 6MT Active,780000,Бензин,100,Механическая,Передний,Седан
r-5143581F,Kia Rio X,2020,1.4 6MT Comfort,944900,Бензин,100,Механическая,Передний,Хэтчбек
I38773245A,Kia Sportage,2018,2.0 6МТ Classic,1544900,Бензин,150,Механическая,Передний,Внедорожник
Z34825463y,Smart ForFour,2014,1.0 5MT,890000,Бензин,71,Механическая,Задний,Хэтчбек
Z22393693I,Smart Coupe,,,,,,,,
Z-2191916Z,Renault Sandero,2018,1.6 5MT Access,697000,Бензин,82,Механическая,Передний,Хэтчбек
v-9686944h,Kia Rio X,2020,1.4 6MT Comfort,944900,Бензин,100,Механическая,Передний,Хэтчбек
Y74309277t,volkswagen Polo VI,,,,,,,,
O-2071605g,Kia Rio X,2020,1.4 6MT Comfort,944900,Бензин,100,Механическая,Передний,Хэтчбек
N-5150907H,volkswagen Tiguan,2020,1.4 6MT Respect,1749900,Бензин,125,Механическая,Передний,Внедорожник
L-2259780s,Skoda Rapid,2019,1.6 5MT Entry,847000,Бензин,90,Механическая,Передний,Хэтчбек
O25177740V,Kia Rio X-line,2020,1.4 6MT Comfort,944900,Бензин,100,Механическая,Передний,Хэтчбек
h64057348f,Smart ForTwo,2014,1.0 5MT,890000,Бензин,71,Механическая,Задний,Хэтчбек
i-3471993K,Smart Coupe,,,,,,,,
o30401798v,Kia Rio,2020,1.4 6MT Comfort,944900,Бензин,100,Механическая,Передний,Хэтчбек
s11758995J,Kia Rio X-line,2020,1.4 6MT Comfort,944900,Бензин,100,Механическая,Передний,Хэтчбек
m13716525T,volkswagen Tiguan,2020,1.4 6MT Respect,1749900,Бензин,125,Механическая,Передний,Внедорожник
I22962781q,Renault Sandero,2018,1.6 5MT Access,697000,Бензин,82,Механическая,Передний,Хэтчбек
i-2002618e,Skoda Rapid,2019,1.6 5MT Entry,847000,Бензин,90,Механическая,Передний,Хэтчбек
S13436513x,Mercedes-Benz E200,,,,,,,,
a11027421p,Nissan Qashqai,2017,1.2 6MT XE,1413000,Бензин,115,Механическая,Передний,Внедорожник
c-6945557y,Smart ForFour,2014,1.0 5MT,890000,Бензин,71,Механическая,Задний,Хэтчбек
c-6308705d,Hyundai Solaris,2020,1.4 6MT Active,780000,Бензин,100,Механическая,Передний,Седан
P-2109405G,Renault Sandero,2018,1.6 5MT Access,697000,Бензин,82,Механическая,Передний,Хэтчбек
X-2155322c,volkswagen Tiguan,2020,1.4 6MT Respect,1749900,Бензин,125,Механическая,Передний,Внедорожник
e-4777482n,Kia Rio,2020,1.4 6MT Comfort,944900,Бензин,100,Механическая,Передний,Хэтчбек
r-1093205B,Renault Kaptur,2020,1.6 5MT Life,1140000,Бензин,114,Механическая,Передний,Внедорожник
l-6384509w,Smart ForTwo,2014,1.0 5MT,890000,Бензин,71,Механическая,Задний,Хэтчбек
p60146435a,Smart ForTwo,2014,1.0 5MT,890000,Бензин,71,Механическая,Задний,Хэтчбек
p-2236312n,volkswagen Tiguan,2020,1.4 6MT Respect,1749900,Бензин,125,Механическая,Передний,Внедорожник
a-2141621o,volkswagen Tiguan,2020,1.4 6MT Respect,1749900,Бензин,125,Механическая,Передний,Внедорожник
l21588657Q,Smart ForFour,2014,1.0 5MT,890000,Бензин,71,Механическая,Задний,Хэтчбек
u93240925H,Kia Rio X,2020,1.4 6MT Comfort,944900,Бензин,100,Механическая,Передний,Хэтчбек
B22565681K,Nissan Qashqai,2017,1.2 6MT XE,1413000,Бензин,115,Механическая,Передний,Внедорожник
l-1476769O,Renault Sandero,2018,1.6 5MT Access,697000,Бензин,82,Механическая,Передний,Хэтчбек
S-1091522c,volkswagen Tiguan,2020,1.4 6MT Respect,1749900,Бензин,125,Механическая,Передний,Внедорожник
Y-1061099U,Nissan Qashqai,2017,1.2 6MT XE,1413000,Бензин,115,Механическая,Передний,Внедорожник
W36422656G,volkswagen Polo,2020,1.6 5MT Origin,877900,Бензин,90,Механическая,Передний,Лифтбэк
y-1223003V,Renault Kaptur,2020,1.6 5MT Life,1140000,Бензин,114,Механическая,Передний,Внедорожник
R53335131O,Renault Sandero,2018,1.6 5MT Access,697000,Бензин,82,Механическая,Передний,Хэтчбек
B-1031686U,Smart ForFour,2014,1.0 5MT,890000,Бензин,71,Механическая,Задний,Хэтчбек
q49298313H,Renault Kaptur,2020,1.6 5MT Life,1140000,Бензин,114,Механическая,Передний,Внедорожник
Y-1143965Q,Audi A3,2016,35 1.4 7AMТ Premium,1645000,Бензин,150,Робот с одним сцеплением,Передний,Седан
S24142286K,Smart ForFour,2014,1.0 5MT,890000,Бензин,71,Механическая,Задний,Хэтчбек
t-1802527u,Smart ForTwo,2014,1.0 5MT,890000,Бензин,71,Механическая,Задний,Хэтчбек
Y-2144374L,Kia Rio X-line,2020,1.4 6MT Comfort,944900,Бензин,100,Механическая,Передний,Хэтчбек
C-1160143Y,Kia Sportage,2018,2.0 6МТ Classic,1544900,Бензин,150,Механическая,Передний,Внедорожник
d-1898242x,Kia Rio X,2020,1.4 6MT Comfort,944900,Бензин,100,Механическая,Передний,Хэтчбек
k11852509F,volkswagen Polo,2020,1.6 5MT Origin,877900,Бензин,90,Механическая,Передний,Лифтбэк
n55774167X,Kia Rio X-line,2020,1.4 6MT Comfort,944900,Бензин,100,Механическая,Передний,Хэтчбек
M22148410M,Hyundai Solaris,2020,1.4 6MT Active,780000,Бензин,100,Механическая,Передний,Седан
z16830819k,Nissan Qashqai,2017,1.2 6MT XE,1413000,Бензин,115,Механическая,Передний,Внедорожник
z-4653924H,Kia Rio,2020,1.4 6MT Comfort,944900,Бензин,100,Механическая,Передний,Хэтчбек
L-1749801m,volkswagen Polo VI,,,,,,,,
f-2607363Z,Nissan Qashqai,2017,1.2 6MT XE,1413000,Бензин,115,Механическая,Передний,Внедорожник
K-2477266U,volkswagen Polo VI,,,,,,,,
W18352080m,Kia Rio X,2020,1.4 6MT Comfort,944900,Бензин,100,Механическая,Передний,Хэтчбек
m73044907l,Hyundai Solaris,2020,1.4 6MT Active,780000,Бензин,100,Механическая,Передний,Седан
L85244434f,Renault Kaptur,2020,1.6 5MT Life,1140000,Бензин,114,Механическая,Передний,Внедорожник
j24265577h,volkswagen Polo,2020,1.6 5MT Origin,877900,Бензин,90,Механическая,Передний,Лифтбэк
z30949635I,Nissan Qashqai,2017,1.2 6MT XE,1413000,Бензин,115,Механическая,Передний,Внедорожник
F12160774Y,Audi A4,2015,35 1.4 7AMT,2125000,Бензин,150,Робот с одним сцеплением,Передний,Седан
b17612610K,Kia Rio X-line,2020,1.4 6MT Comfort,944900,Бензин,100,Механическая,Передний,Хэтчбек
i30546413z,Renault Sandero,2018,1.6 5MT Access,697000,Бензин,82,Механическая,Передний,Хэтчбек
Z-4890116p,Kia Sportage,2018,2.0 6МТ Classic,1544900,Бензин,150,Механическая,Передний,Внедорожник
R-1156519s,Kia Rio,2020,1.4 6MT Comfort,944900,Бензин,100,Механическая,Передний,Хэтчбек
O-1332601s,Renault Sandero,2018,1.6 5MT Access,697000,Бензин,82,Механическая,Передний,Хэтчбек
b77936061P,Nissan Qashqai,2017,1.2 6MT XE,1413000,Бензин,115,Механическая,Передний,Внедорожник
m11184489u,Kia Rio X-line,2020,1.4 6MT Comfort,944900,Бензин,100,Механическая,Передний,Хэтчбек
v-4415133s,Kia Sportage,2018,2.0 6МТ Classic,1544900,Бензин,150,Механическая,Передний,Внедорожник
H-1361541T,Renault Kaptur,2020,1.6 5MT Life,1140000,Бензин,114,Механическая,Передний,Внедорожник
N10483951b,Audi Q3,2014,1.4 6МT,2045000,Бензин,150,Механическая,Передний,Универсал
c13849387F,Skoda Rapid,2019,1.6 5MT Entry,847000,Бензин,90,Механическая,Передний,Хэтчбек
Q-7081222u,Smart ForFour,2014,1.0 5MT,890000,Бензин,71,Механическая,Задний,Хэтчбек
m-9016178m,Renault Sandero,2018,1.6 5MT Access,697000,Бензин,82,Механическая,Передний,Хэтчбек
Q16225830I,Smart ForFour,2014,1.0 5MT,890000,Бензин,71,Механическая,Задний,Хэтчбек
U-1153003l,Skoda Rapid,2019,1.6 5MT Entry,847000,Бензин,90,Механическая,Передний,Хэтчбек
r-9955746M,Skoda Rapid,2019,1.6 5MT Entry,847000,Бензин,90,Механическая,Передний,Хэтчбек
u21483945j,Nissan Qashqai,2017,1.2 6MT XE,1413000,Бензин,115,Механическая,Передний,Внедорожник
X-1533262M,Nissan Qashqai,2017,1.2 6MT XE,1413000,Бензин,115,Механическая,Передний,Внедорожник
y12035374i,Smart ForFour,2014,1.0 5MT,890000,Бензин,71,Механическая,Задний,Хэтчбек
Q36615111R,Renault Sandero,2018,1.6 5MT Access,697000,Бензин,82,Механическая,Передний,Хэтчбек
y22394536i,Volkswagen ID.4 ,,,,,,,,
Y-1269300M,Smart ForFour,2014,1.0 5MT,890000,Бензин,71,Механическая,Задний,Хэтчбек
T19756755G,Tesla Model 3,,,,,,,,
z63831486P,Skoda Rapid,2019,1.6 5MT Entry,847000,Бензин,90,Механическая,Передний,Хэтчбек
t33324223A,Kia Rio X,2020,1.4 6MT Comfort,944900,Бензин,100,Механическая,Передний,Хэтчбек
E-1432268e,Smart ForFour,2014,1.0 5MT,890000,Бензин,71,Механическая,Задний,Хэтчбек
C15710178d,volkswagen Polo VI,,,,,,,,
q-1009009e,Smart ForFour,2014,1.0 5MT,890000,Бензин,71,Механическая,Задний,Хэтчбек
H-1760771N,volkswagen Polo VI,,,,,,,,
u-1663903c,volkswagen Polo,2020,1.6 5MT Origin,877900,Бензин,90,Механическая,Передний,Лифтбэк
s77828126e,Hyundai Solaris,2020,1.4 6MT Active,780000,Бензин,100,Механическая,Передний,Седан
r18055390O,Smart Coupe,,,,,,,,
k-2099585y,Renault Sandero,2018,1.6 5MT Access,697000,Бензин,82,Механическая,Передний,Хэтчбек
P11233777z,Smart ForTwo,2014,1.0 5MT,890000,Бензин,71,Механическая,Задний,Хэтчбек
Z-1646206B,Kia Rio X-line,2020,1.4 6MT Comfort,944900,Бензин,100,Механическая,Передний,Хэтчбек
m-2097732q,Hyundai Solaris,2020,1.4 6MT Active,780000,Бензин,100,Механическая,Передний,Седан
H-2071162e,Smart Coupe,,,,,,,,
P-4438054o,Smart ForTwo,2014,1.0 5MT,890000,Бензин,71,Механическая,Задний,Хэтчбек
y15810685M,Kia Rio X,2020,1.4 6MT Comfort,944900,Бензин,100,Механическая,Передний,Хэтчбек
d21227181g,Smart ForFour,2014,1.0 5MT,890000,Бензин,71,Механическая,Задний,Хэтчбек
Z-1064749o,Kia Rio X,2020,1.4 6MT Comfort,944900,Бензин,100,Механическая,Передний,Хэтчбек
M11266536h,Kia Rio X,2020,1.4 6MT Comfort,944900,Бензин,100,Механическая,Передний,Хэтчбек
W75044414r,Skoda Rapid,2019,1.6 5MT Entry,847000,Бензин,90,Механическая,Передний,Хэтчбек
N13425049S,Smart ForTwo,2014,1.0 5MT,890000,Бензин,71,Механическая,Задний,Хэтчбек
x39431048L,volkswagen Tiguan,2020,1.4 6MT Respect,1749900,Бензин,125,Механическая,Передний,Внедорожник
Z12150281q,volkswagen Polo,2020,1.6 5MT Origin,877900,Бензин,90,Механическая,Передний,Лифтбэк
h17140125L,Nissan Qashqai,2017,1.2 6MT XE,1413000,Бензин,115,Механическая,Передний,Внедорожник
W-1536006u,Renault Sandero,2018,1.6 5MT Access,697000,Бензин,82,Механическая,Передний,Хэтчбек
D-1643531L,Renault Kaptur,2020,1.6 5MT Life,1140000,Бензин,114,Механическая,Передний,Внедорожник
l-7638691q,volkswagen Tiguan,2020,1.4 6MT Respect,1749900,Бензин,125,Механическая,Передний,Внедорожник
v-7261069g,Nissan Qashqai,2017,1.2 6MT XE,1413000,Бензин,115,Механическая,Передний,Внедорожник
j21980629t,Nissan Qashqai,2017,1.2 6MT XE,1413000,Бензин,115,Механическая,Передний,Внедорожник
I18110998S,volkswagen Polo VI,,,,,,,,
P18925683P,Renault Kaptur,2020,1.6 5MT Life,1140000,Бензин,114,Механическая,Передний,Внедорожник
z20009031Q,Kia Rio X,2020,1.4 6MT Comfort,944900,Бензин,100,Механическая,Передний,Хэтчбек
X-1265885g,Hyundai Solaris,2020,1.4 6MT Active,780000,Бензин,100,Механическая,Передний,Седан
x-1331305Z,Smart ForTwo,2014,1.0 5MT,890000,Бензин,71,Механическая,Задний,Хэтчбек
j-1650243q,volkswagen Polo,2020,1.6 5MT Origin,877900,Бензин,90,Механическая,Передний,Лифтбэк
j-8936156D,Nissan Qashqai,2017,1.2 6MT XE,1413000,Бензин,115,Механическая,Передний,Внедорожник
Q-7254581y,Kia Rio X-line,2020,1.4 6MT Comfort,944900,Бензин,100,Механическая,Передний,Хэтчбек
A-1339912r,Nissan Qashqai,2017,1.2 6MT XE,1413000,Бензин,115,Механическая,Передний,Внедорожник
P17182864p,MINI CooperSE,2014,2.0 6AT,1950000,Бензин,231,Классический автомат,Передний,Хэтчбек
n-4305943r,Kia Rio,2020,1.4 6MT Comfort,944900,Бензин,100,Механическая,Передний,Хэтчбек
v22568580b,Tesla Model 3,,,,,,,,
K-2148384J,Hyundai Solaris,2020,1.4 6MT Active,780000,Бензин,100,Механическая,Передний,Седан
H22200136U,BMW 320i,,,,,,,,
w-1155728y,Nissan Qashqai,2017,1.2 6MT XE,1413000,Бензин,115,Механическая,Передний,Внедорожник
a-1448713X,Smart Coupe,,,,,,,,
B-3521656h,Smart Coupe,,,,,,,,
P12327999U,Smart ForTwo,2014,1.0 5MT,890000,Бензин,71,Механическая,Задний,Хэтчбек
s-2215336y,Kia Rio,2020,1.4 6MT Comfort,944900,Бензин,100,Механическая,Передний,Хэтчбек
x40724550Q,Smart ForFour,2014,1.0 5MT,890000,Бензин,71,Механическая,Задний,Хэтчбек
o12778916s,Kia Rio X,2020,1.4 6MT Comfort,944900,Бензин,100,Механическая,Передний,Хэтчбек
n22697202D,Nissan Qashqai,2017,1.2 6MT XE,1413000,Бензин,115,Механическая,Передний,Внедорожник
M-3079970D,volkswagen Polo,2020,1.6 5MT Origin,877900,Бензин,90,Механическая,Передний,Лифтбэк
Y11193447p,Audi A3,2016,35 1.4 7AMТ Premium,1645000,Бензин,150,Робот с одним сцеплением,Передний,Седан
f11034155i,volkswagen Polo VI,,,,,,,,
S-2198765D,Skoda Rapid,2019,1.6 5MT Entry,847000,Бензин,90,Механическая,Передний,Хэтчбек
H49846586w,Audi Q3,2014,1.4 6МT,2045000,Бензин,150,Механическая,Передний,Универсал
r-1157052Q,Renault Sandero,2018,1.6 5MT Access,697000,Бензин,82,Механическая,Передний,Хэтчбек
e-4053068Q,volkswagen Tiguan,2020,1.4 6MT Respect,1749900,Бензин,125,Механическая,Передний,Внедорожник
z14411100u,Volkswagen ID.4 ,,,,,,,,
t18089882q,Kia Rio X,2020,1.4 6MT Comfort,944900,Бензин,100,Механическая,Передний,Хэтчбек
a-1306492a,Hyundai Solaris,2020,1.4 6MT Active,780000,Бензин,100,Механическая,Передний,Седан
X19967327p,Kia Sportage,2018,2.0 6МТ Classic,1544900,Бензин,150,Механическая,Передний,Внедорожник
R19722314B,Renault Sandero,2018,1.6 5MT Access,697000,Бензин,82,Механическая,Передний,Хэтчбек
m-1897070a,Hyundai Solaris,2020,1.4 6MT Active,780000,Бензин,100,Механическая,Передний,Седан
V-1522589e,Skoda Rapid,2019,1.6 5MT Entry,847000,Бензин,90,Механическая,Передний,Хэтчбек
t-7837678N,Mercedes-Benz E200,,,,,,,,
B-1876818F,Kia Rio,2020,1.4 6MT Comfort,944900,Бензин,100,Механическая,Передний,Хэтчбек
A-2216788Z,Smart ForTwo,2014,1.0 5MT,890000,Бензин,71,Механическая,Задний,Хэтчбек
y58058702q,Smart ForFour,2014,1.0 5MT,890000,Бензин,71,Механическая,Задний,Хэтчбек
q67265035S,volkswagen Polo,2020,1.6 5MT Origin,877900,Бензин,90,Механическая,Передний,Лифтбэк
o-2235999Z,Nissan Qashqai,2017,1.2 6MT XE,1413000,Бензин,115,Механическая,Передний,Внедорожник
e16211606h,Smart ForTwo,2014,1.0 5MT,890000,Бензин,71,Механическая,Задний,Хэтчбек
f-1511931z,volkswagen Polo,2020,1.6 5MT Origin,877900,Бензин,90,Механическая,Передний,Лифтбэк
r78044474N,volkswagen Tiguan,2020,1.4 6MT Respect,1749900,Бензин,125,Механическая,Передний,Внедорожник
X-2032215W,Mini Cooper,2014,2.0 6AT,1950000,Бензин,231,Классический автомат,Передний,Хэтчбек
V54929635N,volkswagen Polo VI,,,,,,,,
Y28100048o,BMW 320i,,,,,,,,
s-1113642y,Smart ForFour,2014,1.0 5MT,890000,Бензин,71,Механическая,Задний,Хэтчбек
u-1610558w,volkswagen Polo,2020,1.6 5MT Origin,877900,Бензин,90,Механическая,Передний,Лифтбэк
o-7943338e,Renault Kaptur,2020,1.6 5MT Life,1140000,Бензин,114,Механическая,Передний,Внедорожник
V30731252o,Kia Rio X,2020,1.4 6MT Comfort,944900,Бензин,100,Механическая,Передний,Хэтчбек
J-2049569a,Kia Rio X-line,2020,1.4 6MT Comfort,944900,Бензин,100,Механическая,Передний,Хэтчбек
q73965014U,Smart Coupe,,,,,,,,
Y-2223402p,volkswagen Tiguan,2020,1.4 6MT Respect,1749900,Бензин,125,Механическая,Передний,Внедорожник
f91083403C,volkswagen Polo,2020,1.6 5MT Origin,877900,Бензин,90,Механическая,Передний,Лифтбэк
F-1424198I,Kia Rio X-line,2020,1.4 6MT Comfort,944900,Бензин,100,Механическая,Передний,Хэтчбек
b-1350184G,Nissan Qashqai,2017,1.2 6MT XE,1413000,Бензин,115,Механическая,Передний,Внедорожник
x-1906536c,Hyundai Solaris,2020,1.4 6MT Active,780000,Бензин,100,Механическая,Передний,Седан
u18980487U,Smart ForFour,2014,1.0 5MT,890000,Бензин,71,Механическая,Задний,Хэтчбек
e-2144486u,Renault Kaptur,2020,1.6 5MT Life,1140000,Бензин,114,Механическая,Передний,Внедорожник
T91451342E,Kia Sportage,2018,2.0 6МТ Classic,1544900,Бензин,150,Механическая,Передний,Внедорожник
G-1056464Y,Hyundai Solaris,2020,1.4 6MT Active,780000,Бензин,100,Механическая,Передний,Седан
r-5783636b,Hyundai Solaris,2020,1.4 6MT Active,780000,Бензин,100,Механическая,Передний,Седан
r15183017n,volkswagen Polo,2020,1.6 5MT Origin,877900,Бензин,90,Механическая,Передний,Лифтбэк
L19403211X,volkswagen Polo,2020,1.6 5MT Origin,877900,Бензин,90,Механическая,Передний,Лифтбэк
a10378761Y,Renault Sandero,2018,1.6 5MT Access,697000,Бензин,82,Механическая,Передний,Хэтчбек
B-3210975f,Nissan Qashqai,2017,1.2 6MT XE,1413000,Бензин,115,Механическая,Передний,Внедорожник
c-2970759Z,volkswagen Polo,2020,1.6 5MT Origin,877900,Бензин,90,Механическая,Передний,Лифтбэк
w-1633549j,volkswagen Polo VI,,,,,,,,
R16318248Y,Kia Sportage,2018,2.0 6МТ Classic,1544900,Бензин,150,Механическая,Передний,Внедорожник
S22586262X,volkswagen Polo VI,,,,,,,,
O-2404534e,volkswagen Polo VI,,,,,,,,
T10517369V,Smart Coupe,,,,,,,,
X11944438J,Smart Coupe,,,,,,,,
g-2800926C,volkswagen Tiguan,2020,1.4 6MT Respect,1749900,Бензин,125,Механическая,Передний,Внедорожник
c54659423P,volkswagen Tiguan,2020,1.4 6MT Respect,1749900,Бензин,125,Механическая,Передний,Внедорожник
G13384578X,Hyundai Solaris,2020,1.4 6MT Active,780000,Бензин,100,Механическая,Передний,Седан
a-9615725L,Smart Coupe,,,,,,,,
w-1727439L,MINI CooperSE,2014,2.0 6AT,1950000,Бензин,231,Классический автомат,Передний,Хэтчбек
j-1671899T,Kia Rio X,2020,1.4 6MT Comfort,944900,Бензин,100,Механическая,Передний,Хэтчбек
u15513075K,Kia Rio X-line,2020,1.4 6MT Comfort,944900,Бензин,100,Механическая,Передний,Хэтчбек
A28143979P,Kia Rio,2020,1.4 6MT Comfort,944900,Бензин,100,Механическая,Передний,Хэтчбек
N-1944861C,Kia Rio,2020,1.4 6MT Comfort,944900,Бензин,100,Механическая,Передний,Хэтчбек
G-2566303j,volkswagen Polo VI,,,,,,,,
c17239719M,Renault Kaptur,2020,1.6 5MT Life,1140000,Бензин,114,Механическая,Передний,Внедорожник
D70169920n,Kia Rio X-line,2020,1.4 6MT Comfort,944900,Бензин,100,Механическая,Передний,Хэтчбек
K42844728e,Smart Coupe,,,,,,,,
n14331762U,volkswagen Polo VI,,,,,,,,
i-2071885N,Smart ForTwo,2014,1.0 5MT,890000,Бензин,71,Механическая,Задний,Хэтчбек
q15127304Z,Nissan Qashqai,2017,1.2 6MT XE,1413000,Бензин,115,Механическая,Передний,Внедорожник
i99395396b,Audi A4,2015,35 1.4 7AMT,2125000,Бензин,150,Робот с одним сцеплением,Передний,Седан
o13713439w,Kia Rio,2020,1.4 6MT Comfort,944900,Бензин,100,Механическая,Передний,Хэтчбек
x-1078063X,Smart ForTwo,2014,1.0 5MT,890000,Бензин,71,Механическая,Задний,Хэтчбек
y-1004097K,volkswagen Polo,2020,1.6 5MT Origin,877900,Бензин,90,Механическая,Передний,Лифтбэк
k56274815U,Mercedes-Benz E200,,,,,,,,
U-6432729p,Smart ForTwo,2014,1.0 5MT,890000,Бензин,71,Механическая,Задний,Хэтчбек
x-2282172P,Smart Coupe,,,,,,,,
J87163790k,Kia Rio X,2020,1.4 6MT Comfort,944900,Бензин,100,Механическая,Передний,Хэтчбек
K-6183157n,Hyundai Solaris,2020,1.4 6MT Active,780000,Бензин,100,Механическая,Передний,Седан
l55253895U,volkswagen Polo VI,,,,,,,,
W98320909n,Nissan Qashqai,2017,1.2 6MT XE,1413000,Бензин,115,Механическая,Передний,Внедорожник
f10607422r,Renault Sandero,2018,1.6 5MT Access,697000,Бензин,82,Механическая,Передний,Хэтчбек
C13983433s,Kia Rio X-line,2020,1.4 6MT Comfort,944900,Бензин,100,Механическая,Передний,Хэтчбек
K-9603888y,Skoda Rapid,2019,1.6 5MT Entry,847000,Бензин,90,Механическая,Передний,Хэтчбек
U-1298358e,Hyundai Solaris,2020,1.4 6MT Active,780000,Бензин,100,Механическая,Передний,Седан
u15884696J,Skoda Rapid,2019,1.6 5MT Entry,847000,Бензин,90,Механическая,Передний,Хэтчбек
f22758859h,Renault Sandero,2018,1.6 5MT Access,697000,Бензин,82,Механическая,Передний,Хэтчбек
F21467141f,Kia Rio,2020,1.4 6MT Comfort,944900,Бензин,100,Механическая,Передний,Хэтчбек
N23968812K,Smart ForTwo,2014,1.0 5MT,890000,Бензин,71,Механическая,Задний,Хэтчбек
L-1924578I,Renault Kaptur,2020,1.6 5MT Life,1140000,Бензин,114,Механическая,Передний,Внедорожник
A12536310C,Kia Rio,2020,1.4 6MT Comfort,944900,Бензин,100,Механическая,Передний,Хэтчбек
H-3320077V,Kia Rio X,2020,1.4 6MT Comfort,944900,Бензин,100,Механическая,Передний,Хэтчбек
U54140464j,Smart ForFour,2014,1.0 5MT,890000,Бензин,71,Механическая,Задний,Хэтчбек
H65625440y,volkswagen Tiguan,2020,1.4 6MT Respect,1749900,Бензин,125,Механическая,Передний,Внедорожник
O-1758049J,volkswagen Polo VI,,,,,,,,
H-1890031K,Kia Sportage,2018,2.0 6МТ Classic,1544900,Бензин,150,Механическая,Передний,Внедорожник
M11283443a,Nissan Qashqai,2017,1.2 6MT XE,1413000,Бензин,115,Механическая,Передний,Внедорожник
l-1177682G,Tesla Model 3,,,,,,,,
l-4181518C,volkswagen Tiguan,2020,1.4 6MT Respect,1749900,Бензин,125,Механическая,Передний,Внедорожник
U-4011173t,Skoda Rapid,2019,1.6 5MT Entry,847000,Бензин,90,Механическая,Передний,Хэтчбек
M10065891P,volkswagen Polo VI,,,,,,,,
p-3304414p,Smart ForTwo,2014,1.0 5MT,890000,Бензин,71,Механическая,Задний,Хэтчбек
t-1335409s,volkswagen Polo,2020,1.6 5MT Origin,877900,Бензин,90,Механическая,Передний,Лифтбэк
L18732146r,Kia Rio X,2020,1.4 6MT Comfort,944900,Бензин,100,Механическая,Передний,Хэтчбек
K-1849358w,volkswagen Polo,2020,1.6 5MT Origin,877900,Бензин,90,Механическая,Передний,Лифтбэк
K11972350D,Kia Rio,2020,1.4 6MT Comfort,944900,Бензин,100,Механическая,Передний,Хэтчбек
B-1790381b,volkswagen Tiguan,2020,1.4 6MT Respect,1749900,Бензин,125,Механическая,Передний,Внедорожник
J22037391Y,Renault Kaptur,2020,1.6 5MT Life,1140000,Бензин,114,Механическая,Передний,Внедорожник
c20402175f,Nissan Qashqai,2017,1.2 6MT XE,1413000,Бензин,115,Механическая,Передний,Внедорожник
g-1222874V,Kia Rio,2020,1.4 6MT Comfort,944900,Бензин,100,Механическая,Передний,Хэтчбек
o61274518L,MINI CooperSE,2014,2.0 6AT,1950000,Бензин,231,Классический автомат,Передний,Хэтчбек
R21238764k,Smart Coupe,,,,,,,,
N-8998248z,Kia Sportage,2018,2.0 6МТ Classic,1544900,Бензин,150,Механическая,Передний,Внедорожник
M-2095669m,Skoda Rapid,2019,1.6 5MT Entry,847000,Бензин,90,Механическая,Передний,Хэтчбек
O20073823x,Kia Sportage,2018,2.0 6МТ Classic,1544900,Бензин,150,Механическая,Передний,Внедорожник
k-7279260O,Kia Rio X-line,2020,1.4 6MT Comfort,944900,Бензин,100,Механическая,Передний,Хэтчбек
Y-2287151K,Renault Kaptur,2020,1.6 5MT Life,1140000,Бензин,114,Механическая,Передний,Внедорожник
Y-6116422G,volkswagen Tiguan,2020,1.4 6MT Respect,1749900,Бензин,125,Механическая,Передний,Внедорожник
q-1219686k,Smart ForTwo,2014,1.0 5MT,890000,Бензин,71,Механическая,Задний,Хэтчбек
V72431856M,Kia Rio X,2020,1.4 6MT Comfort,944900,Бензин,100,Механическая,Передний,Хэтчбек
P-3038526g,Audi A3,2016,35 1.4 7AMТ Premium,1645000,Бензин,150,Робот с одним сцеплением,Передний,Седан
D-1410955h,volkswagen Polo VI,,,,,,,,
D-1248163R,Audi A4,2015,35 1.4 7AMT,2125000,Бензин,150,Робот с одним сцеплением,Передний,Седан
Z20694511D,Kia Sportage,2018,2.0 6МТ Classic,1544900,Бензин,150,Механическая,Передний,Внедорожник
C-6629572u,Smart Coupe,,,,,,,,
t-8867045F,Kia Sportage,2018,2.0 6МТ Classic,1544900,Бензин,150,Механическая,Передний,Внедорожник
a-2041286I,volkswagen Polo,2020,1.6 5MT Origin,877900,Бензин,90,Механическая,Передний,Лифтбэк
f57618195v,Renault Sandero,2018,1.6 5MT Access,697000,Бензин,82,Механическая,Передний,Хэтчбек
i-7895274m,volkswagen Polo VI,,,,,,,,
i19007345u,Mercedes-Benz E200,,,,,,,,
B-3724978v,volkswagen Polo,2020,1.6 5MT Origin,877900,Бензин,90,Механическая,Передний,Лифтбэк
N15209085J,volkswagen Polo,2020,1.6 5MT Origin,877900,Бензин,90,Механическая,Передний,Лифтбэк
M21896536R,Kia Rio,2020,1.4 6MT Comfort,944900,Бензин,100,Механическая,Передний,Хэтчбек
J-2212008m,volkswagen Polo VI,,,,,,,,
j-9398790z,Renault Sandero,2018,1.6 5MT Access,697000,Бензин,82,Механическая,Передний,Хэтчбек
k15205794j,Kia Rio X-line,2020,1.4 6MT Comfort,944900,Бензин,100,Механическая,Передний,Хэтчбек
E-2150699K,volkswagen Polo,2020,1.6 5MT Origin,877900,Бензин,90,Механическая,Передний,Лифтбэк
x74754036i,Kia Sportage,2018,2.0 6МТ Classic,1544900,Бензин,150,Механическая,Передний,Внедорожник
d15380405J,volkswagen Polo VI,,,,,,,,
z-1598953V,volkswagen Tiguan,2020,1.4 6MT Respect,1749900,Бензин,125,Механическая,Передний,Внедорожник
l29142213W,Renault Sandero,2018,1.6 5MT Access,697000,Бензин,82,Механическая,Передний,Хэтчбек
u94329520r,Renault Sandero,2018,1.6 5MT Access,697000,Бензин,82,Механическая,Передний,Хэтчбек
I22669475d,Kia Sportage,2018,2.0 6МТ Classic,1544900,Бензин,150,Механическая,Передний,Внедорожник
C19987871T,Kia Rio X,2020,1.4 6MT Comfort,944900,Бензин,100,Механическая,Передний,Хэтчбек
o-2007726X,Kia Rio,2020,1.4 6MT Comfort,944900,Бензин,100,Механическая,Передний,Хэтчбек
m22088268l,Smart ForTwo,2014,1.0 5MT,890000,Бензин,71,Механическая,Задний,Хэтчбек
J-7133460X,Kia Rio X-line,2020,1.4 6MT Comfort,944900,Бензин,100,Механическая,Передний,Хэтчбек
j18905567d,Kia Rio,2020,1.4 6MT Comfort,944900,Бензин,100,Механическая,Передний,Хэтчбек
T87605457N,Kia Rio X,2020,1.4 6MT Comfort,944900,Бензин,100,Механическая,Передний,Хэтчбек
T12554358v,Kia Rio,2020,1.4 6MT Comfort,944900,Бензин,100,Механическая,Передний,Хэтчбек
h-9430035Y,volkswagen Polo VI,,,,,,,,
O22101080f,Skoda Rapid,2019,1.6 5MT Entry,847000,Бензин,90,Механическая,Передний,Хэтчбек
Q71887331L,Smart ForFour,2014,1.0 5MT,890000,Бензин,71,Механическая,Задний,Хэтчбек
q98465080J,Nissan Qashqai,2017,1.2 6MT XE,1413000,Бензин,115,Механическая,Передний,Внедорожник
g16521808T,Nissan Qashqai,2017,1.2 6MT XE,1413000,Бензин,115,Механическая,Передний,Внедорожник
h-1921200Q,Tesla Model 3,,,,,,,,
Y11727925P,Renault Sandero,2018,1.6 5MT Access,697000,Бензин,82,Механическая,Передний,Хэтчбек
q92431240q,Kia Rio X,2020,1.4 6MT Comfort,944900,Бензин,100,Механическая,Передний,Хэтчбек
A-1921611o,Kia Rio X,2020,1.4 6MT Comfort,944900,Бензин,100,Механическая,Передний,Хэтчбек
F-7066018m,Kia Rio X,2020,1.4 6MT Comfort,944900,Бензин,100,Механическая,Передний,Хэтчбек
J30439877U,volkswagen Polo VI,,,,,,,,
l76478248L,Kia Sportage,2018,2.0 6МТ Classic,1544900,Бензин,150,Механическая,Передний,Внедорожник
p36740787D,Smart ForTwo,2014,1.0 5MT,890000,Бензин,71,Механическая,Задний,Хэтчбек
t-3165089E,Kia Rio,2020,1.4 6MT Comfort,944900,Бензин,100,Механическая,Передний,Хэтчбек
t-1966351G,volkswagen Polo,2020,1.6 5MT Origin,877900,Бензин,90,Механическая,Передний,Лифтбэк
I-1759097y,Hyundai Solaris,2020,1.4 6MT Active,780000,Бензин,100,Механическая,Передний,Седан
v14951627H,Smart ForFour,2014,1.0 5MT,890000,Бензин,71,Механическая,Задний,Хэтчбек
I-5231243q,Hyundai Solaris,2020,1.4 6MT Active,780000,Бензин,100,Механическая,Передний,Седан
P-1509985h,Renault Kaptur,2020,1.6 5MT Life,1140000,Бензин,114,Механическая,Передний,Внедорожник
Z71955553Q,Kia Rio,2020,1.4 6MT Comfort,944900,Бензин,100,Механическая,Передний,Хэтчбек
R-4978958a,Renault Kaptur,2020,1.6 5MT Life,1140000,Бензин,114,Механическая,Передний,Внедорожник
i22644848F,Smart Coupe,,,,,,,,
y15813898N,Renault Kaptur,2020,1.6 5MT Life,1140000,Бензин,114,Механическая,Передний,Внедорожник
y24799398d,Kia Rio,2020,1.4 6MT Comfort,944900,Бензин,100,Механическая,Передний,Хэтчбек
W-1602334H,Smart Coupe,,,,,,,,
P-2086663p,volkswagen Polo,2020,1.6 5MT Origin,877900,Бензин,90,Механическая,Передний,Лифтбэк
A-1952360y,volkswagen Polo VI,,,,,,,,
f11353067l,volkswagen Tiguan,2020,1.4 6MT Respect,1749900,Бензин,125,Механическая,Передний,Внедорожник
Z20404510i,Skoda Rapid,2019,1.6 5MT Entry,847000,Бензин,90,Механическая,Передний,Хэтчбек
z-1370671x,volkswagen Polo,2020,1.6 5MT Origin,877900,Бензин,90,Механическая,Передний,Лифтбэк
i-1641236y,Mercedes-Benz GLC,2019,2.0 9AT Premium,4690000,Бензин,197,Классический автомат,Полный,Внедорожник
q-2131513C,Nissan Qashqai,2017,1.2 6MT XE,1413000,Бензин,115,Механическая,Передний,Внедорожник
m10508273p,Skoda Rapid,2019,1.6 5MT Entry,847000,Бензин,90,Механическая,Передний,Хэтчбек
F-1309656v,Renault Kaptur,2020,1.6 5MT Life,1140000,Бензин,114,Механическая,Передний,Внедорожник
X29439521Y,Smart Coupe,,,,,,,,
L56695370k,Kia Rio X,2020,1.4 6MT Comfort,944900,Бензин,100,Механическая,Передний,Хэтчбек
w-3360902w,Smart ForFour,2014,1.0 5MT,890000,Бензин,71,Механическая,Задний,Хэтчбек
Z12981419x,Kia Rio X-line,2020,1.4 6MT Comfort,944900,Бензин,100,Механическая,Передний,Хэтчбек
Z82302317n,Kia Rio X-line,2020,1.4 6MT Comfort,944900,Бензин,100,Механическая,Передний,Хэтчбек
u20627445L,Kia Rio,2020,1.4 6MT Comfort,944900,Бензин,100,Механическая,Передний,Хэтчбек
i-2063652a,Kia Sportage,2018,2.0 6МТ Classic,1544900,Бензин,150,Механическая,Передний,Внедорожник
D53387197K,Kia Rio X-line,2020,1.4 6MT Comfort,944900,Бензин,100,Механическая,Передний,Хэтчбек
T46205315a,Renault Sandero,2018,1.6 5MT Access,697000,Бензин,82,Механическая,Передний,Хэтчбек
o-1654709m,Skoda Rapid,2019,1.6 5MT Entry,847000,Бензин,90,Механическая,Передний,Хэтчбек
Y18898842Z,Nissan Qashqai,2017,1.2 6MT XE,1413000,Бензин,115,Механическая,Передний,Внедорожник
U-1438444g,Smart ForFour,2014,1.0 5MT,890000,Бензин,71,Механическая,Задний,Хэтчбек
B22148840H,Hyundai Solaris,2020,1.4 6MT Active,780000,Бензин,100,Механическая,Передний,Седан
p-7909067P,Hyundai Solaris,2020,1.4 6MT Active,780000,Бензин,100,Механическая,Передний,Седан
K82118402p,volkswagen Polo,2020,1.6 5MT Origin,877900,Бензин,90,Механическая,Передний,Лифтбэк
P-1904625Y,Kia Rio X-line,2020,1.4 6MT Comfort,944900,Бензин,100,Механическая,Передний,Хэтчбек
B63005670E,Smart ForTwo,2014,1.0 5MT,890000,Бензин,71,Механическая,Задний,Хэтчбек
a-1298983n,Renault Kaptur,2020,1.6 5MT Life,1140000,Бензин,114,Механическая,Передний,Внедорожник
a-8447401l,Smart Coupe,,,,,,,,
i13565099o,Renault Kaptur,2020,1.6 5MT Life,1140000,Бензин,114,Механическая,Передний,Внедорожник
f-1485816K,volkswagen Tiguan,2020,1.4 6MT Respect,1749900,Бензин,125,Механическая,Передний,Внедорожник
g15201375h,Kia Rio X-line,2020,1.4 6MT Comfort,944900,Бензин,100,Механическая,Передний,Хэтчбек
d-1056916g,Kia Sportage,2018,2.0 6МТ Classic,1544900,Бензин,150,Механическая,Передний,Внедорожник
w-8386823A,Kia Rio X-line,2020,1.4 6MT Comfort,944900,Бензин,100,Механическая,Передний,Хэтчбек
e14576423c,Nissan Qashqai,2017,1.2 6MT XE,1413000,Бензин,115,Механическая,Передний,Внедорожник
U15626570a,volkswagen Tiguan,2020,1.4 6MT Respect,1749900,Бензин,125,Механическая,Передний,Внедорожник
C16763454I,volkswagen Polo VI,,,,,,,,
p-1077837n,volkswagen Polo VI,,,,,,,,
x-1500687G,Skoda Rapid,2019,1.6 5MT Entry,847000,Бензин,90,Механическая,Передний,Хэтчбек
H22971297C,Smart ForFour,2014,1.0 5MT,890000,Бензин,71,Механическая,Задний,Хэтчбек
v99331575G,Hyundai Solaris,2020,1.4 6MT Active,780000,Бензин,100,Механическая,Передний,Седан
H-7693291w,Mercedes-Benz GLC,2019,2.0 9AT Premium,4690000,Бензин,197,Классический автомат,Полный,Внедорожник
f61114188C,volkswagen Polo,2020,1.6 5MT Origin,877900,Бензин,90,Механическая,Передний,Лифтбэк
B-3413598z,Smart Coupe,,,,,,,,
J-2163633P,Smart ForFour,2014,1.0 5MT,890000,Бензин,71,Механическая,Задний,Хэтчбек
c96131700J,volkswagen Polo VI,,,,,,,,
Q-1467343c,Smart ForTwo,2014,1.0 5MT,890000,Бензин,71,Механическая,Задний,Хэтчбек
K47229301D,Mini Cooper,2014,2.0 6AT,1950000,Бензин,231,Классический автомат,Передний,Хэтчбек
Y-1641594R,volkswagen Tiguan,2020,1.4 6MT Respect,1749900,Бензин,125,Механическая,Передний,Внедорожник
q33500226d,volkswagen Polo VI,,,,,,,,
x-8934991u,Smart Coupe,,,,,,,,
H41383708k,Hyundai Solaris,2020,1.4 6MT Active,780000,Бензин,100,Механическая,Передний,Седан
g91653716Y,Hyundai Solaris,2020,1.4 6MT Active,780000,Бензин,100,Механическая,Передний,Седан
C11147530X,MINI CooperSE,2014,2.0 6AT,1950000,Бензин,231,Классический автомат,Передний,Хэтчбек
u-2300894n,Kia Sportage,2018,2.0 6МТ Classic,1544900,Бензин,150,Механическая,Передний,Внедорожник
Q17527154g,Nissan Qashqai,2017,1.2 6MT XE,1413000,Бензин,115,Механическая,Передний,Внедорожник
m-2207671H,Smart ForFour,2014,1.0 5MT,890000,Бензин,71,Механическая,Задний,Хэтчбек
n21219044S,Volkswagen ID.4 ,,,,,,,,
Y-1909289A,Kia Rio X,2020,1.4 6MT Comfort,944900,Бензин,100,Механическая,Передний,Хэтчбек
n31468349R,volkswagen Polo,2020,1.6 5MT Origin,877900,Бензин,90,Механическая,Передний,Лифтбэк
r32178017j,Kia Rio X,2020,1.4 6MT Comfort,944900,Бензин,100,Механическая,Передний,Хэтчбек
q83106491d,Kia Sportage,2018,2.0 6МТ Classic,1544900,Бензин,150,Механическая,Передний,Внедорожник
w30595040m,Nissan Qashqai,2017,1.2 6MT XE,1413000,Бензин,115,Механическая,Передний,Внедорожник
x-1954941U,Renault Sandero,2018,1.6 5MT Access,697000,Бензин,82,Механическая,Передний,Хэтчбек
V-3403078z,volkswagen Tiguan,2020,1.4 6MT Respect,1749900,Бензин,125,Механическая,Передний,Внедорожник
a10804017l,Smart ForFour,2014,1.0 5MT,890000,Бензин,71,Механическая,Задний,Хэтчбек
Y11021530E,Renault Kaptur,2020,1.6 5MT Life,1140000,Бензин,114,Механическая,Передний,Внедорожник
w-1503651B,volkswagen Polo VI,,,,,,,,
r-6945448j,BMW 320i,,,,,,,,
Z11816007p,volkswagen Tiguan,2020,1.4 6MT Respect,1749900,Бензин,125,Механическая,Передний,Внедорожник
x13838636N,volkswagen Tiguan,2020,1.4 6MT Respect,1749900,Бензин,125,Механическая,Передний,Внедорожник
t-1367911e,volkswagen Polo VI,,,,,,,,
v56255169f,Renault Kaptur,2020,1.6 5MT Life,1140000,Бензин,114,Механическая,Передний,Внедорожник
B-4259316m,Kia Sportage,2018,2.0 6МТ Classic,1544900,Бензин,150,Механическая,Передний,Внедорожник
v-7924266I,Smart ForTwo,2014,1.0 5MT,890000,Бензин,71,Механическая,Задний,Хэтчбек
L12695976N,MINI CooperSE,2014,2.0 6AT,1950000,Бензин,231,Классический автомат,Передний,Хэтчбек
q-8187613B,Skoda Rapid,2019,1.6 5MT Entry,847000,Бензин,90,Механическая,Передний,Хэтчбек
e16015891b,Kia Sportage,2018,2.0 6МТ Classic,1544900,Бензин,150,Механическая,Передний,Внедорожник
x-5000537P,Kia Rio X,2020,1.4 6MT Comfort,944900,Бензин,100,Механическая,Передний,Хэтчбек
D-7880387d,Kia Rio X-line,2020,1.4 6MT Comfort,944900,Бензин,100,Механическая,Передний,Хэтчбек
H31712627R,volkswagen Polo,2020,1.6 5MT Origin,877900,Бензин,90,Механическая,Передний,Лифтбэк
f-7760435s,Renault Kaptur,2020,1.6 5MT Life,1140000,Бензин,114,Механическая,Передний,Внедорожник
a-1602414F,Smart ForTwo,2014,1.0 5MT,890000,Бензин,71,Механическая,Задний,Хэтчбек
y-4993026F,Kia Rio X,2020,1.4 6MT Comfort,944900,Бензин,100,Механическая,Передний,Хэтчбек
a15377311f,Audi Q3,2014,1.4 6МT,2045000,Бензин,150,Механическая,Передний,Универсал
U-1696081V,Kia Rio X,2020,1.4 6MT Comfort,944900,Бензин,100,Механическая,Передний,Хэтчбек
s19224549D,Smart ForFour,2014,1.0 5MT,890000,Бензин,71,Механическая,Задний,Хэтчбек
w20823113G,Kia Rio,2020,1.4 6MT Comfort,944900,Бензин,100,Механическая,Передний,Хэтчбек
l-1349820J,MINI CooperSE,2014,2.0 6AT,1950000,Бензин,231,Классический автомат,Передний,Хэтчбек
R-2948274o,volkswagen Polo,2020,1.6 5MT Origin,877900,Бензин,90,Механическая,Передний,Лифтбэк
t16782318O,Renault Sandero,2018,1.6 5MT Access,697000,Бензин,82,Механическая,Передний,Хэтчбек
Y-1457465R,volkswagen Polo,2020,1.6 5MT Origin,877900,Бензин,90,Механическая,Передний,Лифтбэк
v-2144197C,Kia Sportage,2018,2.0 6МТ Classic,1544900,Бензин,150,Механическая,Передний,Внедорожник
x-2014093y,Nissan Qashqai,2017,1.2 6MT XE,1413000,Бензин,115,Механическая,Передний,Внедорожник
d-4591998F,Smart Coupe,,,,,,,,
r-2090723O,Smart Coupe,,,,,,,,
U-1191921E,Fiat 500,2015,1.4 6MT Lounge,990000,Бензин,100,Механическая,Передний,Хэтчбек
r-1970023T,volkswagen Polo VI,,,,,,,,
S-1674892M,Hyundai Solaris,2020,1.4 6MT Active,780000,Бензин,100,Механическая,Передний,Седан
G-2162452R,Fiat 500,2015,1.4 6MT Lounge,990000,Бензин,100,Механическая,Передний,Хэтчбек
A80378730d,Kia Rio X,2020,1.4 6MT Comfort,944900,Бензин,100,Механическая,Передний,Хэтчбек
u-1819284w,Renault Sandero,2018,1.6 5MT Access,697000,Бензин,82,Механическая,Передний,Хэтчбек
v-1209318r,Kia Rio X-line,2020,1.4 6MT Comfort,944900,Бензин,100,Механическая,Передний,Хэтчбек
p-3416801F,volkswagen Tiguan,2020,1.4 6MT Respect,1749900,Бензин,125,Механическая,Передний,Внедорожник
g11810192a,volkswagen Tiguan,2020,1.4 6MT Respect,1749900,Бензин,125,Механическая,Передний,Внедорожник
b46831044u,Hyundai Solaris,2020,1.4 6MT Active,780000,Бензин,100,Механическая,Передний,Седан
y22428950Y,volkswagen Polo,2020,1.6 5MT Origin,877900,Бензин,90,Механическая,Передний,Лифтбэк
v20100933V,Kia Sportage,2018,2.0 6МТ Classic,1544900,Бензин,150,Механическая,Передний,Внедорожник
d12165520i,Audi Q3,2014,1.4 6МT,2045000,Бензин,150,Механическая,Передний,Универсал
l-2243901f,Smart Coupe,,,,,,,,
m16922194d,Smart ForFour,2014,1.0 5MT,890000,Бензин,71,Механическая,Задний,Хэтчбек
t-1587546h,Smart ForFour,2014,1.0 5MT,890000,Бензин,71,Механическая,Задний,Хэтчбек
d86346817o,Smart ForFour,2014,1.0 5MT,890000,Бензин,71,Механическая,Задний,Хэтчбек
l79825102V,Smart Coupe,,,,,,,,
C-1658821I,Kia Sportage,2018,2.0 6МТ Classic,1544900,Бензин,150,Механическая,Передний,Внедорожник
n-2084367B,volkswagen Polo,2020,1.6 5MT Origin,877900,Бензин,90,Механическая,Передний,Лифтбэк
z19301567i,volkswagen Tiguan,2020,1.4 6MT Respect,1749900,Бензин,125,Механическая,Передний,Внедорожник
H-4823323i,Renault Sandero,2018,1.6 5MT Access,697000,Бензин,82,Механическая,Передний,Хэтчбек
n31353865P,Kia Rio X-line,2020,1.4 6MT Comfort,944900,Бензин,100,Механическая,Передний,Хэтчбек
i-1314717a,volkswagen Polo,2020,1.6 5MT Origin,877900,Бензин,90,Механическая,Передний,Лифтбэк
g88708259n,volkswagen Polo VI,,,,,,,,
M10208049m,Audi A4,2015,35 1.4 7AMT,2125000,Бензин,150,Робот с одним сцеплением,Передний,Седан
p10312031l,volkswagen Polo VI,,,,,,,,
j15820254t,Kia Sportage,2018,2.0 6МТ Classic,1544900,Бензин,150,Механическая,Передний,Внедорожник
b11219834D,volkswagen Polo,2020,1.6 5MT Origin,877900,Бензин,90,Механическая,Передний,Лифтбэк
g27845738D,Kia Rio X-line,2020,1.4 6MT Comfort,944900,Бензин,100,Механическая,Передний,Хэтчбек
a-2277951A,Kia Sportage,2018,2.0 6МТ Classic,1544900,Бензин,150,Механическая,Передний,Внедорожник
b-8541663W,Renault Sandero,2018,1.6 5MT Access,697000,Бензин,82,Механическая,Передний,Хэтчбек
c-1328664u,Smart ForFour,2014,1.0 5MT,890000,Бензин,71,Механическая,Задний,Хэтчбек
q-1501864D,volkswagen Polo,2020,1.6 5MT Origin,877900,Бензин,90,Механическая,Передний,Лифтбэк
P-2028474q,Renault Kaptur,2020,1.6 5MT Life,1140000,Бензин,114,Механическая,Передний,Внедорожник
b-1943502r,Smart ForTwo,2014,1.0 5MT,890000,Бензин,71,Механическая,Задний,Хэтчбек
X13904036v,Hyundai Solaris,2020,1.4 6MT Active,780000,Бензин,100,Механическая,Передний,Седан
p22201009c,Skoda Rapid,2019,1.6 5MT Entry,847000,Бензин,90,Механическая,Передний,Хэтчбек
b-1731846p,Smart ForFour,2014,1.0 5MT,890000,Бензин,71,Механическая,Задний,Хэтчбек
m-1232449r,Renault Kaptur,2020,1.6 5MT Life,1140000,Бензин,114,Механическая,Передний,Внедорожник
s73955878e,Nissan Qashqai,2017,1.2 6MT XE,1413000,Бензин,115,Механическая,Передний,Внедорожник
w21104807B,Kia Rio X,2020,1.4 6MT Comfort,944900,Бензин,100,Механическая,Передний,Хэтчбек
Y-8714590s,Hyundai Solaris,2020,1.4 6MT Active,780000,Бензин,100,Механическая,Передний,Седан
n-6604555n,volkswagen Polo VI,,,,,,,,
B20112755F,Smart ForTwo,2014,1.0 5MT,890000,Бензин,71,Механическая,Задний,Хэтчбек
r-1818598c,Kia Sportage,2018,2.0 6МТ Classic,1544900,Бензин,150,Механическая,Передний,Внедорожник
b48529290x,volkswagen Polo,2020,1.6 5MT Origin,877900,Бензин,90,Механическая,Передний,Лифтбэк
P91727327m,Smart ForFour,2014,1.0 5MT,890000,Бензин,71,Механическая,Задний,Хэтчбек
J20066002Q,volkswagen Tiguan,2020,1.4 6MT Respect,1749900,Бензин,125,Механическая,Передний,Внедорожник
P-2704218g,volkswagen Polo,2020,1.6 5MT Origin,877900,Бензин,90,Механическая,Передний,Лифтбэк
l-1379405m,Kia Rio X-line,2020,1.4 6MT Comfort,944900,Бензин,100,Механическая,Передний,Хэтчбек
C-1517922h,volkswagen Polo,2020,1.6 5MT Origin,877900,Бензин,90,Механическая,Передний,Лифтбэк
I-3302827r,Kia Sportage,2018,2.0 6МТ Classic,1544900,Бензин,150,Механическая,Передний,Внедорожник
t-2006618I,Audi A3,2016,35 1.4 7AMТ Premium,1645000,Бензин,150,Робот с одним сцеплением,Передний,Седан
E-6273926P,Hyundai Solaris,2020,1.4 6MT Active,780000,Бензин,100,Механическая,Передний,Седан
a10698807I,Hyundai Solaris,2020,1.4 6MT Active,780000,Бензин,100,Механическая,Передний,Седан
A15941630F,Kia Sportage,2018,2.0 6МТ Classic,1544900,Бензин,150,Механическая,Передний,Внедорожник
t-4403975D,Kia Rio X-line,2020,1.4 6MT Comfort,944900,Бензин,100,Механическая,Передний,Хэтчбек
R14388702V,Kia Rio X-line,2020,1.4 6MT Comfort,944900,Бензин,100,Механическая,Передний,Хэтчбек
j-9803131z,Skoda Rapid,2019,1.6 5MT Entry,847000,Бензин,90,Механическая,Передний,Хэтчбек
V-2042242Z,Smart ForTwo,2014,1.0 5MT,890000,Бензин,71,Механическая,Задний,Хэтчбек
Q-2229156F,Smart ForTwo,2014,1.0 5MT,890000,Бензин,71,Механическая,Задний,Хэтчбек
P17330852B,volkswagen Polo,2020,1.6 5MT Origin,877900,Бензин,90,Механическая,Передний,Лифтбэк
f11770501z,Skoda Rapid,2019,1.6 5MT Entry,847000,Бензин,90,Механическая,Передний,Хэтчбек
O-7679980f,MINI CooperSE,2014,2.0 6AT,1950000,Бензин,231,Классический автомат,Передний,Хэтчбек
d-4958292z,Hyundai Solaris,2020,1.4 6MT Active,780000,Бензин,100,Механическая,Передний,Седан
i24986996P,Nissan Qashqai,2017,1.2 6MT XE,1413000,Бензин,115,Механическая,Передний,Внедорожник
q96758261e,Smart ForFour,2014,1.0 5MT,890000,Бензин,71,Механическая,Задний,Хэтчбек
r15504196O,Smart Coupe,,,,,,,,
s-9164758n,Renault Kaptur,2020,1.6 5MT Life,1140000,Бензин,114,Механическая,Передний,Внедорожник
R16339581p,Hyundai Solaris,2020,1.4 6MT Active,780000,Бензин,100,Механическая,Передний,Седан
Z92202314D,volkswagen Polo VI,,,,,,,,
A10851146v,volkswagen Polo,2020,1.6 5MT Origin,877900,Бензин,90,Механическая,Передний,Лифтбэк
Z49218892E,volkswagen Polo VI,,,,,,,,
Y10613935s,Skoda Rapid,2019,1.6 5MT Entry,847000,Бензин,90,Механическая,Передний,Хэтчбек
C-6633868m,Skoda Rapid,2019,1.6 5MT Entry,847000,Бензин,90,Механическая,Передний,Хэтчбек
R12442788C,Nissan Qashqai,2017,1.2 6MT XE,1413000,Бензин,115,Механическая,Передний,Внедорожник
N-2189109n,Renault Kaptur,2020,1.6 5MT Life,1140000,Бензин,114,Механическая,Передний,Внедорожник
x-1111076W,volkswagen Polo VI,,,,,,,,
e23025129X,Nissan Qashqai,2017,1.2 6MT XE,1413000,Бензин,115,Механическая,Передний,Внедорожник
I-1847374X,volkswagen Polo VI,,,,,,,,
k15171262X,Smart ForFour,2014,1.0 5MT,890000,Бензин,71,Механическая,Задний,Хэтчбек
d-2112406w,Renault Kaptur,2020,1.6 5MT Life,1140000,Бензин,114,Механическая,Передний,Внедорожник
x-1408552U,volkswagen Polo VI,,,,,,,,
Z34332118r,Smart Coupe,,,,,,,,
h-2930740k,Audi A4,2015,35 1.4 7AMT,2125000,Бензин,150,Робот с одним сцеплением,Передний,Седан
V-9728915a,volkswagen Polo VI,,,,,,,,
M17938835z,Skoda Rapid,2019,1.6 5MT Entry,847000,Бензин,90,Механическая,Передний,Хэтчбек
d42149834P,Nissan Qashqai,2017,1.2 6MT XE,1413000,Бензин,115,Механическая,Передний,Внедорожник
y37826050q,Smart ForFour,2014,1.0 5MT,890000,Бензин,71,Механическая,Задний,Хэтчбек
j-1349295E,Renault Kaptur,2020,1.6 5MT Life,1140000,Бензин,114,Механическая,Передний,Внедорожник
I47319182n,Kia Rio X-line,2020,1.4 6MT Comfort,944900,Бензин,100,Механическая,Передний,Хэтчбек
f-1300760u,Kia Sportage,2018,2.0 6МТ Classic,1544900,Бензин,150,Механическая,Передний,Внедорожник
v14623001k,Smart Coupe,,,,,,,,
f-1863210S,Hyundai Solaris,2020,1.4 6MT Active,780000,Бензин,100,Механическая,Передний,Седан
t94682640x,Kia Rio X,2020,1.4 6MT Comfort,944900,Бензин,100,Механическая,Передний,Хэтчбек
L-6391483w,Skoda Rapid,2019,1.6 5MT Entry,847000,Бензин,90,Механическая,Передний,Хэтчбек
s18030533g,volkswagen Polo VI,,,,,,,,
I-3655411V,volkswagen Polo VI,,,,,,,,
Q-3432704o,volkswagen Tiguan,2020,1.4 6MT Respect,1749900,Бензин,125,Механическая,Передний,Внедорожник
d-3700930e,Kia Rio,2020,1.4 6MT Comfort,944900,Бензин,100,Механическая,Передний,Хэтчбек
R-1779027F,Renault Kaptur,2020,1.6 5MT Life,1140000,Бензин,114,Механическая,Передний,Внедорожник
K-2177169P,Smart Coupe,,,,,,,,
B-1448242P,volkswagen Tiguan,2020,1.4 6MT Respect,1749900,Бензин,125,Механическая,Передний,Внедорожник
V-1493273B,Renault Sandero,2018,1.6 5MT Access,697000,Бензин,82,Механическая,Передний,Хэтчбек
Z-2128377r,Kia Rio X-line,2020,1.4 6MT Comfort,944900,Бензин,100,Механическая,Передний,Хэтчбек
j-1994836d,Kia Rio X,2020,1.4 6MT Comfort,944900,Бензин,100,Механическая,Передний,Хэтчбек
I-2255959U,volkswagen Polo,2020,1.6 5MT Origin,877900,Бензин,90,Механическая,Передний,Лифтбэк
P-2041199z,volkswagen Polo,2020,1.6 5MT Origin,877900,Бензин,90,Механическая,Передний,Лифтбэк
R15066591E,Renault Kaptur,2020,1.6 5MT Life,1140000,Бензин,114,Механическая,Передний,Внедорожник
G10820921U,Renault Sandero,2018,1.6 5MT Access,697000,Бензин,82,Механическая,Передний,Хэтчбек
B-1357696S,Kia Rio X,2020,1.4 6MT Comfort,944900,Бензин,100,Механическая,Передний,Хэтчбек
h16279695K,Smart Coupe,,,,,,,,
R16902447f,Mini Cooper,2014,2.0 6AT,1950000,Бензин,231,Классический автомат,Передний,Хэтчбек
S-6684161s,Hyundai Solaris,2020,1.4 6MT Active,780000,Бензин,100,Механическая,Передний,Седан
h17861805G,Kia Rio X,2020,1.4 6MT Comfort,944900,Бензин,100,Механическая,Передний,Хэтчбек
S54723559F,Hyundai Solaris,2020,1.4 6MT Active,780000,Бензин,100,Механическая,Передний,Седан
C-1103176C,Smart Coupe,,,,,,,,
z41508842z,Skoda Rapid,2019,1.6 5MT Entry,847000,Бензин,90,Механическая,Передний,Хэтчбек
d16699323u,Kia Rio X,2020,1.4 6MT Comfort,944900,Бензин,100,Механическая,Передний,Хэтчбек
C17311656B,Kia Sportage,2018,2.0 6МТ Classic,1544900,Бензин,150,Механическая,Передний,Внедорожник
B37768184I,Audi A3,2016,35 1.4 7AMТ Premium,1645000,Бензин,150,Робот с одним сцеплением,Передний,Седан
f21340662W,Renault Kaptur,2020,1.6 5MT Life,1140000,Бензин,114,Механическая,Передний,Внедорожник
z56003561k,Smart Coupe,,,,,,,,
F68295874Z,Renault Kaptur,2020,1.6 5MT Life,1140000,Бензин,114,Механическая,Передний,Внедорожник
Q19307898c,Kia Rio X,2020,1.4 6MT Comfort,944900,Бензин,100,Механическая,Передний,Хэтчбек
D-1319701n,Smart ForFour,2014,1.0 5MT,890000,Бензин,71,Механическая,Задний,Хэтчбек
y-6093462X,volkswagen Polo,2020,1.6 5MT Origin,877900,Бензин,90,Механическая,Передний,Лифтбэк
q20118649S,Kia Rio X,2020,1.4 6MT Comfort,944900,Бензин,100,Механическая,Передний,Хэтчбек
Q10035994a,Smart Coupe,,,,,,,,
L-4452446Z,Renault Sandero,2018,1.6 5MT Access,697000,Бензин,82,Механическая,Передний,Хэтчбек
M-3227100t,volkswagen Polo,2020,1.6 5MT Origin,877900,Бензин,90,Механическая,Передний,Лифтбэк
B88120693S,Renault Sandero,2018,1.6 5MT Access,697000,Бензин,82,Механическая,Передний,Хэтчбек
m16516804p,Kia Rio X-line,2020,1.4 6MT Comfort,944900,Бензин,100,Механическая,Передний,Хэтчбек
P19653432E,Hyundai Solaris,2020,1.4 6MT Active,780000,Бензин,100,Механическая,Передний,Седан
x-1749702B,volkswagen Polo,2020,1.6 5MT Origin,877900,Бензин,90,Механическая,Передний,Лифтбэк
x13220328w,Renault Sandero,2018,1.6 5MT Access,697000,Бензин,82,Механическая,Передний,Хэтчбек
h17414658v,Smart ForFour,2014,1.0 5MT,890000,Бензин,71,Механическая,Задний,Хэтчбек
G-4985978n,Renault Kaptur,2020,1.6 5MT Life,1140000,Бензин,114,Механическая,Передний,Внедорожник
b-7040874b,Renault Sandero,2018,1.6 5MT Access,697000,Бензин,82,Механическая,Передний,Хэтчбек
x58863702m,Kia Rio X-line,2020,1.4 6MT Comfort,944900,Бензин,100,Механическая,Передний,Хэтчбек
x84930337h,Kia Rio X-line,2020,1.4 6MT Comfort,944900,Бензин,100,Механическая,Передний,Хэтчбек
d18957206x,Renault Kaptur,2020,1.6 5MT Life,1140000,Бензин,114,Механическая,Передний,Внедорожник
N-1745703G,Smart Coupe,,,,,,,,
u24432042k,Kia Rio X-line,2020,1.4 6MT Comfort,944900,Бензин,100,Механическая,Передний,Хэтчбек
z30508487R,Renault Sandero,2018,1.6 5MT Access,697000,Бензин,82,Механическая,Передний,Хэтчбек
r16294059S,volkswagen Tiguan,2020,1.4 6MT Respect,1749900,Бензин,125,Механическая,Передний,Внедорожник
H-2108091L,Hyundai Solaris,2020,1.4 6MT Active,780000,Бензин,100,Механическая,Передний,Седан
T-1861418l,Kia Rio X,2020,1.4 6MT Comfort,944900,Бензин,100,Механическая,Передний,Хэтчбек
Y-2287594M,MINI CooperSE,2014,2.0 6AT,1950000,Бензин,231,Классический автомат,Передний,Хэтчбек
S-2262856H,Hyundai Solaris,2020,1.4 6MT Active,780000,Бензин,100,Механическая,Передний,Седан
n14735502c,volkswagen Polo VI,,,,,,,,
S42953963r,Nissan Qashqai,2017,1.2 6MT XE,1413000,Бензин,115,Механическая,Передний,Внедорожник
T81007701m,Audi A3,2016,35 1.4 7AMТ Premium,1645000,Бензин,150,Робот с одним сцеплением,Передний,Седан
c15981745N,Kia Rio X-line,2020,1.4 6MT Comfort,944900,Бензин,100,Механическая,Передний,Хэтчбек
x17396712H,Renault Sandero,2018,1.6 5MT Access,697000,Бензин,82,Механическая,Передний,Хэтчбек
i28678068z,Skoda Rapid,2019,1.6 5MT Entry,847000,Бензин,90,Механическая,Передний,Хэтчбек
h19917788i,Kia Rio X-line,2020,1.4 6MT Comfort,944900,Бензин,100,Механическая,Передний,Хэтчбек
h19371905Z,Renault Sandero,2018,1.6 5MT Access,697000,Бензин,82,Механическая,Передний,Хэтчбек
k46522161e,Smart ForTwo,2014,1.0 5MT,890000,Бензин,71,Механическая,Задний,Хэтчбек
K-5008643Z,volkswagen Polo,2020,1.6 5MT Origin,877900,Бензин,90,Механическая,Передний,Лифтбэк
t10067949t,Hyundai Solaris,2020,1.4 6MT Active,780000,Бензин,100,Механическая,Передний,Седан
i-6289789v,volkswagen Polo,2020,1.6 5MT Origin,877900,Бензин,90,Механическая,Передний,Лифтбэк
s10053140L,Renault Sandero,2018,1.6 5MT Access,697000,Бензин,82,Механическая,Передний,Хэтчбек
C50021983M,Kia Rio X,2020,1.4 6MT Comfort,944900,Бензин,100,Механическая,Передний,Хэтчбек
b-1088056N,volkswagen Polo,2020,1.6 5MT Origin,877900,Бензин,90,Механическая,Передний,Лифтбэк
B18251939Y,Nissan Qashqai,2017,1.2 6MT XE,1413000,Бензин,115,Механическая,Передний,Внедорожник
j-1094740D,Kia Rio X,2020,1.4 6MT Comfort,944900,Бензин,100,Механическая,Передний,Хэтчбек
s-4883893Q,Hyundai Solaris,2020,1.4 6MT Active,780000,Бензин,100,Механическая,Передний,Седан
h22481365A,Renault Sandero,2018,1.6 5MT Access,697000,Бензин,82,Механическая,Передний,Хэтчбек
J87382695C,volkswagen Polo,2020,1.6 5MT Origin,877900,Бензин,90,Механическая,Передний,Лифтбэк
Y-2069784y,Hyundai Solaris,2020,1.4 6MT Active,780000,Бензин,100,Механическая,Передний,Седан
V-2074579X,Renault Sandero,2018,1.6 5MT Access,697000,Бензин,82,Механическая,Передний,Хэтчбек
L10577542G,Smart ForTwo,2014,1.0 5MT,890000,Бензин,71,Механическая,Задний,Хэтчбек
Q75686415a,Renault Sandero,2018,1.6 5MT Access,697000,Бензин,82,Механическая,Передний,Хэтчбек
o-2139524M,volkswagen Tiguan,2020,1.4 6MT Respect,1749900,Бензин,125,Механическая,Передний,Внедорожник
S17148502m,volkswagen Polo,2020,1.6 5MT Origin,877900,Бензин,90,Механическая,Передний,Лифтбэк
G-1837212q,Kia Sportage,2018,2.0 6МТ Classic,1544900,Бензин,150,Механическая,Передний,Внедорожник
s-6339166E,Smart ForFour,2014,1.0 5MT,890000,Бензин,71,Механическая,Задний,Хэтчбек
S21611713i,BMW 320i,,,,,,,,
E-5860609f,Hyundai Solaris,2020,1.4 6MT Active,780000,Бензин,100,Механическая,Передний,Седан
x90842212V,Smart Coupe,,,,,,,,
T-7684106s,Renault Kaptur,2020,1.6 5MT Life,1140000,Бензин,114,Механическая,Передний,Внедорожник
N87823081W,Hyundai Solaris,2020,1.4 6MT Active,780000,Бензин,100,Механическая,Передний,Седан
T-1994249o,Skoda Rapid,2019,1.6 5MT Entry,847000,Бензин,90,Механическая,Передний,Хэтчбек
P-5707632N,Kia Rio,2020,1.4 6MT Comfort,944900,Бензин,100,Механическая,Передний,Хэтчбек
U38182084N,Renault Kaptur,2020,1.6 5MT Life,1140000,Бензин,114,Механическая,Передний,Внедорожник
Z-7742856C,volkswagen Polo,2020,1.6 5MT Origin,877900,Бензин,90,Механическая,Передний,Лифтбэк
P-3929445q,Smart Coupe,,,,,,,,
L10623696e,volkswagen Tiguan,2020,1.4 6MT Respect,1749900,Бензин,125,Механическая,Передний,Внедорожник
v-1313221G,Renault Sandero,2018,1.6 5MT Access,697000,Бензин,82,Механическая,Передний,Хэтчбек
Q19968160Q,Nissan Qashqai,2017,1.2 6MT XE,1413000,Бензин,115,Механическая,Передний,Внедорожник
o-4622211t,Nissan Qashqai,2017,1.2 6MT XE,1413000,Бензин,115,Механическая,Передний,Внедорожник
d87894116z,Renault Sandero,2018,1.6 5MT Access,697000,Бензин,82,Механическая,Передний,Хэтчбек
I-2247201A,Mercedes-Benz GLC,2019,2.0 9AT Premium,4690000,Бензин,197,Классический автомат,Полный,Внедорожник
k-1506855X,Skoda Rapid,2019,1.6 5MT Entry,847000,Бензин,90,Механическая,Передний,Хэтчбек
s33252064R,Nissan Qashqai,2017,1.2 6MT XE,1413000,Бензин,115,Механическая,Передний,Внедорожник
T20409757P,Renault Kaptur,2020,1.6 5MT Life,1140000,Бензин,114,Механическая,Передний,Внедорожник
l-6722826Q,Kia Rio X-line,2020,1.4 6MT Comfort,944900,Бензин,100,Механическая,Передний,Хэтчбек
k-1717815X,Hyundai Solaris,2020,1.4 6MT Active,780000,Бензин,100,Механическая,Передний,Седан
L18104947J,Kia Sportage,2018,2.0 6МТ Classic,1544900,Бензин,150,Механическая,Передний,Внедорожник
T18811034j,Skoda Rapid,2019,1.6 5MT Entry,847000,Бензин,90,Механическая,Передний,Хэтчбек
V-2090794j,Nissan Qashqai,2017,1.2 6MT XE,1413000,Бензин,115,Механическая,Передний,Внедорожник
C-9746243l,Renault Kaptur,2020,1.6 5MT Life,1140000,Бензин,114,Механическая,Передний,Внедорожник
X60884870R,Nissan Qashqai,2017,1.2 6MT XE,1413000,Бензин,115,Механическая,Передний,Внедорожник
Y-1109697o,Hyundai Solaris,2020,1.4 6MT Active,780000,Бензин,100,Механическая,Передний,Седан
D15509184U,Kia Rio,2020,1.4 6MT Comfort,944900,Бензин,100,Механическая,Передний,Хэтчбек
N-1526726d,Smart ForFour,2014,1.0 5MT,890000,Бензин,71,Механическая,Задний,Хэтчбек
D-6635489N,Renault Sandero,2018,1.6 5MT Access,697000,Бензин,82,Механическая,Передний,Хэтчбек
P91939666m,Nissan Qashqai,2017,1.2 6MT XE,1413000,Бензин,115,Механическая,Передний,Внедорожник
D-4712260c,Smart ForFour,2014,1.0 5MT,890000,Бензин,71,Механическая,Задний,Хэтчбек
Y-1242554C,volkswagen Tiguan,2020,1.4 6MT Respect,1749900,Бензин,125,Механическая,Передний,Внедорожник
i-1887608M,Smart ForFour,2014,1.0 5MT,890000,Бензин,71,Механическая,Задний,Хэтчбек
x-8099343c,Renault Sandero,2018,1.6 5MT Access,697000,Бензин,82,Механическая,Передний,Хэтчбек
t-4297703Z,Renault Kaptur,2020,1.6 5MT Life,1140000,Бензин,114,Механическая,Передний,Внедорожник
r-2233973m,Renault Sandero,2018,1.6 5MT Access,697000,Бензин,82,Механическая,Передний,Хэтчбек
M13526722v,BMW 320i,,,,,,,,
F15798669C,volkswagen Tiguan,2020,1.4 6MT Respect,1749900,Бензин,125,Механическая,Передний,Внедорожник
A18300888c,Smart ForFour,2014,1.0 5MT,890000,Бензин,71,Механическая,Задний,Хэтчбек
Y-5441952b,Smart Coupe,,,,,,,,
W-9551883X,Kia Sportage,2018,2.0 6МТ Classic,1544900,Бензин,150,Механическая,Передний,Внедорожник
w-1026142O,Kia Sportage,2018,2.0 6МТ Classic,1544900,Бензин,150,Механическая,Передний,Внедорожник
A-1162143G,volkswagen Polo,2020,1.6 5MT Origin,877900,Бензин,90,Механическая,Передний,Лифтбэк
k-2104004I,volkswagen Tiguan,2020,1.4 6MT Respect,1749900,Бензин,125,Механическая,Передний,Внедорожник
g27722633v,volkswagen Polo,2020,1.6 5MT Origin,877900,Бензин,90,Механическая,Передний,Лифтбэк
Y-5494208v,Kia Sportage,2018,2.0 6МТ Classic,1544900,Бензин,150,Механическая,Передний,Внедорожник
R-9466744L,Kia Rio,2020,1.4 6MT Comfort,944900,Бензин,100,Механическая,Передний,Хэтчбек
y-1764725I,volkswagen Polo,2020,1.6 5MT Origin,877900,Бензин,90,Механическая,Передний,Лифтбэк
x11273898z,Smart ForTwo,2014,1.0 5MT,890000,Бензин,71,Механическая,Задний,Хэтчбек
K18176647E,Mercedes-Benz E200,,,,,,,,
q-8257935P,Smart Coupe,,,,,,,,
M16685844b,Renault Kaptur,2020,1.6 5MT Life,1140000,Бензин,114,Механическая,Передний,Внедорожник
W-4238283Z,volkswagen Tiguan,2020,1.4 6MT Respect,1749900,Бензин,125,Механическая,Передний,Внедорожник
a17222056W,volkswagen Polo VI,,,,,,,,
d-2262674v,volkswagen Tiguan,2020,1.4 6MT Respect,1749900,Бензин,125,Механическая,Передний,Внедорожник
B-6462073D,Smart ForTwo,2014,1.0 5MT,890000,Бензин,71,Механическая,Задний,Хэтчбек
e19946044s,volkswagen Polo VI,,,,,,,,
j22108372p,Renault Sandero,2018,1.6 5MT Access,697000,Бензин,82,Механическая,Передний,Хэтчбек
R10132699W,Smart ForTwo,2014,1.0 5MT,890000,Бензин,71,Механическая,Задний,Хэтчбек
I-2007840g,Hyundai Solaris,2020,1.4 6MT Active,780000,Бензин,100,Механическая,Передний,Седан
f-1883871J,volkswagen Polo,2020,1.6 5MT Origin,877900,Бензин,90,Механическая,Передний,Лифтбэк
s27214304y,Renault Kaptur,2020,1.6 5MT Life,1140000,Бензин,114,Механическая,Передний,Внедорожник
O17925622P,Smart ForFour,2014,1.0 5MT,890000,Бензин,71,Механическая,Задний,Хэтчбек
p-1396299V,Smart Coupe,,,,,,,,
d-2149365f,Kia Sportage,2018,2.0 6МТ Classic,1544900,Бензин,150,Механическая,Передний,Внедорожник
m-2086369j,Hyundai Solaris,2020,1.4 6MT Active,780000,Бензин,100,Механическая,Передний,Седан
p-2247293h,Skoda Rapid,2019,1.6 5MT Entry,847000,Бензин,90,Механическая,Передний,Хэтчбек
L17444500d,Renault Kaptur,2020,1.6 5MT Life,1140000,Бензин,114,Механическая,Передний,Внедорожник
w-3453520x,Kia Rio X-line,2020,1.4 6MT Comfort,944900,Бензин,100,Механическая,Передний,Хэтчбек
B-1894922s,Kia Rio,2020,1.4 6MT Comfort,944900,Бензин,100,Механическая,Передний,Хэтчбек
q-6906576V,Kia Rio X,2020,1.4 6MT Comfort,944900,Бензин,100,Механическая,Передний,Хэтчбек
N21592745W,Kia Sportage,2018,2.0 6МТ Classic,1544900,Бензин,150,Механическая,Передний,Внедорожник
U22966546t,Renault Kaptur,2020,1.6 5MT Life,1140000,Бензин,114,Механическая,Передний,Внедорожник
Y97882055f,Smart ForFour,2014,1.0 5MT,890000,Бензин,71,Механическая,Задний,Хэтчбек
P65208168w,volkswagen Polo VI,,,,,,,,
O-1977280N,Skoda Rapid,2019,1.6 5MT Entry,847000,Бензин,90,Механическая,Передний,Хэтчбек
J-5858573C,Kia Sportage,2018,2.0 6МТ Classic,1544900,Бензин,150,Механическая,Передний,Внедорожник
b-1600009O,Kia Rio X,2020,1.4 6MT Comfort,944900,Бензин,100,Механическая,Передний,Хэтчбек
k16185001q,volkswagen Polo VI,,,,,,,,
J-1502453c,volkswagen Tiguan,2020,1.4 6MT Respect,1749900,Бензин,125,Механическая,Передний,Внедорожник
h-1184928f,Skoda Rapid,2019,1.6 5MT Entry,847000,Бензин,90,Механическая,Передний,Хэтчбек
w20807148p,Renault Kaptur,2020,1.6 5MT Life,1140000,Бензин,114,Механическая,Передний,Внедорожник
H-2882173Z,Nissan Qashqai,2017,1.2 6MT XE,1413000,Бензин,115,Механическая,Передний,Внедорожник
w33168720l,volkswagen Tiguan,2020,1.4 6MT Respect,1749900,Бензин,125,Механическая,Передний,Внедорожник
Z11132495X,Nissan Qashqai,2017,1.2 6MT XE,1413000,Бензин,115,Механическая,Передний,Внедорожник
W15477386C,Mercedes-Benz E200,,,,,,,,
o53903819E,Kia Sportage,2018,2.0 6МТ Classic,1544900,Бензин,150,Механическая,Передний,Внедорожник
E-1275783r,Skoda Rapid,2019,1.6 5MT Entry,847000,Бензин,90,Механическая,Передний,Хэтчбек
b12599240M,Smart ForFour,2014,1.0 5MT,890000,Бензин,71,Механическая,Задний,Хэтчбек
D44517833b,Kia Rio X,2020,1.4 6MT Comfort,944900,Бензин,100,Механическая,Передний,Хэтчбек
j-1377590c,volkswagen Tiguan,2020,1.4 6MT Respect,1749900,Бензин,125,Механическая,Передний,Внедорожник
r-1930669O,Renault Sandero,2018,1.6 5MT Access,697000,Бензин,82,Механическая,Передний,Хэтчбек
N-9452332x,Nissan Qashqai,2017,1.2 6MT XE,1413000,Бензин,115,Механическая,Передний,Внедорожник
P-7667678B,Kia Rio X,2020,1.4 6MT Comfort,944900,Бензин,100,Механическая,Передний,Хэтчбек
n13224202u,Renault Sandero,2018,1.6 5MT Access,697000,Бензин,82,Механическая,Передний,Хэтчбек
B20262533I,Skoda Rapid,2019,1.6 5MT Entry,847000,Бензин,90,Механическая,Передний,Хэтчбек
I13894787U,Skoda Rapid,2019,1.6 5MT Entry,847000,Бензин,90,Механическая,Передний,Хэтчбек
A65205208z,Smart ForFour,2014,1.0 5MT,890000,Бензин,71,Механическая,Задний,Хэтчбек
x20603919o,Hyundai Solaris,2020,1.4 6MT Active,780000,Бензин,100,Механическая,Передний,Седан
z10457360K,Smart ForTwo,2014,1.0 5MT,890000,Бензин,71,Механическая,Задний,Хэтчбек
M-1712519K,Hyundai Solaris,2020,1.4 6MT Active,780000,Бензин,100,Механическая,Передний,Седан
b-1681467p,Kia Sportage,2018,2.0 6МТ Classic,1544900,Бензин,150,Механическая,Передний,Внедорожник
h10860992T,Smart Coupe,,,,,,,,
c-1729585F,Smart Coupe,,,,,,,,
O-7780124Q,Skoda Rapid,2019,1.6 5MT Entry,847000,Бензин,90,Механическая,Передний,Хэтчбек
N18717997l,Kia Rio X-line,2020,1.4 6MT Comfort,944900,Бензин,100,Механическая,Передний,Хэтчбек
M-2028642u,Kia Rio X,2020,1.4 6MT Comfort,944900,Бензин,100,Механическая,Передний,Хэтчбек
L96875350x,Nissan Qashqai,2017,1.2 6MT XE,1413000,Бензин,115,Механическая,Передний,Внедорожник
s-9180453P,Skoda Rapid,2019,1.6 5MT Entry,847000,Бензин,90,Механическая,Передний,Хэтчбек
T17061100n,Kia Sportage,2018,2.0 6МТ Classic,1544900,Бензин,150,Механическая,Передний,Внедорожник
Q-1640989g,Smart ForFour,2014,1.0 5MT,890000,Бензин,71,Механическая,Задний,Хэтчбек
K-1544774T,Kia Rio,2020,1.4 6MT Comfort,944900,Бензин,100,Механическая,Передний,Хэтчбек
G-1577332Q,volkswagen Polo,2020,1.6 5MT Origin,877900,Бензин,90,Механическая,Передний,Лифтбэк
V16180698h,Kia Rio X,2020,1.4 6MT Comfort,944900,Бензин,100,Механическая,Передний,Хэтчбек
O18445397U,Smart Coupe,,,,,,,,
U-3643164N,Kia Rio,2020,1.4 6MT Comfort,944900,Бензин,100,Механическая,Передний,Хэтчбек
G-6618695l,Kia Rio,2020,1.4 6MT Comfort,944900,Бензин,100,Механическая,Передний,Хэтчбек
S20524077t,Hyundai Solaris,2020,1.4 6MT Active,780000,Бензин,100,Механическая,Передний,Седан
B16670617R,BMW 320i,,,,,,,,
X16721605D,Smart ForTwo,2014,1.0 5MT,890000,Бензин,71,Механическая,Задний,Хэтчбек
f-1996175H,Renault Sandero,2018,1.6 5MT Access,697000,Бензин,82,Механическая,Передний,Хэтчбек
A-5101478b,Mercedes-Benz E200,,,,,,,,
k-1735337t,volkswagen Polo VI,,,,,,,,
I69261244y,Nissan Qashqai,2017,1.2 6MT XE,1413000,Бензин,115,Механическая,Передний,Внедорожник
p18227676S,Smart ForTwo,2014,1.0 5MT,890000,Бензин,71,Механическая,Задний,Хэтчбек
B-2051518V,Mini Cooper,2014,2.0 6AT,1950000,Бензин,231,Классический автомат,Передний,Хэтчбек
k17020328W,Smart ForTwo,2014,1.0 5MT,890000,Бензин,71,Механическая,Задний,Хэтчбек
N-9313658v,Smart ForTwo,2014,1.0 5MT,890000,Бензин,71,Механическая,Задний,Хэтчбек
h-3056262u,Kia Sportage,2018,2.0 6МТ Classic,1544900,Бензин,150,Механическая,Передний,Внедорожник
K-1866847F,Renault Kaptur,2020,1.6 5MT Life,1140000,Бензин,114,Механическая,Передний,Внедорожник
u-2156978e,Nissan Qashqai,2017,1.2 6MT XE,1413000,Бензин,115,Механическая,Передний,Внедорожник
C-3016941F,Skoda Rapid,2019,1.6 5MT Entry,847000,Бензин,90,Механическая,Передний,Хэтчбек
c33903073Q,Skoda Rapid,2019,1.6 5MT Entry,847000,Бензин,90,Механическая,Передний,Хэтчбек
Q-1582698g,Smart ForTwo,2014,1.0 5MT,890000,Бензин,71,Механическая,Задний,Хэтчбек
K-1010636S,Smart ForFour,2014,1.0 5MT,890000,Бензин,71,Механическая,Задний,Хэтчбек
N70600170h,Hyundai Solaris,2020,1.4 6MT Active,780000,Бензин,100,Механическая,Передний,Седан
c-3410027y,Renault Sandero,2018,1.6 5MT Access,697000,Бензин,82,Механическая,Передний,Хэтчбек
m-8902512v,volkswagen Tiguan,2020,1.4 6MT Respect,1749900,Бензин,125,Механическая,Передний,Внедорожник
t24316205h,volkswagen Polo,2020,1.6 5MT Origin,877900,Бензин,90,Механическая,Передний,Лифтбэк
z41744928r,Renault Kaptur,2020,1.6 5MT Life,1140000,Бензин,114,Механическая,Передний,Внедорожник
n47427969O,Smart ForTwo,2014,1.0 5MT,890000,Бензин,71,Механическая,Задний,Хэтчбек
F14857178F,Smart ForTwo,2014,1.0 5MT,890000,Бензин,71,Механическая,Задний,Хэтчбек
x18607097I,Smart Coupe,,,,,,,,
q-1778461b,Smart ForTwo,2014,1.0 5MT,890000,Бензин,71,Механическая,Задний,Хэтчбек
z30179504O,volkswagen Tiguan,2020,1.4 6MT Respect,1749900,Бензин,125,Механическая,Передний,Внедорожник
k-7078453O,Renault Kaptur,2020,1.6 5MT Life,1140000,Бензин,114,Механическая,Передний,Внедорожник
n21726530a,Skoda Rapid,2019,1.6 5MT Entry,847000,Бензин,90,Механическая,Передний,Хэтчбек
N-1839822D,Kia Rio X-line,2020,1.4 6MT Comfort,944900,Бензин,100,Механическая,Передний,Хэтчбек
b-1553102t,Renault Kaptur,2020,1.6 5MT Life,1140000,Бензин,114,Механическая,Передний,Внедорожник
e-1590992X,Kia Rio X,2020,1.4 6MT Comfort,944900,Бензин,100,Механическая,Передний,Хэтчбек
D11741561w,Smart ForFour,2014,1.0 5MT,890000,Бензин,71,Механическая,Задний,Хэтчбек
a-1830602c,Renault Kaptur,2020,1.6 5MT Life,1140000,Бензин,114,Механическая,Передний,Внедорожник
D-1231501x,volkswagen Polo,2020,1.6 5MT Origin,877900,Бензин,90,Механическая,Передний,Лифтбэк
C-1584260v,volkswagen Polo VI,,,,,,,,
p71461747A,volkswagen Polo VI,,,,,,,,
C-8802779C,Smart ForTwo,2014,1.0 5MT,890000,Бензин,71,Механическая,Задний,Хэтчбек
C14604474J,Smart ForTwo,2014,1.0 5MT,890000,Бензин,71,Механическая,Задний,Хэтчбек
s12923191N,Hyundai Solaris,2020,1.4 6MT Active,780000,Бензин,100,Механическая,Передний,Седан
X-6349190I,Kia Sportage,2018,2.0 6МТ Classic,1544900,Бензин,150,Механическая,Передний,Внедорожник
e40587429i,Skoda Rapid,2019,1.6 5MT Entry,847000,Бензин,90,Механическая,Передний,Хэтчбек
w-2010482q,volkswagen Tiguan,2020,1.4 6MT Respect,1749900,Бензин,125,Механическая,Передний,Внедорожник
e-1764646J,volkswagen Tiguan,2020,1.4 6MT Respect,1749900,Бензин,125,Механическая,Передний,Внедорожник
X-2098906t,Smart Coupe,,,,,,,,
X-1655758N,Nissan Qashqai,2017,1.2 6MT XE,1413000,Бензин,115,Механическая,Передний,Внедорожник
V14486337I,Renault Kaptur,2020,1.6 5MT Life,1140000,Бензин,114,Механическая,Передний,Внедорожник
V-1564308N,volkswagen Polo,2020,1.6 5MT Origin,877900,Бензин,90,Механическая,Передний,Лифтбэк
j51305093b,Kia Rio X-line,2020,1.4 6MT Comfort,944900,Бензин,100,Механическая,Передний,Хэтчбек
M-1781596c,Smart ForFour,2014,1.0 5MT,890000,Бензин,71,Механическая,Задний,Хэтчбек
S20112369s,Smart Coupe,,,,,,,,
B-3513567K,Mercedes-Benz E200,,,,,,,,
j21246192N,Smart ForFour,2014,1.0 5MT,890000,Бензин,71,Механическая,Задний,Хэтчбек
h-1554287F,Audi A4,2015,35 1.4 7AMT,2125000,Бензин,150,Робот с одним сцеплением,Передний,Седан
A15262612g,Kia Rio,2020,1.4 6MT Comfort,944900,Бензин,100,Механическая,Передний,Хэтчбек
W-2514493U,Renault Sandero,2018,1.6 5MT Access,697000,Бензин,82,Механическая,Передний,Хэтчбек
z-1337463D,volkswagen Polo,2020,1.6 5MT Origin,877900,Бензин,90,Механическая,Передний,Лифтбэк
