tree
version=v4
num_class=9
num_tree_per_iteration=9
label_index=0
max_feature_idx=15
objective=multiclass num_class:9
feature_names=model car_type fuel_type box min_rating mean_rating max_speed driver_rating_mean driver_accident_mean avg_destroy_degree total_work_duration speed_avg_mean speed_avg_std year price power
feature_infos=-1:16:5:19:23:7:15:9:14:22:17:24:8:20:18:6:11:13:1:2:10:0:3:12:4:21 -1:1:3:0:2 -1:1:0 -1:2:0:1:3 [0:1.5] [3.5298850574712648:5.7007471264367817] [91.423508122218294:209.98283950882248] [7.6959770114942527:9.2712643678160926] [6.1494252873563218:24.312000000000001] [1.9352941176470588:5.117647058823529] [649:1203] [42.4367816091954:53.132183908045967] [8.0573982360600009:17.234195865847134] [2014:2020] [697000:4690000] [71:231]
tree_sizes=854 754 457 849 649 850 849 745 750 969 866 869 861 859 860 971 969 968 967 759 868 967 861 861 859 971 964 963 866 870 970 863 857 963 969 986 950 550 663 855 756 750 958 649 754 857 553 663 753 757 853 863 656 758 850 561 561 855 755 758 752 741 757 757 553 666 849 961 753 862 761 962 855 661 558 862 764 758 748 760 859 852 554 667 749 758 760 753 764 750 753 554 664 858 764 759 864 748 858 852 665 666 859 757 861 649 549 862 677 554 561 860 762 861 764 552 859 864 759 670 651 857 862 755 554 863 853 668 670 753 764 659 870 557 882 881 551 671 762 760 861 652 655 856 765 655 669 863 863 763 860 771 989 760 665 673 763 762 654 766 550 860 756 558 673 651 775 874 554 654 860 651 667 679 857 769 769 765 869 885 654 665 571 880 784 653 767 659 756 967 664 571 858 785 770 660 668 858 780 668 682 660 872 658 769 664 651 854 667 684 864 776 660 658 664 787 863 678 570 768 790 771 878 668 763 986 677 574 658 771 666 772 874 763 763 672 574 765 663 776 772 880 864 762 773 576 659 874 661 772 673 760 885 673 574 558 791 563 775 669 862 863 777 575 790 778 672 666 558 868 666 681 577 766 779 559 769 666 861 768 672 579 865 791 773 577 672 767 554 785 576 558 784 663 562 676 760 867 568 579 760 775 781 556 779 864 763 675 580 990 781 671 670 670 872 759 677 580 655 779 670 779 676 862 870 568 579 862 783 664 780 680 761 764 679 580 869 778 774 781 672 762 974 681 582 659 778 673 882 676 870 863 573 583 659 783 672 670 678 772 869 791 472 770 680 682 582 882 765 557 577 471 662 786 674 788 682 767 767 577 360 660 787 783 779 784 869 871 683 359 662 783 568 792 781 871 872 575 360 871 783 675 566 567 871 977 466 468 965 787 675 790 580 970 765 466 466 872 677 783 792 677 869 768 574 465 664 787 685 884 793 767 769 464 359 771 786 569 692 570 874 876 580 575 667 890 790 792 789 771 771 569 468 770 791 678 796 685 874 765 355 359 973 789 794 801 680 870 877 465 469 872 790 577 795 793 774 774 572 359 881 795 790 680 683 877 559 466 359 564 793 680 575 462 670 670 357 358 670 791 576 683 792 874 561 357 358 982 901 579 685 679 773 881 358 223 669 795 573 682 788 874 767 357 358 776 799 687 794 468 776 876 356 223 875 792 466 901 679 880 767 359 223 771 792 680 588 465 884 985 468 223 882 682 578 813 470 886 984 469 358 977 684 572 799 578 772 769 358 358 778 688 471 798 578 883 672 465 223 666 907 578 905 467 879 771 357 223 776 686 577 682 469 875 777 463 223 980 685 582 595 467 668 669 357 223 982 573 583 580 470 884 778 358 223 669 688 465 575 468 674 882 464 223 881 576 580 470 472 673 777 358 223 666 575 585 466 466 885 888 359 223 881 574 470 579 472 886 781 356 223 881 577 470 580 467 881 885 359 223 988 685 469 579 468 786 675 223 223 989 693 472 470 357 883 778 358 223 670 596 469 468 358 780 674 358 357 880 689 470 583 472 779 672 358 223 783 579 468 469 357 779 887 356 223 991 598 467 468 355 883 784 223 223 678 582 362 486 358 670 776 223 223 786 578 357 471 358 568 782 358 223 886 579 471 473 356 892 567 359 223 677 581 470 470 361 888 784 360 223 883 689 359 470 359 890 786 357 223 882 582 359 358 358 895 895 223 223 680 586 361 360 357 895 677 223 223 888 470 360 360 360 781 778 223 223 780 582 361 358 361 900 889 359 223 785 583 359 359 359 890 894 361 223 680 583 357 360 223 573 783 357 223 888 470 359 361 360 789 680 223 223 887 471 361 359 361 898 896 223 223 575 472 358 360 360 780 892 223 223 999 473 360 358 223 785 785 223 223 572 472 360 360 360 679 897 223 223 681 360 360 470 359 896 789 223 223 895 473 360 360 359 790 681 223 223 891 361 363 359 223 787 681 223 223 679 362 362 361 223 900 900 223 223 893 471 359 361 223 895 790 223 223 679 362 223 360 223 680 790 223 223 796 360 359 360 223 902 790 223 223 574 476 359 467 361 575 793 223 223 895 471 472 360 223 896 898 223 223 898 362 361 360 223 1005 791 223 223 680 359 360 362 223 788 899 359 223 793 473 360 359 223 899 790 223 223 904 361 356 360 223 901

Tree=0
num_leaves=7
num_cat=0
split_feature=8 6 11 6 8 4
split_gain=308.749 584.358 402.914 34.0606 0.774741 1.42109e-14
threshold=13.224793388429754 176.78721580027999 46.074712643678168 166.75855747030897 9.8328682479569469 0.45500000000000007
decision_type=2 2 2 2 2 2
left_child=4 3 -3 -2 5 -1
right_child=1 2 -4 -5 -6 -7
leaf_value=-2.3716402072186367 -2.3483103488278037 -0.38823580643148414 -2.3434366455338282 -1.9519999518319335 -2.273599254695255 -2.3716402072186367
leaf_weight=116.20428511500359 41.729514390230179 22.578859061002735 8.6296162903308851 18.559585720300674 4.9649847149848929 8.2749745249748212
leaf_count=983 353 191 73 157 42 70
internal_value=-2.12599 -1.78377 -0.928878 -2.22631 -2.36788 -2.37164
internal_weight=0 91.4976 31.2085 60.2891 129.444 124.479
internal_count=1869 774 264 510 1095 1053
is_linear=0
shrinkage=1


Tree=1
num_leaves=6
num_cat=0
split_feature=5 8 8 4 8
split_gain=1626.91 1.59766 0.20684 2.27374e-13 5.68434e-14
threshold=4.9840229885057479 7.8304597701149428 6.9224137931034493 0.24500000000000002 7.0373563218390816
decision_type=2 2 2 2 2
left_child=2 3 -1 -2 -4
right_child=1 -3 4 -5 -6
leaf_value=-2.3508693704884687 -0.28591224095436041 -0.44465582028729411 -2.4024932987268213 -0.2859122409543593 -2.4024932987268213
leaf_weight=4.714595027267932 13.68382459133864 4.599604904651641 4.599604904651641 6.7844172343611708 180.53449250757694
leaf_count=41 119 40 40 59 1570
internal_value=-2.15788 -0.31504 -2.40121 -0.285912 -2.40249
internal_weight=0 25.0678 189.849 20.4682 185.134
internal_count=1869 218 1651 178 1610
is_linear=0
shrinkage=1


Tree=2
num_leaves=3
num_cat=0
split_feature=4 5
split_gain=1661.33 2.27374e-13
threshold=1.0000000180025095e-35 4.1418390804597713
decision_type=2 2
left_child=1 -1
right_child=-2 -3
leaf_value=-0.20796880351349323 -2.4819768231183259 -0.20796880351349234
leaf_weight=6.100680939853194 178.73924858868122 15.198187604546545
leaf_count=57 1670 142
internal_value=-2.23985 -0.207969
internal_weight=0 21.2989
internal_count=1869 199
is_linear=0
shrinkage=1


Tree=3
num_leaves=7
num_cat=0
split_feature=8 9 6 9 8 4
split_gain=297.632 495.525 130.429 58.6443 0.199064 1.42109e-14
threshold=12.700353825740825 3.0928571428571439 171.355343730649 3.4202941176470589 9.795977011494255 0.62500000000000011
decision_type=2 2 2 2 2 2
left_child=4 2 -2 -3 5 -1
right_child=1 3 -4 -5 -6 -7
leaf_value=-2.4024932987268213 -0.56371350478699522 -1.7996695797409936 -1.8537500615265534 -2.3145180469367679 -2.352098511637001 -2.4024932987268213
leaf_weight=115.33509298413992 18.398419618606571 18.168439373373985 6.2094666212797156 47.030960150063038 4.829585149884223 4.9445752725005141
leaf_count=1003 160 158 54 409 42 43
internal_value=-2.15788 -1.81982 -0.889237 -2.17105 -2.40055 -2.40249
internal_weight=0 89.8073 24.6079 65.1994 125.109 120.28
internal_count=1869 781 214 567 1088 1046
is_linear=0
shrinkage=1


Tree=4
num_leaves=5
num_cat=0
split_feature=8 11 8 5
split_gain=288.489 1295.28 8.33961 0.207204
threshold=11.773793520634497 47.152298850574716 14.978990990990992 4.4156034482758626
decision_type=2 2 2 2
left_child=-1 3 -3 -2
right_child=1 2 -4 -5
leaf_value=-2.4297795140274112 -2.3755499810689216 -0.64020492639725557 -0.27285345737336142 -2.4297795140274112
leaf_weight=121.29008399695158 4.4880697131156913 4.4880697131156948 19.859708480536938 59.579125441610813
leaf_count=1081 40 40 177 531
internal_value=-2.18605 -1.8517 -0.340568 -2.42598
internal_weight=0 88.415 24.3478 64.0672
internal_count=1869 788 217 571
is_linear=0
shrinkage=1


Tree=5
num_leaves=7
num_cat=0
split_feature=8 9 4 9 7 8
split_gain=414.204 458.521 245.363 31.8689 1.76668 0.195844
threshold=8.3178962844159319 3.3434873949579837 1.0000000180025095e-35 3.5260924369747904 8.2425287356321864 8.6340110291674979
decision_type=2 2 2 2 2 2
left_child=1 2 -1 -3 5 -2
right_child=4 3 -4 -5 -6 -7
leaf_value=-2.4069857988758203 -2.3575639364546896 -1.7952030473900042 -0.67504343958024537 -2.3522946937700842 -2.2551900785823475 -2.4069857988758208
leaf_weight=5.9554041028022793 4.924661085009574 7.5587821304798117 25.997629448771477 31.151344537734985 4.8101340830326071 133.65301130712032
leaf_count=52 43 66 227 272 42 1167
internal_value=-2.16252 -1.68024 -0.997843 -2.24351 -2.4002 -2.40523
internal_weight=0 70.6632 31.953 38.7101 143.388 138.578
internal_count=1869 617 279 338 1252 1210
is_linear=0
shrinkage=1


Tree=6
num_leaves=7
num_cat=0
split_feature=7 6 8 7 7 5
split_gain=564.556 802.766 25.9483 7.96615 5.43418 3.55271e-15
threshold=7.9189655172413795 160.0857470461371 8.7485632183908066 7.948563218390805 8.2310344827586217 4.5577873563218398
decision_type=2 2 2 2 2 2
left_child=1 5 -3 -2 -5 -1
right_child=3 2 -4 4 -6 -7
leaf_value=-2.3375940579352226 -2.0693047402700313 -0.94415341579818413 -0.34032913753879956 -2.3239037424107996 -2.0826240680973815 -2.3375940579352226
leaf_weight=17.913362681865696 8.1645938754081708 5.2399632334709194 21.569150984287262 160.00166803598404 5.7274016737937918 9.1394707560539228
leaf_count=147 67 43 177 1313 47 75
internal_value=-2.09074 -1.40222 -0.458349 -2.304 -2.31557 -2.33759
internal_weight=0 53.8619 26.8091 173.894 165.729 27.0528
internal_count=1869 442 220 1427 1360 222
is_linear=0
shrinkage=1


Tree=7
num_leaves=6
num_cat=0
split_feature=7 6 7 5 6
split_gain=656.95 823.967 12.629 6.11538 1.85996
threshold=7.9057471264367827 130.36460905358723 7.9347701149425296 4.6288505747126445 108.12817840425924
decision_type=2 2 2 2 2
left_child=1 3 -2 -1 -4
right_child=2 -3 4 -5 -6
leaf_value=-0.32695269517207515 -2.0165424462866106 -2.3544603965095177 -2.2296906918118289 -0.6310788503726914 -2.351400007526367
leaf_weight=21.247420147061352 7.2025153040885916 24.248468190431595 7.802724912762641 4.8016768693923941 159.05554629862309
leaf_count=177 60 202 65 40 1325
internal_value=-2.10821 -1.33345 -2.33209 -0.383013 -2.34571
internal_weight=0 50.2976 174.061 26.0491 166.858
internal_count=1869 419 1450 217 1390
is_linear=0
shrinkage=1


Tree=8
num_leaves=6
num_cat=0
split_feature=8 6 6 9 4
split_gain=175.877 1070.14 16.7516 7.83519 1.42109e-14
threshold=12.700353825740825 146.03623903419813 163.82677743995302 3.4202941176470589 0.44500000000000006
decision_type=2 2 2 2 2
left_child=4 3 -3 -2 -1
right_child=1 2 -4 -5 -6
leaf_value=-2.8831405000881261 -0.08153691934179097 -2.538781851006048 -2.847926779867584 0.41286371255461995 -2.8831405000881261
leaf_weight=75.024202704429626 2.9537087678909284 14.842386558651922 34.558392584323883 5.3166757822036743 5.3166757822036734
leaf_count=1016 40 201 468 72 72
internal_value=-2.65036 -2.32607 -2.75504 0.236292 -2.88314
internal_weight=0 57.6712 49.4008 8.27038 80.3409
internal_count=1869 781 669 112 1088
is_linear=0
shrinkage=1


Tree=9
num_leaves=8
num_cat=0
split_feature=8 6 5 6 4 5 7
split_gain=133.123 91.2979 70.6596 10.5918 0.00208791 0.00281065 1.04286e-05
threshold=11.13449302134647 171.76912829079157 4.4088218390804608 165.00187963228265 1.0000000180025095e-35 4.9840229885057479 7.9594827586206911
decision_type=2 2 2 2 2 2 2
left_child=4 3 -3 -2 6 -6 -1
right_child=1 2 -4 -5 5 -7 -8
leaf_value=-0.22987622046399159 -0.21568673366490715 -0.23635128282816639 0.45291270698350389 0.073475948692726223 -0.23457536802018827 -0.23066924399145766 -0.23043350194397938
leaf_weight=2.4825562015175811 25.102825183421373 10.364125583320854 58.76522072404623 10.703018512576817 51.970057420432568 13.812129803001879 10.008395332843063
leaf_count=40 340 126 228 101 666 213 155
internal_value=0 0.186191 0.349576 -0.129251 -0.233207 -0.233755 -0.230323
internal_weight=0 104.935 69.1293 35.8058 78.2731 65.7822 12.491
internal_count=1869 795 354 441 1074 879 195
is_linear=0
shrinkage=0.243386


Tree=10
num_leaves=7
num_cat=0
split_feature=5 9 6 4 6 7
split_gain=309.755 2.21203 0.895495 0.00265898 0.00306412 4.57709e-06
threshold=4.9479022988505763 3.347815126050421 118.7872557221723 1.0000000180025095e-35 146.03623903419813 7.9594827586206911
decision_type=2 2 2 2 2 2
left_child=3 -2 -3 5 -5 -1
right_child=1 2 -4 4 -6 -7
leaf_value=-0.22963194178483676 0.53663735739683904 0.43684197383056006 0.3593360689392846 -0.23108379015740257 -0.23435049498192267 -0.23000368970443466
leaf_weight=2.4416269995272151 11.666049890220163 37.989337034523487 11.504703707993029 21.288281615823507 84.612789615988731 9.9860301688313466
leaf_count=40 44 136 45 337 1108 159
internal_value=0 0.441298 0.418826 -0.233299 -0.233694 -0.229931
internal_weight=0 61.1601 49.494 118.329 105.901 12.4277
internal_count=1869 225 181 1644 1445 199
is_linear=0
shrinkage=0.243386


Tree=11
num_leaves=7
num_cat=0
split_feature=4 7 7 6 6 8
split_gain=259.593 0.050355 0.00474707 0.00402256 0.0016584 0.00165308
threshold=1.0000000180025095e-35 7.9594827586206911 8.0336206896551747 146.03623903419813 176.0659839416933 12.700353825740825
decision_type=2 2 2 2 2 2
left_child=1 -1 -3 5 -5 -2
right_child=3 2 -4 4 -6 -7
leaf_value=0.42597974277700407 -0.23034443669004664 0.40611540537866608 0.41165801978523098 -0.23419347388140693 -0.23192162302593747 -0.22546148817942399
leaf_weight=11.194863915443419 27.627117849886417 31.637280851602554 12.88002762198448 31.861261148005724 47.275485560297966 4.8240830376744261
leaf_count=40 441 113 46 426 691 112
internal_value=0 0.411388 0.407719 -0.231901 -0.232836 -0.229619
internal_weight=0 55.7122 44.5173 111.588 79.1367 32.4512
internal_count=1869 199 159 1670 1117 553
is_linear=0
shrinkage=0.243386


Tree=12
num_leaves=7
num_cat=0
split_feature=8 9 12 9 8 4
split_gain=147.996 81.4681 63.7934 6.78232 0.306446 0.00175248
threshold=12.700353825740825 3.4955882352941186 12.410366585951619 3.6782773109243698 9.8328682479569469 1.0000000180025095e-35
decision_type=2 2 2 2 2 2
left_child=4 2 -2 -3 5 -1
right_child=1 3 -4 -5 -6 -7
leaf_value=-0.22987144620703928 0.43481261355572637 0.048959752237289732 -0.25443813553752914 -0.22147071094950552 -0.1513431107107068 -0.23306902584304581
leaf_weight=12.135229479521511 64.866036005318165 7.6906210482120541 9.0662746354937536 19.230379477143288 2.8588463440537444 62.16233678534627
leaf_count=195 340 99 79 263 35 858
internal_value=0 0.218291 0.35029 -0.144216 -0.229538 -0.232547
internal_weight=0 100.853 73.9323 26.921 77.1564 74.2976
internal_count=1869 781 419 362 1088 1053
is_linear=0
shrinkage=0.243386


Tree=13
num_leaves=7
num_cat=0
split_feature=8 11 6 8 6 4
split_gain=112.989 179.261 0.852995 0.443112 0.0057829 0.00166251
threshold=13.224793388429754 46.39942528735633 182.3023245050646 11.13449302134647 146.03623903419813 1.0000000180025095e-35
decision_type=2 2 2 2 2 2
left_child=3 4 -3 5 -2 -1
right_child=1 2 -4 -5 -6 -7
leaf_value=-0.22948518072866803 -0.22604106566538204 0.447265436978868 0.37292319314118005 -0.13363062284765315 -0.23491884470446886 -0.23263306453091551
leaf_weight=11.828457698225973 4.9626095779240122 48.002173133194447 11.293490394949911 2.80805829912424 35.002442494034767 62.198744803667068
leaf_count=195 109 175 41 21 449 879
internal_value=0 0.164585 0.433106 -0.22853 -0.233816 -0.23213
internal_weight=0 99.2607 59.2957 76.8353 39.9651 74.0272
internal_count=1869 774 216 1095 558 1074
is_linear=0
shrinkage=0.243386


Tree=14
num_leaves=7
num_cat=0
split_feature=8 5 4 7 6 8
split_gain=169.34 140.368 97.8254 2.72391 1.14015 0.255729
threshold=8.3178962844159319 4.4729597701149437 1.0000000180025095e-35 8.2747126436781624 126.9727956640927 8.6340110291674979
decision_type=2 2 2 2 2 2
left_child=1 2 -1 5 -3 -2
right_child=3 4 -4 -5 -6 -7
leaf_value=-0.23224138277024015 -0.16609264361359746 -0.26146862214465577 0.56898305072129318 0.0026033113147518323 -0.1067369165430375 -0.23325181075760612
leaf_weight=10.815061703324316 3.4994708672165862 21.770045153796676 54.592669248580933 3.0732097625732413 3.2408982068300238 83.443963475525379
leaf_count=157 43 206 214 39 40 1170
internal_value=0 0.248981 0.436502 -0.222589 -0.241419 -0.230549
internal_weight=0 90.4187 65.4077 90.0166 25.0109 86.9434
internal_count=1869 617 371 1252 246 1213
is_linear=0
shrinkage=0.243386


Tree=15
num_leaves=8
num_cat=1
split_feature=7 6 1 6 8 7 7
split_gain=168.432 96.3724 7.26294 25.576 5.93632 2.22175 0.00188149
threshold=7.932471264367817 160.0857470461371 0 181.62473972714739 8.6340110291674979 7.948563218390805 7.8922413793103461
decision_type=2 2 1 2 2 2 2
left_child=1 6 3 -2 -3 -4 -1
right_child=2 4 5 -5 -6 -7 -8
leaf_value=-0.23268819455046491 -0.23633140937118582 0.22851420478874498 -0.03540177433256831 0.48570133060034137 0.4451734374659852 -0.23197595706124935 -0.23932899290724916
leaf_weight=14.270360697060825 6.8766596019268018 8.7091543823480588 3.5353118553757659 5.0330921784043312 53.569065034389496 93.046574208885431 3.0711812674999228
leaf_count=195 84 47 35 55 193 1224 36
internal_value=0 0.273577 -0.192552 0.0373993 0.414875 -0.203691 -0.233864
internal_weight=0 79.6198 108.492 11.9098 62.2782 96.5819 17.3415
internal_count=1869 471 1398 139 240 1259 231
cat_boundaries=0 1
cat_threshold=5
is_linear=0
shrinkage=0.243386


Tree=16
num_leaves=8
num_cat=0
split_feature=6 5 6 7 4 7 7
split_gain=225.802 97.2527 5.7372 0.0246921 0.00404871 0.0018469 5.59516e-05
threshold=130.36460905358723 4.7696264367816097 117.99437476732167 7.9698275862068977 1.0000000180025095e-35 7.9057471264367827 7.9594827586206911
decision_type=2 2 2 2 2 2 2
left_child=1 2 -1 -3 6 -6 -2
right_child=4 3 -4 -5 5 -7 -8
leaf_value=0.47486963878616628 -0.23194562682667966 -0.25483200335706507 0.29393630947444399 -0.23162952808689125 -0.23302967631811092 -0.23600237549852041 -0.23071532346263338
leaf_weight=51.643853481858969 2.7706391625106326 3.4947762228548518 12.993206575512884 12.207180768251417 14.729451924562452 77.625946145504713 10.442601412534712
leaf_count=198 40 38 96 179 199 960 159
internal_value=0 0.306515 0.438499 -0.236794 -0.234958 -0.235528 -0.230973
internal_weight=0 80.339 64.6371 15.702 105.569 92.3554 13.2132
internal_count=1869 511 294 217 1358 1159 199
is_linear=0
shrinkage=0.243386


Tree=17
num_leaves=8
num_cat=0
split_feature=8 6 6 5 4 5 7
split_gain=52.8731 50.9369 7.81502 3.2067 0.000420425 0.000549326 1.91063e-06
threshold=12.700353825740825 151.98308312868446 170.49706174590207 4.544712643678162 1.0000000180025095e-35 4.9840229885057479 7.9594827586206911
decision_type=2 2 2 2 2 2 2
left_child=4 3 -3 -2 6 -6 -1
right_child=1 2 -4 -5 5 -7 -8
leaf_value=-0.22425919098841607 0.21982952009879053 0.019002300814767909 -0.2123256415504482 0.3868984950193613 -0.22690590578986378 -0.22471768846476167 -0.22456272004045741
leaf_weight=1.5258123539388169 10.025089155882599 17.472411166876554 17.134759124368429 21.190527014434338 32.568070776760578 8.5877579934895021 6.3039900548756123
leaf_count=40 52 272 368 89 674 215 159
internal_value=0 0.107809 -0.0955332 0.333243 -0.226138 -0.226449 -0.224504
internal_weight=0 65.8228 34.6072 31.2156 48.9856 41.1558 7.8298
internal_count=1869 781 640 141 1088 889 199
is_linear=0
shrinkage=0.243386


Tree=18
num_leaves=8
num_cat=0
split_feature=8 5 6 6 8 7 4
split_gain=84.5099 53.1229 44.7248 10.5035 0.00150182 0.00395561 0.000901503
threshold=11.13449302134647 4.5368390804597709 165.00187963228265 177.01708605062635 9.4104183373429588 7.9106321839080467 1.0000000180025095e-35
decision_type=2 2 2 2 2 2 2
left_child=4 3 -3 -2 6 -6 -1
right_child=1 2 -4 -5 5 -7 -8
leaf_value=-0.22556326668868981 -0.23635923632970215 -0.18658051537950893 0.35664677521171084 0.079461280576513235 -0.22712046206508674 -0.24003506170865826 -0.22831262625040882
leaf_weight=8.5414876006543619 18.64046744257212 10.704869750887154 55.651632986962795 9.3754778094589692 3.7894830517470828 2.2325886972248554 40.861692138016224
leaf_count=194 265 193 239 98 76 24 780
internal_value=0 0.15036 0.269011 -0.130671 -0.22828 -0.231908 -0.227837
internal_weight=0 94.3724 66.3565 28.0159 55.4253 6.02207 49.4032
internal_count=1869 795 432 363 1074 100 974
is_linear=0
shrinkage=0.243386


Tree=19
num_leaves=6
num_cat=0
split_feature=5 5 9 8 4
split_gain=175.792 3.04525 0.206229 0.0403166 0.00200518
threshold=5.0821839080459776 4.9479022988505763 3.347815126050421 7.7155172413793105 1.0000000180025095e-35
decision_type=2 2 2 2 2
left_child=1 4 -2 -4 -1
right_child=2 -3 3 -5 -6
leaf_value=-0.2253030689389382 0.36581305774314476 0.041248018211030309 0.32484646313979898 0.34202442195632266 -0.22923680584833825
leaf_weight=8.5307155922055227 11.666224062442778 2.5468037873506537 31.45137594640255 10.897732630372046 76.609343290328979
leaf_count=199 43 14 126 42 1445
internal_value=0 -0.220998 0.33716 0.329267 -0.228843
internal_weight=0 87.6869 54.0153 42.3491 85.1401
internal_count=1869 1658 211 168 1644
is_linear=0
shrinkage=0.243386


Tree=20
num_leaves=7
num_cat=0
split_feature=4 7 7 6 6 8
split_gain=156.036 0.0316257 0.00794102 0.00273848 0.00228577 0.000697596
threshold=1.0000000180025095e-35 7.9594827586206911 8.036494252873565 146.03623903419813 176.0659839416933 12.700353825740825
decision_type=2 2 2 2 2 2
left_child=1 -1 -3 5 -5 -2
right_child=3 2 -4 4 -6 -7
leaf_value=0.33492299498935219 -0.22613018534439236 0.3175424387756498 0.32538659174353574 -0.23053379686762604 -0.22743288956094138 -0.22224828938993091
leaf_weight=10.10082598030567 19.473166106268767 28.56085516512394 10.439255505800245 24.34943601116538 33.392462909221649 3.1917132288217536
leaf_count=40 441 117 42 426 691 112
internal_value=0 0.322786 0.319642 -0.227851 -0.228741 -0.225584
internal_weight=0 49.1009 39.0001 80.4068 57.7419 22.6649
internal_count=1869 199 159 1670 1117 553
is_linear=0
shrinkage=0.243386


Tree=21
num_leaves=8
num_cat=0
split_feature=8 6 6 9 8 7 4
split_gain=88.8777 45.1403 39.5271 14.0823 0.00155314 0.00381598 0.000822828
threshold=11.13449302134647 171.02444297061325 140.46021334470845 3.0362184873949585 9.4104183373429588 7.9106321839080467 1.0000000180025095e-35
decision_type=2 2 2 2 2 2 2
left_child=4 2 -2 -3 6 -6 -1
right_child=1 3 -4 -5 5 -7 -8
leaf_value=-0.22527587346711181 -0.25914597566833858 0.21703131738674497 0.32997519300274947 -0.17810786116008909 -0.22689850666920841 -0.23967558553409082 -0.22794094273662732
leaf_weight=8.2962990403175336 7.5603787358850232 6.9133896902203587 62.668436650186777 23.516658086329699 3.7176391072571269 2.2064023055136204 39.708364423364401
leaf_count=194 100 49 328 318 76 24 780
internal_value=0 0.159268 0.266554 -0.0883364 -0.227939 -0.231657 -0.22748
internal_weight=0 100.659 70.2288 30.43 53.9287 5.92404 48.0047
internal_count=1869 795 428 367 1074 100 974
is_linear=0
shrinkage=0.243386


Tree=22
num_leaves=7
num_cat=0
split_feature=8 12 8 6 6 8
split_gain=70.159 99.8668 0.607555 0.574615 0.00368897 0.00127488
threshold=13.224793388429754 11.893211805432289 11.773793520634497 182.3023245050646 146.03623903419813 9.4104183373429588
decision_type=2 2 2 2 2 2
left_child=2 4 5 -3 -2 -1
right_child=1 3 -4 -5 -6 -7
leaf_value=-0.22717046930487445 -0.22260129493669881 0.33623477896825055 -0.096404269479422905 0.27299131304044033 -0.23129931479901891 -0.23092523953341257
leaf_weight=46.796227572485805 3.2445506285876062 44.598333261907101 2.1770483367145053 10.516949862241743 26.312435643747449 6.0490702539682379
leaf_count=974 108 178 14 42 446 107
internal_value=0 0.130601 -0.222409 0.324167 -0.230345 -0.2276
internal_weight=0 84.6723 55.0223 55.1153 29.557 52.8453
internal_count=1869 774 1095 220 554 1081
is_linear=0
shrinkage=0.243386


Tree=23
num_leaves=7
num_cat=0
split_feature=8 5 4 7 6 7
split_gain=103.335 68.1927 41.5029 3.6223 1.0711 0.00274378
threshold=8.4511494252873582 4.4729597701149437 1.0000000180025095e-35 8.299137931034485 130.36460905358723 7.9057471264367827
decision_type=2 2 2 2 2 2
left_child=1 2 -1 5 -3 -2
right_child=3 4 -4 -5 -6 -7
leaf_value=-0.22682939693852341 -0.22677936715185781 -0.24434008731262755 0.38240287503794484 0.078471887823763131 -0.074212660222356841 -0.23028539596269124
leaf_weight=7.5042918510735026 18.929612778127193 15.852947201579811 56.450077205896378 2.3511817529797545 2.5439406298100939 43.855698188766837
leaf_count=158 391 212 223 35 38 812
internal_value=0 0.19213 0.310917 -0.218122 -0.220815 -0.229228
internal_weight=0 82.3513 63.9544 65.1365 18.3969 62.7853
internal_count=1869 631 381 1238 250 1203
is_linear=0
shrinkage=0.243386


Tree=24
num_leaves=7
num_cat=0
split_feature=7 11 8 7 14 7
split_gain=97.9986 50.7664 27.1202 5.78542 2.34158 0.00654599
threshold=7.948563218390805 47.445402298850581 8.3178962844159319 8.2310344827586217 1594950.0000000002 7.9057471264367827
decision_type=2 2 2 2 2 2
left_child=1 5 -3 4 -2 -1
right_child=3 2 -4 -5 -6 -7
leaf_value=-0.22712184808941668 -0.21304192595535654 -0.14222924180806337 0.35985253945510554 0.086489245547694313 -0.036791854594986038 -0.24193228784345239
leaf_weight=10.966413751244543 69.565226450562477 7.2429367899894705 53.051934614777565 4.3679741881787768 4.771467935293912 2.1075199842452994
leaf_count=218 1249 57 212 47 64 22
internal_value=0 0.205266 0.29954 -0.185733 -0.201729 -0.229509
internal_weight=0 73.3688 60.2949 78.7047 74.3367 13.0739
internal_count=1869 509 269 1360 1313 240
is_linear=0
shrinkage=0.243386


Tree=25
num_leaves=8
num_cat=0
split_feature=6 5 6 7 4 6 7
split_gain=137.198 48.9582 3.75299 0.0100139 0.00304184 0.00200824 8.61387e-06
threshold=130.36460905358723 4.7696264367816097 117.99437476732167 7.9681034482758628 1.0000000180025095e-35 176.0659839416933 7.9594827586206911
decision_type=2 2 2 2 2 2 2
left_child=1 2 -1 -3 6 -6 -2
right_child=4 3 -4 -5 5 -7 -8
leaf_value=0.35853842027182309 -0.22641516281488122 -0.24411602012712022 0.20940707338260764 -0.22652964369004772 -0.23222812927489525 -0.22954353718882711 -0.22582987728167569
leaf_weight=47.152142271399498 1.8785541914403419 2.4692145921289912 12.685342863202093 8.5913326777517778 28.971072174608707 38.364560592919588 7.1931069158017635
leaf_count=198 40 36 96 181 468 691 159
internal_value=0 0.239968 0.326923 -0.230456 -0.230135 -0.230699 -0.225951
internal_weight=0 70.898 59.8375 11.0605 76.4073 67.3356 9.07166
internal_count=1869 511 294 217 1358 1159 199
is_linear=0
shrinkage=0.243386


Tree=26
num_leaves=8
num_cat=0
split_feature=8 6 6 5 8 7 4
split_gain=38.48 29.6643 6.3356 2.88075 0.000318929 0.000741204 0.000189132
threshold=12.700353825740825 151.98308312868446 170.49706174590207 4.544712643678162 9.4104183373429588 7.924425287356323 1.0000000180025095e-35
decision_type=2 2 2 2 2 2 2
left_child=4 3 -3 -2 6 -6 -1
right_child=1 2 -4 -5 5 -7 -8
leaf_value=-0.22181124400075383 0.17155317552558386 0.02599554064723502 -0.2038617453261638 0.3361671576656885 -0.22259584464678142 -0.22910076196335827 -0.22341839761967819
leaf_weight=5.2384712100029018 9.5455720089375991 16.941352533176545 12.232132049277423 18.506766065955162 2.4097730796784154 1.8223170433193443 25.219805564731359
leaf_count=194 52 272 368 89 80 34 780
internal_value=0 0.101452 -0.0703812 0.280153 -0.223417 -0.225397 -0.223142
internal_weight=0 57.2258 29.1735 28.0523 34.6904 4.23209 30.4583
internal_count=1869 781 640 141 1088 114 974
is_linear=0
shrinkage=0.243386


Tree=27
num_leaves=8
num_cat=0
split_feature=8 5 6 6 8 7 4
split_gain=53.2096 30.477 26.045 5.27919 0.00192113 0.00440143 0.000492441
threshold=11.13449302134647 4.5127873563218399 165.00187963228265 184.74502866030386 9.4104183373429588 7.924425287356323 1.0000000180025095e-35
decision_type=2 2 2 2 2 2 2
left_child=4 3 -3 -2 6 -6 -1
right_child=1 2 -4 -5 5 -7 -8
leaf_value=-0.22241222661438215 -0.21441939601371229 -0.17526554645804313 0.27260867779743059 0.083781328401157665 -0.22348498222243654 -0.23891371492144653 -0.22487572952267298
leaf_weight=5.7850862480700007 14.802597612142565 9.023946635425089 52.083899788558483 4.6125842928886405 2.6794501375406972 1.8525376114994285 28.418424211442471
leaf_count=194 282 215 248 50 80 20 780
internal_value=0 0.12207 0.20647 -0.143574 -0.225083 -0.229792 -0.224459
internal_weight=0 80.523 61.1078 19.4152 38.7355 4.53199 34.2035
internal_count=1869 795 463 332 1074 100 974
is_linear=0
shrinkage=0.243386


Tree=28
num_leaves=7
num_cat=0
split_feature=5 6 9 7 4 8
split_gain=108.702 0.903396 0.0553591 0.00183975 0.00197456 0.00016457
threshold=4.9479022988505763 120.6599933464688 3.579705882352942 7.9135057471264378 1.0000000180025095e-35 8.7485632183908066
decision_type=2 2 2 2 2 2
left_child=3 2 -2 5 -5 -1
right_child=1 -3 -4 4 -6 -7
leaf_value=-0.22496320555837962 0.3003204390788653 0.20074125923980299 0.28102629705198579 -0.22227087715898097 -0.22714266446831935 -0.22294630636942939
leaf_weight=3.0613173916935912 14.571854203939436 8.5257691517472249 22.274550139904022 5.600987320765852 41.024906003847718 11.034740526229141
leaf_count=80 68 44 113 192 1024 348
internal_value=0 0.272137 0.288657 -0.225821 -0.226557 -0.223384
internal_weight=0 45.3722 36.8464 60.722 46.6259 14.0961
internal_count=1869 225 181 1644 1216 428
is_linear=0
shrinkage=0.243386


Tree=29
num_leaves=7
num_cat=0
split_feature=4 7 7 6 6 8
split_gain=99.2691 0.0077119 0.00656354 0.00173628 0.00146815 0.000269015
threshold=1.0000000180025095e-35 7.9617816091954028 8.0376436781609204 146.03623903419813 176.0659839416933 12.700353825740825
decision_type=2 2 2 2 2 2
left_child=1 -1 -3 5 -5 -2
right_child=3 2 -4 4 -6 -7
leaf_value=0.2861323188424269 -0.22330126949531684 0.27570114089003528 0.28391312961842086 -0.22754424745410071 -0.22463185158873522 -0.22038369853177253
leaf_weight=8.4551332890987378 13.516717132180927 22.39663960039616 7.7641082555055609 18.169788438826799 23.532685777172446 2.1730514327064148
leaf_count=42 441 118 39 426 691 112
internal_value=0 0.279636 0.277815 -0.22508 -0.225901 -0.222897
internal_weight=0 38.6159 30.1607 57.3922 41.7025 15.6898
internal_count=1869 199 157 1670 1117 553
is_linear=0
shrinkage=0.243386


Tree=30
num_leaves=8
num_cat=0
split_feature=8 12 6 9 8 7 4
split_gain=56.1131 32.3709 26.9313 0.0369971 0.00191416 0.00421354 0.000450689
threshold=11.13449302134647 12.410366585951619 181.92952511009045 3.1536134453781517 9.4104183373429588 7.924425287356323 1.0000000180025095e-35
decision_type=2 2 2 2 2 2 2
left_child=4 2 -2 -3 6 -6 -1
right_child=1 3 -4 -5 5 -7 -8
leaf_value=-0.22222735792040929 0.23714738043907982 -0.25973089383909054 -0.18974275279575134 -0.22861645822526733 -0.22334405092856816 -0.23855253239552732 -0.22461875825619357
leaf_weight=5.6181463208049527 70.364288598299026 2.9613128118216983 9.9980745930224639 9.610769294202326 2.6299359444528809 1.8299897406250236 27.613558853045106
leaf_count=194 422 28 156 189 80 20 780
internal_value=0 0.127222 0.184037 -0.235945 -0.22485 -0.229584 -0.224214
internal_weight=0 92.9344 80.3624 12.5721 37.6916 4.45993 33.2317
internal_count=1869 795 578 217 1074 100 974
is_linear=0
shrinkage=0.243386


Tree=31
num_leaves=7
num_cat=0
split_feature=8 11 6 8 6 8
split_gain=46.293 63.6681 0.718435 0.645067 0.00262579 0.00175568
threshold=13.224793388429754 46.39942528735633 182.70680714856175 11.773793520634497 177.01708605062635 9.4104183373429588
decision_type=2 2 2 2 2 2
left_child=3 4 -3 5 -2 -1
right_child=1 2 -4 -5 -6 -7
leaf_value=-0.22400283414373573 -0.22873426416257722 0.29067844886487015 0.21387779861876327 -0.08563485055995694 -0.22268723578956093 -0.22910135476303467
leaf_weight=32.392100041732192 16.142013631761078 37.620315678417683 8.9273857772350294 2.0896186474710694 5.7756851296871892 4.5645820796489707
leaf_count=974 369 176 40 14 189 107
internal_value=0 0.114896 0.275949 -0.217194 -0.227141 -0.224633
internal_weight=0 68.4654 46.5477 39.0463 21.9177 36.9567
internal_count=1869 774 216 1095 558 1081
is_linear=0
shrinkage=0.243386


Tree=32
num_leaves=7
num_cat=0
split_feature=8 5 7 9 8 12
split_gain=65.9399 38.1889 5.53057 4.72871 0.436325 0.294885
threshold=8.3178962844159319 4.5070114942528745 8.5425287356321853 3.4710084033613451 8.5144508670520249 11.346319704188124
decision_type=2 2 2 2 2 2
left_child=1 3 4 -1 -2 -3
right_child=2 5 -4 -5 -6 -7
leaf_value=0.28692587458682683 -0.10511203577523028 -0.23432061893720965 0.25080350809595847 0.082040313491545835 -0.22642063376907012 -0.13005148523848042
leaf_weight=45.346565460786223 1.8273267522454251 10.453267149627207 1.5145653076469887 7.8241854868829241 45.234802050516009 1.8984915558248747
leaf_count=251 29 200 24 130 1199 36
internal_value=0 0.16722 -0.206978 0.256777 -0.22171 -0.218294
internal_weight=0 65.5225 48.5767 53.1708 47.0621 12.3518
internal_count=1869 617 1252 381 1228 236
is_linear=0
shrinkage=0.243386


Tree=33
num_leaves=8
num_cat=0
split_feature=11 8 8 8 6 9 14
split_gain=61.2923 53.4075 27.1923 0.346833 0.00496071 0.0031808 0.000925603
threshold=47.445402298850581 8.129310344827589 11.13449302134647 7.8933791774632924 146.03623903419813 3.0928571428571439 1478950.0000000002
decision_type=2 2 2 2 2 2 2
left_child=4 3 -3 -2 6 -6 -1
right_child=1 2 -4 -5 5 -7 -8
leaf_value=-0.22411136984907878 -0.23215939509656261 0.33041351564582561 -0.14263029484527251 -0.12561063829936686 -0.22597036415570196 -0.23193793426200152 -0.22928603906844544
leaf_weight=16.41988762840629 16.444972470402721 46.7370350882411 8.5089014582335931 2.0335139185190192 7.786329053342345 16.509145995602012 2.3393526375293723
leaf_count=499 341 243 218 42 185 287 54
internal_value=0 0.137751 0.257556 -0.220434 -0.22773 -0.230025 -0.224757
internal_weight=0 73.7244 55.2459 18.4785 43.0547 24.2955 18.7592
internal_count=1869 844 461 383 1025 472 553
is_linear=0
shrinkage=0.243386


Tree=34
num_leaves=8
num_cat=0
split_feature=6 5 6 6 4 9 7
split_gain=87.585 27.8229 2.97085 0.128091 0.00204413 0.00169263 2.48421e-06
threshold=130.36460905358723 4.7661206896551738 117.99437476732167 106.02478195638939 1.0000000180025095e-35 3.1536134453781517 7.9594827586206911
decision_type=2 2 2 2 2 2 2
left_child=1 2 -1 -3 6 -6 -2
right_child=4 3 -4 -5 5 -7 -8
leaf_value=0.30659223717463929 -0.22296785187668627 -0.1497915167065757 0.1643094107768476 -0.22813057077818952 -0.22535235493019526 -0.22839559512591018 -0.22258601903051661
leaf_weight=37.512866895645857 1.2730541378259648 1.5225219111889581 11.314969494938849 6.5787019263952971 16.278325062245131 32.324606437236071 4.8721925262361765
leaf_count=197 40 38 94 182 421 738 159
internal_value=0 0.204315 0.273621 -0.213408 -0.226848 -0.227376 -0.222665
internal_weight=0 56.9291 48.8278 8.10122 54.7482 48.6029 6.14525
internal_count=1869 511 291 220 1358 1159 199
is_linear=0
shrinkage=0.243386


Tree=35
num_leaves=8
num_cat=1
split_feature=8 1 6 6 8 7 4
split_gain=27.1123 16.2633 14.4135 0.714612 0.00044975 0.000763974 0.000106992
threshold=12.700353825740825 0 170.49706174590207 153.00477821679024 9.4104183373429588 7.924425287356323 1.0000000180025095e-35
decision_type=2 1 2 2 2 2 2
left_child=4 2 -2 -3 6 -6 -1
right_child=1 3 -4 -5 5 -7 -8
leaf_value=-0.21997688572726584 0.24446016750167737 -0.3972497194536535 -0.1784395089647702 -0.2273180170859245 -0.22055086106767757 -0.22804094683122331 -0.22144377600716192
leaf_weight=3.5408472074195805 33.370204681530595 1.7773223854601372 5.571043584495782 8.3669193536043149 1.6189811509102576 1.6077375467866657 17.515470603480935
leaf_count=194 301 16 227 237 80 34 780
internal_value=0 0.0928095 0.146371 -0.129466 -0.221607 -0.224283 -0.221197
internal_weight=0 49.0855 38.9412 10.1442 24.283 3.22672 21.0563
internal_count=1869 781 528 253 1088 114 974
cat_boundaries=0 1
cat_threshold=2
is_linear=0
shrinkage=0.243386


Tree=36
num_leaves=8
num_cat=0
split_feature=5 6 9 11 6 8 7
split_gain=36.9969 23.9241 6.69472 5.304 13.2086 0.744145 0.127564
threshold=4.5675000000000008 165.00187963228265 3.4884033613445382 45.307471264367827 173.93716164716167 15.806504065040652 8.0882183908046006
decision_type=2 2 2 2 2 2 2
left_child=3 5 -3 4 -1 -2 -5
right_child=1 2 -4 6 -6 -7 -8
leaf_value=-0.22686755477566545 -0.22337614035403963 0.1189055768613605 0.31710719824920613 -0.22362000488969466 0.26773190802466051 -0.086984209074928695 -0.26716829138981363
leaf_weight=8.7507202159613353 7.400614299811421 18.592980489134789 22.087440237402916 22.344288924708966 5.0409402921795836 3.4856336852535605 4.8492548344656816
leaf_count=92 81 63 40 189 17 54 42
internal_value=0 0.140761 0.226519 -0.169032 -0.0460883 -0.179705 -0.231386
internal_weight=0 51.5667 40.6804 40.9852 13.7917 10.8862 27.1935
internal_count=578 238 103 340 109 135 231
is_linear=0
shrinkage=0.243386


Tree=37
num_leaves=4
num_cat=0
split_feature=5 11 5
split_gain=56.123 0.196874 0.03851
threshold=5.2040517241379325 43.864942528735639 4.7696264367816097
decision_type=2 2 2
left_child=1 -1 -3
right_child=-2 2 -4
leaf_value=-0.16609500797382482 0.25755489212647875 -0.22329453220498663 -0.25087711839052834
leaf_weight=3.5962752671912304 21.223296642303467 39.234031524509192 3.2465517818927756
leaf_count=48 23 467 40
internal_value=0 -0.220774 -0.225403
internal_weight=0 46.0769 42.4806
internal_count=578 555 507
is_linear=0
shrinkage=0.243386


Tree=38
num_leaves=5
num_cat=0
split_feature=4 7 9 8
split_gain=68.2283 0.0013164 0.00100167 4.39846e-05
threshold=1.0000000180025095e-35 7.9135057471264378 3.1014285714285719 8.9827087901136142
decision_type=2 2 2 2
left_child=-1 3 -3 -2
right_child=1 2 -4 -5
leaf_value=0.25708346019604039 -0.22137292099979664 -0.22178655404626682 -0.22481503336871445 -0.22033126178354914
leaf_weight=30.776926472783089 3.7613052232190949 9.3552096672356146 20.973142901435494 6.6408965010195971
leaf_count=34 50 150 295 49
internal_value=0 -0.223071 -0.223881 -0.220708
internal_weight=0 40.7306 30.3284 10.4022
internal_count=578 544 445 99
is_linear=0
shrinkage=0.243386


Tree=39
num_leaves=7
num_cat=0
split_feature=12 6 6 5 8 6
split_gain=36.4415 36.1364 10.5437 2.2971 0.0402385 0.0332704
threshold=11.261846804132231 140.46021334470845 166.75855747030897 4.4221839080459775 12.700353825740825 175.55639645324339
decision_type=2 2 2 2 2 2
left_child=1 4 -3 5 -1 -2
right_child=3 2 -4 -5 -6 -7
leaf_value=-0.22190803201198878 -0.24432362477770952 0.27418112437011083 0.056129667981597513 -0.089244810208351052 -0.24853610554551461 -0.22333257134208084
leaf_weight=8.9365048045292479 5.851586980745199 38.353037178516388 19.978965673595667 9.8239092454314214 5.3887450695037833 18.982751663774252
leaf_count=71 36 112 105 58 32 164
internal_value=0 0.114437 0.199498 -0.188869 -0.231925 -0.228279
internal_weight=0 72.6573 58.332 34.6582 14.3252 24.8343
internal_count=578 320 217 258 103 200
is_linear=0
shrinkage=0.243386


Tree=40
num_leaves=6
num_cat=0
split_feature=8 12 15 8 11
split_gain=29.0757 39.7096 0.372952 0.0396939 0.00243672
threshold=13.224793388429754 11.893211805432289 86.000000000000014 9.4104183373429588 45.52586206896553
decision_type=2 2 2 2 2
left_child=2 4 -1 -4 -2
right_child=1 -3 3 -5 -6
leaf_value=-0.15943627625097498 -0.22445318666055059 0.24081654536165017 -0.22211076516577516 -0.24736062922779475 -0.2329284950685849
leaf_weight=6.09084199741483 13.351728637702761 34.590645469725132 17.692057876847688 4.6593126971274605 2.3655107058584681
leaf_count=53 238 53 159 42 33
internal_value=0 0.095058 -0.212826 -0.227374 -0.225729
internal_weight=0 50.3079 28.4422 22.3514 15.7172
internal_count=578 324 254 201 271
is_linear=0
shrinkage=0.243386


Tree=41
num_leaves=6
num_cat=0
split_feature=8 5 5 9 10
split_gain=53.5204 4.04006 2.19131 3.58135 0.155805
threshold=7.8304597701149428 4.1495977011494256 4.1572988505747128 3.6318487394957981 816.50000000000011
decision_type=2 2 2 2 2
left_child=1 -1 3 -2 -4
right_child=2 -3 4 -5 -6
leaf_value=0.25173361225869811 0.078788848720223084 0.10630303076064208 -0.16988123104243705 -0.22599953374125159 -0.2253016513346445
leaf_weight=28.742940943688154 4.2844832986593229 18.662109583616257 3.3757740799337652 4.8903759382665157 27.353049757890403
leaf_count=41 42 59 48 39 349
internal_value=0 0.194481 -0.188048 -0.0836692 -0.219213
internal_weight=0 47.4051 39.9037 9.17486 30.7288
internal_count=578 100 478 81 397
is_linear=0
shrinkage=0.243386


Tree=42
num_leaves=8
num_cat=0
split_feature=11 8 7 6 6 9 7
split_gain=45.2659 28.3222 2.40049 1.96969 0.00280968 0.00214913 0.000298581
threshold=47.839080459770123 8.3554865009355801 7.9422413793103459 184.95039325515202 146.03623903419813 3.0086974789915968 7.9057471264367827
decision_type=2 2 2 2 2 2 2
left_child=4 2 -2 -3 6 -6 -1
right_child=1 3 -4 -5 5 -7 -8
leaf_value=-0.22126909246827706 -0.024912649445591423 0.17289795817187714 -0.2232761936726384 0.27546888368640043 -0.22287178009510064 -0.22888848704211062 -0.22365863396729807
leaf_weight=6.0195534620434064 5.8263541758060446 18.64676470682025 9.5164560265839082 27.366563677787781 4.8139186054468182 13.050387134775518 6.381363233551383
leaf_count=45 27 58 64 59 83 164 78
internal_value=0 0.138416 -0.147949 0.233902 -0.225313 -0.227267 -0.222499
internal_weight=0 61.3561 15.3428 46.0133 30.2652 17.8643 12.4009
internal_count=578 208 91 117 370 247 123
is_linear=0
shrinkage=0.243386


Tree=43
num_leaves=5
num_cat=0
split_feature=6 5 6 6
split_gain=68.4498 3.68743 1.12986 0.00174985
threshold=123.67227794926021 4.530431034482759 142.50000000000003 170.70588937764913
decision_type=2 2 2 2
left_child=1 -1 -2 -4
right_child=2 -3 3 -5
leaf_value=0.27980125187926413 -0.085327005020679914 0.14016014856047723 -0.22711752877703564 -0.22347902621478091
leaf_weight=24.860081426799297 3.7910791523754588 20.388958083465695 10.825405477546154 28.294112242758274
leaf_count=30 30 59 177 282
internal_value=0 0.21688 -0.212191 -0.224486
internal_weight=0 45.249 42.9106 39.1195
internal_count=578 89 489 459
is_linear=0
shrinkage=0.243386


Tree=44
num_leaves=6
num_cat=0
split_feature=8 5 9 8 6
split_gain=22.7863 11.1241 12.0217 0.000280785 6.17805e-05
threshold=12.700353825740825 4.4118390804597709 3.1855042016806725 9.3631154076141154 188.04019858637159
decision_type=2 2 2 2 2
left_child=3 -2 -3 4 -1
right_child=1 2 -4 -5 -6
leaf_value=-0.2195618911879684 -0.1959778248661822 -0.044851255719377155 0.25016761634741463 -0.22249181213055694 -0.22067165072067058
leaf_weight=10.285875155590476 6.1202680291607967 11.923588472418485 26.073388947173953 2.9393636845052233 4.1788059389218679
leaf_count=135 63 122 145 46 67
internal_value=0 0.10854 0.15759 -0.220323 -0.219882
internal_weight=0 44.1172 37.997 17.404 14.4647
internal_count=578 330 267 248 202
is_linear=0
shrinkage=0.243386


Tree=45
num_leaves=7
num_cat=0
split_feature=8 11 9 6 8 5
split_gain=23.7419 11.9431 9.35939 2.52132 0.000577155 0.000176129
threshold=11.13449302134647 44.686781609195414 3.1913025210084043 183.83807120132107 9.2881868314397753 5.0821839080459776
decision_type=2 2 2 2 2 2
left_child=4 3 -3 -2 5 -1
right_child=1 2 -4 -5 -6 -7
leaf_value=-0.22126258464145812 0.1112294117082057 -0.23788643021428765 0.074037990400865797 0.25237793065505881 -0.22419353445538612 -0.21925577852676364
leaf_weight=11.874867935664954 12.663701637648048 8.5323234982788581 17.15503388736397 18.373128190636635 3.7579995170235625 3.3135727141052476
leaf_count=151 99 86 114 29 44 36
internal_value=0 0.0931869 -0.029571 0.194786 -0.221493 -0.220825
internal_weight=0 56.7242 25.6874 31.0368 18.9464 15.1884
internal_count=559 328 200 128 231 187
is_linear=0
shrinkage=0.243386


Tree=46
num_leaves=4
num_cat=0
split_feature=5 5 7
split_gain=54.5937 1.13117 0.000777959
threshold=5.0821839080459776 4.8513218390804607 7.9135057471264378
decision_type=2 2 2
left_child=1 2 -1
right_child=-2 -3 -4
leaf_value=-0.21967501682482843 0.24948147607074009 -0.055254786393539576 -0.22268017552883296
leaf_weight=6.5143316593021181 29.146914467215538 2.618995262309908 23.550946281291544
leaf_count=84 36 21 418
internal_value=0 -0.208665 -0.222029
internal_weight=0 32.6843 30.0653
internal_count=559 523 502
is_linear=0
shrinkage=0.243386


Tree=47
num_leaves=5
num_cat=0
split_feature=4 6 9 5
split_gain=42.5649 0.000641995 0.000416935 6.45166e-05
threshold=1.0000000180025095e-35 146.03623903419813 3.347815126050421 5.2040517241379325
decision_type=2 2 2 2
left_child=-1 3 -3 -2
right_child=1 2 -4 -5
leaf_value=0.24529388937954202 -0.22022612904165162 -0.22114029893067863 -0.223313615649915 -0.21878024432171811
leaf_weight=18.972629860043526 6.0667844498530048 9.9785263705998677 10.985583217814563 2.6164960507303476
leaf_count=28 109 199 192 31
internal_value=0 -0.22155 -0.222279 -0.21979
internal_weight=0 29.6474 20.9641 8.68328
internal_count=559 531 391 140
is_linear=0
shrinkage=0.243386


Tree=48
num_leaves=6
num_cat=0
split_feature=8 9 10 8 8
split_gain=22.9037 15.3125 7.88191 1.60818 0.000607075
threshold=14.097167584579074 3.659411764705883 935.50000000000011 11.13449302134647 9.2881868314397753
decision_type=2 2 2 2 2
left_child=3 2 -2 4 -1
right_child=1 -3 -4 -5 -6
leaf_value=-0.22072300177460821 0.08586844956416062 -0.19891610248176728 0.29564919038357124 -0.067011610675052055 -0.22419489360999825
leaf_weight=14.901489390991633 43.905842253938317 9.3630299642682058 13.989937620237468 5.0865718899294725 3.7301098369061938
leaf_count=187 180 66 50 32 44
internal_value=0 0.0898586 0.13656 -0.188304 -0.221418
internal_weight=0 67.2588 57.8958 23.7182 18.6316
internal_count=559 296 230 263 231
is_linear=0
shrinkage=0.243386


Tree=49
num_leaves=6
num_cat=0
split_feature=11 8 5 12 9
split_gain=23.2903 23.6145 0.759045 0.0833201 0.000226624
threshold=47.962643678160923 11.773793520634497 4.3856609195402312 11.414577866209292 3.3637815126050428
decision_type=2 2 2 2 2
left_child=2 4 -1 -4 -2
right_child=1 -3 3 -5 -6
leaf_value=-0.08705341141972596 -0.22065441698181087 0.21521166442917683 -0.22193643156392645 -0.27211876019694131 -0.22299794307564874
leaf_weight=2.5764985373243716 4.5176270641386491 28.559471003711224 17.153800084255639 2.2127411020919672 5.3260193541646004
leaf_count=29 49 46 317 36 82
internal_value=0 0.103164 -0.211159 -0.22767 -0.221922
internal_weight=0 38.4031 21.943 19.3665 9.84365
internal_count=559 177 382 353 131
is_linear=0
shrinkage=0.243386


Tree=50
num_leaves=7
num_cat=0
split_feature=12 9 8 9 8 7
split_gain=36.7785 11.5843 4.2197 0.955293 0.00448905 0.000745602
threshold=12.410366585951619 3.4884033613445382 8.129310344827589 3.139117647058824 8.3554865009355801 7.9057471264367827
decision_type=2 2 2 2 2 2
left_child=4 3 -3 -2 -1 -6
right_child=1 2 -4 -5 5 -7
leaf_value=-0.22915910507867021 0.24698141381096297 0.063910367841151561 -0.22778127173610865 0.16266997223523999 -0.21967457214115968 -0.22346391379978597
leaf_weight=9.5649457350373286 18.293577594682574 6.3398073799908143 5.474781010299921 14.094003427773712 3.9750244338065412 13.598315254785119
leaf_count=40 44 29 59 52 41 294
internal_value=0 0.135038 -0.0712571 0.210292 -0.224916 -0.222607
internal_weight=0 44.2022 11.8146 32.3876 27.1383 17.5733
internal_count=559 184 88 96 375 335
is_linear=0
shrinkage=0.243386


Tree=51
num_leaves=7
num_cat=0
split_feature=12 8 7 6 6 5
split_gain=25.6797 17.0902 13.0174 0.00136803 0.000881584 0.000170124
threshold=12.993966665885271 7.9452361969304368 8.0204022988505752 146.03623903419813 177.17655344941269 5.1450000000000005
decision_type=2 2 2 2 2 2
left_child=3 -2 -3 5 -5 -1
right_child=1 2 -4 4 -6 -7
leaf_value=-0.22156090436415526 -0.22557592193780016 0.28689438454666255 -0.049515985794027953 -0.22593063782445402 -0.22182996182910664 -0.21946669681134306
leaf_weight=6.9693688116967696 7.8218407817184916 20.866151165217165 10.117235548794268 9.2825528671964985 4.6669828779995433 3.4280625935643911
leaf_count=105 67 48 58 182 64 35
internal_value=0 0.0958891 0.177044 -0.222984 -0.224559 -0.22087
internal_weight=0 38.8052 30.9834 24.347 13.9495 10.3974
internal_count=559 173 106 386 246 140
is_linear=0
shrinkage=0.243386


Tree=52
num_leaves=5
num_cat=0
split_feature=6 5 6 6
split_gain=40.8728 10.4193 0.257419 0.000494629
threshold=126.40260101118243 4.607155172413794 149.40031561097331 176.44117712420083
decision_type=2 2 2 2
left_child=1 -1 -2 -4
right_child=2 -3 3 -5
leaf_value=0.25996303673457494 -0.13937393613985355 -0.0040690714033040625 -0.22409936763597274 -0.22193920159695243
leaf_weight=25.543494883924723 2.3914621612057116 13.550052564591168 10.734303453005852 15.128639064729212
leaf_count=50 32 66 203 208
internal_value=0 0.168448 -0.215772 -0.222836
internal_weight=0 39.0935 28.2544 25.8629
internal_count=559 116 443 411
is_linear=0
shrinkage=0.243386


Tree=53
num_leaves=6
num_cat=0
split_feature=8 6 9 8 6
split_gain=14.3618 9.23763 5.22041 0.000199119 3.91851e-05
threshold=12.700353825740825 149.40031561097331 3.5724789915966393 9.4104183373429588 186.02612544988207
decision_type=2 2 2 2 2
left_child=3 -2 -3 4 -1
right_child=1 2 -4 -5 -6
leaf_value=-0.21872445709018853 0.21549010003836852 -0.10401804352939349 0.13173186915443638 -0.22175531543947102 -0.21973162575413691
leaf_weight=6.4578602202236635 17.810918089002371 14.946100851520898 8.8638770757243019 1.9754428602755059 3.5440809680148959
leaf_count=123 53 187 78 43 75
internal_value=0 0.0829167 -0.0162541 -0.219522 -0.219081
internal_weight=0 41.6209 23.81 11.9774 10.0019
internal_count=559 318 265 241 198
is_linear=0
shrinkage=0.243386


Tree=54
num_leaves=7
num_cat=0
split_feature=5 6 9 11 6 7
split_gain=18.847 13.4387 5.7239 2.22392 1.0877 0.205002
threshold=4.544712643678162 165.00187963228265 3.2260924369747901 45.054597701149426 155.01867274723674 8.1048850574712663
decision_type=2 2 2 2 2 2
left_child=3 4 -3 -1 -2 -5
right_child=1 2 -4 5 -6 -7
leaf_value=-0.045687202536302422 -0.22153776936367772 0.035477979884721733 0.24982754399410306 -0.21411365582070652 -0.029456085585380477 -0.28239486937759134
leaf_weight=5.2712317132391062 6.1895597465336305 11.372753316536544 21.018188800662756 12.11429959675297 2.4327142424881458 3.3180229328572741
leaf_count=70 108 61 60 180 36 44
internal_value=0 0.102687 0.174567 -0.182174 -0.167343 -0.228794
internal_weight=0 41.0132 32.3909 20.7036 8.62227 15.4323
internal_count=559 265 121 294 144 224
is_linear=0
shrinkage=0.243386


Tree=55
num_leaves=4
num_cat=0
split_feature=5 7 4
split_gain=37.3021 0.000510537 0.000463314
threshold=4.9479022988505763 7.9135057471264378 1.0000000180025095e-35
decision_type=2 2 2
left_child=1 -1 -3
right_child=-2 2 -4
leaf_value=-0.21879889499750496 0.21989532655209162 -0.21796177258351562 -0.22207055021581615
leaf_weight=4.7881056671030846 23.426359176635742 1.8165641250088871 15.473006050568069
leaf_count=76 45 29 409
internal_value=0 -0.221023 -0.221639
internal_weight=0 22.0777 17.2896
internal_count=559 514 438
is_linear=0
shrinkage=0.243386


Tree=56
num_leaves=4
num_cat=0
split_feature=4 7 5
split_gain=33.8341 0.000372638 0.000388519
threshold=1.0000000180025095e-35 7.9135057471264378 5.0821839080459776
decision_type=2 2 2
left_child=-1 -2 -3
right_child=1 2 -4
leaf_value=0.23518736691463318 -0.21861013393718626 -0.22157016959781631 -0.21805243492766835
leaf_weight=17.805796504020691 4.4489774801768389 14.476079519838096 2.1340217227116218
leaf_count=30 78 419 32
internal_value=0 -0.220588 -0.221118
internal_weight=0 21.0591 16.6101
internal_count=559 529 451
is_linear=0
shrinkage=0.243386


Tree=57
num_leaves=7
num_cat=0
split_feature=12 6 9 9 6 8
split_gain=15.095 13.709 10.2797 0.0261521 0.00356588 0.000270493
threshold=12.410366585951619 140.46021334470845 3.5652100840336138 3.2260924369747901 169.61679864076447 9.3631154076141154
decision_type=2 2 2 2 2 2
left_child=1 3 -3 -1 -2 -6
right_child=4 2 -4 -5 5 -7
leaf_value=-0.25014225820961644 -0.23037819022692868 0.1512064850432617 -0.12663277478728741 -0.22089258710030515 -0.21981207116223972 -0.222304138776277
leaf_weight=2.6082423473708314 2.8424070365726939 44.629025727510452 9.5819771504029614 5.9219857305288315 7.0800354294478876 4.0592915182933211
leaf_count=24 22 186 63 95 116 53
internal_value=0 0.0569681 0.102097 -0.229836 -0.222684 -0.22072
internal_weight=0 62.7412 54.211 8.53023 13.9817 11.1393
internal_count=559 368 249 119 191 169
is_linear=0
shrinkage=0.243386


Tree=58
num_leaves=6
num_cat=0
split_feature=5 8 6 11 6
split_gain=17.4483 18.1957 7.20972 0.598699 0.00124788
threshold=4.3260057471264375 14.883574879227053 180.0448899158265 47.152298850574716 142.50000000000003
decision_type=2 2 2 2 2
left_child=1 2 -1 4 -2
right_child=3 -3 -4 -5 -6
leaf_value=0.15618395627913781 -0.21918848614572703 0.24244012501721426 -0.27100026657779835 -0.090920881311629065 -0.22388247229706554
leaf_weight=3.3340205806307512 5.5092410752549794 20.438952974975109 7.8523516040295362 2.4163972232490769 8.5795119628310186
leaf_count=24 123 34 110 31 237
internal_value=0 0.105863 -0.143681 -0.20285 -0.222047
internal_weight=0 31.6253 11.1864 16.5052 14.0888
internal_count=559 168 134 391 360
is_linear=0
shrinkage=0.243386


Tree=59
num_leaves=6
num_cat=0
split_feature=12 8 7 8 6
split_gain=17.4879 8.26135 2.86071 0.00055668 0.000317865
threshold=12.821189898314591 8.2471264367816115 8.0761494252873565 7.8069231280313609 146.03623903419813
decision_type=2 2 2 2 2
left_child=3 -2 -3 -1 -5
right_child=1 2 -4 4 -6
leaf_value=-0.22458367772892257 0.14730262660006932 -0.22635759451690005 0.057890586484767963 -0.21978825947040964 -0.2223484874296065
leaf_weight=4.6933533642441061 25.398233886808157 5.7824118174612504 3.2910356167703867 4.3291974966414264 8.5378283904865366
leaf_count=29 79 67 40 100 244
internal_value=0 0.0760872 -0.123258 -0.222315 -0.221487
internal_weight=0 34.4717 9.07345 17.5604 12.867
internal_count=559 186 107 373 344
is_linear=0
shrinkage=0.243386


Tree=60
num_leaves=6
num_cat=0
split_feature=6 8 11 5 6
split_gain=24.9831 9.35732 2.34113 1.46647 0.000825801
threshold=179.64264416890325 8.3554865009355801 50.227011494252885 4.1197413793103452 146.03623903419813
decision_type=2 2 2 2 2
left_child=2 -2 4 -3 -1
right_child=1 3 -4 -5 -6
leaf_value=-0.21986432778421403 -0.10260681009675411 0.27723990488739608 0.044463579576041801 0.16326708602112908 -0.22332344230488349
leaf_weight=6.402570329140878 6.8657035678625098 12.386738730594518 2.1938849957659832 14.534528708085416 11.310056425631045
leaf_count=129 70 33 15 92 220
internal_value=0 0.151024 -0.192698 0.215707 -0.222073
internal_weight=0 33.787 19.9065 26.9213 17.7126
internal_count=559 195 364 125 349
is_linear=0
shrinkage=0.243386


Tree=61
num_leaves=6
num_cat=0
split_feature=7 6 6 7 6
split_gain=22.6896 3.0786 5.66551 2.17952 0.331741
threshold=7.948563218390805 110.61193784389985 126.9727956640927 8.1747126436781627 114.0838368152735
decision_type=2 2 2 2 2
left_child=1 -1 -3 4 -2
right_child=3 2 -4 -5 -6
leaf_value=0.24232392245640172 -0.14197291629079417 0.21666998797539999 -0.15810556455441649 0.039203466536449502 -0.2226763509379871
leaf_weight=11.157647684216501 3.571407822892076 5.5413770303130132 4.2006917437538505 2.282301756553351 19.44383296277374
leaf_count=24 26 19 62 50 378
internal_value=0 0.155039 0.0550702 -0.187657 -0.210153
internal_weight=0 20.8997 9.74207 25.2975 23.0152
internal_count=559 105 81 454 404
is_linear=0
shrinkage=0.243386


Tree=62
num_leaves=6
num_cat=0
split_feature=11 14 8 9 12
split_gain=13.203 10.1591 3.15789 0.109033 0.0446269
threshold=45.816091954022994 967450.00000000012 14.654836632866571 2.9955882352941186 12.898030559702521
decision_type=2 2 2 2 2
left_child=1 2 -1 -2 -5
right_child=3 -3 -4 4 -6
leaf_value=-0.004807391490727347 -0.16631761927984082 -0.25086056229372611 0.19093830507578347 -0.26166333671988012 -0.21934354144072099
leaf_weight=6.2562653399072614 2.0610757041722527 4.3634638711810103 22.226486850529909 1.8912878111004809 6.7229288024827838
leaf_count=95 44 72 171 25 152
internal_value=0 0.0949635 0.147943 -0.216603 -0.228635
internal_weight=0 32.8462 28.4828 10.6753 8.61422
internal_count=559 338 266 221 177
is_linear=0
shrinkage=0.243386


Tree=63
num_leaves=6
num_cat=0
split_feature=8 6 5 7 8
split_gain=12.6759 7.99258 5.81752 0.000181867 0.00048739
threshold=11.13449302134647 181.92952511009045 4.7570689655172425 7.9135057471264378 7.9827586206896557
decision_type=2 2 2 2 2
left_child=3 2 -2 -1 -5
right_child=1 -3 -4 4 -6
leaf_value=-0.21819106884781464 -0.063080254773007827 0.20677964616851058 0.19416243320059903 -0.21905826341501233 -0.22390174046327455
leaf_weight=3.5735977231524867 20.736341309268031 18.913758688606322 6.9540823940187684 4.5485871215350926 1.6872082957997916
leaf_count=76 221 79 44 96 43
internal_value=0 0.0848239 0.00152283 -0.219575 -0.220369
internal_weight=0 46.6042 27.6904 9.80939 6.2358
internal_count=559 344 265 215 139
is_linear=0
shrinkage=0.243386


Tree=64
num_leaves=4
num_cat=0
split_feature=5 8 12
split_gain=24.959 0.660338 0.0452345
threshold=5.0821839080459776 7.1408045977011509 9.5759060405981007
decision_type=2 2 2
left_child=1 -1 -3
right_child=-2 2 -4
leaf_value=-0.042820774015831356 0.23056266394148628 -0.17631546597420811 -0.22246745748544627
leaf_weight=1.3696203911677063 13.737278737127779 1.3713242127560104 15.222759640775619
leaf_count=26 32 49 452
internal_value=0 -0.205247 -0.218653
internal_weight=0 17.9637 16.5941
internal_count=559 527 501
is_linear=0
shrinkage=0.243386


Tree=65
num_leaves=5
num_cat=0
split_feature=4 7 9 8
split_gain=21.5929 0.000195296 0.000158747 4.00294e-06
threshold=1.0000000180025095e-35 7.9189655172413795 3.3867647058823533 9.0463772012367283
decision_type=2 2 2 2
left_child=-1 3 -3 -2
right_child=1 2 -4 -5
leaf_value=0.23035463012610269 -0.21827549512435387 -0.21918759485941378 -0.22093692340697918 -0.21773230761187407
leaf_weight=10.615821272134783 1.6089932215400033 5.6833999427035433 6.6902965633198619 1.6056330413557587
leaf_count=24 43 246 207 39
internal_value=0 -0.219694 -0.220133 -0.218004
internal_weight=0 15.5883 12.3737 3.21463
internal_count=559 535 453 82
is_linear=0
shrinkage=0.243386


Tree=66
num_leaves=7
num_cat=0
split_feature=9 6 9 9 6 6
split_gain=11.5839 11.778 6.49299 0.271356 0.250998 0.0665956
threshold=3.6782773109243698 184.02328907352901 2.8623109243697482 3.3214285714285721 155.01867274723674 171.76912829079157
decision_type=2 2 2 2 2 2
left_child=1 2 -1 -3 -2 -6
right_child=4 3 -4 -5 5 -7
leaf_value=0.24314676113475361 -0.16060397354114916 -0.232911603253903 0.049835843539912848 -0.14288444662813199 -0.26767969270171749 -0.2209042060566436
leaf_weight=14.443816065788267 3.2624136856757087 5.6453891256824118 35.811680817976594 3.0573571007698774 3.2613084204494953 4.0322472713887691
leaf_count=52 54 74 226 49 25 79
internal_value=0 0.0601264 0.105395 -0.201284 -0.216719 -0.24182
internal_weight=0 58.9582 50.2555 8.70275 10.556 7.29356
internal_count=559 401 278 123 158 104
is_linear=0
shrinkage=0.243386


Tree=67
num_leaves=8
num_cat=0
split_feature=12 6 8 9 6 6 7
split_gain=10.0274 11.0241 1.10032 0.378372 0.000441544 0.00029139 1.3464e-05
threshold=11.893211805432289 186.90673329167706 15.499929363565728 3.5217226890756304 146.03623903419813 177.17655344941269 7.9057471264367827
decision_type=2 2 2 2 2 2 2
left_child=4 2 -2 -3 6 -6 -1
right_child=1 3 -4 -5 5 -7 -8
leaf_value=-0.21798028143368031 0.088555223792579796 -0.18630106943887897 0.21554283326403792 -0.31907175661780141 -0.22257306882443276 -0.21894301126076232 -0.21887109465503371
leaf_weight=1.8433587928302566 7.0450138105079594 2.7654184410348526 9.4820793978869897 2.3535897731781006 5.2140871132723987 1.7493869629688559 2.2100377632305026
leaf_count=43 63 55 23 40 177 82 76
internal_value=0 0.0647462 0.161412 -0.247346 -0.220486 -0.221661 -0.218466
internal_weight=0 21.6461 16.5271 5.11901 11.0169 6.96347 4.0534
internal_count=559 181 86 95 378 259 119
is_linear=0
shrinkage=0.243386


Tree=68
num_leaves=6
num_cat=0
split_feature=11 9 7 7 6
split_gain=15.3092 7.24725 1.17457 0.000213668 0.000232434
threshold=46.623563218390807 3.579705882352942 8.0037356321839095 7.9057471264367827 177.01708605062635
decision_type=2 2 2 2 2
left_child=3 2 -2 -1 -5
right_child=1 -3 -4 4 -6
leaf_value=-0.2182987405790846 0.10318155266023926 -0.12219780200936473 0.22205514505782287 -0.22147951157093834 -0.21858144509145766
leaf_weight=2.0913019967265418 8.6846650093793922 6.6754804933443657 11.369998614769427 9.4167419737204892 1.984914292115717
leaf_count=44 47 72 57 254 85
internal_value=0 0.0974606 0.170577 -0.22056 -0.220975
internal_weight=0 26.7301 20.0547 13.493 11.4017
internal_count=559 176 104 383 339
is_linear=0
shrinkage=0.243386


Tree=69
num_leaves=7
num_cat=0
split_feature=12 7 9 8 9 7
split_gain=16.7443 5.76744 2.62725 0.000280846 0.000270554 1.47128e-05
threshold=12.898030559702521 7.9681034482758628 3.4014285714285717 9.795977011494255 3.9132352941176474 7.9022988505747138
decision_type=2 2 2 2 2 2
left_child=3 -2 -3 5 -5 -1
right_child=1 2 -4 4 -6 -7
leaf_value=-0.21830853909630651 0.20582153048781582 -0.17703161606594384 0.080399794147847981 -0.22065953689839726 -0.22402682409028918 -0.21925611550804819
leaf_weight=1.8026759782806032 15.787392824888231 4.2299417192116362 5.2793992822989821 7.8064726232551021 1.7259733211249111 2.102966669946909
leaf_count=38 67 41 59 275 34 45
internal_value=0 0.115628 -0.0341108 -0.220557 -0.221269 -0.218819
internal_weight=0 25.2967 9.50934 13.4381 9.53245 3.90564
internal_count=559 167 100 392 309 83
is_linear=0
shrinkage=0.243386


Tree=70
num_leaves=6
num_cat=0
split_feature=6 5 9 6 8
split_gain=19.1546 4.03162 0.000185417 0.000308671 7.06614e-05
threshold=130.36460905358723 4.6039080459770121 3.2753361344537821 168.52626518221641 8.3178962844159319
decision_type=2 2 2 2 2
left_child=1 -1 4 -4 -2
right_child=2 -3 3 -5 -6
leaf_value=0.22393387876860824 -0.21816772498756476 0.015121040850121729 -0.22342998125988808 -0.22034220499694343 -0.22003528310490822
leaf_weight=12.724806487560274 1.6752160377800454 9.616355834528802 2.7188308257609588 6.5089307925663888 4.2316906270571053
leaf_count=47 30 58 70 176 178
internal_value=0 0.134054 -0.22057 -0.221252 -0.219506
internal_weight=0 22.3412 15.1347 9.22776 5.90691
internal_count=559 105 454 246 208
is_linear=0
shrinkage=0.243386


Tree=71
num_leaves=8
num_cat=0
split_feature=6 9 11 7 7 6 7
split_gain=7.48301 4.9496 5.23749 3.19579 9.90574e-05 5.83365e-05 8.34935e-06
threshold=175.55639645324339 3.5724789915966393 44.175287356321846 8.0761494252873565 8.0451149425287376 185.51148389561538 7.9422413793103459
decision_type=2 2 2 2 2 2 2
left_child=1 2 -1 -3 6 -6 -2
right_child=4 3 -4 -5 5 -7 -8
leaf_value=0.23683032685702585 -0.21777772862138198 0.03256695644979845 -0.088025143072084838 0.27786953170174272 -0.22142297531723509 -0.21944057079981039 -0.21859030734248933
leaf_weight=3.6666721068322721 1.1978104994632297 5.4960121391341072 14.832451047375796 7.3578319754451513 1.3277950207702818 2.6033824500627816 1.9993500430136917
leaf_count=43 46 77 166 39 45 73 70
internal_value=0 0.0569725 -0.0236362 0.172984 -0.219292 -0.22011 -0.218286
internal_weight=0 31.353 18.4991 12.8538 7.12834 3.93118 3.19716
internal_count=559 325 209 116 234 118 116
is_linear=0
shrinkage=0.243386


Tree=72
num_leaves=7
num_cat=0
split_feature=5 6 9 8 5 8
split_gain=10.2194 6.19406 4.2401 1.45165 0.599018 0.000637532
threshold=4.5127873563218399 165.00187963228265 3.1913025210084043 17.174801587301591 4.4156034482758626 9.3631154076141154
decision_type=2 2 2 2 2 2
left_child=4 3 -3 -2 5 -1
right_child=1 2 -4 -5 -6 -7
leaf_value=-0.21850821852589139 -0.22331036113204444 -0.0057016461839213724 0.19597572655057741 0.03650955313565999 -0.10372701975268435 -0.22289528841049078
leaf_weight=3.4864917888771725 4.1714549711905411 9.2707108110189456 18.494275536388159 1.83379031997174 3.8162820958532393 4.4881184580735862
leaf_count=110 114 62 70 37 66 100
internal_value=0 0.0801591 0.128636 -0.143971 -0.183028 -0.220977
internal_weight=0 33.7702 27.765 6.00525 11.7909 7.97461
internal_count=559 283 132 151 276 210
is_linear=0
shrinkage=0.243386


Tree=73
num_leaves=5
num_cat=0
split_feature=5 9 7 8
split_gain=17.0723 0.000110378 0.000164505 4.76398e-05
threshold=4.9479022988505763 3.4202941176470589 7.9135057471264378 8.2471264367816115
decision_type=2 2 2 2
left_child=1 3 -3 -1
right_child=-2 2 -4 -5
leaf_value=-0.21758781599109528 0.20762437961787206 -0.21760288714034209 -0.2207342907189942 -0.21909029491818013
leaf_weight=1.7866753954440371 10.204719036817549 1.2429445860907433 4.9574975848663598 4.1625231101643294
leaf_count=48 39 41 188 243
internal_value=0 -0.219388 -0.220107 -0.218639
internal_weight=0 12.1496 6.20044 5.9492
internal_count=559 520 229 291
is_linear=0
shrinkage=0.243386


Tree=74
num_leaves=4
num_cat=0
split_feature=4 7 9
split_gain=18.777 7.38817e-05 0.000115749
threshold=1.0000000180025095e-35 7.9135057471264378 3.4362184873949584
decision_type=2 2 2
left_child=-1 -2 -3
right_child=1 2 -4
leaf_value=0.22786480810731113 -0.21756578664495105 -0.21857460516238586 -0.2202648286621009
leaf_weight=11.098534099757673 1.546172447502612 5.0472510429099184 4.576017567422241
leaf_count=29 63 278 189
internal_value=0 -0.219127 -0.219378
internal_weight=0 11.1694 9.62327
internal_count=559 530 467
is_linear=0
shrinkage=0.243386


Tree=75
num_leaves=7
num_cat=0
split_feature=12 6 5 9 6 8
split_gain=8.15794 8.2383 7.85659 0.00991486 0.00205508 0.000134556
threshold=12.410366585951619 140.46021334470845 4.7440229885057486 3.3434873949579837 169.11773768427648 9.2881868314397753
decision_type=2 2 2 2 2 2
left_child=1 3 -3 -1 -2 -6
right_child=4 2 -4 -5 5 -7
leaf_value=-0.24179332580821614 -0.22940366578730886 0.12648230839041841 -0.13112052267854024 -0.22095269654577981 -0.21864306595417568 -0.22096440390848754
leaf_weight=2.1893932502716771 1.6152323093265284 38.95843115542084 8.5530474693514389 3.5365314621012658 3.4730525782797486 2.5764767318032682
leaf_count=31 20 195 56 82 106 69
internal_value=0 0.0468709 0.0801085 -0.228921 -0.221691 -0.219632
internal_weight=0 53.2374 47.5115 5.72592 7.66476 6.04953
internal_count=559 364 251 113 195 175
is_linear=0
shrinkage=0.243386


Tree=76
num_leaves=6
num_cat=0
split_feature=11 8 9 12 6
split_gain=8.67138 9.88311 0.620095 0.00037361 0.000127416
threshold=46.39942528735633 13.224793388429754 3.7637815126050427 11.540178694155292 146.03623903419813
decision_type=2 2 2 2 2
left_child=3 2 -2 4 -1
right_child=1 -3 -4 -5 -6
leaf_value=-0.21807050204812573 -0.23166708899662697 0.18061899601877482 -0.053141508817615452 -0.22460205639980271 -0.22026075950737489
leaf_weight=2.4343497909139868 4.4928547446616021 15.638456076383589 1.5501759387552736 0.96401220839470614 4.4483596235513687
leaf_count=112 107 61 35 25 219
internal_value=0 0.0784714 -0.185871 -0.220115 -0.219486
internal_weight=0 21.6815 6.04303 7.84672 6.88271
internal_count=559 203 142 356 331
is_linear=0
shrinkage=0.243386


Tree=77
num_leaves=6
num_cat=0
split_feature=12 9 8 6 6
split_gain=11.6251 3.75118 4.14331 8.15504e-05 0.000102647
threshold=12.410366585951619 3.139117647058824 8.129310344827589 177.17655344941269 146.03623903419813
decision_type=2 2 2 2 2
left_child=3 -2 -3 4 -1
right_child=1 2 -4 -5 -6
leaf_value=-0.21913627462840043 0.18270877981880282 0.10693774324847381 -0.18015245782971215 -0.21778091103550481 -0.22088714373988955
leaf_weight=3.9255930525250715 14.651564894244077 8.1962997913360578 4.6771042691543689 1.0956849097274242 4.0092345476150513
leaf_count=121 60 47 88 67 176
internal_value=0 0.0984877 0.00263349 -0.219749 -0.220021
internal_weight=0 27.525 12.8734 9.03051 7.93483
internal_count=559 195 135 364 297
is_linear=0
shrinkage=0.243386


Tree=78
num_leaves=6
num_cat=0
split_feature=12 8 7 7 10
split_gain=7.55378 6.48378 2.88404 1.17985 0.105328
threshold=13.744218584645191 8.129310344827589 8.0290229885057496 7.879597701149426 989.50000000000011
decision_type=2 2 2 2 2
left_child=3 -2 -3 -1 -5
right_child=1 2 -4 4 -6
leaf_value=0.0013826329056411512 -0.1884865135926177 0.24900332408386802 0.021731490748111208 -0.22081673736894808 -0.14460651108761824
leaf_weight=1.7689032261259878 4.5986638180911568 7.3389701917767507 6.0210557691752911 9.9418073999695462 1.2043991093523789
leaf_count=32 64 34 56 335 38
internal_value=0 0.0607777 0.146577 -0.183276 -0.212582
internal_weight=0 17.9587 13.36 12.9151 11.1462
internal_count=559 154 90 405 373
is_linear=0
shrinkage=0.243386


Tree=79
num_leaves=6
num_cat=0
split_feature=6 7 9 6 8
split_gain=11.2764 4.67752 0.00015239 0.000117888 2.83747e-05
threshold=130.36460905358723 7.9454022988505759 3.1318907563025213 163.82677743995302 8.2471264367816115
decision_type=2 2 2 2 2
left_child=1 -1 4 -4 -2
right_child=2 -3 3 -5 -6
leaf_value=0.20607840912519504 -0.21765940598320016 -0.07559180897528929 -0.22187952691414092 -0.2197664101226407 -0.21903162729501888
leaf_weight=9.3667033128440398 1.5615093708038315 5.5687223114073268 2.1588192419148982 5.6753152848687023 2.0838893558830023
leaf_count=44 37 59 79 222 118
internal_value=0 0.101057 -0.219744 -0.220349 -0.218444
internal_weight=0 14.9354 11.4795 7.83413 3.6454
internal_count=559 103 456 301 155
is_linear=0
shrinkage=0.243386


Tree=80
num_leaves=7
num_cat=0
split_feature=11 12 10 7 13 11
split_gain=6.41267 3.87704 3.56174 2.44451 0.218489 0.0427467
threshold=45.816091954022994 10.024368186444184 939.50000000000011 8.1290229885057474 2016.5000000000002 46.623563218390807
decision_type=2 2 2 2 2 2
left_child=1 3 -3 -1 -2 -6
right_child=4 2 -4 -5 5 -7
leaf_value=-0.12046518895208183 -0.11032430979332293 0.1892922402877168 -0.067478192077559992 0.11307302479266418 -0.27207708004974474 -0.21833423768191085
leaf_weight=8.0672589121386427 1.0913969071116287 14.696053114021199 4.0908913814928374 3.9574418216943732 1.1338045382872222 3.8661898444406688
leaf_count=92 35 159 58 29 19 167
internal_value=0 0.0643088 0.13338 -0.0436056 -0.208985 -0.230521
internal_weight=0 30.8116 18.7869 12.0247 6.09139 4.99999
internal_count=559 338 217 121 221 186
is_linear=0
shrinkage=0.243386


Tree=81
num_leaves=7
num_cat=0
split_feature=11 6 9 8 15 5
split_gain=6.9751 6.99002 2.88169 1.35345 1.11102 0.304709
threshold=45.991379310344833 165.00187963228265 3.1913025210084043 17.174801587301591 86.000000000000014 4.5414080459770121
decision_type=2 2 2 2 2 2
left_child=1 3 -3 -1 -2 -6
right_child=4 2 -4 -5 5 -7
leaf_value=-0.2223224657007718 -0.037964749786361829 0.017544868821241403 0.18719139126512285 0.017227969204028481 -0.21946699720647692 -0.3530171269933684
leaf_weight=4.8638907249551258 1.9475196986459185 9.4545366652309912 15.916334070265291 1.9602041095495222 4.1797110944753513 1.3353338763117788
leaf_count=167 39 66 71 50 155 11
internal_value=0 0.0651561 0.123972 -0.153512 -0.195997 -0.251803
internal_weight=0 32.195 25.3709 6.82409 7.46256 5.51504
internal_count=559 354 137 217 205 166
is_linear=0
shrinkage=0.243386


Tree=82
num_leaves=4
num_cat=0
split_feature=5 7 9
split_gain=11.3339 7.49294e-05 9.46179e-05
threshold=4.9479022988505763 7.9135057471264378 3.37827731092437
decision_type=2 2 2
left_child=1 -1 -3
right_child=-2 2 -4
leaf_value=-0.2171985165720994 0.19086569695007152 -0.21819105607848013 -0.21992114537723478
leaf_weight=1.4661340944003329 7.2174955010414115 3.5613144051749259 3.9487689253874123
leaf_count=73 35 253 198
internal_value=0 -0.21879 -0.219101
internal_weight=0 8.97622 7.51008
internal_count=559 524 451
is_linear=0
shrinkage=0.243386


Tree=83
num_leaves=5
num_cat=0
split_feature=4 7 9 8
split_gain=13.8728 5.61179e-05 6.33556e-05 8.0692e-07
threshold=1.0000000180025095e-35 7.9189655172413795 3.4014285714285717 9.0778021393927322
decision_type=2 2 2 2
left_child=-1 3 -3 -2
right_child=1 2 -4 -5
leaf_value=0.22574370414279077 -0.21733281932633094 -0.21806937540946511 -0.21954561416911286 -0.21695883712523015
leaf_weight=8.3664906919002551 0.69405370834283331 3.2357713638339192 3.6814012143295258 0.67329634912312031
leaf_count=27 44 255 197 36
internal_value=0 -0.218573 -0.218855 -0.217149
internal_weight=0 8.28452 6.91717 1.36735
internal_count=559 532 452 80
is_linear=0
shrinkage=0.243386


Tree=84
num_leaves=6
num_cat=0
split_feature=9 10 8 5 12
split_gain=6.85303 4.13229 4.1966 4.14867 0.793871
threshold=2.8623109243697482 939.50000000000011 16.842747445825474 4.5610344827586218 10.416227271105855
decision_type=2 2 2 2 2
left_child=4 3 -3 -2 -1
right_child=1 2 -4 -5 -6
leaf_value=0.23398242222161436 0.019955935568024975 -0.040902402369166195 0.2656917701442319 -0.16033184703078049 0.10972379011290363
leaf_weight=6.1119123287498933 13.49536348343827 5.9906218650285137 4.7348366342484951 17.193375250324607 6.0710429446771741
leaf_count=30 202 98 34 143 52
internal_value=0 -0.0356003 0.094446 -0.0810503 0.172062
internal_weight=0 41.4142 10.7255 30.6887 12.183
internal_count=559 477 132 345 82
is_linear=0
shrinkage=0.243386


Tree=85
num_leaves=6
num_cat=0
split_feature=5 8 6 11 11
split_gain=6.22764 6.67661 4.28007 0.812006 0.0951655
threshold=4.3856609195402312 14.883574879227053 184.95039325515202 48.367816091954033 46.074712643678168
decision_type=2 2 2 2 2
left_child=1 2 -1 4 -2
right_child=3 -3 -4 -5 -6
leaf_value=0.079394128012254719 -0.21926898366115949 0.22425775447697088 -0.28961396987950105 0.033679972491153551 -0.31449038665621321
leaf_weight=4.0681942258961561 5.2548887884477145 8.6506927642039937 3.4333586026914418 0.77909410372376431 0.70515975821763266
leaf_count=52 341 39 96 16 15
internal_value=0 0.0785418 -0.0894959 -0.19999 -0.230535
internal_weight=0 16.1522 7.50155 6.73914 5.96005
internal_count=559 187 148 372 356
is_linear=0
shrinkage=0.243386


Tree=86
num_leaves=6
num_cat=0
split_feature=11 9 8 7 6
split_gain=7.15338 3.03475 2.1961 5.34402e-05 5.11782e-05
threshold=46.623563218390807 2.9695798319327738 7.9452361969304368 7.924425287356323 177.01708605062635
decision_type=2 2 2 2 2
left_child=3 -2 -3 -1 -5
right_child=1 2 -4 4 -6
leaf_value=-0.21726786412321655 0.23032276091499995 0.080382535277959105 -0.11225637302480712 -0.21962235830069221 -0.21757010470385441
leaf_weight=0.88313273363746958 5.4664857983589199 11.369304902851583 5.0682495646178713 4.6800282783806324 0.85063391854055215
leaf_count=42 35 57 100 253 72
internal_value=0 0.0732288 0.0209855 -0.219026 -0.219307
internal_weight=0 21.904 16.4376 6.41379 5.53066
internal_count=559 192 157 367 325
is_linear=0
shrinkage=0.243386


Tree=87
num_leaves=6
num_cat=0
split_feature=6 8 7 7 9
split_gain=6.98447 5.0979 2.38608 0.396222 0.000275678
threshold=181.36916626714137 7.9452361969304368 8.0479885057471279 7.932471264367817 3.5362184873949585
decision_type=2 2 2 2 2
left_child=3 -2 -3 -1 -5
right_child=1 2 -4 4 -6
leaf_value=-0.10485312180104146 -0.22090615922029874 0.22635664828982516 0.0074771547507147653 -0.2188382315610744 -0.22185637636095024
leaf_weight=2.3338808584958333 2.8320219088345757 7.5660166798625124 4.8360883232671767 3.7773784080054611 3.4120802003890276
leaf_count=55 60 58 75 218 93
internal_value=0 0.0737271 0.141007 -0.191985 -0.220271
internal_weight=0 15.2341 12.4021 9.52334 7.18946
internal_count=559 193 133 366 311
is_linear=0
shrinkage=0.243386


Tree=88
num_leaves=6
num_cat=0
split_feature=6 7 9 6 8
split_gain=8.63241 2.98936 7.65249e-05 9.08992e-05 2.19986e-05
threshold=130.36460905358723 7.8727011494252883 3.2753361344537821 165.00187963228265 8.3554865009355801
decision_type=2 2 2 2 2
left_child=1 -1 4 -4 -2
right_child=2 -3 3 -5 -6
leaf_value=0.22467320785599004 -0.21724477979887377 -0.008358902828390781 -0.22143684843994477 -0.21908000400124783 -0.21860240851261226
leaf_weight=5.9517779201269168 1.0285241235978886 7.2125997971743345 1.3037728569470344 3.7793765610549599 2.2617091878782958
leaf_count=28 39 71 54 188 179
internal_value=0 0.0969978 -0.219093 -0.219685 -0.218178
internal_weight=0 13.1644 8.37338 5.08315 3.29023
internal_count=559 99 460 242 218
is_linear=0
shrinkage=0.243386


Tree=89
num_leaves=6
num_cat=0
split_feature=5 9 9 7 11
split_gain=4.7754 4.02964 3.22567 2.38226 1.09243
threshold=4.5744252873563225 2.8808823529411769 3.7739075630252104 8.1158045977011515 44.583333333333336
decision_type=2 2 2 2 2
left_child=2 -2 4 -3 -1
right_child=1 3 -4 -5 -6
leaf_value=-0.040358377725329471 -0.16582996061013147 0.073549725985954356 0.10086721778594127 0.27744886427057341 -0.20024538332618935
leaf_weight=3.7071967548690719 2.7895536194555488 8.587998657487331 4.1221965260338029 5.6125999409705392 7.9812626617494971
leaf_count=40 43 123 74 63 216
internal_value=0 0.101604 -0.0842491 0.154138 -0.149534
internal_weight=0 16.9902 15.8107 14.2006 11.6885
internal_count=559 229 330 186 256
is_linear=0
shrinkage=0.243386


Tree=90
num_leaves=6
num_cat=0
split_feature=5 6 9 11 7
split_gain=4.3829 3.63608 3.8273 2.06566 0.601919
threshold=4.5414080459770121 181.92952511009045 3.0362184873949585 45.054597701149426 8.1048850574712663
decision_type=2 2 2 2 2
left_child=3 2 -2 -1 -5
right_child=1 -3 -4 4 -6
leaf_value=-0.0098206995198785729 -0.20107064795415142 0.21649231128241891 0.064952757734361918 -0.20546963264347048 -0.41743992891417198
leaf_weight=3.777340298984198 4.1039022679906401 6.6185796037316313 14.604067907668648 3.4731773174135014 1.0285666722338644
leaf_count=78 58 44 165 171 43
internal_value=0 0.0614482 0.00659613 -0.142539 -0.253901
internal_weight=0 25.3265 18.708 8.27908 4.50174
internal_count=559 267 223 292 214
is_linear=0
shrinkage=0.243386


Tree=91
num_leaves=4
num_cat=0
split_feature=5 6 5
split_gain=8.68779 0.693136 0.00946868
threshold=5.1450000000000005 117.99437476732167 4.9479022988505763
decision_type=2 2 2
left_child=1 -1 -3
right_child=-2 2 -4
leaf_value=-0.015404293928027966 0.22174285435734353 -0.21851184814987071 -0.25049557224485658
leaf_weight=1.1373424893245099 5.0455158874392509 5.8268915720982477 0.60525977984070767
leaf_count=50 31 473 5
internal_value=0 -0.190552 -0.221521
internal_weight=0 7.56949 6.43215
internal_count=559 528 478
is_linear=0
shrinkage=0.243386


Tree=92
num_leaves=5
num_cat=0
split_feature=4 7 9 5
split_gain=9.25412 3.63525e-05 3.73759e-05 1.82802e-07
threshold=1.0000000180025095e-35 7.9135057471264378 3.288403361344538 4.459712643678162
decision_type=2 2 2 2
left_child=-1 3 -3 -2
right_child=1 2 -4 -5
leaf_value=0.22316457298616543 -0.21683604714742263 -0.21767876466837491 -0.21903652572420482 -0.21703563009542734
leaf_weight=5.2530262283980846 0.57658379944041349 2.0309535480337217 2.9388035989832133 0.51435700233560055
leaf_count=24 47 219 235 34
internal_value=0 -0.218202 -0.218482 -0.21693
internal_weight=0 6.0607 4.96976 1.09094
internal_count=559 535 454 81
is_linear=0
shrinkage=0.243386


Tree=93
num_leaves=7
num_cat=0
split_feature=9 12 5 13 11 6
split_gain=5.26929 4.41889 3.791 1.20987 0.510882 0.0174092
threshold=3.6782773109243698 11.606783250712548 4.7440229885057486 2017.5000000000002 44.468390804597711 164.55530307951207
decision_type=2 2 2 2 2 2
left_child=1 2 -1 -3 -2 -6
right_child=4 3 -4 -5 5 -7
leaf_value=0.11175333855471559 -0.066911591816290236 0.014946001343370961 -0.087056478333863388 -0.22418033407501026 -0.25573783512689563 -0.22594621515464516
leaf_weight=29.604222971014678 1.2885715111624438 1.7917393101379264 7.0309504857286802 4.171230531996116 2.2073239517631009 2.4534132732078433
leaf_count=195 37 35 65 100 40 87
internal_value=0 0.0419725 0.0735981 -0.152328 -0.202554 -0.240056
internal_weight=0 42.5981 36.6352 5.96297 5.94931 4.66074
internal_count=559 395 260 135 164 127
is_linear=0
shrinkage=0.243386


Tree=94
num_leaves=6
num_cat=0
split_feature=12 8 7 5 9
split_gain=4.32013 5.63614 2.76402 0.000438586 5.86987e-05
threshold=11.893211805432289 14.883574879227053 8.2310344827586217 4.3744827586206911 3.9550840336134461
decision_type=2 2 2 2 2
left_child=3 2 -2 -1 -5
right_child=1 -3 -4 4 -6
leaf_value=-0.22669803571332703 -0.022972320037155696 0.20149341174685031 -0.41038846661065942 -0.21818453774655178 -0.22038717224268059
leaf_weight=0.44804830662906425 4.1301341478247178 7.0573146715760231 1.4824277469888327 3.1904479003278539 0.92433575750328589
leaf_count=14 136 39 13 303 54
internal_value=0 0.0567292 -0.125299 -0.219467 -0.218679
internal_weight=0 12.6699 5.61256 4.56283 4.11478
internal_count=559 188 149 371 357
is_linear=0
shrinkage=0.243386


Tree=95
num_leaves=6
num_cat=0
split_feature=11 8 7 7 9
split_gain=4.80326 1.96645 2.08223 2.81976e-05 2.95789e-05
threshold=46.623563218390807 7.9971264367816106 8.0795977011494262 7.9057471264367827 4.0044117647058828
decision_type=2 2 2 2 2
left_child=3 -2 -3 -1 -5
right_child=1 2 -4 4 -6
leaf_value=-0.21713819273717105 0.11456683637216596 -0.22301494456338603 0.086607665983998813 -0.21852319943497681 -0.22035531120442492
leaf_weight=0.73162609001156198 9.9615732692182046 2.6153307280037543 2.5325204692780972 3.9294052871409804 0.60196655394975085
leaf_count=40 65 75 43 301 35
internal_value=0 0.0514476 -0.070694 -0.21854 -0.218767
internal_weight=0 15.1094 5.14785 5.263 4.53137
internal_count=559 183 118 376 336
is_linear=0
shrinkage=0.243386


Tree=96
num_leaves=7
num_cat=0
split_feature=11 7 8 6 9 7
split_gain=6.28918 2.75853 3.10152 4.4422e-05 4.22636e-05 6.5367e-06
threshold=47.445402298850581 7.9057471264367827 8.9683077536376334 146.03623903419813 3.5362184873949585 7.9057471264367827
decision_type=2 2 2 2 2 2
left_child=3 -2 -3 5 -5 -1
right_child=1 2 -4 4 -6 -7
leaf_value=-0.21731599020087231 0.23003603144595744 -0.19683345469160587 0.10509433463917783 -0.21856955499240469 -0.22023122936367659 -0.21822638381012516
leaf_weight=0.93350841675419605 4.9960407689213744 3.0162903661839646 6.0735150179825723 2.3140466194599871 1.4908639891073105 0.9352411397267133
leaf_count=40 38 69 71 189 68 84
internal_value=0 0.0847556 0.00490496 -0.218743 -0.219221 -0.217772
internal_weight=0 14.0858 9.08981 5.67366 3.80491 1.86875
internal_count=559 178 140 381 257 124
is_linear=0
shrinkage=0.243386


Tree=97
num_leaves=6
num_cat=0
split_feature=7 6 6 6 12
split_gain=6.89805 3.85062 0.557706 0.195856 0.0554744
threshold=7.948563218390805 106.02478195638939 110.61193784389985 117.22009390297683 10.55145253356309
decision_type=2 2 2 2 2
left_child=2 -2 -1 -3 -4
right_child=1 3 4 -5 -6
leaf_value=0.22309297706908224 0.31157965021848932 -0.13028201151223381 0.12702051428045757 -0.22032849720778885 0.072322705877875995
leaf_weight=3.6746143400669116 0.9610673151910295 1.8036012556403855 1.8962516421452162 6.9233780767535791 2.6103207706473768
leaf_count=25 7 25 13 422 67
internal_value=0 -0.150799 0.15272 -0.201719 0.0953382
internal_weight=0 9.68805 8.18119 8.72698 4.50657
internal_count=559 454 105 447 80
is_linear=0
shrinkage=0.243386


Tree=98
num_leaves=7
num_cat=0
split_feature=14 5 10 9 6 6
split_gain=4.45839 4.07544 2.31771 1.53952 0.059975 0.00111155
threshold=967450.00000000012 4.5744252873563225 940.50000000000011 3.9955882352941186 155.86372009539494 171.02444297061325
decision_type=2 2 2 2 2 2
left_child=1 3 -3 -1 -2 -6
right_child=4 2 -4 -5 5 -7
leaf_value=-0.10397688191975669 -0.29108373866062548 0.17437695104652812 -0.055638553121548265 0.12899066475457918 -0.22959670892742737 -0.21838841583087373
leaf_weight=9.5707017566892372 1.2824073527008288 12.548202379839493 3.2715483631473026 2.0381198849063358 1.1096042918507012 0.99334675609134127
leaf_count=194 28 140 56 38 26 77
internal_value=0 0.0464428 0.126809 -0.0630756 -0.2496 -0.224302
internal_weight=0 27.4286 15.8198 11.6088 3.38536 2.10295
internal_count=559 428 196 232 131 103
is_linear=0
shrinkage=0.243386


Tree=99
num_leaves=7
num_cat=0
split_feature=11 6 5 15 6 9
split_gain=4.62271 5.44425 4.55783 2.25929 1.96582 0.941957
threshold=45.307471264367827 166.75855747030897 4.7365517241379322 95.000000000000014 181.36916626714137 3.659411764705883
decision_type=2 2 2 2 2 2
left_child=1 5 3 -2 -3 -1
right_child=2 4 -4 -5 -6 -7
leaf_value=-0.22264633150207747 -0.025815178578109346 0.069239492542847711 0.1879940435698515 -0.32086708236994532 0.23234840226856954 0.0029321576947599235
leaf_weight=3.4821314546279636 2.2673507966101152 11.200667712837459 2.0308918117079884 4.7746938322670758 7.1846817582845679 1.6005783950677139
leaf_count=140 60 64 21 172 54 48
internal_value=0 0.0713432 -0.133229 -0.225868 0.13298 -0.15161
internal_weight=0 23.4681 9.07294 7.04204 18.3853 5.08271
internal_count=559 306 253 232 118 188
is_linear=0
shrinkage=0.243386


Tree=100
num_leaves=5
num_cat=0
split_feature=5 6 9 9
split_gain=7.00892 1.75366e-05 2.21554e-05 5.60454e-06
threshold=4.9479022988505763 163.82677743995302 3.7594117647058827 3.3956722689075636
decision_type=2 2 2 2
left_child=1 2 -1 -3
right_child=-2 3 -4 -5
leaf_value=-0.21808339781413957 0.18390174767356512 -0.2173351684552115 -0.21993961268851278 -0.21797370210304987
leaf_weight=1.3032093635993076 5.1453192681074142 1.4731837898143569 0.53821047209203232 1.8204740005312485
leaf_count=149 42 165 29 174
internal_value=0 -0.218024 -0.218626 -0.217688
internal_weight=0 5.13508 1.84142 3.29366
internal_count=559 517 178 339
is_linear=0
shrinkage=0.243386


Tree=101
num_leaves=5
num_cat=0
split_feature=4 9 7 8
split_gain=7.3626 1.30123e-05 1.41251e-05 3.64559e-06
threshold=1.0000000180025095e-35 3.5362184873949585 7.948563218390805 9.4104183373429588
decision_type=2 2 2 2
left_child=-1 3 -3 -2
right_child=1 2 -4 -5
leaf_value=0.22217214990604614 -0.21710000398611773 -0.21715845226764455 -0.21866639904225499 -0.21769337966958596
leaf_weight=4.2839667908847332 0.93084099743282456 0.48367893014801699 1.5381552823237141 1.7981557964812962
leaf_count=23 78 44 146 268
internal_value=0 -0.217838 -0.218306 -0.217491
internal_weight=0 4.75083 2.02183 2.729
internal_count=559 536 190 346
is_linear=0
shrinkage=0.243386


Tree=102
num_leaves=7
num_cat=0
split_feature=6 6 9 9 9 9
split_gain=4.43633 3.25043 2.94812 0.54028 0.00187228 5.97545e-05
threshold=186.90673329167706 142.50000000000003 3.1855042016806725 3.0867647058823535 3.2115966386554633 3.4579831932773115
decision_type=2 2 2 2 2 2
left_child=1 3 -3 -1 -2 -6
right_child=4 2 -4 -5 5 -7
leaf_value=-0.054146322628174412 -0.2298004494908287 0.12345927679127264 -0.016320225611288777 -0.22819445911647307 -0.22125695339197807 -0.21897340098213663
leaf_weight=1.6371689112856973 1.89462841360364 17.132391136139631 18.687888426706195 2.9787836450850591 1.1444561816751959 1.6682844120077787
leaf_count=15 47 131 180 93 21 72
internal_value=0 0.0257634 0.0505346 -0.166464 -0.223886 -0.219903
internal_weight=0 40.4362 35.8203 4.61595 4.70737 2.81274
internal_count=559 419 311 108 140 93
is_linear=0
shrinkage=0.243386


Tree=103
num_leaves=6
num_cat=0
split_feature=11 8 14 5 10
split_gain=4.08359 4.31399 1.40332 0.853494 0.0745314
threshold=49.020114942528743 14.450416064919883 917450.00000000012 4.3856609195402312 1025.5000000000002
decision_type=2 2 2 2 2
left_child=3 2 -2 -1 -5
right_child=1 -3 -4 4 -6
leaf_value=-0.031478129071564311 0.085103947138272518 0.22490686707245497 -0.19661834810041473 -0.20813044643619522 -0.31432885262513127
leaf_weight=2.2617719313129809 1.7184087815694491 6.557368665933609 2.6822111010551453 3.3196066940436144 0.4438018068904056
leaf_count=48 33 41 74 347 16
internal_value=0 0.0998056 -0.0866079 -0.14964 -0.220654
internal_weight=0 10.958 4.40062 6.02518 3.76341
internal_count=559 148 107 411 363
is_linear=0
shrinkage=0.243386


Tree=104
num_leaves=7
num_cat=0
split_feature=8 11 7 5 7 8
split_gain=4.34007 1.90646 1.43774 0.824891 0.000828401 4.82577e-05
threshold=12.700353825740825 49.382183908045981 8.0244252873563244 4.3260057471264375 8.2425287356321864 14.883574879227053
decision_type=2 2 2 2 2 2
left_child=1 3 -3 -1 5 -2
right_child=4 2 -4 -5 -6 -7
leaf_value=0.027284845877945368 -0.22010488891773061 0.037285176751825772 0.23335064480358639 -0.1709773955958073 -0.22915723337531654 -0.2178975098711563
leaf_weight=3.0049817292019751 0.73169544443953727 4.6002264693379384 4.273719226475805 2.1201845168834552 0.47261855308897782 2.9602455195272341
leaf_count=32 58 56 27 81 13 292
internal_value=0 0.0634528 0.131711 -0.0547325 -0.219563 -0.218335
internal_weight=0 13.9991 8.87395 5.12517 4.16456 3.69194
internal_count=559 196 83 113 363 350
is_linear=0
shrinkage=0.243386


Tree=105
num_leaves=5
num_cat=0
split_feature=7 7 8 12
split_gain=4.96137 2.03875 1.16977 0.189033
threshold=7.9454022988505759 8.2310344827586217 11.13449302134647 14.236132331182601
decision_type=2 2 2 2
left_child=3 2 -2 -1
right_child=1 -3 -4 -5
leaf_value=0.12545388963171655 -0.044660584587613628 0.083732327951841712 -0.21996908225065814 0.21089179997935817
leaf_weight=3.1000170914921936 3.6381018956890312 2.7721978151239446 5.9293026037048548 3.0366512835025787
leaf_count=50 99 26 353 31
internal_value=0 -0.100054 -0.153306 0.167732
internal_weight=0 12.3396 9.5674 6.13667
internal_count=559 478 452 81
is_linear=0
shrinkage=0.243386


Tree=106
num_leaves=4
num_cat=0
split_feature=6 7 9
split_gain=4.27024 1.25946 0.554946
threshold=116.32226564974154 7.8451149425287365 3.9955882352941186
decision_type=2 2 2
left_child=-1 -2 -3
right_child=1 2 -4
leaf_value=0.12641592149365669 0.13816813712644335 -0.22184174610880783 -0.060981663211087417
leaf_weight=5.0332898665219554 0.774952200241385 5.9654739902471192 1.614167053834535
leaf_count=54 14 429 62
internal_value=0 -0.157369 -0.187585
internal_weight=0 8.35459 7.57964
internal_count=559 505 491
is_linear=0
shrinkage=0.243386


Tree=107
num_leaves=7
num_cat=0
split_feature=6 7 9 5 6 8
split_gain=3.87276 1.54502 1.56475 0.82248 4.78534e-05 8.63736e-06
threshold=175.55639645324339 8.0531609195402307 3.1855042016806725 4.7326436781609207 180.59860997093287 9.4104183373429588
decision_type=2 2 2 2 2 2
left_child=1 3 -3 -1 -2 -6
right_child=4 2 -4 -5 5 -7
leaf_value=-0.16117872237781244 -0.22019331439029263 -0.022009109768399784 0.1267371899018026 0.033418601505447725 -0.21726215183886285 -0.21818508072998338
leaf_weight=2.6595082618296209 0.67365439748391454 5.9676357591524747 14.058321275748311 2.4923058870481327 0.84598951000953126 2.071418477629777
leaf_count=58 41 95 126 40 84 115
internal_value=0 0.0518316 0.0824115 -0.0670379 -0.218344 -0.217917
internal_weight=0 25.1778 20.026 5.15181 3.59106 2.91741
internal_count=559 319 221 98 240 199
is_linear=0
shrinkage=0.243386


Tree=108
num_leaves=5
num_cat=1
split_feature=11 0 5 7
split_gain=3.01537 2.82307 3.51143 2.53986
threshold=43.485632183908059 0 4.7622413793103453 8.0617816091954051
decision_type=2 9 2 2
left_child=-1 3 -3 -2
right_child=1 2 -4 -5
leaf_value=0.40247035171653683 -0.12925352938139464 -0.16822492719918222 0.13360450369295079 0.16641291118097079
leaf_weight=1.0975665610749299 2.1143744118162422 11.248050218273422 2.8647550384048364 9.252046510926446
leaf_count=20 95 281 50 113
internal_value=0 -0.00954066 -0.0625999 0.0592692
internal_weight=0 25.4792 14.1128 11.3664
internal_count=559 539 331 208
cat_boundaries=0 1
cat_threshold=8634400
is_linear=0
shrinkage=0.243386


Tree=109
num_leaves=4
num_cat=0
split_feature=5 6 5
split_gain=5.08843 0.698454 0.00292247
threshold=5.0821839080459776 118.46420925964948 4.9479022988505763
decision_type=2 2 2
left_child=1 -1 -3
right_child=-2 2 -4
leaf_value=0.026254440519139822 0.22007558395329047 -0.21776707742662152 -0.23641828883571883
leaf_weight=0.82138675218448032 3.1780688315629959 3.341068929061294 0.58475193753838528
leaf_count=55 29 469 6
internal_value=0 -0.177843 -0.220545
internal_weight=0 4.74721 3.92582
internal_count=559 530 475
is_linear=0
shrinkage=0.243386


Tree=110
num_leaves=4
num_cat=0
split_feature=4 7 9
split_gain=5.69818 8.49716e-06 1.12467e-05
threshold=1.0000000180025095e-35 7.924425287356323 3.4275210084033616
decision_type=2 2 2
left_child=-1 -2 -3
right_child=1 2 -4
leaf_value=0.22042218990397383 -0.21665760691166944 -0.21726301971275183 -0.21822218511752745
leaf_weight=3.6369679123163223 0.5109374116873372 1.4744119499227966 1.4230899426620451
leaf_count=27 79 266 187
internal_value=0 -0.217573 -0.217734
internal_weight=0 3.40844 2.8975
internal_count=559 532 453
is_linear=0
shrinkage=0.243386


Tree=111
num_leaves=7
num_cat=0
split_feature=6 6 8 10 9 9
split_gain=3.13842 3.51925 2.49649 0.808472 0.00676544 0.000303886
threshold=140.46021334470845 161.04138948148065 14.610289283366207 912.50000000000011 3.1086974789915973 3.4044117647058827
decision_type=2 2 2 2 2 2
left_child=4 3 -3 -2 -1 -6
right_child=1 2 -4 -5 5 -7
leaf_value=-0.24409961363236762 0.06563423410847731 -0.21306559303194139 0.0010794634072945225 0.1804288658926381 -0.22381606877005439 -0.21779433951414159
leaf_weight=1.1391548868268722 8.1156527623534185 3.9038453227258314 18.539932430023327 6.5814294293522826 0.92716305423527945 1.0685832284507339
leaf_count=16 54 162 184 41 23 79
internal_value=0 0.0244578 -0.0361687 0.11704 -0.229134 -0.220592
internal_weight=0 37.1409 22.4438 14.6971 3.1349 1.99575
internal_count=559 441 346 95 118 102
is_linear=0
shrinkage=0.243386


Tree=112
num_leaves=6
num_cat=0
split_feature=11 8 6 12 6
split_gain=2.26876 2.86263 1.83171 8.75463e-05 1.48654e-05
threshold=46.39942528735633 14.883574879227053 176.2067176782966 11.606783250712548 149.40031561097331
decision_type=2 2 2 2 2
left_child=3 2 -2 4 -1
right_child=1 -3 -4 -5 -6
leaf_value=-0.21707318512461454 0.15308512921408923 0.18083930927878866 -0.18638279355360984 -0.22220285948724972 -0.2183260956728135
leaf_weight=0.86047192779369819 1.2876765951514224 4.1595435086637735 3.5030102097662166 0.31424124853219826 1.6115337385563178
leaf_count=126 25 34 126 20 228
internal_value=0 0.0331201 -0.0951381 -0.218376 -0.21789
internal_weight=0 8.95023 4.79069 2.78625 2.47201
internal_count=559 185 151 374 354
is_linear=0
shrinkage=0.243386


Tree=113
num_leaves=7
num_cat=0
split_feature=6 9 8 11 8 12
split_gain=3.18647 1.80927 1.53695 0.905223 0.335576 9.17599e-05
threshold=177.33799176277827 3.3956722689075636 7.9281609195402307 50.169540229885065 7.9971264367816106 14.561760058894203
decision_type=2 2 2 2 2 2
left_child=4 3 -3 -2 -1 -6
right_child=1 2 -4 -5 5 -7
leaf_value=-0.077075619069594842 0.079481373392337781 0.098279788306495641 -0.20847451312327125 0.26653846545204563 -0.21792248330932051 -0.22199729599965268
leaf_weight=1.5227805522154092 3.5679652453400177 1.9766170494258406 1.8952602869831023 2.6862906608730555 2.4894490339793269 0.3769283213187008
leaf_count=42 74 23 77 21 305 17
internal_value=0 0.0788785 -0.0518746 0.159825 -0.169407 -0.218458
internal_weight=0 10.1261 3.87188 6.25426 4.38916 2.86638
internal_count=559 195 100 95 364 322
is_linear=0
shrinkage=0.243386


Tree=114
num_leaves=6
num_cat=0
split_feature=11 9 6 11 8
split_gain=3.36132 2.02949 0.671326 1.74613e-05 8.97978e-06
threshold=47.839080459770123 3.2942016806722694 184.74502866030386 45.652298850574716 9.4553351936748413
decision_type=2 2 2 2 2
left_child=3 -2 -3 4 -1
right_child=1 2 -4 -5 -6
leaf_value=-0.21714114324372677 -0.10525478647807648 0.035215472909085062 0.19238431658344562 -0.21939305445542656 -0.21807937200890298
leaf_weight=0.83781174139585513 3.0560670094564539 2.5818601516075432 4.2762558156391606 0.48398764024022956 2.1679164954693988
leaf_count=65 59 51 61 42 281
internal_value=0 0.0597064 0.133215 -0.218036 -0.217818
internal_weight=0 9.91418 6.85812 3.48972 3.00573
internal_count=559 171 112 388 346
is_linear=0
shrinkage=0.243386


Tree=115
num_leaves=4
num_cat=0
split_feature=7 7 7
split_gain=3.6862 2.55006 0.535603
threshold=7.8979885057471266 8.2747126436781624 7.9347701149425296
decision_type=2 2 2
left_child=-1 2 -2
right_child=1 -3 -4
leaf_value=0.17325880921096093 -0.0078386757491451103 0.28539539001085795 -0.19170297414774201
leaf_weight=3.9324712341185659 1.1140476483851669 0.84176346339518193 5.9562312327907421
leaf_count=63 30 21 445
internal_value=0 -0.115056 -0.162732
internal_weight=0 7.91204 7.07028
internal_count=559 496 475
is_linear=0
shrinkage=0.243386


Tree=116
num_leaves=7
num_cat=0
split_feature=14 6 6 10 6 6
split_gain=3.04771 2.02858 2.35215 1.12114 0.0355459 0.000563058
threshold=967450.00000000012 170.49706174590207 161.04138948148065 938.50000000000011 155.86372009539494 165.59640133324424
decision_type=2 2 2 2 2 2
left_child=1 2 -1 -3 -2 -6
right_child=4 3 -4 -5 5 -7
leaf_value=0.023589180043840904 -0.284223236072222 -0.22304351041988341 0.22119106666053714 0.12720566090884175 -0.22998064327088613 -0.22005331047602436
leaf_weight=16.91351841413417 0.98920250870287363 2.4226473827147852 4.5225635610986492 0.6971632030326872 0.56488640652969457 0.84424956605653279
leaf_count=181 25 146 60 51 15 81
internal_value=0 0.0385917 0.065279 -0.144776 -0.248859 -0.224033
internal_weight=0 24.5559 21.4361 3.11981 2.39834 1.40914
internal_count=559 438 241 197 121 96
is_linear=0
shrinkage=0.243386


Tree=117
num_leaves=7
num_cat=0
split_feature=6 11 5 6 6 5
split_gain=2.1451 2.52508 3.86118 2.04124 0.000540186 3.12402e-06
threshold=155.01867274723674 45.307471264367827 4.6112931034482774 181.36916626714137 146.03623903419813 4.544712643678162
decision_type=2 2 2 2 2 2
left_child=4 3 -3 -2 5 -1
right_child=1 2 -4 -5 -6 -7
leaf_value=-0.21798222514125434 0.034939779258647233 -0.28821590696503546 0.084449531934220848 0.23124514291284326 -0.22515149837753928 -0.21712223641466283
leaf_weight=0.36895209504291704 12.687563736690214 3.1618730461923397 3.4373119997326285 4.1687463633716098 0.99403840431477863 0.77752309641800821
leaf_count=43 129 182 36 45 43 81
internal_value=0 0.0335222 -0.094106 0.0834882 -0.220999 -0.217399
internal_weight=0 23.4555 6.59919 16.8563 2.14051 1.14648
internal_count=559 392 218 174 167 124
is_linear=0
shrinkage=0.243386


Tree=118
num_leaves=6
num_cat=0
split_feature=6 8 5 5 9
split_gain=3.82641 0.269974 0.404118 0.00144809 6.15744e-06
threshold=132.0553763396106 7.7155172413793105 5.2527011494252882 4.9479022988505763 3.4275210084033616
decision_type=2 2 2 2 2
left_child=1 -1 -3 4 -2
right_child=3 2 -4 -5 -6
leaf_value=0.22431893438988085 -0.21711900577245419 -0.050368466921407153 0.21997101680590048 -0.23248073179825274 -0.21790348325517386
leaf_weight=1.9510941728949549 1.1859253811417154 0.67146974953357108 0.6395159438252449 0.45649987086653698 1.1848489562980828
leaf_count=28 263 73 9 6 180
internal_value=0 0.166925 0.0815067 -0.219928 -0.217511
internal_weight=0 3.26208 1.31099 2.82727 2.37077
internal_count=559 110 82 449 443
is_linear=0
shrinkage=0.243386


Tree=119
num_leaves=5
num_cat=0
split_feature=4 9 7 8
split_gain=4.13614 3.38518e-06 3.47667e-06 6.08033e-07
threshold=1.0000000180025095e-35 3.2536134453781513 7.9422413793103459 8.3554865009355801
decision_type=2 2 2 2
left_child=-1 3 -3 -2
right_child=1 2 -4 -5
leaf_value=0.22043371728679914 -0.21656702749540191 -0.21672161196383069 -0.21768971690840114 -0.21705542644310943
leaf_weight=2.5926406271755695 0.19640793759026598 0.26022290359833267 1.4124881773022933 0.6530835519079119
leaf_count=20 37 58 247 197
internal_value=0 -0.217338 -0.217539 -0.216943
internal_weight=0 2.5222 1.67271 0.849491
internal_count=559 539 305 234
is_linear=0
shrinkage=0.243386


Tree=120
num_leaves=5
num_cat=0
split_feature=12 10 9 8
split_gain=3.41248 2.51567 3.0138 2.20362
threshold=9.2098472519112615 939.50000000000011 2.8623109243697482 16.842747445825474
decision_type=2 2 2 2
left_child=-1 2 -2 -3
right_child=1 3 -4 -5
leaf_value=0.29315289161445107 0.11478206555282944 -0.018348728044028616 -0.096735854336619478 0.23100012209413676
leaf_weight=2.1641880562528959 4.8778322506696012 4.6672794520272856 21.93180688857683 3.81607481604442
leaf_count=17 64 107 332 39
internal_value=0 -0.0216992 -0.0582516 0.0938161
internal_weight=0 35.293 26.8096 8.48335
internal_count=559 542 396 146
is_linear=0
shrinkage=0.243386


Tree=121
num_leaves=7
num_cat=0
split_feature=5 6 7 8 10 7
split_gain=2.55001 3.07045 0.691404 0.489821 0.0618308 0.0395126
threshold=4.464425287356323 184.95039325515202 8.2310344827586217 13.969458166705875 1045.0000000000002 8.1686781609195425
decision_type=2 2 2 2 2 2
left_child=1 3 -3 -1 5 -2
right_child=4 2 -4 -5 -6 -7
leaf_value=0.051124464688093244 -0.21904012041293341 -0.036536835435533668 -0.30799449106070065 0.19591463739714265 -0.32681308667126635 -0.11033527418340999
leaf_weight=1.9510946847731228 1.6598530431219853 1.0812538550235333 1.1436990152578799 4.7622014017542824 0.28985733591252927 0.2249138862825929
leaf_count=53 292 82 11 74 9 38
internal_value=0 0.0717115 -0.176075 0.153834 -0.222162 -0.206068
internal_weight=0 8.93825 2.22495 6.7133 2.17462 1.88477
internal_count=559 220 93 127 339 330
is_linear=0
shrinkage=0.243386


Tree=122
num_leaves=7
num_cat=0
split_feature=8 9 7 9 7 8
split_gain=2.55969 1.55525 0.529548 0.204039 0.000364357 2.06552e-05
threshold=12.700353825740825 3.6115966386554628 7.9652298850574725 3.7913025210084039 8.299137931034485 14.883574879227053
decision_type=2 2 2 2 2 2
left_child=1 2 -1 -3 5 -2
right_child=4 3 -4 -5 -6 -7
leaf_value=0.035653014971564936 -0.21917249536936517 -0.027538569773210723 0.17599767311650324 -0.17279810570766815 -0.22726121850467401 -0.21733883930659173
leaf_weight=2.4880935563705844 0.47448899253504517 1.0681921320501717 4.4249158459715545 1.235180015733931 0.27130396850407112 1.5613826453336512
leaf_count=50 61 25 58 69 10 286
internal_value=0 0.0677739 0.125486 -0.105434 -0.218883 -0.217766
internal_weight=0 9.21638 6.91301 2.30337 2.30718 2.03587
internal_count=559 202 108 94 357 347
is_linear=0
shrinkage=0.243386


Tree=123
num_leaves=6
num_cat=0
split_feature=6 8 8 11 12
split_gain=2.59869 1.7799 1.18569 0.0528322 0.000135687
threshold=176.78721580027999 8.129310344827589 11.773793520634497 50.87068965517242 14.561760058894203
decision_type=2 2 2 2 2
left_child=3 -2 -3 4 -1
right_child=1 2 -4 -5 -6
leaf_value=-0.21777435258458253 -0.16871038904751279 0.18142170726238349 -0.02557927068077329 -0.12104674621397045 -0.22268091210360827
leaf_weight=2.5111336088739353 1.8005489828065018 4.3148618210107088 2.6432685022009537 0.37247171066701401 0.38506513624452043
leaf_count=339 58 45 96 7 14
internal_value=0 0.0469735 0.102786 -0.20733 -0.218427
internal_weight=0 8.75868 6.95813 3.26867 2.8962
internal_count=559 199 141 360 353
is_linear=0
shrinkage=0.243386


Tree=124
num_leaves=4
num_cat=0
split_feature=6 7 9
split_gain=3.37569 0.379591 0.120618
threshold=115.47130991502867 7.9290229885057473 4.4260504201680684
decision_type=2 2 2
left_child=-1 -2 -3
right_child=1 2 -4
leaf_value=0.14625477476371176 -0.046293486205683028 -0.21890387305713957 -0.068312301425099531
leaf_weight=3.3754015536978841 1.1550266046542672 3.5057094353251164 0.34617840917780984
leaf_count=61 44 444 10
internal_value=0 -0.168673 -0.20537
internal_weight=0 5.00691 3.85189
internal_count=559 498 454
is_linear=0
shrinkage=0.243386


Tree=125
num_leaves=7
num_cat=0
split_feature=14 5 11 11 6 6
split_gain=2.15731 1.9823 1.0602 0.951796 0.0194186 0.0002703
threshold=967450.00000000012 4.5744252873563225 44.002873563218394 44.002873563218394 155.86372009539494 165.59640133324424
decision_type=2 2 2 2 2 2
left_child=1 3 -3 -1 -2 -6
right_child=4 2 -4 -5 5 -7
leaf_value=-0.24738602242067956 -0.27275513233902943 0.21316584273658151 0.050910760619698833 -0.026693794239950139 -0.22706405017294731 -0.2192662901998263
leaf_weight=1.3634774389211139 0.76150482427328725 3.0488963958341619 10.963705182773991 7.6667638356739189 0.42976236552931346 0.67995817377232015
leaf_count=20 23 40 177 208 14 77
internal_value=0 0.0289084 0.0862146 -0.0600161 -0.242825 -0.222286
internal_weight=0 23.0428 14.0126 9.03024 1.87123 1.10972
internal_count=559 445 217 228 114 91
is_linear=0
shrinkage=0.243386


Tree=126
num_leaves=7
num_cat=0
split_feature=11 9 9 6 6 8
split_gain=1.90192 2.9786 2.75531 2.40627 2.75705 0.451154
threshold=44.686781609195414 3.7478151260504204 3.4231932773109248 171.76912829079157 167.65313102601894 16.89359983848173
decision_type=2 2 2 2 2 2
left_child=3 2 -2 4 -1 -3
right_child=1 5 -4 -5 -6 -7
leaf_value=0.10285149270445799 -0.065276912207598251 0.058366746761155892 -0.40682762959938218 0.19504426655092005 -0.26024729614773667 0.24492091197119578
leaf_weight=3.2197696486255172 8.0051139717252209 1.5632084021344774 1.6954295718605852 5.3718163389712572 2.0133630596101284 1.5093417491298167
leaf_count=133 207 67 68 52 11 21
internal_value=0 -0.0588258 -0.124972 0.0806159 -0.0368449 0.150009
internal_weight=0 12.7731 9.70054 10.6049 5.23313 3.07255
internal_count=559 363 275 196 144 88
is_linear=0
shrinkage=0.243386


Tree=127
num_leaves=5
num_cat=0
split_feature=5 9 7 9
split_gain=2.94567 4.47275e-06 3.27533e-06 9.88891e-07
threshold=4.9479022988505763 3.5426470588235301 7.9652298850574725 3.0086974789915968
decision_type=2 2 2 2
left_child=1 3 -3 -1
right_child=-2 2 -4 -5
leaf_value=-0.2167118909127046 0.17304031665807673 -0.21690956357204702 -0.21799459274141433 -0.21716662585776939
leaf_weight=0.40348088837345153 2.3298300690948963 0.21749910060316313 0.68019900750368834 0.95094150930526666
leaf_count=134 38 41 121 225
internal_value=0 -0.21731 -0.217732 -0.217031
internal_weight=0 2.25212 0.897698 1.35442
internal_count=559 521 162 359
is_linear=0
shrinkage=0.243386


Tree=128
num_leaves=5
num_cat=0
split_feature=4 9 6 9
split_gain=3.59621 3.23709e-06 1.9977e-06 5.05558e-07
threshold=1.0000000180025095e-35 3.5362184873949585 146.03623903419813 3.0086974789915968
decision_type=2 2 2 2
left_child=-1 3 -3 -2
right_child=1 2 -4 -5
leaf_value=0.21953865168959041 -0.21668412875089019 -0.21684593687155687 -0.21777432192841648 -0.21702885092130136
leaf_weight=2.6277957633137703 0.36838724947301649 0.178178005182417 0.59841950100963004 0.79776167875388637
leaf_count=28 133 55 122 221
internal_value=0 -0.217176 -0.217561 -0.21692
internal_weight=0 1.94275 0.776598 1.16615
internal_count=559 531 177 354
is_linear=0
shrinkage=0.243386


Tree=129
num_leaves=6
num_cat=0
split_feature=9 12 10 11 6
split_gain=2.41831 1.8526 2.39376 0.37738 0.00567407
threshold=3.6782773109243698 9.2098472519112615 950.50000000000011 44.468390804597711 164.01969692854684
decision_type=2 2 2 2 2
left_child=1 -1 -3 -2 -5
right_child=3 2 -4 4 -6
leaf_value=0.24482494433691668 -0.05273957817254088 -0.021047269797736846 0.14644205726749715 -0.24793569410735666 -0.22461479585313696
leaf_weight=2.2006386956199995 0.9058673611725675 24.389909518038625 6.3761540651321402 1.2461523230012974 1.226046586059965
leaf_count=20 35 321 77 32 74
internal_value=0 0.029095 0.0136643 -0.187127 -0.23637
internal_weight=0 32.9667 30.7661 3.37807 2.4722
internal_count=559 418 398 141 106
is_linear=0
shrinkage=0.243386


Tree=130
num_leaves=6
num_cat=0
split_feature=12 8 7 11 5
split_gain=1.68083 1.79074 1.07704 0.000743055 1.71262e-05
threshold=11.893211805432289 14.883574879227053 8.2310344827586217 46.221264367816104 4.3744827586206911
decision_type=2 2 2 2 2
left_child=3 2 -2 4 -1
right_child=1 -3 -4 -5 -6
leaf_value=-0.21970083609122876 0.010205913698445236 0.17441591615949631 -0.28482551530241712 -0.23325473091658711 -0.21738239166915907
leaf_weight=0.21831554593518365 2.5304125337861483 3.2581610642373562 1.0318702512595335 0.20497117727063585 1.3930829591408835
leaf_count=13 128 36 12 7 363
internal_value=0 0.0440143 -0.0752545 -0.219452 -0.217696
internal_weight=0 6.82044 3.56228 1.81637 1.6114
internal_count=559 176 140 383 376
is_linear=0
shrinkage=0.243386


Tree=131
num_leaves=5
num_cat=0
split_feature=5 8 12 5
split_gain=1.65446 0.602868 0.546461 0.235209
threshold=4.2062356321839092 7.9971264367816106 14.295126480183827 4.3611206896551735
decision_type=2 2 2 2
left_child=1 -1 3 -2
right_child=2 -3 -4 -5
leaf_value=0.14227666508743866 -0.071189122851083406 -0.016063750341909284 0.0064102497803434719 -0.21776891925622949
leaf_weight=3.1334460768848658 0.88704748300369862 2.6115395585075021 1.3309827153570948 2.4112036053556949
leaf_count=37 27 73 27 395
internal_value=0 0.0702987 -0.125226 -0.178347
internal_weight=0 5.74499 4.62923 3.29825
internal_count=559 110 449 422
is_linear=0
shrinkage=0.243386


Tree=132
num_leaves=7
num_cat=0
split_feature=8 8 9 7 9 6
split_gain=1.90834 1.69415 0.713175 0.000105428 2.52146e-05 1.45636e-05
threshold=14.883574879227053 7.9452361969304368 3.2942016806722694 8.1795977011494276 3.4420168067226897 186.61043018228915
decision_type=2 2 2 2 2 2
left_child=1 4 -3 5 -1 -2
right_child=3 2 -4 -5 -6 -7
leaf_value=-0.21787091838224817 -0.2172207961619218 -0.018210782077996767 0.15023026570018327 -0.22274436100837089 -0.22007671817185265 -0.21868766691576577
leaf_weight=0.57745520636672132 1.2239781023235994 2.2785150575218722 4.2970984704443254 0.28385323664406303 0.65539359071408398 0.59624936478212465
leaf_count=45 226 62 107 31 49 39
internal_value=0 0.0427758 0.0918638 -0.218382 -0.219044 -0.217701
internal_weight=0 7.80846 6.57561 2.10408 1.23285 1.82023
internal_count=559 263 169 296 94 265
is_linear=0
shrinkage=0.243386


Tree=133
num_leaves=4
num_cat=0
split_feature=6 7 6
split_gain=2.07069 0.688648 5.82951e-05
threshold=117.99437476732167 7.9290229885057473 129.01488397888136
decision_type=2 2 2
left_child=-1 -2 -3
right_child=1 2 -4
leaf_value=0.10538240536735133 0.0033547718368932273 -0.22008904419407246 -0.21762867079055279
leaf_weight=3.3354019857943058 1.1702667246572671 0.78745533619076047 2.0700695251289289
leaf_count=63 48 24 424
internal_value=0 -0.153903 -0.218307
internal_weight=0 4.02779 2.85752
internal_count=559 496 448
is_linear=0
shrinkage=0.243386


Tree=134
num_leaves=7
num_cat=1
split_feature=11 0 10 12 9 6
split_gain=2.01634 1.6269 1.74356 1.15711 0.211978 0.0570896
threshold=45.767241379310356 0 854.50000000000011 10.261517092496167 2.9869747899159669 160.0857470461371
decision_type=2 9 2 2 2 2
left_child=1 2 -1 -3 -2 -6
right_child=4 3 -4 -5 5 -7
leaf_value=0.2375336756770903 -0.070828064012068287 -0.15706048842041964 0.045606733672582854 0.013201788918733364 -0.31868565351309486 -0.22109602561183014
leaf_weight=4.3817025630269182 0.5195582468004426 5.094070362276403 7.7864162359619513 4.4125522037502378 0.48439738247543562 1.3302209054236298
leaf_count=46 41 118 98 102 7 147
internal_value=0 0.0301776 0.0629695 -0.0380293 -0.2079 -0.247147
internal_weight=0 21.6747 12.1681 9.50662 2.33418 1.81462
internal_count=559 364 144 220 195 154
cat_boundaries=0 1
cat_threshold=21758336
is_linear=0
shrinkage=0.243386


Tree=135
num_leaves=7
num_cat=1
split_feature=0 11 11 8 5 6
split_gain=1.83987 2.57937 1.55505 1.89666 1.35371 0.344043
threshold=0 43.761494252873568 45.364942528735639 15.589252969783944 4.5127873563218399 179.64264416890325
decision_type=9 2 2 2 2 2
left_child=2 -2 3 -1 -3 -4
right_child=1 4 5 -5 -6 -7
leaf_value=-0.25585866891706199 0.41557227830380533 -0.1308402105038409 -0.19336442971043635 0.025675126768661027 0.085614633470463261 -0.4008056353090958
leaf_weight=2.0795574319781718 1.2527054871898169 2.0635069314521379 0.82595169247360889 4.4522864787140861 10.033620776492169 1.1101838679169302
leaf_count=57 24 153 32 71 173 49
internal_value=0 0.0475217 -0.0553627 -0.0639574 0.0486921 -0.312312
internal_weight=0 13.3498 8.46798 6.53184 12.0971 1.93614
internal_count=559 350 209 128 326 81
cat_boundaries=0 1
cat_threshold=1575872
is_linear=0
shrinkage=0.243386


Tree=136
num_leaves=4
num_cat=0
split_feature=5 8 6
split_gain=2.68718 0.420306 0.0720802
threshold=5.0821839080459776 6.8040329546209568 117.99437476732167
decision_type=2 2 2
left_child=1 -1 -3
right_child=-2 2 -4
leaf_value=0.21564479112766105 0.21869534860199658 -0.08470188617255929 -0.21982934593405762
leaf_weight=0.15308199485298279 1.9358035679906604 0.268722289707512 1.8014576852292519
leaf_count=4 34 40 481
internal_value=0 -0.173512 -0.202289
internal_weight=0 2.22326 2.07018
internal_count=559 525 521
is_linear=0
shrinkage=0.243386


Tree=137
num_leaves=5
num_cat=0
split_feature=4 9 6 8
split_gain=2.00787 1.63665e-06 1.4175e-06 2.84219e-07
threshold=1.0000000180025095e-35 3.5362184873949585 146.03623903419813 9.4104183373429588
decision_type=2 2 2 2
left_child=-1 3 -3 -2
right_child=1 2 -4 -5
leaf_value=0.21870354912989076 -0.2166082465247417 -0.21665717044785632 -0.21753242942824463 -0.21691132540711131
leaf_weight=1.0782371312379839 0.2631855795625595 0.14147834296454675 0.48656474165909458 0.60375205957097933
leaf_count=17 83 61 126 272
internal_value=0 -0.217036 -0.217335 -0.216819
internal_weight=0 1.49498 0.628043 0.866938
internal_count=559 542 187 355
is_linear=0
shrinkage=0.243386


Tree=138
num_leaves=6
num_cat=0
split_feature=12 11 6 14 8
split_gain=1.70761 2.20003 2.12871 0.982496 0.0810302
threshold=11.606783250712548 45.364942528735639 161.04138948148065 1065000.0000000002 15.679993678887486
decision_type=2 2 2 2 2
left_child=1 2 -1 4 -2
right_child=3 -3 -4 -5 -6
leaf_value=0.070700042113836459 -0.17837717018116106 0.17094923733914369 -0.073593141822365649 0.039956362005757563 -0.25844571270976163
leaf_weight=10.959051068915874 1.4421603443042834 4.8130289759865255 13.538202046416698 1.2088656148116568 1.5570871100062502
leaf_count=181 106 53 136 59 24
internal_value=0 0.020514 -0.00904238 -0.145283 -0.219945
internal_weight=0 29.3103 24.4973 4.20811 2.99925
internal_count=559 370 317 189 130
is_linear=0
shrinkage=0.243386


Tree=139
num_leaves=6
num_cat=0
split_feature=5 8 6 11 11
split_gain=1.74703 0.975855 1.01039 0.196993 0.000514999
threshold=4.2669827586206912 15.209042016806725 184.95039325515202 47.152298850574716 46.623563218390807
decision_type=2 2 2 2 2
left_child=1 2 -1 4 -2
right_child=3 -3 -4 -5 -6
leaf_value=0.12551187973007588 -0.21818603990404153 0.2220516240192737 -0.14481200510693892 -0.08645498761946474 -0.23172386924987226
leaf_weight=1.7603969713672998 1.3670291813323276 1.8142092269845305 1.5316837738500906 1.1336706133515688 0.18953464925289143
leaf_count=41 382 25 65 43 3
internal_value=0 0.078725 -0.000259856 -0.163628 -0.219834
internal_weight=0 5.10629 3.29208 2.69023 1.55656
internal_count=559 131 106 428 385
is_linear=0
shrinkage=0.243386


Tree=140
num_leaves=7
num_cat=0
split_feature=8 7 9 11 7 8
split_gain=1.75048 1.34585 0.561089 0.185723 0.000260462 8.54283e-06
threshold=12.700353825740825 7.9347701149425296 2.9869747899159669 49.514367816091955 8.299137931034485 14.978990990990992
decision_type=2 2 2 2 2 2
left_child=1 3 -3 -1 5 -2
right_child=4 2 -4 -5 -6 -7
leaf_value=-0.050344446805510007 -0.21849305340427838 0.2316101365911746 0.067938889185613513 -0.23164694938669225 -0.22611457972860505 -0.21710249776160306
leaf_weight=0.6207077363214919 0.37015682872151934 1.8709469167515633 3.6834092668723315 0.726358856074512 0.24954413808882225 0.89325366818229668
leaf_count=55 61 28 90 31 11 283
internal_value=0 0.0701405 0.12307 -0.148106 -0.218929 -0.21751
internal_weight=0 6.90142 5.55436 1.34707 1.51295 1.26341
internal_count=559 204 118 86 355 344
is_linear=0
shrinkage=0.243386


Tree=141
num_leaves=5
num_cat=0
split_feature=7 7 8 11
split_gain=1.6834 0.998212 0.482334 0.314549
threshold=7.9594827586206911 8.2310344827586217 11.13449302134647 49.514367816091955
decision_type=2 2 2 2
left_child=3 2 -2 -1
right_child=1 -3 -4 -5
leaf_value=0.045550081903709419 -0.046232272292819919 0.055442496495159532 -0.22235521036269373 0.20709771896152021
leaf_weight=1.2071857066766827 1.4848132656770761 2.0130879203788936 2.4261640334443655 1.7474754489958284
leaf_count=63 92 24 344 36
internal_value=0 -0.0838117 -0.15549 0.141094
internal_weight=0 5.92407 3.91098 2.95466
internal_count=559 460 436 99
is_linear=0
shrinkage=0.243386


Tree=142
num_leaves=5
num_cat=0
split_feature=6 5 7 6
split_gain=1.46662 1.73631 0.15115 1.15237e-05
threshold=125.90799695447799 4.607155172413794 7.8112068965517247 130.36460905358723
decision_type=2 2 2 2
left_child=1 -1 -2 -4
right_child=2 -3 3 -5
leaf_value=0.18340944762794759 0.0081377169935489043 -0.13113458471464895 -0.21903295212022861 -0.21735004595519145
leaf_weight=2.3307773433625698 0.19176718452945385 1.8765638400800524 0.27766010630875859 1.8267196659435283
leaf_count=40 12 52 7 448
internal_value=0 0.0431161 -0.198722 -0.217572
internal_weight=0 4.20734 2.29615 2.10438
internal_count=559 92 467 455
is_linear=0
shrinkage=0.243386


Tree=143
num_leaves=7
num_cat=0
split_feature=11 9 6 8 12 8
split_gain=1.18844 1.11829 1.37356 1.05407 0.280587 0.938489
threshold=45.732758620689665 3.1855042016806725 142.50000000000003 14.733865371269955 11.606783250712548 17.631048387096779
decision_type=2 2 2 2 2 2
left_child=1 2 -1 -3 -2 -6
right_child=4 3 -4 -5 5 -7
leaf_value=0.099999505691020313 -0.25182035599072389 -0.051019426953145472 -0.13281097098054948 0.1066711328236026 -0.21809817288069583 0.24056877165706977
leaf_weight=2.2785290175816106 1.0227371014188968 3.321177718229591 4.4002157091745175 10.293786730850114 0.87844736166880444 0.3779527461156249
leaf_count=26 22 89 124 121 170 7
internal_value=0 0.028189 -0.0533851 0.0682048 -0.157169 -0.0801211
internal_weight=0 20.2937 6.67874 13.615 2.27914 1.2564
internal_count=559 360 150 210 199 177
is_linear=0
shrinkage=0.243386


Tree=144
num_leaves=6
num_cat=0
split_feature=6 13 11 6 5
split_gain=1.37649 1.46276 2.08564 0.000433774 1.2889e-06
threshold=155.01867274723674 2015.5000000000002 44.686781609195414 146.03623903419813 4.5414080459770121
decision_type=2 2 2 2 2
left_child=3 -2 -3 4 -1
right_child=1 2 -4 -5 -6
leaf_value=-0.21756759499854475 -0.12540079940879595 0.14981277831917861 -0.029554233937842424 -0.22520463571977672 -0.21692681243060499
leaf_weight=0.29198181326501316 3.5982478053192635 6.6753668220480895 9.0413096822521748 0.78422805404989049 0.51203285646624863
leaf_count=46 60 90 244 42 77
internal_value=0 0.0145806 0.0466286 -0.221132 -0.21716
internal_weight=0 19.3149 15.7167 1.58824 0.804015
internal_count=559 394 334 165 123
is_linear=0
shrinkage=0.243386


Tree=145
num_leaves=5
num_cat=0
split_feature=8 5 5 9
split_gain=2.0737 0.122078 0.000426101 1.10882e-06
threshold=8.129310344827589 5.2040517241379325 4.9479022988505763 3.5362184873949585
decision_type=2 2 2 2
left_child=1 -1 3 -2
right_child=2 -3 -4 -5
leaf_value=0.088511819955842494 -0.21682200659389075 0.21844712976689101 -0.22813346990908764 -0.2172967210764081
leaf_weight=0.67725089195300858 0.69384670566796536 1.1653539147228 0.24653798528015602 0.50259209729847498
leaf_count=79 306 27 5 142
internal_value=0 0.170689 -0.21892 -0.217021
internal_weight=0 1.8426 1.44298 1.19644
internal_count=559 106 453 448
is_linear=0
shrinkage=0.243386


Tree=146
num_leaves=5
num_cat=0
split_feature=4 9 7 8
split_gain=1.90572 1.00427e-06 8.82481e-07 1.10968e-07
threshold=1.0000000180025095e-35 3.5362184873949585 8.0175287356321849 9.4104183373429588
decision_type=2 2 2 2
left_child=-1 3 -3 -2
right_child=1 2 -4 -5
leaf_value=0.21868026523793074 -0.2165602015866841 -0.216631482434093 -0.21736871906928859 -0.21677123827373759
leaf_weight=1.1796114016324284 0.20725930755725108 0.1329565612031729 0.34770888758066576 0.51271380466641858
leaf_count=19 78 65 117 280
internal_value=0 -0.216892 -0.217165 -0.21671
internal_weight=0 1.20064 0.480665 0.719973
internal_count=559 540 182 358
is_linear=0
shrinkage=0.243386


Tree=147
num_leaves=7
num_cat=0
split_feature=6 12 9 14 9 9
split_gain=2.01939 1.6698 1.73092 0.772907 0.00340144 8.63297e-05
threshold=140.46021334470845 11.493936774112951 2.869117647058824 1065000.0000000002 3.1086974789915973 3.4420168067226897
decision_type=2 2 2 2 2 2
left_child=4 2 -2 -3 -1 -6
right_child=1 3 -4 -5 5 -7
leaf_value=-0.23901200724095181 0.17572427347090738 -0.19273381767178877 0.0098712246653799417 0.04344529275034853 -0.22157868628150845 -0.21759546119566919
leaf_weight=0.86104826652444844 4.5098335165530505 2.995654768543317 21.488504136621486 1.1305655306787228 0.56964956480078377 0.74234401363355573
leaf_count=14 52 142 198 53 30 70
internal_value=0 0.015813 0.0386411 -0.128022 -0.227126 -0.219325
internal_weight=0 30.1246 25.9983 4.12622 2.17304 1.31199
internal_count=559 445 250 195 114 100
is_linear=0
shrinkage=0.243386


Tree=148
num_leaves=7
num_cat=0
split_feature=8 5 6 7 7 7
split_gain=1.477 1.38732 0.474869 0.0434546 3.10486e-05 5.86473e-06
threshold=11.773793520634497 4.464425287356323 176.0659839416933 8.1695402298850599 8.0376436781609204 7.9876436781609206
decision_type=2 2 2 2 2 2
left_child=4 2 -2 -3 5 -1
right_child=1 3 -4 -5 -6 -7
leaf_value=-0.21721068980162714 0.18235309415004705 -0.2341816138822404 0.021345734679460656 -0.085632453364395539 -0.22023170146670992 -0.21841569840914463
leaf_weight=0.81194899122056063 2.522840746329166 0.80258360099105619 1.9040812134044243 0.13648824553820305 0.33382653647277027 0.33920613319787662
leaf_count=120 68 228 28 36 41 38
internal_value=0 0.056104 0.113102 -0.212591 -0.218165 -0.217566
internal_weight=0 5.36599 4.42692 0.939072 1.48498 1.15116
internal_count=559 360 96 264 199 158
is_linear=0
shrinkage=0.243386


Tree=149
num_leaves=6
num_cat=0
split_feature=8 9 8 7 14
split_gain=1.40706 0.805534 0.492556 0.000131886 8.43538e-06
threshold=12.700353825740825 3.2942016806722694 7.9281609195402307 8.299137931034485 1276500.0000000002
decision_type=2 2 2 2 2
left_child=1 -1 -3 4 -2
right_child=3 2 -4 -5 -6
leaf_value=0.1348798303324529 -0.21704006891704167 0.05790528907129653 -0.14479036728927577 -0.2240897767906064 -0.21904892256771405
leaf_weight=3.7719617389375344 0.92747004868579075 1.5248436995025261 1.3292123944265766 0.20192443439736951 0.14290034939767793
leaf_count=75 308 52 77 11 36
internal_value=0 0.0610625 -0.0364957 -0.218385 -0.217308
internal_weight=0 6.62602 2.85406 1.27229 1.07037
internal_count=559 204 129 355 344
is_linear=0
shrinkage=0.243386


Tree=150
num_leaves=7
num_cat=0
split_feature=6 9 7 7 9 12
split_gain=1.45435 1.07686 1.12074 0.182944 0.0781586 8.43247e-05
threshold=176.78721580027999 3.2942016806722694 8.0048850574712667 7.932471264367817 2.7294117647058829 14.561760058894203
decision_type=2 2 2 2 2 2
left_child=4 2 -2 -3 -1 -6
right_child=1 3 -4 -5 5 -7
leaf_value=-0.049799767315665509 0.087499096872455273 0.19402277837551138 -0.26727651667913455 0.081789787467219377 -0.21735757131978922 -0.22192535166992522
leaf_weight=0.18069070630008344 1.0143269744003194 1.2844221293926241 1.0988821217324583 2.605697460268857 1.419700816273689 0.28796621866058547
leaf_count=40 33 25 58 82 307 14
internal_value=0 0.0428719 -0.0969865 0.118846 -0.202021 -0.218128
internal_weight=0 6.00333 2.11321 3.89012 1.88836 1.70767
internal_count=559 198 91 107 361 321
is_linear=0
shrinkage=0.243386


Tree=151
num_leaves=6
num_cat=0
split_feature=6 7 9 7 8
split_gain=1.57829 0.919714 2.14998e-06 1.48257e-06 1.44794e-07
threshold=130.36460905358723 7.8727011494252883 3.2753361344537821 8.0175287356321849 8.3178962844159319
decision_type=2 2 2 2 2
left_child=1 -1 4 -4 -2
right_child=2 -3 3 -5 -6
leaf_value=0.21939960131211578 -0.2165403434817379 -0.010290163015958117 -0.21694737479068985 -0.21758468884333135 -0.2168305617218749
leaf_weight=1.5785662923008201 0.13252144958823897 2.9861425515264273 0.33340769697679207 0.61518076382344589 0.43976519133138936
leaf_count=31 41 72 55 164 196
internal_value=0 0.0691411 -0.217136 -0.217361 -0.216763
internal_weight=0 4.56471 1.52088 0.948588 0.572287
internal_count=559 103 456 219 237
is_linear=0
shrinkage=0.243386


Tree=152
num_leaves=8
num_cat=1
split_feature=0 12 12 12 13 8 15
split_gain=1.20009 1.0209 3.5578 1.05642 0.937093 0.695133 0.143781
threshold=0 10.298337746940438 9.9723498182796693 10.740044892685004 2019.5000000000002 16.634848484848487 76.500000000000014
decision_type=9 2 2 2 2 2 2
left_child=1 2 -1 -3 6 -6 -2
right_child=4 3 -4 -5 5 -7 -8
leaf_value=-0.01592342430181283 -0.12130766407820438 -0.14645713640286778 0.32673026719163978 0.056304476903706595 0.075258237891725532 -0.14534413672603838 -0.23894922610442876
leaf_weight=4.3339664633967896 0.81545647524763198 2.1306370566599071 3.0639989299234003 5.3298326694057323 1.8020284622180045 1.5951040518702937 2.5087645896928734
leaf_count=69 23 47 36 139 71 33 141
internal_value=0 0.037015 0.125993 -0.00160225 -0.0475207 -0.0283243 -0.210091
internal_weight=0 14.8584 7.39797 7.46047 6.72135 3.39713 3.32422
internal_count=559 291 105 186 268 104 164
cat_boundaries=0 1
cat_threshold=30278016
is_linear=0
shrinkage=0.243386


Tree=153
num_leaves=6
num_cat=0
split_feature=12 6 12 5 12
split_gain=1.18861 1.72593 1.77132 0.886531 0.805012
threshold=11.183260878367326 181.92952511009045 10.752981114915114 4.5706609195402308 11.286645945092504
decision_type=2 2 2 2 2
left_child=1 2 -1 4 -2
right_child=3 -3 -4 -5 -6
leaf_value=-0.044195420563117309 -0.7045621635185344 0.20687201684104986 0.18734066674486785 -0.034015487607290444 -0.20456213622161321
leaf_weight=12.318210563447797 0.24321048846468263 2.6259251292794934 2.3270091314334413 1.6978160340804604 0.8842249765075394
leaf_count=260 2 46 54 32 165
internal_value=0 0.0251729 -0.00740617 -0.145116 -0.312422
internal_weight=0 17.2711 14.6452 2.82525 1.12744
internal_count=559 360 314 199 167
is_linear=0
shrinkage=0.243386


Tree=154
num_leaves=5
num_cat=0
split_feature=5 9 7 9
split_gain=1.70498 1.12937e-06 9.08092e-07 1.33975e-07
threshold=4.9479022988505763 3.5426470588235301 7.9876436781609206 2.9955882352941186
decision_type=2 2 2 2
left_child=1 3 -3 -1
right_child=-2 2 -4 -5
leaf_value=-0.21651686515433 0.17223124255614961 -0.21660579833107024 -0.21742183882797742 -0.21677163418385387
leaf_weight=0.1642625006643359 1.766538201831281 0.10794177424395457 0.32100309265661053 0.4782864335065824
leaf_count=128 47 44 109 231
internal_value=0 -0.216911 -0.217216 -0.216707
internal_weight=0 1.07149 0.428945 0.642549
internal_count=559 512 153 359
is_linear=0
shrinkage=0.243386


Tree=155
num_leaves=5
num_cat=0
split_feature=4 9 7 7
split_gain=1.77228 5.67275e-07 4.37388e-07 6.1366e-08
threshold=1.0000000180025095e-35 3.5426470588235301 8.0175287356321849 7.999712643678162
decision_type=2 2 2 2
left_child=-1 3 -3 -2
right_child=1 2 -4 -5
leaf_value=0.21859100934459547 -0.21650088520584926 -0.2165772702393178 -0.21720192576896696 -0.21669495943030304
leaf_weight=1.4984965026378634 0.12762081864639174 0.088444141947547905 0.26642757724766852 0.39593632021569647
leaf_count=23 76 58 116 286
internal_value=0 -0.216809 -0.217046 -0.216648
internal_weight=0 0.878429 0.354872 0.523557
internal_count=559 536 174 362
is_linear=0
shrinkage=0.243386


Tree=156
num_leaves=6
num_cat=0
split_feature=9 4 7 11 12
split_gain=1.4541 0.933632 1.9309 0.313459 0.00170551
threshold=3.6826050420168071 0.10500000000000002 8.0755747126436805 44.410919540229891 10.434205750222777
decision_type=2 2 2 2 2
left_child=1 2 -1 -2 -5
right_child=3 -3 -4 4 -6
leaf_value=-0.11304239821201936 -0.033388388036269451 0.10581514366300891 0.041401351133825211 -0.24182219198631552 -0.22670022873830156
leaf_weight=6.9186015266022975 0.62363920369534698 5.5035636016400522 15.624322490984921 0.86225034864037275 0.9060418427689001
leaf_count=169 34 69 180 34 73
internal_value=0 0.0159426 -0.00599866 -0.18175 -0.234074
internal_weight=0 28.0465 22.5429 2.39193 1.76829
internal_count=559 418 349 141 107
is_linear=0
shrinkage=0.243386


Tree=157
num_leaves=6
num_cat=0
split_feature=11 8 10 9 7
split_gain=0.908723 0.763484 0.532275 0.426945 0.12381
threshold=49.158045977011504 14.545842868039667 895.50000000000011 2.8623109243697482 8.0669540229885079
decision_type=2 2 2 2 2
left_child=3 2 -2 -1 -5
right_child=1 -3 -4 4 -6
leaf_value=0.09719308172282283 0.083396566103187894 0.22017816838769722 -0.17704519894259771 -0.093776120188482887 -0.22805497469260164
leaf_weight=0.39286942477338049 1.1114291713456625 1.2323378529399631 0.79902641900116567 0.61477388336788852 1.2020890465792033
leaf_count=69 44 20 52 164 210
internal_value=0 0.0708158 -0.0255303 -0.132871 -0.182619
internal_weight=0 3.14279 1.91046 2.20973 1.81686
internal_count=559 116 96 443 374
is_linear=0
shrinkage=0.243386


Tree=158
num_leaves=5
num_cat=0
split_feature=7 8 10 14
split_gain=1.03605 1.57911 0.221314 0.000906344
threshold=9.168103448275863 8.4511494252873582 908.50000000000011 3407500.0000000005
decision_type=2 2 2 2
left_child=1 2 -1 -3
right_child=-2 3 -4 -5
leaf_value=-0.0054418841417473293 0.28097651953996455 -0.2188693842125482 0.1132358638862653 -0.23585673392956513
leaf_weight=2.2201242977462248 0.62750102474819858 1.8396475633053344 1.6028060970566 0.20698461157735426
leaf_count=60 8 434 52 5
internal_value=0 -0.0480526 0.0443151 -0.220587
internal_weight=0 5.86956 3.82293 2.04663
internal_count=559 551 112 439
is_linear=0
shrinkage=0.243386


Tree=159
num_leaves=6
num_cat=0
split_feature=11 7 7 7 14
split_gain=1.03689 0.6446 0.413859 6.93692e-06 5.16311e-06
threshold=47.445402298850581 7.932471264367817 8.2310344827586217 8.2215517241379334 1478950.0000000002
decision_type=2 2 2 2 2
left_child=3 -2 -3 4 -1
right_child=1 2 -4 -5 -6
leaf_value=-0.21700937174396992 0.14609161313839686 -0.097195765730470118 0.062696883493935443 -0.21920310038659391 -0.21855811009581508
leaf_weight=0.96662782492057864 1.8763448707759378 2.2005390771664683 1.6995356408879159 0.11450059921480704 0.14688673889031634
leaf_count=364 41 94 14 13 33
internal_value=0 0.0288744 -0.0275193 -0.217399 -0.217214
internal_weight=0 5.77642 3.90007 1.22802 1.11351
internal_count=559 149 108 410 397
is_linear=0
shrinkage=0.243386


Tree=160
num_leaves=4
num_cat=0
split_feature=7 6 9
split_gain=1.21554 0.826967 0.28761
threshold=7.8979885057471266 102.19435109813089 4.3500000000000005
decision_type=2 2 2
left_child=-1 -2 -3
right_child=1 2 -4
leaf_value=0.16009911171420801 0.14228688389993235 -0.18747118549736436 0.086374814720989138
leaf_weight=1.3662677038228137 0.63364227861166034 2.6863831249793297 0.24817391298711289
leaf_count=61 9 475 14
internal_value=0 -0.109866 -0.164312
internal_weight=0 3.5682 2.93456
internal_count=559 498 489
is_linear=0
shrinkage=0.243386


Tree=161
num_leaves=7
num_cat=0
split_feature=5 6 9 7 11 11
split_gain=0.968759 0.896248 0.802818 0.684715 1.71297 0.72733
threshold=4.5744252873563225 140.46021334470845 3.4202941176470589 8.1158045977011515 45.129310344827587 44.175287356321846
decision_type=2 2 2 2 2 2
left_child=1 -1 -3 4 -2 -5
right_child=3 2 -4 5 -6 -7
leaf_value=0.094971023925078571 -0.089589805591952579 -0.19061563339937987 -0.014861992347554642 0.2134905895549041 0.16414214078823264 0.036701828946948803
leaf_weight=1.7962815638165945 4.4158515614690241 2.9994011995222536 3.1632305570819881 2.4942013825057074 2.4509227180969901 3.0818026585038751
leaf_count=57 120 139 104 25 48 66
internal_value=0 -0.0563079 -0.100403 0.0524224 0.000973444 0.115781
internal_weight=0 7.95891 6.16263 12.4428 6.86677 5.576
internal_count=559 300 243 259 168 91
is_linear=0
shrinkage=0.243386


Tree=162
num_leaves=6
num_cat=0
split_feature=6 9 11 8 10
split_gain=1.10965 1.48245 0.962065 1.72 0.00109197
threshold=166.75855747030897 3.659411764705883 44.686781609195414 15.939030866246268 817.50000000000011
decision_type=2 2 2 2 2
left_child=1 4 -2 -4 -1
right_child=2 -3 3 -5 -6
leaf_value=-0.23474112949943876 0.11319127916590938 0.067906705689361774 0.11860146515771207 -0.094358369739838924 -0.221982975917738
leaf_weight=0.50467697996646466 6.6619368698447934 1.8058600301446857 3.7810224089771491 5.5358523001195863 1.8694848538434596
leaf_count=29 69 71 152 77 161
internal_value=0 -0.0982847 0.042566 -0.00793391 -0.224695
internal_weight=0 4.18002 15.9788 9.31687 2.37416
internal_count=559 261 298 229 190
is_linear=0
shrinkage=0.243386


Tree=163
num_leaves=4
num_cat=0
split_feature=5 8 5
split_gain=1.25917 0.211761 0.000359222
threshold=5.0821839080459776 7.8933791774632924 4.9479022988505763
decision_type=2 2 2
left_child=1 -1 -3
right_child=-2 2 -4
leaf_value=0.017688217494992879 0.2179763345132483 -0.21684244809095768 -0.22790834766147977
leaf_weight=0.28769963790546194 0.83242399245500553 0.77330336789600551 0.22413992509245872
leaf_count=60 26 468 5
internal_value=0 -0.166269 -0.219329
internal_weight=0 1.28514 0.997443
internal_count=559 533 473
is_linear=0
shrinkage=0.243386


Tree=164
num_leaves=5
num_cat=0
split_feature=4 9 7 8
split_gain=1.33976 3.43158e-07 2.61528e-07 3.49745e-08
threshold=1.0000000180025095e-35 3.5362184873949585 8.0094827586206918 9.4104183373429588
decision_type=2 2 2 2
left_child=-1 3 -3 -2
right_child=1 2 -4 -5
leaf_value=0.2182409703462079 -0.21647363474973128 -0.21651116094798598 -0.2170487709395407 -0.21663504344986573
leaf_weight=1.0022698808461425 0.10821635337197233 0.068647824675281299 0.24454813964257482 0.2999082927708514
leaf_count=17 72 57 130 283
internal_value=0 -0.216739 -0.216931 -0.216592
internal_weight=0 0.721321 0.313196 0.408125
internal_count=559 542 187 355
is_linear=0
shrinkage=0.243386


Tree=165
num_leaves=5
num_cat=0
split_feature=9 12 5 8
split_gain=1.33608 1.79303 1.43004 0.898178
threshold=2.8623109243697482 9.2098472519112615 4.6307758620689663 16.045745941049407
decision_type=2 2 2 2
left_child=3 -2 -3 -1
right_child=1 2 -4 -5
leaf_value=0.22090367526520954 0.22753936031769051 0.0098949027132308413 -0.11281128838815101 0.011000856233789309
leaf_weight=2.3795045842416611 1.5519404554506788 13.10998686013045 9.8555852877179841 2.4519073693081737
leaf_count=47 26 296 153 37
internal_value=0 -0.025654 -0.042764 0.114379
internal_weight=0 24.5175 22.9656 4.83141
internal_count=559 475 449 84
is_linear=0
shrinkage=0.243386


Tree=166
num_leaves=6
num_cat=0
split_feature=8 11 12 7 7
split_gain=0.794313 0.981147 1.98908e-05 1.85228e-05 2.08266e-06
threshold=11.773793520634497 46.39942528735633 11.893211805432289 8.0376436781609204 7.9876436781609206
decision_type=2 2 2 2 2
left_child=3 2 -2 4 -1
right_child=1 -3 -4 -5 -6
leaf_value=-0.21687223251155077 -0.21745857629084711 0.091184482945623271 -0.22096275937726839 -0.21956655064777411 -0.21777563161204502
leaf_weight=0.43136920395772893 0.64060509990667958 3.1504578073509037 0.11286079324781895 0.2742105339129921 0.23271539781126194
leaf_count=114 320 58 4 28 35
internal_value=0 0.0315144 -0.217983 -0.217884 -0.217189
internal_weight=0 3.90392 0.753466 0.938295 0.664085
internal_count=559 382 324 177 149
is_linear=0
shrinkage=0.243386


Tree=167
num_leaves=7
num_cat=0
split_feature=12 8 7 5 8 9
split_gain=0.926008 0.503719 0.67415 7.78074e-07 9.07466e-07 3.74195e-07
threshold=12.821189898314591 8.3178962844159319 8.0795977011494262 4.544712643678162 12.700353825740825 4.0044117647058828
decision_type=2 2 2 2 2 2
left_child=3 -2 -3 4 -1 -5
right_child=1 2 -4 5 -6 -7
leaf_value=-0.2179523748243708 0.12156129527538585 -0.2213471807151563 0.082941348817992644 -0.21668697113458354 -0.21697925455745337 -0.217248225079752
leaf_weight=0.082948442024644353 3.3118687169626355 0.71748593903612334 1.0812751619378103 0.44994046825013356 0.17983962671132758 0.083412119289278053
leaf_count=22 64 52 42 248 100 31
internal_value=0 0.0652491 -0.0384326 -0.216944 -0.217286 -0.216775
internal_weight=0 5.11063 1.79876 0.796141 0.262788 0.533353
internal_count=559 158 94 401 122 279
is_linear=0
shrinkage=0.243386


Tree=168
num_leaves=4
num_cat=0
split_feature=7 7 8
split_gain=0.992111 0.563383 0.407255
threshold=7.8727011494252883 8.2747126436781624 11.13449302134647
decision_type=2 2 2
left_child=-1 2 -2
right_child=1 -3 -4
leaf_value=0.18981228920263132 -0.057306180604798723 0.052919732430318708 -0.22199753202485178
leaf_weight=1.0209526914404703 2.2055846031144033 1.5051451902836559 1.4905114381981546
leaf_count=46 126 19 368
internal_value=0 -0.0726041 -0.123721
internal_weight=0 5.20124 3.6961
internal_count=559 513 494
is_linear=0
shrinkage=0.243386


Tree=169
num_leaves=5
num_cat=0
split_feature=6 8 8 7
split_gain=1.17968 0.568094 0.605281 0.000616611
threshold=109.89099601531204 11.13449302134647 8.3178962844159319 7.987068965517242
decision_type=2 2 2 2
left_child=-1 2 -2 -3
right_child=1 3 -4 -5
leaf_value=0.17835469684554042 -0.21852428739911367 -0.23537870889563098 0.1096636343198466 -0.21866043934121251
leaf_weight=1.3312014956027267 0.49821291575790416 0.14799122640397389 1.003204377251677 1.1173905112445934
leaf_count=31 83 4 63 378
internal_value=0 -0.100484 0.000761557 -0.220616
internal_weight=0 2.7668 1.50142 1.26538
internal_count=559 528 146 382
is_linear=0
shrinkage=0.243386


Tree=170
num_leaves=7
num_cat=0
split_feature=11 5 5 6 6 5
split_gain=1.14613 1.109 0.706627 0.682191 0.276899 0.117999
threshold=45.732758620689665 4.5744252873563225 4.4799425287356334 165.59640133324424 146.03623903419813 4.7570689655172425
decision_type=2 2 2 2 2 2
left_child=1 2 -1 -3 -2 -6
right_child=4 3 -4 -5 5 -7
leaf_value=0.021264834719679701 0.04377130820746334 0.098581567656107844 -0.14152500097850873 -0.035282916435872523 -0.17750078303848796 -0.31871894156710084
leaf_weight=2.9485214321757729 0.27029626071452995 8.1020344091230054 3.4019528705393896 3.1248740213341071 1.1032968079816781 0.51369003526633594
leaf_count=59 10 128 67 110 180 5
internal_value=0 0.0153433 -0.0659418 0.061322 -0.184248 -0.222363
internal_weight=0 17.5774 6.35047 11.2269 1.88728 1.61699
internal_count=559 364 126 238 195 185
is_linear=0
shrinkage=0.243386


Tree=171
num_leaves=5
num_cat=0
split_feature=13 9 10 8
split_gain=1.06949 1.80498 1.16856 1.17924
threshold=2015.5000000000002 3.1913025210084043 983.50000000000011 17.87916666666667
decision_type=2 2 2 2
left_child=1 -1 3 -2
right_child=2 -3 -4 -5
leaf_value=-0.29405967921647491 0.091647762257008852 0.0537732444915065 -0.17597829683155652 -0.076654150495658824
leaf_weight=1.7680778651556495 10.257123195824532 1.7668680447386576 1.4893968465039495 3.2467426684452212
leaf_count=36 352 56 53 62
internal_value=0 -0.120203 0.0286172 0.0511828
internal_weight=0 3.53495 14.9933 13.5039
internal_count=559 92 467 414
is_linear=0
shrinkage=0.243386


Tree=172
num_leaves=5
num_cat=0
split_feature=6 5 5 9
split_gain=0.919214 0.0567099 0.000159714 5.76935e-07
threshold=125.90799695447799 5.2347413793103454 4.9479022988505763 3.5426470588235301
decision_type=2 2 2 2
left_child=1 -1 3 -2
right_child=2 -3 -4 -5
leaf_value=0.083128247503017047 -0.21657619309002846 0.21703327039890755 -0.22550507861372851 -0.21709101111518136
leaf_weight=0.31126452669559512 0.34441566281020641 0.47061538603156805 0.15998830832540989 0.20611437474144623
leaf_count=76 330 25 4 124
internal_value=0 0.163726 -0.218736 -0.216769
internal_weight=0 0.78188 0.710518 0.55053
internal_count=559 101 458 454
is_linear=0
shrinkage=0.243386


Tree=173
num_leaves=5
num_cat=0
split_feature=4 9 14 9
split_gain=1.02792 2.43408e-07 2.52622e-07 1.95708e-08
threshold=1.0000000180025095e-35 3.5362184873949585 1065000.0000000002 3.0086974789915968
decision_type=2 2 2 2
left_child=-1 3 -3 -2
right_child=1 2 -4 -5
leaf_value=0.21806299388856237 -0.21644871723327644 -0.21673899395595506 -0.2173581183634837 -0.21658678340207596
leaf_weight=0.85090541373938322 0.084043149559875019 0.16300038624831359 0.051334723670152016 0.22006560850422829
leaf_count=20 137 147 34 221
internal_value=0 -0.216689 -0.216887 -0.216549
internal_weight=0 0.518444 0.214335 0.304109
internal_count=559 539 181 358
is_linear=0
shrinkage=0.243386


Tree=174
num_leaves=7
num_cat=0
split_feature=9 13 7 12 12 8
split_gain=1.07004 2.79846 2.13574 2.1299 1.58374 1.09353
threshold=3.1913025210084043 2014.5000000000002 8.0755747126436805 10.700384762046946 9.5759060405981007 16.779894568263718
decision_type=2 2 2 2 2 2
left_child=1 -1 4 -3 -2 -4
right_child=2 3 5 -5 -6 -7
leaf_value=0.27497589679550355 0.15885673221647897 0.061346901755710129 -0.064666760174107205 -0.17503435000218098 -0.24085978109725831 0.1039309786043911
leaf_weight=2.688716905424374 0.69241773209068824 8.6473843685816956 4.3387432426679862 3.0559672392555504 3.8633380388200749 4.7999969687953126
leaf_count=34 21 106 83 85 158 72
internal_value=0 0.0510645 -0.0439762 -0.00037673 -0.180108 0.0238869
internal_weight=0 14.3921 13.6945 11.7034 4.55576 9.13874
internal_count=559 225 334 191 179 155
is_linear=0
shrinkage=0.243386


Tree=175
num_leaves=6
num_cat=0
split_feature=12 7 7 11 5
split_gain=0.538208 0.707755 0.308645 6.42604e-05 3.25417e-06
threshold=11.893211805432289 8.2310344827586217 8.0692528735632205 46.39942528735633 4.3744827586206911
decision_type=2 2 2 2 2
left_child=3 2 -2 4 -1
right_child=1 -3 -4 -5 -6
leaf_value=-0.21821113895206887 -0.044785260977805941 -0.17114652208818681 0.14667039890551747 -0.22450411849019503 -0.21682704844267439
leaf_weight=0.1289294857415374 0.71032514065882502 0.83119904941122502 1.674853438104037 0.07949849811848253 0.45833939913427457
leaf_count=18 100 15 41 5 380
internal_value=0 0.0222556 0.0896534 -0.21801 -0.217131
internal_weight=0 3.21638 2.38518 0.666767 0.587269
internal_count=559 156 141 403 398
is_linear=0
shrinkage=0.243386


Tree=176
num_leaves=6
num_cat=0
split_feature=8 11 8 7 6
split_gain=0.662455 0.317682 0.43178 2.61153e-05 1.97656e-06
threshold=12.700353825740825 50.853448275862071 8.4511494252873582 8.299137931034485 193.02523089991794
decision_type=2 2 2 2 2
left_child=1 2 -1 4 -2
right_child=3 -3 -4 -5 -6
leaf_value=0.067584085722653786 -0.21679581220990826 0.18205912265266327 -0.14023982771497043 -0.22078387662406659 -0.21826891585316879
leaf_weight=2.0736100125941457 0.47585647332743963 0.7929506527725606 0.82891939784167323 0.13201830920297652 0.060855291390907951
leaf_count=86 329 15 91 12 26
internal_value=0 0.0455311 0.00823266 -0.217717 -0.216963
internal_weight=0 3.69548 2.90253 0.66873 0.536712
internal_count=559 192 177 367 355
is_linear=0
shrinkage=0.243386


Tree=177
num_leaves=6
num_cat=0
split_feature=11 9 7 14 7
split_gain=0.737929 0.463898 0.500083 6.00486e-06 2.25043e-06
threshold=47.839080459770123 3.4710084033613451 8.0037356321839095 1478950.0000000002 8.1933908045977031
decision_type=2 2 2 2 2
left_child=3 2 -2 4 -1
right_child=1 -3 -4 -5 -6
leaf_value=-0.21683311769861799 0.076269652131128185 0.12605513423273451 -0.15580399055943675 -0.21885535455403327 -0.21824446231208552
leaf_weight=0.66095469414722163 1.0805387108121074 1.7491886795032767 1.1202743337635181 0.1166944311989937 0.074465267942287028
leaf_count=361 39 58 46 33 22
internal_value=0 0.032497 -0.0418622 -0.217233 -0.216976
internal_weight=0 3.95 2.20081 0.852114 0.73542
internal_count=559 143 85 416 383
is_linear=0
shrinkage=0.243386


Tree=178
num_leaves=7
num_cat=0
split_feature=8 12 5 6 7 6
split_gain=1.04689 0.465619 0.263647 0.151564 0.000224499 2.69027e-05
threshold=14.610289283366207 11.09354692120562 4.5797126436781612 146.03623903419813 7.987068965517242 117.99437476732167
decision_type=2 2 2 2 2 2
left_child=1 2 -1 -3 -2 -6
right_child=4 3 -4 -5 5 -7
leaf_value=0.21094719112425592 -0.22992873741198716 0.097596587822122105 0.024041261238467834 -0.21676430662840848 -0.22147431599041825 -0.21763674991380411
leaf_weight=1.1782582926098264 0.11089281603926782 0.12422029371373344 0.72040146458311927 0.33820101237870404 0.12876662611961365 0.67789953214378329
leaf_count=43 4 11 63 129 3 306
internal_value=0 0.0866905 0.14003 -0.132317 -0.219661 -0.218249
internal_weight=0 2.36108 1.89866 0.462421 0.917559 0.806666
internal_count=559 246 106 140 313 309
is_linear=0
shrinkage=0.243386


Tree=179
num_leaves=7
num_cat=1
split_feature=0 8 9 10 10 12
split_gain=0.801053 1.04972 0.92234 0.696266 0.809214 0.0247706
threshold=0 18.540907563025218 3.0928571428571439 869.50000000000011 883.50000000000011 10.036900214445081
decision_type=9 2 2 2 2 2
left_child=1 2 -1 5 -5 -2
right_child=3 -3 -4 4 -6 -7
leaf_value=-0.10249551331410692 -0.25676174103639671 0.21632388970907415 0.061719282386091312 0.14857208371741634 -0.11437042810266629 -0.20372900212522527
leaf_weight=2.7180069398018514 0.99454039370175751 1.8985391547903407 7.958833463548217 0.89275047188857604 3.103605541298748 1.0974075427220666
leaf_count=78 28 23 152 22 177 79
internal_value=0 0.027611 0.0199151 -0.043588 -0.0556314 -0.228941
internal_weight=0 12.5754 10.6768 6.0883 3.99636 2.09195
internal_count=559 253 230 306 199 107
cat_boundaries=0 1
cat_threshold=21889408
is_linear=0
shrinkage=0.243386


Tree=180
num_leaves=5
num_cat=0
split_feature=11 6 9 7
split_gain=0.948939 1.2251 1.31266 0.877903
threshold=43.520114942528743 165.00187963228265 3.7478151260504204 8.0204022988505752
decision_type=2 2 2 2
left_child=-1 3 -3 -2
right_child=1 2 -4 -5
leaf_value=0.21422384379438753 0.13607475405497857 -0.012384382746178613 0.19184309256062065 -0.22642432270984408
leaf_weight=1.2081038290634776 0.48358222257229799 12.01768168248236 2.2066070561413644 2.178974902126356
leaf_count=25 55 229 79 171
internal_value=0 -0.00906497 0.0192973 -0.160586
internal_weight=0 16.8868 14.2243 2.66256
internal_count=559 534 308 226
is_linear=0
shrinkage=0.243386


Tree=181
num_leaves=5
num_cat=0
split_feature=6 5 5 9
split_gain=0.675365 0.040472 6.98014e-05 2.67496e-07
threshold=126.9727956640927 5.2527011494252882 4.9479022988505763 3.5942016806722696
decision_type=2 2 2 2
left_child=1 -1 3 -2
right_child=2 -3 -4 -5
leaf_value=0.087020769534322195 -0.21653984814921864 0.21688508167265258 -0.22314177067819441 -0.21692617706099668
leaf_weight=0.28028330139932223 0.30777154660609085 0.2884586863219738 0.12513326667249203 0.16207778026000597
leaf_count=66 344 20 4 125
internal_value=0 0.152886 -0.218034 -0.216673
internal_weight=0 0.568742 0.594983 0.469849
internal_count=559 86 473 469
is_linear=0
shrinkage=0.243386


Tree=182
num_leaves=4
num_cat=0
split_feature=4 14 9
split_gain=0.928551 1.41135e-07 3.50157e-08
threshold=1.0000000180025095e-35 1478950.0000000002 3.5426470588235301
decision_type=2 2 2
left_child=-1 2 -2
right_child=1 -3 -4
leaf_value=0.21752770162517077 -0.21650834030947763 -0.21700158834038361 -0.21665973692762905
leaf_weight=0.92401744890958071 0.22368800384720089 0.050863515672972426 0.15197779999289196
leaf_count=24 320 49 166
internal_value=0 -0.216621 -0.21657
internal_weight=0 0.426529 0.375666
internal_count=559 535 486
is_linear=0
shrinkage=0.243386


Tree=183
num_leaves=7
num_cat=1
split_feature=0 11 7 9 6 8
split_gain=0.773336 1.78042 1.54321 1.44421 0.789479 0.497506
threshold=0 43.571839080459775 8.0709770114942554 3.4955882352941186 165.13196719541403 16.822953388170784
decision_type=9 2 2 2 2 2
left_child=2 -2 4 -3 -1 -4
right_child=1 3 5 -5 -6 -7
leaf_value=0.090324357882907394 -0.31224629344007954 0.011726761820222847 0.059281806130743603 -0.20683621513950551 -0.19768317344429776 0.17942500828117305
leaf_weight=0.85888814760255572 1.3556615577545041 12.186943415435961 4.0525921011576411 2.0994019001154802 1.6409884041640905 4.11465816013515
leaf_count=47 14 211 51 122 69 45
internal_value=0 -0.0278691 0.0354041 -0.0203914 -0.0987318 0.11981
internal_weight=0 15.642 10.6671 14.2863 2.49988 8.16725
internal_count=559 347 212 333 116 96
cat_boundaries=0 1
cat_threshold=1624832
is_linear=0
shrinkage=0.243386


Tree=184
num_leaves=6
num_cat=1
split_feature=5 2 8 11 11
split_gain=0.530246 0.586804 0.726164 0.10964 0.00641679
threshold=4.3963793103448277 0 13.665422210154768 48.367816091954033 47.152298850574716
decision_type=2 1 2 2 2
left_child=1 2 -1 4 -2
right_child=3 -3 -4 -5 -6
leaf_value=-0.12782627692258466 -0.21799166207773987 -0.16149378791724672 0.18279578700639917 0.015279214382665994 -0.27125332796714613
leaf_weight=0.62318076510564502 0.47055224224641268 0.70077645614219397 1.5664667410310356 0.12526213616365567 0.18733727335347794
leaf_count=113 370 11 48 12 5
internal_value=0 0.0323529 0.0943917 -0.193422 -0.233158
internal_weight=0 2.89042 2.18965 0.783152 0.65789
internal_count=559 172 161 387 375
cat_boundaries=0 1
cat_threshold=2
is_linear=0
shrinkage=0.243386


Tree=185
num_leaves=5
num_cat=0
split_feature=4 8 7 6
split_gain=0.85461 1.01241 1.01843 0.0341002
threshold=1.0000000180025095e-35 8.3178962844159319 9.168103448275863 189.6751830074426
decision_type=2 2 2 2
left_child=-1 3 -3 -2
right_child=1 2 -4 -5
leaf_value=-0.21737370139957618 0.15660699711635509 -0.18090014110677025 0.23472275981091556 0.22077961803470281
leaf_weight=0.73680378333665419 0.95806327364698551 1.2575540761281443 0.48352001188322891 1.0051082628779111
leaf_count=24 56 443 8 28
internal_value=0 0.0696358 -0.065476 0.189462
internal_weight=0 3.70425 1.74107 1.96317
internal_count=559 535 451 84
is_linear=0
shrinkage=0.243386


Tree=186
num_leaves=6
num_cat=0
split_feature=12 12 8 7 5
split_gain=0.660516 0.295703 0.459388 0.0663108 2.59302e-05
threshold=13.929509020920745 14.257892744210681 11.773793520634497 7.8727011494252883 4.1669252873563227
decision_type=2 2 2 2 2
left_child=3 -2 -3 -1 -5
right_child=1 2 -4 4 -6
leaf_value=-0.015704828569374881 0.12920266223156579 0.0754084525839816 -0.13806430885867327 -0.22061669668105599 -0.21726000119214273
leaf_weight=0.10726721258833982 1.1005421066656711 1.2936186635924971 1.1091539965709669 0.16620555493864231 0.75825659093970899
leaf_count=25 24 77 28 14 391
internal_value=0 0.0247218 -0.0231336 -0.196845 -0.217863
internal_weight=0 3.50331 2.40277 1.03173 0.924462
internal_count=559 129 105 430 405
is_linear=0
shrinkage=0.243386


Tree=187
num_leaves=5
num_cat=0
split_feature=6 8 6 6
split_gain=0.672113 0.321733 0.365406 0.000179356
threshold=114.0838368152735 11.13449302134647 162.85253543556786 118.00493940213688
decision_type=2 2 2 2
left_child=-1 2 -2 -3
right_child=1 3 -4 -5
leaf_value=0.14424722367122694 0.17880065961288344 -0.22488127677082417 -0.21666541528520708 -0.21725382367950644
leaf_weight=0.87959792837500606 0.33582288480829425 0.2620260869152844 0.23543429908750113 0.60261349249776686
leaf_count=40 25 9 118 367
internal_value=0 -0.125921 0.0158158 -0.219565
internal_weight=0 1.4359 0.571257 0.86464
internal_count=559 519 143 376
is_linear=0
shrinkage=0.243386


Tree=188
num_leaves=6
num_cat=0
split_feature=6 9 12 12 8
split_gain=0.784072 0.659278 1.64666 1.3794 0.606113
threshold=140.46021334470845 3.0928571428571439 10.811758719883921 10.32510291150488 14.978990990990992
decision_type=2 2 2 2 2
left_child=4 2 -2 -3 -1
right_child=1 3 -4 -5 -6
leaf_value=-0.023517360619965733 -0.24630796067766622 0.073076599212280782 0.15414425763423095 -0.090921342262652888 0.23294404497572235
leaf_weight=0.91152681509265976 2.0472902284818697 6.9510356829850917 0.86537764304375731 5.396980275036185 1.3608601521700618
leaf_count=74 85 89 79 204 28
internal_value=0 -0.0231715 -0.12733 0.00139758 0.130069
internal_weight=0 15.2607 2.91267 12.348 2.27239
internal_count=559 457 164 293 102
is_linear=0
shrinkage=0.243386


Tree=189
num_leaves=8
num_cat=0
split_feature=5 4 7 9 6 11 7
split_gain=0.811283 0.731545 1.09133 1.00575 0.617974 0.734925 0.00216617
threshold=4.5127873563218399 0.10500000000000002 8.0882183908046006 3.1014285714285719 177.01708605062635 46.623563218390807 8.1227011494252892
decision_type=2 2 2 2 2 2 2
left_child=4 2 -2 -3 6 -6 -1
right_child=1 3 -4 -5 5 -7 -8
leaf_value=-0.22081921375671271 0.1573167165213204 -0.21489280826776869 -0.00077027897650674656 0.043610853255340927 0.24303714324665074 -0.21719904562762066 -0.23988411264809364
leaf_weight=0.68580963622662527 3.9763264204811986 1.6045755831291892 7.4019990532251541 2.006338661594782 0.45260209776461113 0.37649841824895702 0.72755431446421426
leaf_count=82 105 30 121 51 9 128 33
internal_value=0 0.0241858 0.0544756 -0.07126 -0.132776 0.0340417 -0.230633
internal_weight=0 14.9892 11.3783 3.61091 2.24246 0.829101 1.41336
internal_count=559 307 226 81 252 137 115
is_linear=0
shrinkage=0.243386


Tree=190
num_leaves=5
num_cat=0
split_feature=6 5 5 9
split_gain=0.739552 0.0239131 3.16393e-05 1.03509e-07
threshold=125.03548878392459 5.1855747126436791 4.9479022988505763 3.5942016806722696
decision_type=2 2 2 2
left_child=1 -1 3 -2
right_child=2 -3 -4 -5
leaf_value=0.13452922108548607 -0.21649871973963378 0.21698056240483482 -0.22190552219961759 -0.21677334134201964
leaf_weight=0.42666071176063269 0.2209533905115677 0.40726400073617697 0.082238959148526192 0.12863382027717307
leaf_count=58 342 24 3 132
internal_value=0 0.174796 -0.21761 -0.2166
internal_weight=0 0.833925 0.431826 0.349587
internal_count=559 82 477 474
is_linear=0
shrinkage=0.243386


Tree=191
num_leaves=4
num_cat=0
split_feature=4 9 9
split_gain=0.626909 5.93578e-08 1.80326e-08
threshold=1.0000000180025095e-35 4.0044117647058828 3.5362184873949585
decision_type=2 2 2
left_child=-1 2 -2
right_child=1 -3 -4
leaf_value=0.21710202055508684 -0.21647415588651117 -0.21680208196868272 -0.21661049707544791
leaf_weight=0.52441185526549816 0.18043854417555849 0.051966058359539602 0.084315780244651251
leaf_count=23 357 60 119
internal_value=0 -0.216564 -0.216518
internal_weight=0 0.31672 0.264754
internal_count=559 536 476
is_linear=0
shrinkage=0.243386


Tree=192
num_leaves=7
num_cat=0
split_feature=6 6 6 9 9 9
split_gain=0.778958 1.86018 0.987969 0.958588 0.467809 0.38281
threshold=161.04138948148065 149.40031561097331 167.65313102601894 3.1913025210084043 3.1913025210084043 3.37827731092437
decision_type=2 2 2 2 2 2
left_child=1 4 -2 -4 -1 -3
right_child=2 5 3 -5 -6 -7
leaf_value=-0.032282933567022276 -0.13525963345789929 0.17967396053500953 0.063606381019362015 -0.080215496584294055 -0.2296622876137101 0.062995987460021372
leaf_weight=1.8206802210770567 4.4170321635319842 3.3535769833251834 6.2799745951779169 4.8771781223767903 1.1673770458219221 3.3095123805105686
leaf_count=36 63 54 106 187 86 27
internal_value=0 0.0501658 -0.0378334 0.000736854 -0.109395 0.121721
internal_weight=0 9.65115 15.5742 11.1572 2.98806 6.66309
internal_count=559 203 356 293 122 81
is_linear=0
shrinkage=0.243386


Tree=193
num_leaves=6
num_cat=1
split_feature=5 2 8 8 10
split_gain=0.470102 0.519773 0.426826 0.0494204 0.00181063
threshold=4.464425287356323 0 13.224793388429754 18.540907563025218 1045.0000000000002
decision_type=2 1 2 2 2
left_child=1 2 -1 4 -2
right_child=3 -3 -4 -5 -6
leaf_value=-0.090663528926471698 -0.21790386640810774 -0.13817798732434691 0.17216465998505209 0.013027632956433503 -0.25129584957233131
leaf_weight=0.4726414853648756 0.30875695817667281 0.63708022038918022 1.6224139193654989 0.056608644095831551 0.13972028812713688
leaf_count=126 295 11 74 45 8
internal_value=0 0.0543313 0.112871 -0.201259 -0.228307
internal_weight=0 2.73214 2.09506 0.505086 0.448477
internal_count=559 211 200 348 303
cat_boundaries=0 1
cat_threshold=2
is_linear=0
shrinkage=0.243386


Tree=194
num_leaves=6
num_cat=0
split_feature=11 9 8 14 11
split_gain=0.397769 0.310814 0.168443 2.02865e-07 6.72972e-08
threshold=46.623563218390807 3.6115966386554628 8.3178962844159319 1478950.0000000002 43.721264367816097
decision_type=2 2 2 2 2
left_child=3 2 -2 4 -1
right_child=1 -3 -4 -5 -6
leaf_value=-0.21683243546333375 0.13983150664692959 -0.1009770981166162 0.0060536492452221459 -0.21710925271998363 -0.21657597804691747
leaf_weight=0.076999930082820689 1.2536867307499058 0.74479700977099117 1.0040639810613354 0.061333140984061174 0.28478659016400343
leaf_count=37 49 71 54 35 313
internal_value=0 0.0353619 0.080338 -0.2167 -0.216631
internal_weight=0 3.00255 2.25775 0.42312 0.361787
internal_count=559 174 103 385 350
is_linear=0
shrinkage=0.243386


Tree=195
num_leaves=5
num_cat=0
split_feature=7 5 9 14
split_gain=0.569101 0.443648 0.287947 0.117251
threshold=7.9002873563218392 4.2264080459770126 3.4710084033613451 1594950.0000000002
decision_type=2 2 2 2
left_child=-1 2 -2 -3
right_child=1 3 -4 -5
leaf_value=0.18237306698096062 -0.079019135833317364 -0.21815786550264882 0.09364851632307325 0.066422565736475828
leaf_weight=0.81697445392637735 1.0853519333177253 0.81978829875151848 1.2098485878086647 0.095782619988312945
leaf_count=60 50 391 40 18
internal_value=0 -0.0451431 0.0119976 -0.188386
internal_weight=0 3.21077 2.2952 0.915571
internal_count=559 499 90 409
is_linear=0
shrinkage=0.243386


Tree=196
num_leaves=5
num_cat=0
split_feature=6 5 6 7
split_gain=0.457311 0.402882 2.36768e-07 5.18281e-08
threshold=130.36460905358723 4.607155172413794 155.86372009539494 8.0376436781609204
decision_type=2 2 2 2
left_child=1 -1 -2 -4
right_child=2 -3 3 -5
leaf_value=0.15517086531186344 -0.21708410267775013 -0.090742080590433996 -0.21653509032760135 -0.21670097645012254
leaf_weight=0.88470892561599634 0.07652323134971073 0.71244834247045219 0.21600418486195849 0.23075084604352014
leaf_count=40 66 52 132 269
internal_value=0 0.0454758 -0.216689 -0.216621
internal_weight=0 1.59716 0.523278 0.446755
internal_count=559 92 467 401
is_linear=0
shrinkage=0.243386


Tree=197
num_leaves=7
num_cat=0
split_feature=6 6 6 8 8 9
split_gain=0.624061 1.11388 1.87386 0.857381 0.433471 0.0732243
threshold=149.40031561097331 161.04138948148065 163.82677743995302 15.03835978835979 16.126115702479343 3.1220588235294122
decision_type=2 2 2 2 2 2
left_child=3 4 -3 5 -2 -1
right_child=1 2 -4 -5 -6 -7
leaf_value=-0.11524052451540369 -0.038000257271710372 0.25216274175693354 -0.042811658824553386 0.17918151547405328 -0.16633947741987953 -0.008540487191461733
leaf_weight=0.70613344485173291 3.0371838845312578 1.7862178962677715 4.4638662800207385 2.2100078575313091 3.203016777522862 0.8274331676075235
leaf_count=20 31 24 332 38 50 64
internal_value=0 -0.0311354 0.0414894 0.0821543 -0.103875 -0.0576707
internal_weight=0 12.4903 6.25008 3.74357 6.2402 1.53357
internal_count=559 437 356 122 81 84
is_linear=0
shrinkage=0.243386


Tree=198
num_leaves=6
num_cat=1
split_feature=6 0 7 6 8
split_gain=1.00544 0.682983 2.40787 1.57811 0.103024
threshold=186.90673329167706 0 8.1048850574712663 166.75855747030897 16.126115702479343
decision_type=2 9 2 2 2
left_child=1 2 -1 -3 -2
right_child=4 3 -4 -5 -6
leaf_value=0.030608081876562287 0.095752533451333249 -0.1811998073883791 -0.24239049509397631 0.11796199953685302 0.2232277936686145
leaf_weight=4.1677407842507819 0.55834976729238306 1.2593729157233626 3.5388998925191117 6.1224323129863478 1.1471815470140425
leaf_count=138 79 121 78 105 38
internal_value=0 -0.0156552 -0.0412404 0.0284215 0.181495
internal_weight=0 15.0884 7.70664 7.38181 1.70553
internal_count=559 442 216 226 117
cat_boundaries=0 1
cat_threshold=22547328
is_linear=0
shrinkage=0.243386


Tree=199
num_leaves=5
num_cat=0
split_feature=8 5 5 4
split_gain=0.566108 0.0198363 1.04026e-05 2.70668e-06
threshold=8.3178962844159319 5.2840804597701156 4.9840229885057479 0.54500000000000015
decision_type=2 2 2 2
left_child=1 -1 3 -2
right_child=2 -3 -4 -5
leaf_value=0.11549846278944115 -0.21664952083641795 0.2169731874165394 -0.22080834432844293 -0.21904156803456387
leaf_weight=0.18893526672763983 0.31916347208971274 0.28815162135288119 0.044550258666276932 0.030718221911229193
leaf_count=78 432 23 2 24
internal_value=0 0.176787 -0.217306 -0.21686
internal_weight=0 0.477087 0.394432 0.349882
internal_count=559 101 458 456
is_linear=0
shrinkage=0.243386


Tree=200
num_leaves=5
num_cat=0
split_feature=4 9 14 9
split_gain=0.47991 3.10325e-08 4.01529e-08 3.15953e-09
threshold=1.0000000180025095e-35 3.5942016806722696 1065000.0000000002 3.0086974789915968
decision_type=2 2 2 2
left_child=-1 3 -3 -2
right_child=1 2 -4 -5
leaf_value=0.21708415297074202 -0.21639700487507404 -0.21654212109619289 -0.21691082828229008 -0.21647809260565493
leaf_weight=0.41581483092159033 0.038693440426868619 0.067625472755935334 0.023602777080668602 0.10767330341877823
leaf_count=19 138 126 38 238
internal_value=0 -0.216526 -0.216638 -0.216457
internal_weight=0 0.237595 0.0912282 0.146367
internal_count=559 540 164 376
is_linear=0
shrinkage=0.243386


Tree=201
num_leaves=5
num_cat=0
split_feature=12 5 12 11
split_gain=0.832237 0.856349 0.923487 0.892353
threshold=9.2098472519112615 4.6307758620689663 10.24379015307721 44.514367816091955
decision_type=2 2 2 2
left_child=-1 2 -2 -3
right_child=1 3 -4 -5
leaf_value=0.1756993271005165 -0.039436609064526208 -0.17084584233629374 0.092772082201156417 -0.01390087400601878
leaf_weight=1.5154182519763733 5.8434846213203873 3.1679264439917443 6.7390208666329272 6.6526398351998068
leaf_count=24 80 73 263 119
internal_value=0 -0.0106663 0.0313726 -0.0645283
internal_weight=0 22.4031 12.5825 9.82057
internal_count=559 535 343 192
is_linear=0
shrinkage=0.243386


Tree=202
num_leaves=7
num_cat=0
split_feature=9 10 6 12 14 11
split_gain=0.557436 0.287917 0.163909 0.0403024 0.0641218 0.00629719
threshold=3.7913025210084039 818.50000000000011 176.2067176782966 14.199786133881538 813500.00000000012 48.278735632183917
decision_type=2 2 2 2 2 2
left_child=1 5 -3 4 -2 -1
right_child=3 2 -4 -5 -6 -7
leaf_value=0.1349052674870182 0.19951341215909132 -0.056507245708494941 -0.22026893728156807 0.20789188904343087 -0.02849386243952369 0.073876846977781366
leaf_weight=0.19325712594945832 0.15771305168163952 0.81308614083536646 0.65266910129503231 0.48994656772993039 0.13612580579956557 0.20789825599058531
leaf_count=58 11 236 129 21 76 28
internal_value=0 -0.0794241 -0.129427 0.165151 0.0938852 0.103277
internal_weight=0 1.86691 1.46576 0.783785 0.293839 0.401155
internal_count=559 451 365 108 87 86
is_linear=0
shrinkage=0.243386


Tree=203
num_leaves=5
num_cat=0
split_feature=4 8 7 8
split_gain=0.367843 0.49665 0.619343 0.0148551
threshold=1.0000000180025095e-35 8.0172912098863893 9.168103448275863 7.4281609195402307
decision_type=2 2 2 2
left_child=-1 3 -3 -2
right_child=1 2 -4 -5
leaf_value=-0.2169856628226495 0.19769283431279158 -0.15650697010444348 0.22649007888551587 0.14281071248472135
leaf_weight=0.33538223151117597 0.55794310756027721 0.91114182931050869 0.34474267135374248 0.61326719071803382
leaf_count=19 37 453 7 43
internal_value=0 0.0549477 -0.0513736 0.168956
internal_weight=0 2.42709 1.25588 1.17121
internal_count=559 540 460 80
is_linear=0
shrinkage=0.243386


Tree=204
num_leaves=6
num_cat=0
split_feature=6 9 7 7 11
split_gain=0.365947 0.214952 0.302756 0.0828801 3.02378e-05
threshold=181.62473972714739 3.2942016806722694 8.2747126436781624 7.8479885057471268 50.209770114942536
decision_type=2 2 2 2 2
left_child=3 -2 -3 -1 -5
right_child=1 2 -4 4 -6
leaf_value=0.028727030285048461 -0.080826764524844316 -0.018372892458909159 0.19806831583267576 -0.21697155176424854 -0.22159130083678003
leaf_weight=0.093948692432605063 0.81969633187691249 0.90736629431194138 0.6622320250608027 0.47483506985008717 0.10194685839815065
leaf_count=20 66 92 7 363 11
internal_value=0 0.0201912 0.0729462 -0.183259 -0.217788
internal_weight=0 2.38929 1.5696 0.670731 0.576782
internal_count=559 165 99 394 374
is_linear=0
shrinkage=0.243386


Tree=205
num_leaves=5
num_cat=0
split_feature=6 8 8 6
split_gain=0.439961 0.336455 0.239276 5.23755e-05
threshold=110.61193784389985 11.13449302134647 8.3554865009355801 118.00493940213688
decision_type=2 2 2 2
left_child=-1 2 -2 -3
right_child=1 3 -4 -5
leaf_value=0.17649851889896173 -0.21759541398494137 -0.22203955076203308 0.14681921372140391 -0.21707833488057135
leaf_weight=0.50704877567477535 0.14766749116824918 0.17712124763056636 0.38502954662544653 0.43715704333590111
leaf_count=33 92 10 49 375
internal_value=0 -0.0957538 0.0458008 -0.218509
internal_weight=0 1.14698 0.532697 0.614278
internal_count=559 526 141 385
is_linear=0
shrinkage=0.243386


Tree=206
num_leaves=5
num_cat=0
split_feature=8 5 8 6
split_gain=0.602264 0.851318 1.16924 0.933962
threshold=18.540907563025218 4.6716954022988508 16.344927536231889 140.46021334470845
decision_type=2 2 2 2
left_child=1 3 -3 -1
right_child=-2 2 -4 -5
leaf_value=0.11803099275954315 0.11562465138897091 0.13086349414067008 -0.10764622669069066 -0.1106346938605931
leaf_weight=1.2544891252473442 2.104180495472975 3.5900186036014921 1.842372021084884 6.7580345371898147
leaf_count=58 53 95 61 292
internal_value=0 -0.0244053 0.0499739 -0.0748334
internal_weight=0 13.4449 5.43239 8.01252
internal_count=559 506 156 350
is_linear=0
shrinkage=0.243386


Tree=207
num_leaves=7
num_cat=0
split_feature=6 4 5 8 8 8
split_gain=0.680705 0.627919 1.33782 1.31235 0.1593 0.252616
threshold=186.90673329167706 0.10500000000000002 4.7622413793103453 16.045745941049407 16.295585727403914 14.823770491803279
decision_type=2 2 2 2 2 2
left_child=1 2 -1 -3 5 -2
right_child=4 3 -4 -5 -6 -7
leaf_value=-0.022869227358033626 -0.15753360982660156 -0.27492976048461842 0.20631944304927555 0.034337454669898702 0.22071489327297342 0.20940266227439022
leaf_weight=9.4321504534018441 0.20153407611360374 1.4999251905246631 1.795963999495142 1.7741701197228392 0.94959707686211914 0.24778838828206062
leaf_count=300 79 49 53 38 31 9
internal_value=0 -0.0135577 0.0137901 -0.107344 0.164219 0.0448212
internal_weight=0 14.5022 11.2281 3.2741 1.39892 0.449322
internal_count=559 440 353 87 119 88
is_linear=0
shrinkage=0.243386


Tree=208
num_leaves=5
num_cat=0
split_feature=8 5 5 9
split_gain=0.452879 0.0184182 5.51494e-06 3.9557e-08
threshold=8.0518902398511738 5.1450000000000005 4.9479022988505763 4.0536134453781525
decision_type=2 2 2 2
left_child=1 -1 3 -2
right_child=2 -3 -4 -5
leaf_value=0.11476369350238817 -0.2164919946836979 0.21668121523201833 -0.21943491459261708 -0.21676128804709985
leaf_weight=0.16823910572566092 0.19253970628960815 0.27959902817383409 0.046770818531513214 0.038828019827633398
leaf_count=78 402 27 3 49
internal_value=0 0.178394 -0.217024 -0.216537
internal_weight=0 0.447838 0.278139 0.231368
internal_count=559 105 454 451
is_linear=0
shrinkage=0.243386


Tree=209
num_leaves=5
num_cat=0
split_feature=4 9 14 9
split_gain=0.384018 1.44594e-08 1.75891e-08 1.38623e-09
threshold=1.0000000180025095e-35 3.5942016806722696 1065000.0000000002 3.0086974789915968
decision_type=2 2 2 2
left_child=-1 3 -3 -2
right_child=1 2 -4 -5
leaf_value=0.21721184120993564 -0.21639000726240504 -0.21650333863815349 -0.21677023849351024 -0.21645219816537553
leaf_weight=0.34767076349817216 0.028631433544433094 0.054704974663764006 0.019964214945503045 0.082140880736915278
leaf_count=25 141 129 29 235
internal_value=0 -0.216492 -0.216575 -0.216436
internal_weight=0 0.185442 0.0746692 0.110772
internal_count=559 534 158 376
is_linear=0
shrinkage=0.243386


Tree=210
num_leaves=7
num_cat=0
split_feature=8 4 6 6 11 12
split_gain=0.650975 0.586088 0.501696 1.00661 0.802189 0.314653
threshold=14.097167584579074 0.19500000000000003 161.04138948148065 151.98308312868446 45.364942528735639 10.144386321169318
decision_type=2 2 2 2 2 2
left_child=1 5 3 -2 -4 -1
right_child=2 -3 4 -5 -6 -7
leaf_value=-0.0073580390060248094 -0.055757486187410048 0.14415265197384189 -0.049200366434605652 0.13235229599622339 0.095136952501621838 -0.26710910012614375
leaf_weight=0.3616265708697054 2.719791853916834 0.34789864504273271 10.810046024271285 4.4295654517482035 2.8909001963038454 1.1701763621167627
leaf_count=29 57 23 146 66 68 170
internal_value=0 -0.14102 0.00852686 0.0607907 -0.0187452 -0.205787
internal_weight=0 1.8797 20.8503 7.14936 13.7009 1.5318
internal_count=559 222 337 123 214 199
is_linear=0
shrinkage=0.243386


Tree=211
num_leaves=6
num_cat=0
split_feature=8 12 5 7 7
split_gain=0.323165 0.441539 1.27772e-05 4.42559e-06 9.99072e-08
threshold=11.773793520634497 11.893211805432289 4.3744827586206911 8.0376436781609204 7.9669540229885056
decision_type=2 2 2 2 2
left_child=3 2 -2 4 -1
right_child=1 -3 -4 -5 -6
leaf_value=-0.21662194525117998 -0.21975285554680668 0.086005820779015599 -0.21675490456719018 -0.21857511829554571 -0.21695036645417135
leaf_weight=0.19666467562638024 0.14336454728618253 1.5259184921160338 0.20410417124367086 0.10468558604770806 0.076100620346551295
leaf_count=97 12 46 309 37 58
internal_value=0 0.0296215 -0.217992 -0.21723 -0.216714
internal_weight=0 1.87339 0.347469 0.377451 0.272765
internal_count=559 367 321 192 155
is_linear=0
shrinkage=0.243386


Tree=212
num_leaves=5
num_cat=0
split_feature=8 7 9 6
split_gain=0.286228 0.545511 0.124932 5.66939e-05
threshold=8.4511494252873582 9.168103448275863 3.2057983193277315 198.56712980321603
decision_type=2 2 2 2
left_child=2 3 -1 -2
right_child=1 -3 -4 -5
leaf_value=0.15854524772876483 -0.21794152860405136 0.17908834250209602 0.0090615229199680347 -0.2240969335552174
leaf_weight=0.6569596959743651 0.53515798804801296 0.29903547931462526 0.66788470601022709 0.10623155378198135
leaf_count=45 418 8 67 21
internal_value=0 -0.0923897 0.083187 -0.218961
internal_weight=0 0.940425 1.32484 0.64139
internal_count=559 447 112 439
is_linear=0
shrinkage=0.243386


Tree=213
num_leaves=5
num_cat=0
split_feature=7 8 8 7
split_gain=0.423555 0.276994 0.553432 0.0431635
threshold=7.9057471264367827 8.9281609195402307 11.13449302134647 7.9376436781609199
decision_type=2 2 2 2
left_child=-1 3 -3 -2
right_child=1 2 -4 -5
leaf_value=0.18417575329213332 -0.082703167213935794 0.20509686733706137 -0.082296721377632553 -0.22342834779028709
leaf_weight=0.72122960725391783 0.19537409616168622 0.61307039787061501 1.125772992352722 0.38068026296969038
leaf_count=57 13 25 368 96
internal_value=0 -0.0294274 0.0190307 -0.1757
internal_weight=0 2.3149 1.73884 0.576054
internal_count=559 502 393 109
is_linear=0
shrinkage=0.243386


Tree=214
num_leaves=5
num_cat=0
split_feature=6 7 6 7
split_gain=0.389644 0.248759 0.150117 0.0152867
threshold=106.60904486817986 8.0014367816091987 126.9727956640927 8.1747126436781627
decision_type=2 2 2 2
left_child=-1 2 -2 -3
right_child=1 3 -4 -5
leaf_value=0.18467257448954127 0.12068652814031933 -0.21752360843240554 -0.14260366010101833 -0.081966019795384495
leaf_weight=0.42015704419463884 0.35407053225208052 0.50772378113651939 0.20115429032739485 0.054575233974901494
leaf_count=18 29 367 90 55
internal_value=0 -0.0902612 0.0252982 -0.204367
internal_weight=0 1.11752 0.555225 0.562299
internal_count=559 541 119 422
is_linear=0
shrinkage=0.243386


Tree=215
num_leaves=6
num_cat=1
split_feature=0 6 8 12 5
split_gain=0.488914 0.582662 0.481613 0.562869 0.279172
threshold=0 151.98308312868446 18.540907563025218 10.024368186444184 4.7440229885057486
decision_type=9 2 2 2 2
left_child=2 -2 3 -1 -3
right_child=1 4 -4 -5 -6
leaf_value=-0.077925358375458859 0.0051805199245095624 -0.22726725620729676 0.15992817386126826 0.060141928022969776 -0.058894702554356054
leaf_weight=2.4308645654527918 1.5457397098653025 2.0766362341892095 1.7950705396942783 6.2365991600672714 0.811210408588522
leaf_count=57 66 213 22 167 34
internal_value=0 -0.0354534 0.0231026 0.0214198 -0.179971
internal_weight=0 4.43359 10.4625 8.66746 2.88785
internal_count=559 313 246 224 247
cat_boundaries=0 1
cat_threshold=21889408
is_linear=0
shrinkage=0.243386


Tree=216
num_leaves=7
num_cat=0
split_feature=6 9 11 14 8 6
split_gain=0.573008 0.720136 0.642527 1.73319 0.504515 0.00311553
threshold=166.75855747030897 3.659411764705883 45.146551724137943 917450.00000000012 15.96956387733087 165.00187963228265
decision_type=2 2 2 2 2 2
left_child=1 5 4 -4 -2 -1
right_child=2 -3 3 -5 -6 -7
leaf_value=-0.22044313042294231 -0.016354242452873844 0.019233582528484471 0.18934250201305514 -0.17687736369050577 0.10546815975774493 -0.24781095634830513
leaf_weight=1.0905284602558833 3.4050062217283976 1.4140086861443704 1.0942818350158625 2.5479887111432618 4.9286655599717051 0.31832472524547473
leaf_count=178 36 68 67 130 70 10
internal_value=0 -0.103472 0.0184239 -0.0668505 0.0556935 -0.226627
internal_weight=0 2.82286 11.9759 3.64227 8.33367 1.40885
internal_count=559 256 303 197 106 188
is_linear=0
shrinkage=0.243386


Tree=217
num_leaves=5
num_cat=0
split_feature=5 9 7 9
split_gain=0.317386 1.99335e-08 1.73877e-08 3.10566e-09
threshold=4.9479022988505763 3.5362184873949585 7.9652298850574725 3.2455882352941186
decision_type=2 2 2 2
left_child=1 3 -3 -1
right_child=-2 2 -4 -5
leaf_value=-0.21640142918951044 0.16005695855165783 -0.21639123043766045 -0.21663862351917509 -0.21648051552837674
leaf_weight=0.071653972614512895 0.34006617893464863 0.021782863630505744 0.073998660875076894 0.049894175830559107
leaf_count=238 24 51 136 110
internal_value=0 -0.216499 -0.216582 -0.216434
internal_weight=0 0.21733 0.0957815 0.121548
internal_count=559 535 187 348
is_linear=0
shrinkage=0.243386


Tree=218
num_leaves=4
num_cat=0
split_feature=4 14 9
split_gain=0.271066 7.01615e-09 2.2419e-09
threshold=1.0000000180025095e-35 1478950.0000000002 3.4637815126050424
decision_type=2 2 2
left_child=-1 2 -2
right_child=1 -3 -4
leaf_value=0.21666548231519414 -0.21640778808237152 -0.21659558024379863 -0.2164738877318782
leaf_weight=0.21614280855283141 0.065218198953516548 0.019565723349842301 0.056926546916656662
leaf_count=22 293 48 196
internal_value=0 -0.21646 -0.216439
internal_weight=0 0.14171 0.122145
internal_count=559 537 489
is_linear=0
shrinkage=0.243386


Tree=219
num_leaves=6
num_cat=0
split_feature=8 7 11 4 12
split_gain=0.548967 0.467098 0.473817 0.396012 0.253455
threshold=14.097167584579074 8.0508620689655199 45.364942528735639 0.21500000000000002 10.121332145954895
decision_type=2 2 2 2 2
left_child=3 -2 -3 4 -1
right_child=1 2 -4 -5 -6
leaf_value=-0.0085104867396645235 0.11016504823452618 -0.023350221870437227 0.077713181383191984 0.10830136765891155 -0.25631063685671401
leaf_weight=0.32471177275874896 2.4475577383418594 13.928305446635934 3.4234021821175693 0.31611379935930006 0.98986933626656537
leaf_count=27 48 206 89 21 168
internal_value=0 0.0106292 -0.00341094 -0.136287 -0.195102
internal_weight=0 19.7993 17.3517 1.63069 1.31458
internal_count=559 343 295 216 195
is_linear=0
shrinkage=0.243386


Tree=220
num_leaves=6
num_cat=1
split_feature=11 2 5 5 12
split_gain=0.312056 0.308522 0.235627 3.39644e-06 7.72201e-08
threshold=46.39942528735633 0 4.2692816091954038 4.4678448275862079 11.606783250712548
decision_type=2 1 2 2 2
left_child=3 2 -2 -1 -5
right_child=1 -3 -4 4 -6
leaf_value=-0.21826707338535639 0.16842804395254399 -0.12688607807772531 -0.048483084272540271 -0.21652550364157053 -0.21707541429163205
leaf_weight=0.16704642701006411 1.0293946400488492 0.43974570673890401 0.41675979654246464 0.11045841011582525 0.017526590952911647
leaf_count=62 119 10 50 301 17
internal_value=0 0.0516334 0.105918 -0.217544 -0.216601
internal_weight=0 1.8859 1.44615 0.295031 0.127985
internal_count=559 179 169 380 318
cat_boundaries=0 1
cat_threshold=2
is_linear=0
shrinkage=0.243386


Tree=221
num_leaves=6
num_cat=0
split_feature=8 9 8 7 14
split_gain=0.230784 0.166337 0.0852493 2.59335e-06 4.49987e-08
threshold=12.700353825740825 3.0086974789915968 7.9971264367816106 8.299137931034485 1276500.0000000002
decision_type=2 2 2 2 2
left_child=1 -1 -3 4 -2
right_child=3 2 -4 -5 -6
leaf_value=0.15361991122679802 -0.21646875048813372 0.042417786036774638 -0.10305214904318052 -0.21838716290954166 -0.21676634460593
leaf_weight=0.54616532818181429 0.12618244268560386 0.62573206273373194 0.38574900730600348 0.061796492896974087 0.039526562435639789
leaf_count=37 312 57 93 11 49
internal_value=0 0.0453837 -0.0130602 -0.217042 -0.21654
internal_weight=0 1.55765 1.01148 0.227505 0.165709
internal_count=559 187 150 372 361
is_linear=0
shrinkage=0.243386


Tree=222
num_leaves=7
num_cat=0
split_feature=8 8 8 10 11 8
split_gain=0.3467 0.251683 0.168129 0.0511723 0.000117499 7.12689e-07
threshold=14.978990990990992 8.3178962844159319 11.13449302134647 825.50000000000011 51.393678160919542 18.757636437686674
decision_type=2 2 2 2 2 2
left_child=1 3 -3 -1 5 -2
right_child=4 2 -4 -5 -6 -7
leaf_value=-0.033134687541739934 -0.21668542393789128 0.14993920275967781 -7.0005928251598977e-05 -0.21758487637720755 -0.22817131563032725 -0.21784961475499107
leaf_weight=0.15645891224994635 0.23233649772373599 1.0056705903625696 0.79045644914731372 0.20694749708127347 0.067956068785861135 0.035971535722637782
leaf_count=17 259 93 79 69 5 37
internal_value=0 0.0465477 0.0839217 -0.138173 -0.219131 -0.216842
internal_weight=0 2.15953 1.79613 0.363406 0.336264 0.268308
internal_count=559 258 172 86 301 296
is_linear=0
shrinkage=0.243386


Tree=223
num_leaves=5
num_cat=0
split_feature=6 7 14 7
split_gain=0.309364 0.214465 4.28872e-08 6.43797e-09
threshold=130.36460905358723 7.948563218390805 1478950.0000000002 8.0175287356321849
decision_type=2 2 2 2
left_child=1 -1 3 -2
right_child=2 -3 -4 -5
leaf_value=0.19198531131481636 -0.21644180272513067 -0.033374669171467905 -0.21674258239446006 -0.21652474456479687
leaf_weight=0.4737953273579476 0.092651343669786113 0.52992700517643243 0.048795572049129987 0.1380142331818206
leaf_count=42 93 50 40 334
internal_value=0 0.0730039 -0.216535 -0.216491
internal_weight=0 1.00372 0.279461 0.230666
internal_count=559 92 467 427
is_linear=0
shrinkage=0.243386


Tree=224
num_leaves=6
num_cat=0
split_feature=5 12 6 9 5
split_gain=0.423651 0.603677 0.616226 0.535642 0.401956
threshold=4.5744252873563225 10.825440036253946 158.0066649849791 4.0279411764705886 4.4799425287356334
decision_type=2 2 2 2 2
left_child=3 2 -2 4 -1
right_child=1 -3 -4 -5 -6
leaf_value=-0.022578551330818479 -0.021714914624871833 -0.088358034386788561 0.12372868728435311 0.14656948141468013 -0.17453083707190314
leaf_weight=2.2236594930691362 2.9976853731786814 2.0378159763058648 4.0664378732617479 0.63760019126857503 1.9230498392716979
leaf_count=201 63 63 119 48 65
internal_value=0 0.0283438 0.0620092 -0.0611135 -0.0930469
internal_weight=0 9.10194 7.06412 4.78431 4.14671
internal_count=559 245 182 314 266
is_linear=0
shrinkage=0.243386


Tree=225
num_leaves=8
num_cat=1
split_feature=0 9 11 5 6 10 9
split_gain=0.525603 1.20246 0.82239 0.568427 0.549676 0.471481 0.334215
threshold=0 3.1913025210084043 45.054597701149426 4.576695402298852 178.59979729278859 894.50000000000011 3.5942016806722696
decision_type=9 2 2 2 2 2 2
left_child=2 4 5 -3 -2 -1 -4
right_child=1 3 6 -5 -6 -7 -8
leaf_value=0.055685185314826365 -0.24525074765817664 -0.14199254801372352 0.050866159435133187 0.080385675698339876 -0.054692013406140882 0.21127826583300693 -0.13716982466851249
leaf_weight=2.2909262634639163 2.1977744437754159 0.89233917823730768 1.0907532669807554 2.873541401932016 1.5146619874140013 2.3239103733794764 1.1505655045621095
leaf_count=73 80 97 94 70 39 55 51
internal_value=0 -0.0296115 0.0306251 0.0276923 -0.167503 0.134038 -0.0456608
internal_weight=0 7.47832 6.85616 3.76588 3.71244 4.61484 2.24132
internal_count=559 286 273 167 119 128 145
cat_boundaries=0 1
cat_threshold=25608289
is_linear=0
shrinkage=0.243386


Tree=226
num_leaves=5
num_cat=0
split_feature=5 9 7 9
split_gain=0.339407 1.07839e-08 7.70153e-09 1.75261e-09
threshold=4.9479022988505763 3.5942016806722696 7.9652298850574725 3.2455882352941186
decision_type=2 2 2 2
left_child=1 3 -3 -1
right_child=-2 2 -4 -5
leaf_value=-0.21639012397186166 0.17671623288654259 -0.21638506744026248 -0.21658090747167225 -0.21644950497911172
leaf_weight=0.062619231543067144 0.42034295340999961 0.015181162638327805 0.054951862441157573 0.05557254611630924
leaf_count=236 31 40 113 139
internal_value=0 -0.216463 -0.216539 -0.216418
internal_weight=0 0.188325 0.070133 0.118192
internal_count=559 528 153 375
is_linear=0
shrinkage=0.243386


Tree=227
num_leaves=4
num_cat=0
split_feature=4 14 7
split_gain=0.252868 6.15019e-09 1.13861e-09
threshold=1.0000000180025095e-35 1478950.0000000002 8.0094827586206918
decision_type=2 2 2
left_child=-1 2 -2
right_child=1 -3 -4
leaf_value=0.21671159217685171 -0.21636208960958314 -0.21659768128518989 -0.21642778636708809
leaf_weight=0.26768181030638516 0.019295227114525915 0.012277052778699726 0.082200713231941336
leaf_count=29 115 47 368
internal_value=0 -0.216435 -0.216415
internal_weight=0 0.113773 0.101496
internal_count=559 530 483
is_linear=0
shrinkage=0.243386


Tree=228
num_leaves=5
num_cat=0
split_feature=9 9 7 9
split_gain=0.471068 0.981612 0.766637 0.677292
threshold=2.869117647058824 2.9405882352941179 8.0870689655172434 2.7826050420168071
decision_type=2 2 2 2
left_child=3 -2 -3 -1
right_child=1 2 -4 -5
leaf_value=-0.027976713135229807 -0.23728324208995011 -0.075625827804596202 0.035291159960756303 0.18532949587971104
leaf_weight=1.7817649135249696 1.1498232507146919 5.7554105065555659 10.29288333126169 1.7457192952278999
leaf_count=64 17 250 202 26
internal_value=0 -0.0200512 -0.00448707 0.0775866
internal_weight=0 17.1981 16.0483 3.52748
internal_count=559 469 452 90
is_linear=0
shrinkage=0.243386


Tree=229
num_leaves=6
num_cat=0
split_feature=11 7 8 5 11
split_gain=0.243756 0.214076 0.22893 1.59198e-06 2.32681e-08
threshold=46.39942528735633 8.4224137931034502 13.224793388429754 4.4729597701149437 45.652298850574716
decision_type=2 2 2 2 2
left_child=3 2 -2 -1 -5
right_child=1 -3 -4 4 -6
leaf_value=-0.21772883772817123 -0.10000487312646364 -0.12099707214822039 0.14725299723881277 -0.21646299373380776 -0.21673881857793351
leaf_weight=0.16321118084670172 0.29641518200878614 0.40030723926975031 0.88138130493462086 0.084327703297276457 0.023074165255820844
leaf_count=52 119 11 41 304 32
internal_value=0 0.0327653 0.0850258 -0.21725 -0.216522
internal_weight=0 1.5781 1.1778 0.270613 0.107402
internal_count=559 171 160 388 336
is_linear=0
shrinkage=0.243386


Tree=230
num_leaves=5
num_cat=0
split_feature=4 11 8 5
split_gain=0.225982 0.279531 0.213841 0.0097131
threshold=1.0000000180025095e-35 47.669540229885065 7.9452361969304368 4.4433908045977022
decision_type=2 2 2 2
left_child=-1 3 -3 -2
right_child=1 2 -4 -5
leaf_value=-0.21670338814381224 -0.055349105117402313 0.21791492419265551 0.01412196708552564 -0.21663671102332102
leaf_weight=0.21135694324038934 0.024888794545404269 0.51199727016501106 0.75441736701031914 0.19867938198785851
leaf_count=29 44 41 91 354
internal_value=0 0.05222 0.0965132 -0.198681
internal_weight=0 1.48998 1.26641 0.223568
internal_count=559 530 132 398
is_linear=0
shrinkage=0.243386


Tree=231
num_leaves=6
num_cat=0
split_feature=11 7 8 14 7
split_gain=0.2844 0.130534 0.207114 5.53778e-07 9.94878e-08
threshold=47.445402298850581 7.932471264367817 14.351916292107679 1478950.0000000002 8.2077586206896562
decision_type=2 2 2 2 2
left_child=3 -2 -3 4 -1
right_child=1 2 -4 -5 -6
leaf_value=-0.21653931003178942 0.14025374325304577 -0.087363036406084421 0.11550803082138476 -0.21756998381069581 -0.21698949776968371
leaf_weight=0.27011992072766622 0.44409637176431704 0.81156815041322239 0.47116089216433465 0.03830585866671754 0.032586573346634395
leaf_count=350 39 91 33 31 15
internal_value=0 0.0265273 -0.0128462 -0.216698 -0.216588
internal_weight=0 1.72683 1.28273 0.341012 0.302706
internal_count=559 163 124 396 365
is_linear=0
shrinkage=0.243386


Tree=232
num_leaves=7
num_cat=0
split_feature=8 8 6 7 6 12
split_gain=0.306546 0.360898 0.108106 1.78127e-05 3.00093e-06 2.9336e-07
threshold=14.610289283366207 8.3178962844159319 114.66692025882982 7.924425287356323 116.73540462839945 10.024368186444184
decision_type=2 2 2 2 2 2
left_child=1 5 -3 -2 -5 -1
right_child=3 2 -4 4 -6 -7
leaf_value=-0.21757391445284394 -0.22324763814531459 0.2171389306350332 0.057144127554788135 -0.2190571607528754 -0.21672737826464636 -0.21695293562735302
leaf_weight=0.070594236167380475 0.033717922866344563 0.54992743278853573 0.4589415223490505 0.041161347180604935 0.16027212820517889 0.12461390525095339
leaf_count=11 1 29 122 3 303 90
internal_value=0 0.0857434 0.144356 -0.21807 -0.217203 -0.217178
internal_weight=0 1.20408 1.00887 0.235151 0.201433 0.195208
internal_count=559 252 151 307 306 101
is_linear=0
shrinkage=0.243386


Tree=233
num_leaves=6
num_cat=0
split_feature=12 12 6 12 9
split_gain=0.423542 0.861857 0.595641 0.426065 0.141253
threshold=11.346319704188124 10.825440036253946 161.04138948148065 10.051485267671277 4.0926470588235295
decision_type=2 2 2 2 2
left_child=1 3 -2 -1 -4
right_child=2 -3 4 -5 -6
leaf_value=-0.046723196291046494 0.21106951774668714 -0.1796775435651824 -0.2204979122718714 0.05219681721135648 0.062776500307161129
leaf_weight=4.6984214265103201 1.1189276631921536 1.6924955894210132 0.29213694612917596 5.7186108240712201 0.16215048194499104
leaf_count=138 25 58 160 159 19
internal_value=0 -0.0185916 0.115645 0.00758066 -0.119388
internal_weight=0 12.1095 1.57322 10.417 0.454287
internal_count=559 355 204 297 179
is_linear=0
shrinkage=0.243386


Tree=234
num_leaves=6
num_cat=0
split_feature=6 9 4 9 6
split_gain=0.560357 0.553143 0.425774 0.923155 0.00208618
threshold=166.75855747030897 3.659411764705883 0.10500000000000002 3.5426470588235301 165.13196719541403
decision_type=2 2 2 2 2
left_child=1 4 3 -2 -1
right_child=2 -3 -4 -5 -6
leaf_value=-0.21985599178212492 0.097825240001583158 0.0024669639270550481 -0.058621504692468733 -0.089570732004569775 -0.2444157409244366
leaf_weight=0.89338760623286473 6.3828418182929436 1.3826660465347229 2.7197820027358821 2.0596998967957916 0.26584312126215082
leaf_count=184 162 79 38 88 8
internal_value=0 -0.101492 0.0251271 0.0521068 -0.225488
internal_weight=0 2.5419 11.1623 8.44254 1.15923
internal_count=559 271 288 250 192
is_linear=0
shrinkage=0.243386


Tree=235
num_leaves=5
num_cat=0
split_feature=8 5 5 14
split_gain=0.26884 0.00810675 4.87045e-06 4.17007e-09
threshold=8.6858846588266569 5.1855747126436791 4.9479022988505763 1478950.0000000002
decision_type=2 2 2 2
left_child=1 -1 3 -2
right_child=2 -3 -4 -5
leaf_value=0.13384531431672528 -0.21642063186063815 0.21661985004273221 -0.21937222340612181 -0.21657269497973131
leaf_weight=0.11727941640401696 0.087628902267169906 0.17418228951282799 0.050511297071352601 0.012165987755906826
leaf_count=79 404 31 4 41
internal_value=0 0.183313 -0.217425 -0.216439
internal_weight=0 0.291462 0.150306 0.0997949
internal_count=559 110 449 445
is_linear=0
shrinkage=0.243386


Tree=236
num_leaves=4
num_cat=0
split_feature=4 14 7
split_gain=0.180162 3.39516e-09 4.27801e-10
threshold=1.0000000180025095e-35 1478950.0000000002 8.0175287356321849
decision_type=2 2 2
left_child=-1 2 -2
right_child=1 -3 -4
leaf_value=0.21663344300750376 -0.21636059683856138 -0.21655165273226951 -0.21641187024558256
leaf_weight=0.1755822004051879 0.011405313461182232 0.010534540908793133 0.062255114574327308
leaf_count=22 112 52 373
internal_value=0 -0.216422 -0.216404
internal_weight=0 0.084195 0.0736604
internal_count=559 537 485
is_linear=0
shrinkage=0.243386


Tree=237
num_leaves=6
num_cat=0
split_feature=6 7 12 6 7
split_gain=0.386692 0.455788 0.410062 0.553473 0.00100349
threshold=142.50000000000003 8.1497126436781624 9.6478903051839424 161.33244900874794 8.0709770114942554
decision_type=2 2 2 2 2
left_child=1 4 -2 -4 -1
right_child=2 -3 3 -5 -6
leaf_value=-0.23979154475734923 0.08629778573332636 0.052977931344738181 0.056378311474892188 -0.042733605233020687 -0.22303690419640088
leaf_weight=0.5407880208731537 3.066312093287709 0.52386489190394059 4.8967117991414844 10.482512560696703 0.34803131009175559
leaf_count=78 48 12 85 306 30
internal_value=0 -0.127096 0.00502716 -0.0111766 -0.233231
internal_weight=0 1.41268 18.4455 15.3792 0.888819
internal_count=559 120 439 391 108
is_linear=0
shrinkage=0.243386


Tree=238
num_leaves=5
num_cat=0
split_feature=11 5 6 9
split_gain=0.28927 0.133789 0.122058 0.0320264
threshold=49.646551724137943 4.3856609195402312 172.97674782766779 2.6217226890756309
decision_type=2 2 2 2
left_child=1 2 -1 -3
right_child=-2 3 -4 -5
leaf_value=0.1049861121812108 0.13217509947547582 0.075079349444138854 -0.10138326068370901 -0.22740510278914805
leaf_weight=0.30272812813927885 0.72707874975822051 0.022394321331375977 0.3865566731110448 0.27974235241254064
leaf_count=35 79 26 47 372
internal_value=0 -0.0699416 -0.0107476 -0.204985
internal_weight=0 0.991421 0.689285 0.302137
internal_count=559 480 82 398
is_linear=0
shrinkage=0.243386


Tree=239
num_leaves=6
num_cat=0
split_feature=12 7 9 12 11
split_gain=0.15554 0.111485 0.103529 5.63833e-08 2.08089e-08
threshold=12.821189898314591 7.9594827586206911 3.2942016806722694 12.695621688973812 43.663793103448278
decision_type=2 2 2 2 2
left_child=3 -2 -3 4 -1
right_child=1 2 -4 -5 -6
leaf_value=-0.21671029357714239 -0.078820601897281906 0.16323179501469459 -0.012085697254208419 -0.21689111787059487 -0.21644436804833636
leaf_weight=0.020477753836530721 0.33780615679279413 0.4620466382621089 0.35117866049404256 0.023598957079229876 0.11715105226721789
leaf_count=42 43 45 57 2 370
internal_value=0 0.0387047 0.0875237 -0.216544 -0.216484
internal_weight=0 1.15103 0.813225 0.161228 0.137629
internal_count=559 145 102 414 412
is_linear=0
shrinkage=0.243386


Tree=240
num_leaves=6
num_cat=0
split_feature=8 8 8 7 8
split_gain=0.260502 0.154641 0.315469 0.000148981 2.00191e-07
threshold=14.978990990990992 14.351916292107679 11.13449302134647 9.1293103448275872 18.874474789915968
decision_type=2 2 2 2 2
left_child=1 2 -1 4 -2
right_child=3 -3 -4 -5 -6
leaf_value=0.068995034731698685 -0.21658363444673723 0.19053144740014913 -0.22506784619085354 -0.22918205271945874 -0.21732228602596362
leaf_weight=0.92542171510831372 0.16026656999383715 0.32039142274152244 0.28194698067818535 0.0812562046921812 0.025144933630144806
leaf_count=175 277 32 41 6 28
internal_value=0 0.0402137 0.000324925 -0.220492 -0.216684
internal_weight=0 1.52776 1.20737 0.266668 0.185412
internal_count=559 248 216 311 305
is_linear=0
shrinkage=0.243386


Tree=241
num_leaves=7
num_cat=0
split_feature=8 8 6 7 7 6
split_gain=0.211519 0.10308 0.0988966 0.0202343 1.06809e-05 1.72649e-06
threshold=14.610289283366207 8.5144508670520249 114.66692025882982 7.948563218390805 7.924425287356323 117.99437476732167
decision_type=2 2 2 2 2 2
left_child=1 3 -3 -1 -2 -6
right_child=4 2 -4 -5 5 -7
leaf_value=-0.0081408404157046026 -0.22212430179386422 0.21163847495517044 0.011894738164092386 -0.21680418769499929 -0.21862821666784615 -0.21673360554287771
leaf_weight=0.041198116545274388 0.028518499806523323 0.25356539292261004 0.34883675619312271 0.082969021454118774 0.034791101701557636 0.15734998749485385
leaf_count=19 1 27 104 86 3 319
internal_value=0 0.0543515 0.0959716 -0.147571 -0.217729 -0.217077
internal_weight=0 0.726569 0.602402 0.124167 0.22066 0.192141
internal_count=559 236 131 105 323 322
is_linear=0
shrinkage=0.243386


Tree=242
num_leaves=7
num_cat=0
split_feature=6 9 12 10 8 9
split_gain=0.520969 0.488121 1.09613 0.556492 0.344794 0.281263
threshold=140.46021334470845 3.0928571428571439 10.811758719883921 820.50000000000011 14.733865371269955 3.2397058823529421
decision_type=2 2 2 2 2 2
left_child=4 2 -2 -3 5 -1
right_child=1 3 -4 -5 -6 -7
leaf_value=0.18000317005019323 -0.23662347408153889 0.14159908531775564 0.12028328749950359 -0.019256986780864353 0.22768347433378192 -0.15829399256359095
leaf_weight=0.25832437066128544 1.5381354261335212 1.5194323124560449 0.76238764513982449 7.8877278752033817 0.91609721956774592 0.33356859750347212
leaf_count=15 86 47 70 241 31 69
internal_value=0 -0.0178515 -0.118345 0.00672428 0.134137 -0.0106484
internal_weight=0 11.7077 2.30052 9.40716 1.50799 0.591893
internal_count=559 444 156 288 115 84
is_linear=0
shrinkage=0.243386


Tree=243
num_leaves=6
num_cat=0
split_feature=6 11 9 12 6
split_gain=0.504308 0.980458 0.477504 0.446403 0.17781
threshold=181.92952511009045 45.652298850574716 2.898571428571429 9.5759060405981007 187.26004428848648
decision_type=2 2 2 2 2
left_child=2 -2 -1 -4 -3
right_child=1 4 3 -5 -6
leaf_value=-0.14244451754916548 0.22575556535780864 -0.28155576611225286 -0.13357098304068643 0.020225582052572137 0.0089244620210124984
leaf_weight=1.626814623701647 1.3475109012797482 0.31645580744952884 1.2875581201515149 8.4870988867187389 0.20614284650400805
leaf_count=68 57 33 46 277 78
internal_value=0 0.116008 -0.020353 -3.31356e-05 -0.166974
internal_weight=0 1.87011 11.4015 9.77466 0.522599
internal_count=559 168 391 323 111
is_linear=0
shrinkage=0.243386


Tree=244
num_leaves=6
num_cat=0
split_feature=6 8 11 5 9
split_gain=0.210671 0.00750315 0.00902733 3.21396e-06 5.65525e-09
threshold=129.01488397888136 7.5143678160919549 43.520114942528743 4.9479022988505763 3.5942016806722696
decision_type=2 2 2 2 2
left_child=1 -1 -3 4 -2
right_child=3 2 -4 -5 -6
leaf_value=0.21720007499425373 -0.2163913793541104 0.20568321826636535 0.06387398554835462 -0.21899402134030441 -0.21651824716308726
leaf_weight=0.10596112522762269 0.060787323026943341 0.047348805528599769 0.060656512701825704 0.042402610997669399 0.03165002144578466
leaf_count=17 327 6 74 4 131
internal_value=0 0.171186 0.126042 -0.21724 -0.216435
internal_weight=0 0.213966 0.108005 0.13484 0.0924373
internal_count=559 97 80 462 458
is_linear=0
shrinkage=0.243386


Tree=245
num_leaves=4
num_cat=0
split_feature=4 14 6
split_gain=0.138481 1.39488e-09 2.22704e-10
threshold=1.0000000180025095e-35 1478950.0000000002 177.01708605062635
decision_type=2 2 2
left_child=-1 2 -2
right_child=1 -3 -4
leaf_value=0.21670290366301112 -0.21640156075075853 -0.21649272403371492 -0.21636639567952531
leaf_weight=0.12486475601326674 0.043469874614856963 0.0096930906465786393 0.014138044893115875
leaf_count=23 318 52 166
internal_value=0 -0.216407 -0.216393
internal_weight=0 0.067301 0.0576079
internal_count=559 536 484
is_linear=0
shrinkage=0.243386


Tree=246
num_leaves=5
num_cat=0
split_feature=11 9 7 12
split_gain=0.411135 0.471308 0.745083 0.720284
threshold=43.485632183908059 3.1913025210084043 8.1048850574712663 10.538123157528203
decision_type=2 2 2 2
left_child=-1 3 -3 -2
right_child=1 2 -4 -5
leaf_value=-0.11802971376588729 0.1082784350988399 -0.10674314568601638 0.036002317238176776 -0.036558349499757066
leaf_weight=1.666430000259427 5.0185838560646534 4.0910668767755833 4.6033694747311529 3.4199868086216156
leaf_count=28 86 218 110 117
internal_value=0 0.00860409 -0.0311649 0.0495789
internal_weight=0 17.133 8.69444 8.43857
internal_count=559 531 328 203
is_linear=0
shrinkage=0.243386


Tree=247
num_leaves=7
num_cat=0
split_feature=9 9 10 6 5 6
split_gain=0.163896 0.11878 0.195479 0.0474367 0.0193898 0.0527766
threshold=3.7913025210084039 3.4485294117647065 931.50000000000011 173.93716164716167 4.1147413793103462 190.76095885904087
decision_type=2 2 2 2 2 2
left_child=1 2 -1 -3 -2 -6
right_child=4 3 -4 -5 5 -7
leaf_value=0.08762102450174368 0.20878878989399402 -0.027595052175704991 -0.20845712274884243 -0.22808790947036181 -0.06900814034383955 0.21444420471836675
leaf_weight=0.49869439335088805 0.16388902115431858 0.09969580119013699 0.17968809380272432 0.23393743354608887 0.069688625949311245 0.088104739992559189
leaf_count=245 15 59 78 71 75 16
internal_value=0 -0.0492784 0.00919666 -0.168177 0.150156 0.0892589
internal_weight=0 1.01202 0.678382 0.333633 0.321682 0.157793
internal_count=559 453 323 130 106 91
is_linear=0
shrinkage=0.243386


Tree=248
num_leaves=5
num_cat=0
split_feature=8 7 5 14
split_gain=0.200482 0.256246 0.0586808 7.07783e-06
threshold=8.4511494252873582 9.168103448275863 4.1271551724137945 3407500.0000000005
decision_type=2 2 2 2
left_child=2 3 -1 -2
right_child=1 -3 -4 -5
leaf_value=0.19475986015166546 -0.21744822812181461 0.16879968990543276 0.063275314945664379 -0.22071330150553389
leaf_weight=0.35593727935338393 0.24252912033171015 0.1562309097207617 0.46210225400864147 0.046940075681050075
leaf_count=26 440 9 76 8
internal_value=0 -0.0824009 0.120486 -0.217978
internal_weight=0 0.4457 0.81804 0.289469
internal_count=559 457 102 448
is_linear=0
shrinkage=0.243386


Tree=249
num_leaves=6
num_cat=0
split_feature=5 8 7 10 14
split_gain=0.171116 0.135373 0.121429 7.77492e-06 1.48044e-07
threshold=4.464425287356323 8.3178962844159319 8.0278735632183924 762.50000000000011 1478950.0000000002
decision_type=2 2 2 2 2
left_child=1 -1 -3 -2 -5
right_child=3 2 -4 4 -6
leaf_value=-0.13339308975212791 -0.22027171004844359 0.18000928332300292 0.0023276912231440759 -0.21652554768370361 -0.21709404964225842
leaf_weight=0.2845221398747525 0.043804440894746333 0.32412741397638434 0.76696560327218322 0.13734448088689533 0.033814790498581715
leaf_count=64 9 49 89 321 27
internal_value=0 0.0161222 0.055111 -0.217378 -0.216638
internal_weight=0 1.37562 1.09109 0.214964 0.171159
internal_count=559 202 138 357 348
is_linear=0
shrinkage=0.243386


Tree=250
num_leaves=5
num_cat=0
split_feature=6 5 14 7
split_gain=0.145661 0.0901865 1.77697e-08 2.23845e-09
threshold=130.36460905358723 4.5283908045977022 1478950.0000000002 7.9669540229885056
decision_type=2 2 2 2
left_child=1 -1 3 -2
right_child=2 -3 -4 -5
leaf_value=0.1558332742041707 -0.21639837110633175 -0.026483167596362767 -0.21667448493885239 -0.21647158571295674
leaf_weight=0.28687168541364372 0.035069951783953002 0.36550161991908681 0.025337520192806551 0.083955032130688778
leaf_count=31 55 70 45 358
internal_value=0 0.0536878 -0.216489 -0.21645
internal_weight=0 0.652373 0.144363 0.119025
internal_count=559 101 458 413
is_linear=0
shrinkage=0.243386


Tree=251
num_leaves=6
num_cat=0
split_feature=6 8 9 8 9
split_gain=0.404006 0.344261 0.794902 0.223986 0.102132
threshold=140.46021334470845 18.540907563025218 3.0928571428571439 14.823770491803279 3.371008403361345
decision_type=2 2 2 2 2
left_child=3 2 -2 4 -1
right_child=1 -3 -4 -5 -6
leaf_value=0.12473204752322511 -0.19772442057080791 0.079582902334940434 -0.0024700428105384185 0.22326887213675814 -0.10254728558488783
leaf_weight=0.2245008028548916 1.4651895347178632 1.938674760662251 7.8651232503061692 0.70325904712080956 0.24486331646767212
leaf_count=26 127 51 272 29 54
internal_value=0 -0.0137409 -0.0331319 0.136368 0.00616233
internal_weight=0 11.269 9.33031 1.17262 0.469364
internal_count=559 450 399 109 80
is_linear=0
shrinkage=0.243386


Tree=252
num_leaves=7
num_cat=1
split_feature=0 7 5 13 7 6
split_gain=0.42624 0.985686 0.760597 0.572182 0.500577 0.318877
threshold=0 8.1048850574712663 4.5164655172413797 2019.5000000000002 8.0991379310344858 176.44117712420083
decision_type=9 2 2 2 2 2
left_child=1 3 5 -1 -4 -2
right_child=2 -3 4 -5 -6 -7
leaf_value=0.096892666795159857 -0.23583373395522908 -0.17440017577534117 0.017322865595100885 -0.13934700418602267 0.16124366603075874 0.080562876031760489
leaf_weight=2.0106485224496287 0.62477823747940409 2.9629689512476034 2.4748818106054387 0.87015506311217894 3.3959164506741217 0.27033470765309175
leaf_count=90 60 78 99 55 93 84
internal_value=0 -0.0279718 0.0277275 0.0255358 0.100573 -0.140278
internal_weight=0 5.84377 6.76591 2.8808 5.8708 0.895113
internal_count=559 223 336 145 192 144
cat_boundaries=0 1
cat_threshold=18361216
is_linear=0
shrinkage=0.243386


Tree=253
num_leaves=5
num_cat=0
split_feature=6 5 5 9
split_gain=0.184167 0.00918749 1.40641e-06 2.62053e-09
threshold=133.57268216634293 5.1450000000000005 4.9479022988505763 3.5942016806722696
decision_type=2 2 2 2
left_child=1 -1 3 -2
right_child=2 -3 -4 -5
leaf_value=0.11717626160889645 -0.21638255457232933 0.21683378268061496 -0.21836365390182413 -0.21648098305239583
leaf_weight=0.090516661162837408 0.042761749223700463 0.1388688767910935 0.032521426677703857 0.025624087273627083
leaf_count=76 318 27 4 134
internal_value=0 0.177508 -0.217046 -0.216419
internal_weight=0 0.229386 0.100907 0.0683858
internal_count=559 103 456 452
is_linear=0
shrinkage=0.243386


Tree=254
num_leaves=4
num_cat=0
split_feature=4 14 7
split_gain=0.12482 1.22602e-09 1.19732e-10
threshold=1.0000000180025095e-35 1478950.0000000002 8.0094827586206918
decision_type=2 2 2
left_child=-1 2 -2
right_child=1 -3 -4
leaf_value=0.216527248793665 -0.21635160357249769 -0.21649212772493012 -0.21638784327327709
leaf_weight=0.15625107049709186 0.006255802577470603 0.0070196884394135841 0.039499394447830127
leaf_count=34 103 52 370
internal_value=0 -0.216397 -0.216383
internal_weight=0 0.0527749 0.0457552
internal_count=559 525 473
is_linear=0
shrinkage=0.243386


Tree=255
num_leaves=4
num_cat=0
split_feature=12 11 8
split_gain=0.426557 0.604144 0.452401
threshold=9.2098472519112615 44.017241379310356 14.351916292107679
decision_type=2 2 2
left_child=-1 -2 -3
right_child=1 2 -4
leaf_value=0.14395434136622648 -0.11371415868287048 -0.13960307975912015 0.021806459004554052
leaf_weight=1.1046505765116332 2.8766589830847833 1.1186215666984924 12.784891103248809
leaf_count=22 68 202 267
internal_value=0 -0.0121862 0.00882009
internal_weight=0 16.7802 13.9035
internal_count=559 537 469
is_linear=0
shrinkage=0.243386


Tree=256
num_leaves=6
num_cat=1
split_feature=12 8 2 11 5
split_gain=0.173713 0.105542 0.160515 5.0988e-06 1.25917e-06
threshold=11.893211805432289 15.109722222222222 0 46.623563218390807 4.3744827586206911
decision_type=2 2 1 2 2
left_child=3 2 -2 4 -1
right_child=1 -3 -4 -5 -6
leaf_value=-0.21792918413012979 0.05275166041003887 0.12180670647629843 -0.22673143895852318 -0.22098922911742128 -0.216526685687987
leaf_weight=0.066966084130399506 0.41654430513881358 0.51682673339382745 0.17199230439655366 0.023415963907609694 0.087425492258262238
leaf_count=15 128 34 8 2 372
internal_value=0 0.0415522 -0.0289237 -0.217643 -0.217135
internal_weight=0 1.10536 0.588537 0.177808 0.154392
internal_count=559 170 136 389 387
cat_boundaries=0 1
cat_threshold=2
is_linear=0
shrinkage=0.243386


Tree=257
num_leaves=4
num_cat=0
split_feature=4 7 8
split_gain=0.122579 0.155405 0.17875
threshold=1.0000000180025095e-35 7.9106321839080467 8.5144508670520249
decision_type=2 2 2
left_child=-1 -2 -3
right_child=1 2 -4
leaf_value=-0.21652580505029703 -0.20706895462301561 0.16549257260041894 -0.064299527047371297
leaf_weight=0.13340938341571018 0.13779174599403632 0.49293255299562588 0.33803801038357051
leaf_count=34 63 62 400
internal_value=0 0.0323181 0.0720134
internal_weight=0 0.968762 0.830971
internal_count=559 525 462
is_linear=0
shrinkage=0.243386


Tree=258
num_leaves=6
num_cat=0
split_feature=12 7 7 14 11
split_gain=0.165156 0.121484 0.0730414 1.70197e-07 1.64136e-08
threshold=12.898030559702521 7.9508620689655185 8.2310344827586217 1478950.0000000002 45.364942528735639
decision_type=2 2 2 2 2
left_child=3 -2 -3 4 -1
right_child=1 2 -4 -5 -6
leaf_value=-0.21643813859068015 0.1531603979441746 -0.090020024069865923 0.059080732532070954 -0.21718880206232932 -0.21662442153216685
leaf_weight=0.10215098940716427 0.39666516325087264 0.37325690181023674 0.40667840267997235 0.024132597754942253 0.03860852161233197
leaf_count=301 46 90 16 34 72
internal_value=0 0.0434979 -0.012275 -0.216592 -0.216489
internal_weight=0 1.1766 0.779935 0.164892 0.14076
internal_count=559 152 106 407 373
is_linear=0
shrinkage=0.243386


Tree=259
num_leaves=5
num_cat=0
split_feature=6 8 12 14
split_gain=0.185745 0.161813 0.0744738 1.9119e-05
threshold=113.54581243085819 11.13449302134647 11.114803016225627 813500.00000000012
decision_type=2 2 2 2
left_child=-1 2 -2 -3
right_child=1 3 -4 -5
leaf_value=0.16282686931697041 0.20888295698024203 -0.22181150803874822 -0.10272483907714812 -0.21704134575449471
leaf_weight=0.30557492811931297 0.11242982514522737 0.070588219938144903 0.076244680800755305 0.16878308937884867
leaf_count=40 20 43 122 334
internal_value=0 -0.085593 0.0829601 -0.218448
internal_weight=0 0.428046 0.188675 0.239371
internal_count=559 519 142 377
is_linear=0
shrinkage=0.243386


Tree=260
num_leaves=7
num_cat=0
split_feature=6 5 10 5 8 6
split_gain=0.331779 0.395973 0.663813 0.395041 0.336071 0.108594
threshold=149.40031561097331 4.6307758620689663 911.50000000000011 4.6989655172413798 15.779060066740826 140.46021334470845
decision_type=2 2 2 2 2 2
left_child=4 2 -2 -3 5 -1
right_child=1 3 -4 -5 -6 -7
leaf_value=0.051798039135006413 -0.011125065265782746 0.13966824352624765 -0.2021642966105559 -0.017715734990247936 0.173212245150554 -0.093177589428808646
leaf_weight=0.71778188064854587 3.3228772152160655 1.3023271332276634 1.5944238961938024 3.4407169420665014 1.1269673388451336 0.53357657592277974
leaf_count=89 177 46 114 95 29 9
internal_value=0 -0.0246745 -0.0730691 0.0254982 0.0768048 -0.0100193
internal_weight=0 9.66035 4.9173 4.74304 2.37833 1.25136
internal_count=559 432 291 141 127 98
is_linear=0
shrinkage=0.243386


Tree=261
num_leaves=7
num_cat=0
split_feature=6 10 9 8 9 10
split_gain=0.437831 0.497984 0.746408 0.390632 0.790297 0.0120261
threshold=166.75855747030897 897.50000000000011 3.659411764705883 17.115045362903228 3.0928571428571439 939.50000000000011
decision_type=2 2 2 2 2 2
left_child=1 2 -1 4 -2 -3
right_child=3 5 -4 -5 -6 -7
leaf_value=-0.22718918916198683 -0.035924797404854519 -0.22991993809636793 0.182531899861756 -0.038202426733878386 0.1395728849057076 -0.17660021372326576
leaf_weight=0.4371573707630898 2.7442934839418722 0.72552280620402576 0.66259410910424776 3.7719854470051359 3.4070370251147324 0.38277887078584172
leaf_count=111 70 59 28 73 146 72
internal_value=0 -0.0963672 0.0196655 0.0234642 0.0612781 -0.211505
internal_weight=0 2.20805 1.09975 9.92332 6.15133 1.1083
internal_count=559 270 139 289 216 131
is_linear=0
shrinkage=0.243386


Tree=262
num_leaves=6
num_cat=0
split_feature=6 5 14 5 9
split_gain=0.122626 0.012147 0.0129694 6.52179e-07 1.1545e-09
threshold=133.57268216634293 5.2527011494252882 1478950.0000000002 4.9479022988505763 3.659411764705883
decision_type=2 2 2 2 2
left_child=1 2 -1 4 -2
right_child=3 -3 -4 -5 -6
leaf_value=-0.043081851066532201 -0.21637777281627307 0.21670685826400621 0.18743163275581126 -0.21797597528751742 -0.21645809380963543
leaf_weight=0.027941703414398944 0.035787666648047889 0.098345142556354403 0.029962277207232546 0.02247379207983613 0.015061921964388603
leaf_count=74 331 31 8 3 112
internal_value=0 0.164636 0.0761968 -0.216884 -0.216402
internal_weight=0 0.156249 0.057904 0.0733234 0.0508496
internal_count=559 113 82 446 443
is_linear=0
shrinkage=0.243386


Tree=263
num_leaves=4
num_cat=0
split_feature=4 14 9
split_gain=0.0730586 7.82098e-10 5.47785e-11
threshold=1.0000000180025095e-35 1478950.0000000002 3.4637815126050424
decision_type=2 2 2
left_child=-1 2 -2
right_child=1 -3 -4
leaf_value=0.2164317171058367 -0.21636779684029336 -0.21647904745765489 -0.2163870608167732
leaf_weight=0.054328665893990546 0.018683531713804769 0.005072790593658282 0.016436176138540759
leaf_count=22 280 52 205
internal_value=0 -0.21639 -0.216377
internal_weight=0 0.0401925 0.0351197
internal_count=559 537 485
is_linear=0
shrinkage=0.243386


Tree=264
num_leaves=6
num_cat=1
split_feature=0 11 7 11 8
split_gain=0.404168 0.850321 0.689155 0.687517 0.665402
threshold=0 43.629310344827587 8.1577586206896573 43.663793103448278 15.939030866246268
decision_type=9 2 2 2 2
left_child=1 -1 -3 -2 -5
right_child=3 2 -4 4 -6
leaf_value=-0.28337108324627297 0.22835007664705514 0.0047895724540766736 -0.21683745694932871 -0.059959981359452991 0.071653424077068456
leaf_weight=0.98184879714972328 1.0604290111914476 4.3880278219448883 1.0253185349283738 3.6575533883878943 6.0219411438738462
leaf_count=11 25 188 20 183 132
internal_value=0 -0.0292487 -0.0371878 0.0219063 0.0219212
internal_weight=0 6.3952 5.41335 10.7399 9.67949
internal_count=559 219 208 340 315
cat_boundaries=0 1
cat_threshold=29753473
is_linear=0
shrinkage=0.243386


Tree=265
num_leaves=6
num_cat=0
split_feature=12 10 8 11 5
split_gain=0.16986 0.0783826 0.134655 2.56579e-06 5.24053e-07
threshold=11.893211805432289 929.50000000000011 14.883574879227053 46.623563218390807 4.3744827586206911
decision_type=2 2 2 2 2
left_child=3 2 -2 4 -1
right_child=1 -3 -4 -5 -6
leaf_value=-0.21752301018313583 -0.0061216358963213707 -0.056007956756751971 0.20440882777644953 -0.22000886526149871 -0.216567402207198
leaf_weight=0.057228050831327093 0.37216049673952489 0.28026223099186609 0.34847108647227287 0.018432676792144775 0.083733208822422966
leaf_count=14 88 45 25 1 386
internal_value=0 0.0532079 0.0956832 -0.217308 -0.216955
internal_weight=0 1.00089 0.720632 0.159394 0.140961
internal_count=559 158 113 401 400
is_linear=0
shrinkage=0.243386


Tree=266
num_leaves=5
num_cat=0
split_feature=7 8 14 7
split_gain=0.113009 0.141927 0.0352251 4.63949e-07
threshold=7.8609195402298857 12.700353825740825 967450.00000000012 9.0258620689655196
decision_type=2 2 2 2
left_child=-1 2 -2 -3
right_child=1 3 -4 -5
leaf_value=-0.22084889266799249 0.13800952101096581 -0.21647136071959155 0.017780934095111573 -0.21761095327136964
leaf_weight=0.097047407702120836 0.44225547397945775 0.065620986651993007 0.21430280381719058 0.031235486683726776
leaf_count=49 98 359 43 10
internal_value=0 0.0581933 0.0987665 -0.216839
internal_weight=0 0.753415 0.656558 0.0968565
internal_count=559 510 141 369
is_linear=0
shrinkage=0.243386


Tree=267
num_leaves=5
num_cat=0
split_feature=7 6 8 9
split_gain=0.146267 0.181909 0.131423 0.0263213
threshold=9.1293103448275872 179.64264416890325 8.7485632183908066 2.8028991596638657
decision_type=2 2 2 2
left_child=1 3 -3 -1
right_child=-2 2 -4 -5
leaf_value=0.091972144153542351 -0.22439750573087464 -0.066634906230026658 0.14672147030710894 -0.21679684435258731
leaf_weight=0.018184246787313674 0.14716091957234323 0.24232612362175132 0.58120841155323433 0.16251086661850422
leaf_count=49 11 53 117 329
internal_value=0 0.0354192 0.0839411 -0.185724
internal_weight=0 1.00423 0.823535 0.180695
internal_count=559 548 170 378
is_linear=0
shrinkage=0.243386


Tree=268
num_leaves=4
num_cat=0
split_feature=7 6 9
split_gain=0.117716 0.16357 0.0387646
threshold=7.8922413793103461 102.19435109813089 4.4260504201680684
decision_type=2 2 2
left_child=-1 -2 -3
right_child=1 2 -4
leaf_value=0.16252510307799589 0.19542869259237705 -0.18739634035027702 0.11605157598717844
leaf_weight=0.19664566727442434 0.10393247031606734 0.26955040133202601 0.027480170363560319
leaf_count=61 7 476 15
internal_value=0 -0.0673684 -0.159322
internal_weight=0 0.400963 0.297031
internal_count=559 498 491
is_linear=0
shrinkage=0.243386


Tree=269
num_leaves=7
num_cat=0
split_feature=6 10 10 5 9 9
split_gain=0.351147 1.09786 0.477419 0.424254 0.168621 0.000194953
threshold=170.49706174590207 998.50000000000011 939.50000000000011 4.5744252873563225 3.579705882352942 3.6941176470588242
decision_type=2 2 2 2 2 2
left_child=2 5 3 -1 -4 -2
right_child=1 -3 4 -5 -6 -7
leaf_value=-0.041803975831407082 -0.21891648448905296 0.26568756867009857 -0.18809141525640957 0.074621255831285066 -0.03071352753116521 -0.22510483274146428
leaf_weight=2.7919550781589333 0.56850774424492623 0.35283240399803606 0.80425145673507248 5.5191933096430148 0.80891679148044204 0.64221330632608442
leaf_count=99 167 18 47 123 36 69
internal_value=0 -0.112102 0.0119924 0.0355107 -0.109175 -0.222199
internal_weight=0 1.56355 9.92432 8.31115 1.61317 1.21072
internal_count=559 254 305 222 83 236
is_linear=0
shrinkage=0.243386


Tree=270
num_leaves=5
num_cat=0
split_feature=9 6 11 9
split_gain=0.301203 0.554537 0.485838 0.000466144
threshold=4.1188235294117659 158.99224028420457 44.686781609195414 3.8514705882352946
decision_type=2 2 2 2
left_child=1 3 -3 -1
right_child=-2 2 -4 -5
leaf_value=-0.21817836328499435 0.14524434902262112 0.064462914666532617 -0.04516898934399436 -0.23105188880613439
leaf_weight=0.31228168772304243 0.78834977340557166 4.3412441194814146 5.3395616892312319 0.35719464661815437
leaf_count=153 53 93 241 19
internal_value=0 -0.0108207 0.00399416 -0.225047
internal_weight=0 10.3503 9.68081 0.669476
internal_count=559 506 334 172
is_linear=0
shrinkage=0.243386


Tree=271
num_leaves=5
num_cat=0
split_feature=5 9 6 7
split_gain=0.116939 5.36881e-10 2.97502e-10 2.62142e-10
threshold=4.9479022988505763 3.6681092436974798 115.04917798808715 8.0307471264367845
decision_type=2 2 2 2
left_child=1 2 -1 -3
right_child=-2 3 -4 -5
leaf_value=-0.21644148189945997 0.18489319598618029 -0.21638931753974461 -0.21636949140401096 -0.21644599730956832
leaf_weight=0.0037951821468595872 0.17034639196936041 0.0075136915579605548 0.032689724136389486 0.013551134190038283
leaf_count=18 32 58 373 78
internal_value=0 -0.216395 -0.216377 -0.216426
internal_weight=0 0.0575497 0.0364849 0.0210648
internal_count=559 527 391 136
is_linear=0
shrinkage=0.243386


Tree=272
num_leaves=4
num_cat=0
split_feature=4 14 6
split_gain=0.0632486 3.04466e-10 2.75053e-11
threshold=1.0000000180025095e-35 1478950.0000000002 177.01708605062635
decision_type=2 2 2
left_child=-1 2 -2
right_child=1 -3 -4
leaf_value=0.21646212265140657 -0.21637389671202437 -0.21643530848501349 -0.2163545760032568
leaf_weight=0.052292201231466606 0.021921023932918615 0.0050101949620966471 0.0054499130501426398
leaf_count=21 325 51 162
internal_value=0 -0.21638 -0.21637
internal_weight=0 0.0323811 0.0273709
internal_count=559 538 487
is_linear=0
shrinkage=0.243386


Tree=273
num_leaves=6
num_cat=0
split_feature=9 14 9 9 11
split_gain=0.395435 0.907274 0.488271 0.354317 0.244611
threshold=3.5652100840336138 1065000.0000000002 3.4275210084033616 3.1913025210084043 44.37068965517242
decision_type=2 2 2 2 2
left_child=2 4 3 -1 -2
right_child=1 -3 -4 -5 -6
leaf_value=0.024413278417475374 -0.051898335031644094 0.15439383843199495 0.13330573160101319 -0.067674865341575088 -0.23925773303899325
leaf_weight=8.4223720316313138 0.61868702789797625 0.66477528520408657 1.8011523869554356 3.5049734174681353 1.2402490865215439
leaf_count=214 37 40 53 100 115
internal_value=0 -0.0896342 0.0151891 -0.00264777 -0.176901
internal_weight=0 2.52371 13.7285 11.9273 1.85894
internal_count=559 192 367 314 152
is_linear=0
shrinkage=0.243386


Tree=274
num_leaves=6
num_cat=0
split_feature=8 11 11 12 7
split_gain=0.15147 0.170355 8.6718e-07 8.54621e-07 1.94369e-08
threshold=11.773793520634497 46.39942528735633 50.316091954022994 12.050346177496847 7.999712643678162
decision_type=2 2 2 2 2
left_child=2 3 4 -2 -1
right_child=1 -3 -4 -5 -6
leaf_value=-0.21644233418142306 -0.21685213528030195 0.087001050470012012 -0.21774534245438301 -0.21855279769245867 -0.21665594479014602
leaf_weight=0.059457963566728722 0.10655291721968752 0.75602185667958111 0.052821436058366089 0.020944179967045784 0.043836948052671687
leaf_count=92 323 50 39 3 52
internal_value=0 0.0431129 -0.216943 -0.217132 -0.216533
internal_weight=0 0.883519 0.156116 0.127497 0.103295
internal_count=559 376 183 326 144
is_linear=0
shrinkage=0.243386


Tree=275
num_leaves=4
num_cat=0
split_feature=8 7 8
split_gain=0.108454 0.0886585 0.0906895
threshold=7.8526129377171889 9.168103448275863 8.4511494252873582
decision_type=2 2 2
left_child=-1 2 -2
right_child=1 -3 -4
leaf_value=0.14708232942066027 0.025453183204980287 0.15394822998035348 -0.21738491179535963
leaf_weight=0.32354784286144422 0.18568018513906281 0.11193925151019357 0.17884466321993386
leaf_count=78 17 9 455
internal_value=0 -0.0355098 -0.093689
internal_weight=0 0.476464 0.364525
internal_count=559 481 472
is_linear=0
shrinkage=0.243386


Tree=276
num_leaves=6
num_cat=0
split_feature=8 8 7 12 8
split_gain=0.130716 0.194594 0.113015 0.0375296 3.76594e-07
threshold=7.9452361969304368 11.13449302134647 8.5425287356321853 14.199786133881538 6.9884725267424104
decision_type=2 2 2 2 2
left_child=4 3 -3 -2 -1
right_child=1 2 -4 -5 -6
leaf_value=-0.21749494403364833 0.069987031259673316 -0.21773034170509764 0.033714550065728599 0.20564329627793379 -0.21666435761640385
leaf_weight=0.060858715290578402 0.21025678580099338 0.18770029307870573 0.24293137731729075 0.28395364033349324 0.068997970065083791
leaf_count=13 64 364 16 33 69
internal_value=0 0.0437163 -0.0758832 0.14793 -0.217054
internal_weight=0 0.924842 0.430632 0.49421 0.129857
internal_count=559 477 380 97 82
is_linear=0
shrinkage=0.243386


Tree=277
num_leaves=5
num_cat=0
split_feature=5 6 8 8
split_gain=0.0938786 0.162398 0.071669 2.3923e-07
threshold=4.7570689655172425 114.66692025882982 11.13449302134647 8.6541924124642904
decision_type=2 2 2 2
left_child=1 -1 -3 -2
right_child=3 2 -4 -5
leaf_value=0.21898365718687637 -0.21667562224450115 0.043601744533305391 -0.21789116237855452 -0.21739303775296012
leaf_weight=0.16696939110988751 0.047808771934796823 0.12030048853694097 0.12830644828341065 0.0649251022991848
leaf_count=30 28 122 311 68
internal_value=0 0.0333321 -0.0913552 -0.217089
internal_weight=0 0.415576 0.248607 0.112734
internal_count=559 463 433 96
is_linear=0
shrinkage=0.243386


Tree=278
num_leaves=7
num_cat=0
split_feature=6 12 12 6 8 6
split_gain=0.320993 0.373792 0.834825 0.4964 0.218724 0.10767
threshold=149.40031561097331 10.825440036253946 11.346319704188124 157.0792745258066 15.779060066740826 140.46021334470845
decision_type=2 2 2 2 2 2
left_child=4 3 -3 -2 5 -1
right_child=1 2 -4 -5 -6 -7
leaf_value=0.082590245173264271 -0.11251020686859411 -0.26480083782493463 0.070155247259874168 0.03914526599418118 0.16474581478528741 -0.073884748990149463
leaf_weight=0.52537361538270599 1.7027031705365496 1.0421630566706879 0.76381276212123328 5.1320138924456842 0.99032593914307643 0.51667248248122633
leaf_count=87 39 39 183 174 28 9
internal_value=0 -0.0246575 -0.123136 0.001364 0.0828434 0.00500603
internal_weight=0 8.64069 1.80598 6.83472 2.03237 1.04205
internal_count=559 435 222 213 124 96
is_linear=0
shrinkage=0.243386


Tree=279
num_leaves=6
num_cat=0
split_feature=6 11 10 10 13
split_gain=0.389726 0.537149 0.409734 0.808306 0.0952761
threshold=181.92952511009045 45.560344827586214 820.50000000000011 838.50000000000011 2018.5000000000002
decision_type=2 2 2 2 2
left_child=2 -2 -1 -4 -3
right_child=1 4 3 -5 -6
leaf_value=-0.12267913771224377 0.22570824855133889 -0.22813078224795932 0.23025199131812896 -0.016618947560470613 0.0045049610773626961
leaf_weight=1.6385856069537093 0.96871596359415046 0.19564529359740845 0.88489242248397193 7.0048674747376936 0.22332322707916319
leaf_count=62 55 37 24 317 64
internal_value=0 0.126124 -0.0119313 0.0110694 -0.104129
internal_weight=0 1.38768 9.52835 7.88976 0.418969
internal_count=559 156 403 341 101
is_linear=0
shrinkage=0.243386


Tree=280
num_leaves=5
num_cat=0
split_feature=6 8 4 5
split_gain=0.136884 0.00313851 2.90513e-07 9.50483e-08
threshold=140.46021334470845 7.8526129377171889 0.54500000000000015 4.9840229885057479
decision_type=2 2 2 2
left_child=1 -1 3 -2
right_child=2 -3 -4 -5
leaf_value=0.21681540638333119 -0.21638230104550471 0.14960389215974151 -0.21805114861571967 -0.21698634174993101
leaf_weight=0.085418486560229212 0.031302356263608999 0.07942135144094209 0.010748350362518977 0.030435101129114628
leaf_count=21 439 75 21 3
internal_value=0 0.184432 -0.216883 -0.21668
internal_weight=0 0.16484 0.0724858 0.0617375
internal_count=559 96 463 442
is_linear=0
shrinkage=0.243386


Tree=281
num_leaves=4
num_cat=0
split_feature=4 14 6
split_gain=0.0565795 1.23523e-10 1.36372e-11
threshold=1.0000000180025095e-35 1478950.0000000002 177.01708605062635
decision_type=2 2 2
left_child=-1 2 -2
right_child=1 -3 -4
leaf_value=0.21645397118897025 -0.21636675339045294 -0.21641307214783845 -0.21635139748343868
leaf_weight=0.062177255400456488 0.017360657511858335 0.0034892792033360811 0.0042680651113187187
leaf_count=20 325 49 165
internal_value=0 -0.216371 -0.216364
internal_weight=0 0.025118 0.0216287
internal_count=559 539 490
is_linear=0
shrinkage=0.243386


Tree=282
num_leaves=7
num_cat=0
split_feature=9 14 6 11 10 6
split_gain=0.31007 0.627636 0.336566 0.451377 0.358039 0.00026978
threshold=3.659411764705883 1276500.0000000002 173.93716164716167 44.721264367816097 932.50000000000011 165.00187963228265
decision_type=2 2 2 2 2 2
left_child=2 5 4 -4 -1 -2
right_child=1 -3 3 -5 -6 -7
leaf_value=0.0082254518024690981 -0.22906170154812081 0.13734594088339006 -0.14358594275668143 0.020936020787249029 0.1246418590779995 -0.22042944677413165
leaf_weight=8.3551428011232911 0.59494071623021294 0.4040374819887802 1.7991517694317729 2.190569508171393 1.9255832134913351 0.33534843255483793
leaf_count=179 50 22 42 125 62 79
internal_value=0 -0.115943 0.00674555 -0.0532546 0.0300303 -0.22595
internal_weight=0 1.33433 14.2704 3.98972 10.2807 0.930289
internal_count=559 151 408 167 241 129
is_linear=0
shrinkage=0.243386


Tree=283
num_leaves=6
num_cat=1
split_feature=5 2 8 7 10
split_gain=0.141645 0.12203 0.102533 0.0546567 0.000211322
threshold=4.464425287356323 0 13.224793388429754 8.2215517241379334 1045.0000000000002
decision_type=2 1 2 2 2
left_child=1 2 -1 4 -2
right_child=3 -3 -4 -5 -6
leaf_value=-0.088009088840380001 -0.21741830157001305 -0.12689577956300366 0.15911380323265445 0.20427248283641314 -0.23565262625621822
leaf_weight=0.12300757676803187 0.067239937539170569 0.15809714839178923 0.51943803188260063 0.019581030277777245 0.085551583317283075
leaf_count=109 328 12 85 12 13
internal_value=0 0.0646588 0.111798 -0.178565 -0.227628
internal_weight=0 0.800543 0.642446 0.172373 0.152792
internal_count=559 206 194 353 341
cat_boundaries=0 1
cat_threshold=2
is_linear=0
shrinkage=0.243386


Tree=284
num_leaves=6
num_cat=0
split_feature=11 7 5 8 8
split_gain=0.08951 0.0507858 0.00852121 0.00741477 0.00698667
threshold=48.74712643678162 7.9594827586206911 4.044712643678162 8.3554865009355801 7.4971264367816106
decision_type=2 2 2 2 2
left_child=2 -2 -1 -3 -4
right_child=1 3 4 -5 -6
leaf_value=0.027798277648492277 -0.040529914101606168 0.15699904964411207 -0.074938237525951537 0.087828710715754474 -0.2169074663175872
leaf_weight=0.012804608326405287 0.16962460278773506 0.17353126109810546 0.027247294754488394 0.19491522509815695 0.083340804472072705
leaf_count=5 48 29 17 57 403
internal_value=0 0.0696721 -0.160165 0.120407 -0.181928
internal_weight=0 0.538071 0.123393 0.368446 0.110588
internal_count=559 134 425 86 420
is_linear=0
shrinkage=0.243386


Tree=285
num_leaves=4
num_cat=1
split_feature=7 2 8
split_gain=0.103095 0.114582 0.156439
threshold=9.076436781609198 0 11.13449302134647
decision_type=2 1 2
left_child=1 2 -1
right_child=-2 -3 -4
leaf_value=0.060756124194970063 -0.22098018134664119 0.22455432913222431 -0.21726090918912833
leaf_weight=0.50253954565664571 0.10145429935801076 0.15905487736199575 0.15745795036627896
leaf_count=162 11 8 378
internal_value=0 0.0391176 -0.00557139
internal_weight=0 0.819052 0.659997
internal_count=559 548 540
cat_boundaries=0 1
cat_threshold=2
is_linear=0
shrinkage=0.243386


Tree=286
num_leaves=5
num_cat=0
split_feature=6 7 14 8
split_gain=0.0899711 0.0879012 2.986e-09 2.59122e-10
threshold=130.36460905358723 7.948563218390805 1478950.0000000002 14.450416064919883
decision_type=2 2 2 2
left_child=1 -1 3 -2
right_child=2 -3 -4 -5
leaf_value=0.18853654013110957 -0.21640629346253654 -0.050933152737350891 -0.21651193383921305 -0.21637265604126221
leaf_weight=0.17695080681005493 0.046301967621957374 0.18649899467709474 0.016626649524368986 0.01918775365561487
leaf_count=34 133 57 43 292
internal_value=0 0.0656561 -0.21642 -0.216396
internal_weight=0 0.36345 0.0821164 0.0654897
internal_count=559 91 468 425
is_linear=0
shrinkage=0.243386


Tree=287
num_leaves=6
num_cat=0
split_feature=9 6 12 8 6
split_gain=0.228941 0.226863 0.397299 0.17146 0.0655252
threshold=2.8623109243697482 151.98308312868446 10.840498371125616 15.779060066740826 154.80917684491004
decision_type=2 2 2 2 2
left_child=4 3 -3 -2 -1
right_child=1 2 -4 -5 -6
leaf_value=-0.059714686218401841 -0.0061147743887688729 0.0065821794019024207 -0.14559032087187715 0.13671748450372995 -0.2202840104237575
leaf_weight=0.26257986814016554 0.89013326152780647 6.2460226029143087 1.2138457674159324 1.1296856165863571 0.35285170170755009
leaf_count=12 89 171 185 28 74
internal_value=0 0.00141282 -0.0181788 0.0737714 -0.151776
internal_weight=0 9.47969 7.45987 2.01982 0.615432
internal_count=559 473 356 117 86
is_linear=0
shrinkage=0.243386


Tree=288
num_leaves=4
num_cat=0
split_feature=9 9 6
split_gain=0.388925 0.683105 0.351775
threshold=2.6478151260504208 2.869117647058824 171.355343730649
decision_type=2 2 2
left_child=-1 -2 -3
right_child=1 2 -4
leaf_value=0.19711547475853294 -0.20027167222636508 -0.04292279937839278 0.055426958783416067
leaf_weight=0.57911466489622476 0.98591805585965531 3.7641985459804328 5.0371807660349077
leaf_count=39 52 239 229
internal_value=0 -0.00815606 0.0133645
internal_weight=0 9.7873 8.80138
internal_count=559 520 468
is_linear=0
shrinkage=0.243386


Tree=289
num_leaves=6
num_cat=0
split_feature=8 5 8 5 6
split_gain=0.0462166 0.00343732 0.00414296 2.41183e-07 2.38673e-10
threshold=8.6858846588266569 5.2649425287356335 7.0778021393927322 4.9479022988505763 118.7872557221723
decision_type=2 2 2 2 2
left_child=1 2 -1 4 -2
right_child=3 -3 -4 -5 -6
leaf_value=0.18901458776807276 -0.21641545546632637 0.21638660286394801 -0.041400306917072478 -0.21764794255833445 -0.21636773764164541
leaf_weight=0.0090801011706389545 0.008556044107535854 0.020522108708973974 0.0094161751877663846 0.012449706438928843 0.022636837851678138
leaf_count=12 40 16 69 2 420
internal_value=0 0.147806 0.0717138 -0.216742 -0.216381
internal_weight=0 0.0390184 0.0184963 0.0436426 0.0311929
internal_count=559 97 81 462 460
is_linear=0
shrinkage=0.243386


Tree=290
num_leaves=4
num_cat=0
split_feature=4 14 6
split_gain=0.0441617 4.25196e-11 9.00935e-12
threshold=1.0000000180025095e-35 1478950.0000000002 177.01708605062635
decision_type=2 2 2
left_child=-1 2 -2
right_child=1 -3 -4
leaf_value=0.21643356130355168 -0.21636277633355405 -0.21639331020635671 -0.21634891294926406
leaf_weight=0.049309316629660316 0.01337572507850382 0.0026042930155085733 0.0035043018698388542
leaf_count=26 316 57 160
internal_value=0 -0.216364 -0.21636
internal_weight=0 0.0194843 0.01688
internal_count=559 533 476
is_linear=0
shrinkage=0.243386


Tree=291
num_leaves=4
num_cat=0
split_feature=12 11 9
split_gain=0.293089 0.323641 0.362137
threshold=9.2098472519112615 44.017241379310356 3.3573529411764711
decision_type=2 2 2
left_child=-1 -2 -3
right_child=1 2 -4
leaf_value=0.12878135199513299 -0.0978727388032756 0.034619386333880849 -0.056338065262437939
leaf_weight=0.92146716886782165 2.230006707035499 7.5624791695508957 3.9457820930938396
leaf_count=23 63 241 232
internal_value=0 -0.0130108 0.00343324
internal_weight=0 13.7383 11.5083
internal_count=559 536 473
is_linear=0
shrinkage=0.243386


Tree=292
num_leaves=6
num_cat=0
split_feature=8 12 11 11 7
split_gain=0.118244 0.133512 2.76892e-06 1.13507e-07 6.09712e-09
threshold=11.773793520634497 11.893211805432289 46.623563218390807 50.316091954022994 7.999712643678162
decision_type=2 2 2 2 2
left_child=3 2 -2 4 -1
right_child=1 -3 -4 -5 -6
leaf_value=-0.21640367723593593 -0.21687201242211901 0.09815392581526422 -0.22016441007045748 -0.21699492430446282 -0.21655010344696657
leaf_weight=0.036519820486319077 0.071576073755636571 0.63049494964070618 0.019187599420547485 0.038404063020607282 0.031268106116044692
leaf_count=96 328 51 1 38 45
internal_value=0 0.0584233 -0.217568 -0.216661 -0.216471
internal_weight=0 0.721259 0.0907637 0.106192 0.0677879
internal_count=559 380 329 179 141
is_linear=0
shrinkage=0.243386


Tree=293
num_leaves=5
num_cat=0
split_feature=7 8 7 7
split_gain=0.117065 0.0854183 0.0963221 0.0275784
threshold=7.9106321839080467 8.4511494252873582 9.168103448275863 8.0163793103448295
decision_type=2 2 2 2
left_child=-1 3 -3 -2
right_child=1 2 -4 -5
leaf_value=-0.21841646885235494 0.063681722489255715 -0.21704222431160172 0.13387803371707468 0.19696055861771616
leaf_weight=0.10021771464380436 0.17125787521945313 0.10756604967809835 0.081394784356234595 0.19864283805509331
leaf_count=73 44 395 9 38
internal_value=0 0.0672464 -0.0658835 0.135255
internal_weight=0 0.558862 0.188961 0.369901
internal_count=559 486 404 82
is_linear=0
shrinkage=0.243386


Tree=294
num_leaves=4
num_cat=0
split_feature=7 14 8
split_gain=0.0980441 0.082171 0.0835833
threshold=7.9106321839080467 1797500.0000000002 9.2881868314397753
decision_type=2 2 2
left_child=-1 2 -2
right_child=1 -3 -4
leaf_value=0.17385438681932106 -0.21911468774607964 0.1970848865860356 0.0056628022253674987
leaf_weight=0.2236645494322147 0.13304068215848019 0.091530964913545176 0.3720123014550154
leaf_count=73 82 23 381
internal_value=0 -0.0150945 -0.0535479
internal_weight=0 0.596584 0.505053
internal_count=559 486 463
is_linear=0
shrinkage=0.243386


Tree=295
num_leaves=5
num_cat=0
split_feature=6 7 9 6
split_gain=0.0973527 0.0417081 4.06622e-09 7.22058e-10
threshold=130.36460905358723 7.9422413793103459 2.6217226890756309 155.01867274723674
decision_type=2 2 2 2
left_child=1 -1 -2 -4
right_child=2 -3 3 -5
leaf_value=0.19275000208150977 -0.21655370966304366 0.0099482425335138749 -0.21646647266891023 -0.21638511723095336
leaf_weight=0.15231001278152689 0.011557424865941357 0.14368185571947834 0.0074140073215858129 0.050345319858706716
leaf_count=41 33 42 57 386
internal_value=0 0.104013 -0.216422 -0.216396
internal_weight=0 0.295992 0.0693168 0.0577593
internal_count=559 83 476 443
is_linear=0
shrinkage=0.243386


Tree=296
num_leaves=6
num_cat=0
split_feature=12 12 5 6 9
split_gain=0.2178 0.480407 0.375607 0.287453 0.203244
threshold=11.346319704188124 10.825440036253946 4.7893678160919544 158.99224028420457 4.0926470588235295
decision_type=2 2 2 2 2
left_child=1 2 -1 -2 -5
right_child=3 -3 -4 4 -6
leaf_value=-0.019922983238860773 0.216087445434577 -0.18261093167063122 0.13369073716054392 -0.22051646837814798 0.14176240679383814
leaf_weight=6.6239323438931006 0.5594312500907116 0.93685882653517172 1.099394573298923 0.2070744190593814 0.16468829141467722
leaf_count=257 20 57 48 153 24
internal_value=0 -0.0180216 0.00194351 0.105853 -0.0600294
internal_weight=0 8.66019 7.72333 0.931194 0.371763
internal_count=559 362 305 197 177
is_linear=0
shrinkage=0.243386


Tree=297
num_leaves=7
num_cat=0
split_feature=5 7 14 6 11 7
split_gain=0.307188 0.266589 0.334966 0.244444 0.212516 0.000455054
threshold=4.5127873563218399 8.1721264367816122 1065000.0000000002 177.01708605062635 46.623563218390807 8.1227011494252892
decision_type=2 2 2 2 2 2
left_child=3 2 -2 5 -5 -1
right_child=1 -3 -4 4 -6 -7
leaf_value=-0.21873785233143503 0.0066752827673878636 -0.096005738017469172 0.14012923757607307 0.22455474374972414 -0.21664649142688464 -0.23294393574910829
leaf_weight=0.20701536613614813 6.4899283862541761 1.1478762183505749 1.345006867943084 0.16505653318017721 0.10633331923327205 0.37647463945177151
leaf_count=82 230 42 50 8 115 32
internal_value=0 0.0135363 0.029585 -0.139145 0.0516876 -0.227904
internal_weight=0 8.98281 7.83494 0.85488 0.27139 0.58349
internal_count=559 322 280 237 123 114
is_linear=0
shrinkage=0.243386


Tree=298
num_leaves=4
num_cat=0
split_feature=5 8 5
split_gain=0.0651407 0.0129637 1.49347e-07
threshold=4.9840229885057479 6.8040329546209568 4.9479022988505763
decision_type=2 2 2
left_child=1 -1 -3
right_child=-2 2 -4
leaf_value=0.17220478186109656 0.19723938794626542 -0.21637526162952572 -0.21763660331743725
leaf_weight=0.0058056263515027231 0.076582251116633415 0.034024116067087107 0.0066468999721109858
leaf_count=5 32 521 1
internal_value=0 -0.168016 -0.216581
internal_weight=0 0.0464766 0.040671
internal_count=559 527 522
is_linear=0
shrinkage=0.243386


Tree=299
num_leaves=4
num_cat=0
split_feature=4 14 6
split_gain=0.0365386 2.76061e-11 4.52298e-12
threshold=1.0000000180025095e-35 1478950.0000000002 177.01708605062635
decision_type=2 2 2
left_child=-1 2 -2
right_child=1 -3 -4
leaf_value=0.21643343530095926 -0.21635924704865983 -0.21638701060969956 -0.21634782386931614
leaf_weight=0.048510981258004904 0.010504954206112416 0.0021113242287924558 0.0025520600327126894
leaf_count=21 329 54 155
internal_value=0 -0.216361 -0.216357
internal_weight=0 0.0151683 0.013057
internal_count=559 538 484
is_linear=0
shrinkage=0.243386


Tree=300
num_leaves=6
num_cat=0
split_feature=13 9 11 12 5
split_gain=0.274584 0.639908 0.419363 0.582918 0.33513
threshold=2015.5000000000002 3.1913025210084043 44.583333333333336 10.811758719883921 4.6748275862068978
decision_type=2 2 2 2 2
left_child=1 -1 4 -4 -2
right_child=2 -3 3 -5 -6
leaf_value=0.1830808487055981 -0.024488647478132938 -0.044643009057322908 0.067374441572315855 -0.098984008826586672 -0.15952547081428933
leaf_weight=1.419241729683564 3.0401749175139212 1.5072275435697973 4.6576245819769611 1.7042290261522337 1.6960187276824852
leaf_count=35 94 59 116 192 63
internal_value=0 0.0657956 -0.0180117 0.0228099 -0.072845
internal_weight=0 2.92647 11.098 6.36185 4.73619
internal_count=559 94 465 308 157
is_linear=0
shrinkage=0.243386


Tree=301
num_leaves=6
num_cat=0
split_feature=5 7 8 11 10
split_gain=0.097611 0.0811096 0.0587989 0.04303 8.56817e-05
threshold=4.464425287356323 8.1577586206896573 13.458651205370769 50.350574712643684 1045.0000000000002
decision_type=2 2 2 2 2
left_child=1 2 -1 4 -2
right_child=3 -3 -4 -5 -6
leaf_value=-0.067064315119479814 -0.21707436920678061 -0.099579982447267415 0.15662028643166193 0.21922223443652866 -0.23070693448036167
leaf_weight=0.086692245976109916 0.046428467381588234 0.14097916781429376 0.35333760071353026 0.014581350609660149 0.066322162400638263
leaf_count=113 340 23 67 1 15
internal_value=0 0.0610785 0.112551 -0.174213 -0.225093
internal_weight=0 0.581009 0.44003 0.127332 0.112751
internal_count=559 203 180 356 355
is_linear=0
shrinkage=0.243386


Tree=302
num_leaves=6
num_cat=0
split_feature=9 14 6 10 10
split_gain=0.0547098 0.0509466 0.0493422 0.0488079 3.35504e-06
threshold=3.5724789915966393 1478950.0000000002 175.91025843957382 762.50000000000011 793.50000000000011
decision_type=2 2 2 2 2
left_child=1 2 -1 -2 -5
right_child=3 -3 -4 4 -6
leaf_value=-0.14294659308014068 0.21851302822306864 -0.14992189969390396 0.14092441217850046 -0.22021867659010474 -0.21659826739920843
leaf_weight=0.040878563708702131 0.019076392301030864 0.051424872242932906 0.32184995932038873 0.021133648347586131 0.05366545946185397
leaf_count=215 4 32 130 8 170
internal_value=0 0.0767912 0.108933 -0.128995 -0.217621
internal_weight=0 0.414153 0.362729 0.0938755 0.0747991
internal_count=559 377 345 182 178
is_linear=0
shrinkage=0.243386


Tree=303
num_leaves=4
num_cat=0
split_feature=7 7 8
split_gain=0.0688105 0.0873802 0.09088
threshold=9.076436781609198 8.299137931034485 11.13449302134647
decision_type=2 2 2
left_child=1 2 -1
right_child=-2 -3 -4
leaf_value=0.044568806348023224 -0.21963474613976069 0.21724095631463355 -0.2169340118342433
leaf_weight=0.34353563134800424 0.070961757364784717 0.12182767897138547 0.10212707736627635
leaf_count=173 12 8 366
internal_value=0 0.034577 -0.0153566
internal_weight=0 0.56749 0.445663
internal_count=559 547 539
is_linear=0
shrinkage=0.243386


Tree=304
num_leaves=6
num_cat=0
split_feature=8 6 12 12 4
split_gain=0.0800971 0.106745 0.0232055 0.0280244 2.18428e-06
threshold=11.13449302134647 105.58952277539733 10.762020787363911 12.117959696339577 0.39500000000000007
decision_type=2 2 2 2 2
left_child=2 -2 -1 -4 -3
right_child=1 4 3 -5 -6
leaf_value=0.18914172477381766 0.22172091287627052 -0.21696744482848448 0.13715161938281878 -0.21638276618323643 -0.21964358814763635
leaf_weight=0.15342338913251297 0.046298754401504993 0.089590857132293422 0.036216031383446534 0.020974146550429396 0.022630327687465979
leaf_count=54 2 348 17 104 34
internal_value=0 -0.0892222 0.139817 0.00749505 -0.217507
internal_weight=0 0.15852 0.210614 0.0571902 0.112221
internal_count=559 384 175 121 382
is_linear=0
shrinkage=0.243386


Tree=305
num_leaves=7
num_cat=0
split_feature=6 12 7 10 9 8
split_gain=0.244197 0.257568 0.573722 0.33815 0.130901 0.142675
threshold=140.46021334470845 9.9544211065234744 8.1336206896551726 820.50000000000011 3.1724789915966394 14.408298319327733
decision_type=2 2 2 2 2 2
left_child=4 2 -2 -3 -1 -6
right_child=1 3 -4 -5 5 -7
leaf_value=0.22176378503442395 -0.21764534384107986 0.12346115638485594 0.038979575264734542 -0.020577198848779205 -0.13387403471549772 0.18834342438480858
leaf_weight=0.40116661406500576 1.0629819500318247 1.1800318165196584 1.0029748892993664 5.3101549559856949 0.17687682371615665 0.15080855297856033
leaf_count=20 56 62 29 304 70 18
internal_value=0 -0.0182135 -0.0930598 0.00561155 0.128543 0.0144181
internal_weight=0 8.55614 2.06596 6.49019 0.728852 0.327685
internal_count=559 451 85 366 108 88
is_linear=0
shrinkage=0.243386


Tree=306
num_leaves=6
num_cat=0
split_feature=6 6 6 11 11
split_gain=0.272492 0.696559 0.374854 0.327152 0.401546
threshold=166.75855747030897 167.65313102601894 171.76912829079157 45.732758620689665 43.364942528735639
decision_type=2 2 2 2 2
left_child=3 -2 -3 4 -1
right_child=1 2 -4 -5 -6
leaf_value=0.14568985793320538 0.22021129450716143 -0.1024553362674821 0.027669422478643436 0.16655296252541421 -0.21237453664961714
leaf_weight=0.2286501938015133 0.92056723322821188 1.7520026898882859 5.2145519990485809 0.23930735625594923 0.98366924083484264
leaf_count=15 11 36 254 28 215
internal_value=0 0.0212373 -0.00505535 -0.0935068 -0.144842
internal_weight=0 7.88712 6.96655 1.45163 1.21232
internal_count=559 301 290 258 230
is_linear=0
shrinkage=0.243386


Tree=307
num_leaves=5
num_cat=0
split_feature=8 5 4 5
split_gain=0.0609073 0.00114787 6.0971e-08 6.69955e-09
threshold=8.6858846588266569 5.0821839080459776 0.15500000000000003 4.9840229885057479
decision_type=2 2 2 2
left_child=1 -1 3 -2
right_child=2 -3 -4 -5
leaf_value=0.15181260760818077 -0.21638904100644496 0.21657365222898109 -0.21711623889654943 -0.21681674974950857
leaf_weight=0.030448767126358689 0.018786380300866767 0.03467653359984979 0.012481279470648587 0.0024526258930563918
leaf_count=75 393 23 67 1
internal_value=0 0.186295 -0.216689 -0.216438
internal_weight=0 0.0651253 0.0337203 0.021239
internal_count=559 98 461 394
is_linear=0
shrinkage=0.243386


Tree=308
num_leaves=4
num_cat=0
split_feature=4 14 6
split_gain=0.0274222 2.0131e-11 2.27448e-12
threshold=1.0000000180025095e-35 1478950.0000000002 177.01708605062635
decision_type=2 2 2
left_child=-1 2 -2
right_child=1 -3 -4
leaf_value=0.21641960629574872 -0.21635629375258586 -0.21638438245399771 -0.21634668376645469
leaf_weight=0.033617392764426768 0.0083691356024360175 0.0015522382402366483 0.0017669179201220695
leaf_count=22 320 50 167
internal_value=0 -0.216359 -0.216355
internal_weight=0 0.0116883 0.0101361
internal_count=559 537 487
is_linear=0
shrinkage=0.243386


Tree=309
num_leaves=8
num_cat=1
split_feature=0 7 9 7 12 13 5
split_gain=0.225056 0.512667 0.988634 0.481156 0.434844 0.307131 0.255563
threshold=0 8.1014367816091966 3.3434873949579837 8.0870689655172434 10.024368186444184 2019.5000000000002 4.6188218390804607
decision_type=9 2 2 2 2 2 2
left_child=1 2 -1 4 -2 -5 -3
right_child=3 6 -4 5 -6 -7 -8
leaf_value=0.12409021054383906 0.10146284858528894 -0.043250260260143024 -0.18199508044496171 0.13168105439990399 -0.12464074886074075 0.0081652484841478155 -0.18333270214059222
leaf_weight=1.8400433495462496 0.75973161685306001 1.3514956127619373 0.94669397056054538 3.2505782076186733 1.4960503352954218 1.8835370926681205 1.7975891384121494
leaf_count=72 36 45 85 99 122 53 47
internal_value=0 -0.0208318 0.0201087 0.0192086 -0.0484906 0.0863672 -0.123213
internal_weight=0 5.93582 2.78674 7.3899 2.25578 5.13412 3.14908
internal_count=559 249 157 310 158 152 92
cat_boundaries=0 1
cat_threshold=29819009
is_linear=0
shrinkage=0.243386


Tree=310
num_leaves=6
num_cat=0
split_feature=12 9 8 11 5
split_gain=0.0946389 0.0590022 0.0277973 1.23109e-06 1.48475e-07
threshold=11.893211805432289 3.7913025210084039 14.450416064919883 46.623563218390807 4.3744827586206911
decision_type=2 2 2 2 2
left_child=3 2 -2 4 -1
right_child=1 -3 -4 -5 -6
leaf_value=-0.21716145660979774 -0.095885707650778043 0.1903250597786289 0.047997657041445436 -0.21922770074224376 -0.2164762070114333
leaf_weight=0.034480522916965128 0.11561983938941012 0.13641410985383118 0.25486610236112028 0.014643440576037392 0.041004896797119272
leaf_count=16 100 31 27 2 383
internal_value=0 0.0534814 0.00309509 -0.217185 -0.216789
internal_weight=0 0.5069 0.370486 0.0901289 0.0754854
internal_count=559 158 127 401 399
is_linear=0
shrinkage=0.243386


Tree=311
num_leaves=5
num_cat=0
split_feature=6 8 12 12
split_gain=0.0536095 0.0246858 0.018517 0.0310596
threshold=189.03259551388194 7.9971264367816106 15.031028594702049 14.645989761771174
decision_type=2 2 2 2
left_child=2 -2 3 -1
right_child=1 -3 -4 -5
leaf_value=-0.12090143467372909 0.20382065074838657 0.028805419559637932 -0.20563478736380386 0.13444786457947325
leaf_weight=0.079423770406037875 0.084825835627270862 0.10919697344456836 0.050132298256357899 0.043766833825429785
leaf_count=424 27 69 23 16
internal_value=0 0.105321 -0.0809301 -0.0301816
internal_weight=0 0.194023 0.173323 0.123191
internal_count=559 96 463 440
is_linear=0
shrinkage=0.243386


Tree=312
num_leaves=5
num_cat=0
split_feature=11 8 6 7
split_gain=0.0641864 0.0295311 0.0268056 0.00500788
threshold=48.988505747126446 11.13449302134647 198.56712980321603 7.8031609195402307
decision_type=2 2 2 2
left_child=2 -2 3 -1
right_child=1 -3 -4 -5
leaf_value=-0.034255954198045627 0.12328554420382358 -0.017841954712780741 0.15445022161095162 -0.2094818903482524
leaf_weight=0.010698858255636878 0.17352578551890474 0.17785038057081692 0.01498271132913942 0.099652867482973306
leaf_count=17 79 41 27 395
internal_value=0 0.0518533 -0.151019 -0.192493
internal_weight=0 0.351376 0.125334 0.110352
internal_count=559 120 439 412
is_linear=0
shrinkage=0.243386


Tree=313
num_leaves=5
num_cat=0
split_feature=6 8 6 4
split_gain=0.0364872 0.0622622 0.00615812 1.71962e-06
threshold=114.0838368152735 11.13449302134647 126.40260101118243 0.39500000000000007
decision_type=2 2 2 2
left_child=-1 2 -2 -3
right_child=1 3 -4 -5
leaf_value=0.14273004230293232 0.17804869578480512 -0.2168435351174117 0.021879780690106827 -0.21955289650311
leaf_weight=0.097941804058791604 0.039408218581229448 0.047288914912883229 0.024106802234143743 0.01964014184068219
leaf_count=50 18 354 104 33
internal_value=0 -0.0538339 0.118776 -0.217639
internal_weight=0 0.130444 0.063515 0.0669291
internal_count=559 509 122 387
is_linear=0
shrinkage=0.243386


Tree=314
num_leaves=7
num_cat=0
split_feature=5 6 10 13 15 14
split_gain=0.192717 0.28475 0.173072 0.792226 0.667163 0.000264946
threshold=4.4088218390804608 146.03623903419813 852.50000000000011 2018.5000000000002 95.000000000000014 917450.00000000012
decision_type=2 2 2 2 2 2
left_child=1 -1 4 -4 -2 -3
right_child=2 5 3 -5 -6 -7
leaf_value=0.18921763973063771 0.13096481889336842 -0.23372944200205409 -0.14934262251235103 0.073800465321671047 -0.13731747164676916 -0.22215124641956577
leaf_weight=0.12227315993004673 0.81107300166695351 0.23146112697077115 1.1979996714908336 4.4188461915218795 1.6998718338509204 0.23690418868591223
leaf_count=12 28 54 87 183 94 101
internal_value=0 -0.141528 0.00246074 0.026207 -0.0506583 -0.227873
internal_weight=0 0.590638 8.12779 5.61685 2.51094 0.468365
internal_count=559 167 392 270 122 155
is_linear=0
shrinkage=0.243386


Tree=315
num_leaves=6
num_cat=0
split_feature=6 11 9 7 12
split_gain=0.239522 0.417947 0.35358 0.323227 0.149959
threshold=181.92952511009045 45.560344827586214 2.898571428571429 8.0864942528735657 11.200298937100628
decision_type=2 2 2 2 2
left_child=2 -2 -1 -4 -3
right_child=1 4 3 -5 -6
leaf_value=-0.13802934896171079 0.22333782349123021 0.09169201768635829 0.08430134057298172 -0.027395161280845653 -0.24110939265323436
leaf_weight=1.0670515825252094 0.70169742140569702 0.13399666221812367 2.4003367398995579 4.2554928794988882 0.19978190732581425
leaf_count=79 54 7 162 161 96
internal_value=0 0.116693 -0.007965 0.0128867 -0.107505
internal_weight=0 1.03548 7.72288 6.65583 0.333779
internal_count=559 157 402 323 103
is_linear=0
shrinkage=0.243386


Tree=316
num_leaves=5
num_cat=0
split_feature=6 5 5 9
split_gain=0.0859184 0.000594282 3.95882e-08 2.19643e-11
threshold=132.0553763396106 5.2347413793103454 4.9479022988505763 3.6478151260504208
decision_type=2 2 2 2
left_child=1 -1 3 -2
right_child=2 -3 -4 -5
leaf_value=0.18163698860998895 -0.21635200934300869 0.21661676181367101 -0.21687189014049904 -0.21637188411269057
leaf_weight=0.047529150234367989 0.0091174576355683712 0.072897131918580271 0.023789599305018783 0.0051568630018437043
leaf_count=65 341 33 3 117
internal_value=0 0.202811 -0.21668 -0.216359
internal_weight=0 0.120426 0.0380639 0.0142743
internal_count=559 98 461 458
is_linear=0
shrinkage=0.243386


Tree=317
num_leaves=4
num_cat=0
split_feature=4 14 6
split_gain=0.0224009 1.5315e-11 1.25925e-12
threshold=1.0000000180025095e-35 1478950.0000000002 177.01708605062635
decision_type=2 2 2
left_child=-1 2 -2
right_child=1 -3 -4
leaf_value=0.21640640921215928 -0.21635335788336393 -0.21638282341227508 -0.21634571630245022
leaf_weight=0.031478938486543484 0.0064809740417786088 0.001071268703853435 0.001591019451154807
leaf_count=25 322 48 164
internal_value=0 -0.216355 -0.216352
internal_weight=0 0.00914326 0.00807199
internal_count=559 534 486
is_linear=0
shrinkage=0.243386


Tree=318
num_leaves=5
num_cat=0
split_feature=9 9 7 9
split_gain=0.242837 0.28703 0.301757 0.159086
threshold=2.869117647058824 2.9275210084033616 8.0870689655172434 2.7826050420168071
decision_type=2 2 2 2
left_child=3 -2 -3 -1
right_child=1 2 -4 -5
leaf_value=0.011199538004828348 -0.15227385643956801 -0.062689665741778894 0.027741724615473702 0.15069091795932973
leaf_weight=1.0027167152402405 0.83267863423770805 3.3317846927434385 6.3548777467674427 0.9367845710403343
leaf_count=68 20 243 202 26
internal_value=0 -0.01515 -0.00336269 0.0785743
internal_weight=0 10.5193 9.68666 1.9395
internal_count=559 465 445 94
is_linear=0
shrinkage=0.243386


Tree=319
num_leaves=6
num_cat=0
split_feature=5 8 7 8 10
split_gain=0.0706585 0.0615542 0.0575178 0.0229385 4.08337e-05
threshold=4.464425287356323 16.086990497624409 8.5425287356321853 18.095942140296987 1045.0000000000002
decision_type=2 2 2 2 2
left_child=1 2 -1 4 -2
right_child=3 -3 -4 -5 -6
leaf_value=0.040702868698297964 -0.21692497736623167 0.16079238464762743 -0.22020166293365545 0.1388210852417367 -0.22795114368513505
leaf_weight=0.19723854681069497 0.031282958064053901 0.17436232049703904 0.067074392323775101 0.011735743732174342 0.054657606432812145
leaf_count=147 290 39 8 62 13
internal_value=0 0.0485425 -0.0255066 -0.180352 -0.223938
internal_weight=0 0.438675 0.264313 0.0976763 0.0859406
internal_count=559 194 155 365 303
is_linear=0
shrinkage=0.243386


Tree=320
num_leaves=5
num_cat=0
split_feature=14 5 10 5
split_gain=0.0455709 0.0406793 0.0236584 0.00830908
threshold=1478950.0000000002 4.1848563218390824 762.50000000000011 4.0770114942528748
decision_type=2 2 2 2
left_child=1 3 -3 -1
right_child=-2 2 -4 -5
leaf_value=0.10236190890959504 -0.1756307650698149 0.19392762810987185 -0.092806452172755863 0.19189550911557338
leaf_weight=0.11910659209343066 0.041338247747489731 0.021510668781047571 0.082123120100845881 0.12673184988489083
leaf_count=50 52 12 409 36
internal_value=0 0.0946032 -0.0332907 0.148517
internal_weight=0 0.349472 0.103634 0.245838
internal_count=559 507 421 86
is_linear=0
shrinkage=0.243386


Tree=321
num_leaves=6
num_cat=0
split_feature=8 6 7 8 7
split_gain=0.0512679 0.0542882 0.0344004 7.89857e-08 6.2844e-08
threshold=7.9452361969304368 176.78721580027999 7.9543103448275865 8.0518902398511738 7.9376436781609199
decision_type=2 2 2 2 2
left_child=4 3 -3 -2 -1
right_child=1 2 -4 -5 -6
leaf_value=-0.21700266420799369 -0.21743501077937094 0.19945508752773508 0.01653352050711876 -0.21646351467391667 -0.21650212820068576
leaf_weight=0.028520999071588449 0.0056214141659438601 0.080798475028132088 0.24730375527519755 0.041971127267288466 0.031019019356563149
leaf_count=14 1 36 136 306 66
internal_value=0 0.0263431 0.0615798 -0.216578 -0.216742
internal_weight=0 0.375695 0.328102 0.0475925 0.05954
internal_count=559 479 172 307 80
is_linear=0
shrinkage=0.243386


Tree=322
num_leaves=5
num_cat=0
split_feature=5 6 8 12
split_gain=0.0523347 0.0533886 0.0329387 2.16382e-08
threshold=4.7570689655172425 114.66692025882982 11.13449302134647 10.051485267671277
decision_type=2 2 2 2
left_child=1 -1 -3 -2
right_child=3 2 -4 -5
leaf_value=0.21815599358678622 -0.21679995142491271 0.08729820126435052 -0.21730937764043373 -0.21651893540952527
leaf_weight=0.061324021255131811 0.035822246243014888 0.038321044977578822 0.046601998632922914 0.029678604970058586
leaf_count=25 37 111 313 73
internal_value=0 0.0451052 -0.0798569 -0.216673
internal_weight=0 0.146247 0.084923 0.0655009
internal_count=559 449 424 110
is_linear=0
shrinkage=0.243386


Tree=323
num_leaves=7
num_cat=0
split_feature=6 9 12 12 9 6
split_gain=0.224668 0.246322 0.5461 0.32229 0.0551051 0.0211564
threshold=140.46021334470845 3.1855042016806725 10.811758719883921 10.32510291150488 3.1455882352941185 120.81084494528015
decision_type=2 2 2 2 2 2
left_child=4 2 -2 -3 -1 -6
right_child=1 3 -4 -5 5 -7
leaf_value=0.21827588908561882 -0.17433957776010392 0.052351289084356718 0.0776893614209756 -0.07181860111998617 -0.022719373832637488 0.12811048171116104
leaf_weight=0.2798577731809927 1.5018370486632195 3.3768900398426922 0.77060651926274193 1.9551613950746967 0.10605672538804356 0.1146292924095178
leaf_count=19 106 81 86 183 60 24
internal_value=0 -0.0217758 -0.0888742 0.00682056 0.146564 0.0556251
internal_weight=0 7.6045 2.27244 5.33205 0.500544 0.220686
internal_count=559 456 192 264 103 84
is_linear=0
shrinkage=0.243386


Tree=324
num_leaves=7
num_cat=0
split_feature=6 11 8 10 9 12
split_gain=0.296136 0.244277 0.677413 0.204022 0.299331 0.0127967
threshold=166.75855747030897 44.686781609195414 15.939030866246268 897.50000000000011 3.659411764705883 10.416227271105855
decision_type=2 2 2 2 2 2
left_child=3 -2 -3 4 -1 -5
right_child=1 2 -4 5 -6 -7
leaf_value=-0.22148454061046169 0.075439391520654681 0.12831387853608281 -0.085966748522120218 -0.22444684353066757 0.13211102484546419 -0.1523357656892976
leaf_weight=0.22868872069102486 3.1346516174671706 1.3021237595958157 2.657634507631883 0.41935237188636165 0.37333206182302092 0.22345278995771878
leaf_count=109 73 152 81 71 23 50
internal_value=0 0.0246798 -0.0155029 -0.104024 -0.00220879 -0.199379
internal_weight=0 7.09441 3.95976 1.24483 0.602021 0.642805
internal_count=559 306 233 253 132 121
is_linear=0
shrinkage=0.243386


Tree=325
num_leaves=4
num_cat=0
split_feature=5 5 8
split_gain=0.0499093 2.06216e-08 1.63167e-10
threshold=5.1450000000000005 4.9479022988505763 6.8468323977546115
decision_type=2 2 2
left_child=1 2 -1
right_child=-2 -3 -4
leaf_value=-0.2164176289975728 0.21650343907458244 -0.21673726141480198 -0.21635897512622021
leaf_weight=0.0033864418119264874 0.027845077551319264 0.01646627183072269 0.01649084876655138
leaf_count=5 20 3 531
internal_value=0 -0.216536 -0.216369
internal_weight=0 0.0363436 0.0198773
internal_count=559 539 536
is_linear=0
shrinkage=0.243386


Tree=326
num_leaves=4
num_cat=0
split_feature=4 14 9
split_gain=0.0189334 6.52896e-12 5.82558e-13
threshold=1.0000000180025095e-35 1478950.0000000002 3.9550840336134461
decision_type=2 2 2
left_child=-1 2 -2
right_child=1 -3 -4
leaf_value=0.21644883374131646 -0.21634920256154933 -0.21637079321220537 -0.21635539032802439
leaf_weight=0.02824685737141408 0.0054554350293045664 0.001062870266608229 0.0010796550753298106
leaf_count=23 420 52 64
internal_value=0 -0.216353 -0.21635
internal_weight=0 0.00759796 0.00653509
internal_count=559 536 484
is_linear=0
shrinkage=0.243386


Tree=327
num_leaves=7
num_cat=0
split_feature=6 6 8 7 9 7
split_gain=0.18329 0.476494 0.261818 0.14923 0.104522 0.0497612
threshold=148.55931141344362 161.04138948148065 15.939030866246268 8.089367816091956 3.1086974789915973 8.0928160919540257
decision_type=2 2 2 2 2 2
left_child=4 3 -3 -2 -1 -6
right_child=1 2 -4 -5 5 -7
leaf_value=-0.019732157799750658 0.033280247278721274 -0.088195689160450438 0.00663116629189701 0.14561661575330498 -0.08740639276884847 -0.23105014953869879
leaf_weight=0.54477655337177633 1.3171323309652492 2.5285867190491444 5.4255433616090158 1.4962667188665362 0.25409782123779223 0.32632689670936088
leaf_count=20 42 195 163 48 64 27
internal_value=0 0.00693595 -0.0235139 0.0930248 -0.0963003 -0.168166
internal_weight=0 10.7675 7.95413 2.8134 1.1252 0.580425
internal_count=559 448 358 90 111 91
is_linear=0
shrinkage=0.243386


Tree=328
num_leaves=6
num_cat=0
split_feature=12 10 6 11 5
split_gain=0.0703034 0.0373257 0.0468649 1.51194e-06 8.86996e-08
threshold=11.893211805432289 931.50000000000011 176.78721580027999 46.623563218390807 4.3744827586206911
decision_type=2 2 2 2 2
left_child=3 2 -2 4 -1
right_child=1 -3 -4 -5 -6
leaf_value=-0.21708361466987927 0.18682965783530422 -0.046247999376640633 -0.0027539286853941391 -0.2195268016736899 -0.21641105721046541
leaf_weight=0.027161444384546485 0.17468839921252766 0.14531434852506209 0.13845926162571232 0.016079060733318329 0.020295555057089132
leaf_count=16 38 49 79 1 376
internal_value=0 0.0556975 0.103005 -0.217487 -0.216796
internal_weight=0 0.458462 0.313148 0.0635361 0.047457
internal_count=559 166 117 393 392
is_linear=0
shrinkage=0.243386


Tree=329
num_leaves=5
num_cat=0
split_feature=8 7 12 5
split_gain=0.0576186 0.052333 0.012367 1.13604e-07
threshold=8.4511494252873582 9.168103448275863 14.391052262053821 3.9515517241379317
decision_type=2 2 2 2
left_child=2 3 -1 -2
right_child=1 -3 -4 -5
leaf_value=0.18737281639531758 -0.217258373521967 0.13428342407787322 0.076677649898555036 -0.21655799434753686
leaf_weight=0.1142062424814867 0.01923091133357957 0.040246235701488331 0.12546579001354985 0.047863875165262471
leaf_count=54 15 8 31 451
internal_value=0 -0.0851397 0.129425 -0.216759
internal_weight=0 0.107341 0.239672 0.0670948
internal_count=559 474 85 466
is_linear=0
shrinkage=0.243386


Tree=330
num_leaves=6
num_cat=0
split_feature=8 8 9 10 7
split_gain=0.0576639 0.0599268 0.0317355 0.00330282 8.07011e-07
threshold=8.3178962844159319 14.883574879227053 3.2942016806722694 867.50000000000011 9.1293103448275872
decision_type=2 2 2 2 2
left_child=3 2 -2 -1 -3
right_child=1 4 -4 -5 -6
leaf_value=-0.12114252388903538 -0.041517332346853175 -0.21643211763864206 0.13623446267150366 -0.21657901058277393 -0.21866516196763097
leaf_weight=0.04142253876165114 0.080735626076148037 0.028629184162127785 0.22619465227398905 0.044618556679210997 0.014413337827136274
leaf_count=36 54 318 101 45 5
internal_value=0 0.0517629 0.0894782 -0.170633 -0.21718
internal_weight=0 0.349973 0.30693 0.0860411 0.0430425
internal_count=559 478 155 81 323
is_linear=0
shrinkage=0.243386


Tree=331
num_leaves=5
num_cat=0
split_feature=6 11 9 14
split_gain=0.0330074 0.0274675 8.42356e-11 2.72778e-11
threshold=130.36460905358723 44.956896551724149 4.0536134453781525 2085000.0000000002
decision_type=2 2 2 2
left_child=1 -1 3 -2
right_child=2 -3 -4 -5
leaf_value=-0.033926273180211457 -0.21636316724785706 0.17549949656206257 -0.21640030855695741 -0.2163859335885959
leaf_weight=0.071333713434796664 0.017707803152148927 0.077297131316299783 0.0057644017882694234 0.0037836967094335696
leaf_count=53 421 29 48 8
internal_value=0 0.0749879 -0.216374 -0.216367
internal_weight=0 0.148631 0.0272559 0.0214915
internal_count=559 82 477 429
is_linear=0
shrinkage=0.243386


Tree=332
num_leaves=6
num_cat=0
split_feature=6 6 6 5 12
split_gain=0.225588 0.213488 0.352764 0.194388 0.0964106
threshold=149.40031561097331 161.04138948148065 163.82677743995302 4.6716954022988508 10.219770441102204
decision_type=2 2 2 2 2
left_child=4 3 -3 -2 -1
right_child=1 2 -4 -5 -6
leaf_value=0.029056520211062458 -0.1397683080051578 0.11996601567540248 -0.041105477223676738 -0.012182457197363406 0.16237065323813327
leaf_weight=0.77812437703687443 1.4196884314442288 1.2140857797057836 2.3930409013159988 1.4098820104263721 0.54739349749797839
leaf_count=50 59 27 331 27 65
internal_value=0 -0.0261503 0.0131079 -0.0761965 0.0841107
internal_weight=0 6.4367 3.60713 2.82957 1.32552
internal_count=559 444 358 86 115
is_linear=0
shrinkage=0.243386


Tree=333
num_leaves=6
num_cat=0
split_feature=8 8 8 8 6
split_gain=0.27819 0.432964 0.480501 0.349853 0.290007
threshold=15.158782788093134 15.939030866246268 16.421791089932686 14.610289283366207 170.70588937764913
decision_type=2 2 2 2 2
left_child=3 -2 -3 4 -1
right_child=1 2 -4 -5 -6
leaf_value=-0.13145238374771054 0.1655656665060509 -0.16656571010362048 0.025428241197253499 -0.22482446042767557 0.16515863920727797
leaf_weight=0.39917859460751948 1.0185146370931759 0.93072481006129226 4.5325054645709315 0.68295918590229121 0.38224985215060769
leaf_count=120 62 35 201 28 113
internal_value=0 0.0198801 -0.00728016 -0.0975746 0.0136403
internal_weight=0 6.48174 5.46323 1.46439 0.781428
internal_count=559 298 236 261 233
is_linear=0
shrinkage=0.243386


Tree=334
num_leaves=5
num_cat=0
split_feature=6 5 5 14
split_gain=0.031886 0.00107612 9.63457e-09 3.96596e-12
threshold=137.77666439647368 5.1855747126436791 4.9479022988505763 1478950.0000000002
decision_type=2 2 2 2
left_child=1 -1 3 -2
right_child=2 -3 -4 -5
leaf_value=0.16373513874462486 -0.21635072248577325 0.21660090760446121 -0.21678773142285371 -0.21636702818187276
leaf_weight=0.040072303026136069 0.0068421103211093737 0.052944493494578637 0.004898886487353594 0.0010146447595218433
leaf_count=70 415 31 3 40
internal_value=0 0.193826 -0.21652 -0.216353
internal_weight=0 0.0930168 0.0127556 0.00785676
internal_count=559 101 458 455
is_linear=0
shrinkage=0.243386


Tree=335
num_leaves=4
num_cat=0
split_feature=4 14 9
split_gain=0.0149029 2.76355e-12 2.36805e-13
threshold=1.0000000180025095e-35 1276500.0000000002 3.8594117647058823
decision_type=2 2 2
left_child=-1 2 -2
right_child=1 -3 -4
leaf_value=0.2164738698860883 -0.21634821186268124 -0.21636319707679877 -0.21635238485714706
leaf_weight=0.028418965830496745 0.0036020254266162502 0.0010094292068032473 0.0010375745792572388
leaf_count=22 369 74 94
internal_value=0 -0.216352 -0.216349
internal_weight=0 0.00564903 0.0046396
internal_count=559 537 463
is_linear=0
shrinkage=0.243386


Tree=336
num_leaves=7
num_cat=0
split_feature=9 14 6 15 12 11
split_gain=0.20464 0.442375 0.223006 0.330513 0.320345 0.151162
threshold=3.5652100840336138 1065000.0000000002 173.93716164716167 86.000000000000014 10.024368186444184 44.324712643678176
decision_type=2 2 2 2 2 2
left_child=2 5 4 -4 -1 -2
right_child=1 -3 3 -5 -6 -7
leaf_value=0.10761727157403721 -0.038976223218246682 0.11378733493864791 0.072454549376225696 -0.10789874714833862 -0.0018439037452041265 -0.23348950082744421
leaf_weight=2.4264469288700621 0.35403725819196619 0.47273299425091853 0.91318204471372189 1.7658223655851086 4.560269049794897 0.71387652243242883
leaf_count=73 40 37 34 114 142 119
internal_value=0 -0.0822321 0.0132792 -0.0464224 0.0361713 -0.169004
internal_weight=0 1.54065 9.66572 2.679 6.98672 1.06791
internal_count=559 196 363 148 215 159
is_linear=0
shrinkage=0.243386


Tree=337
num_leaves=6
num_cat=0
split_feature=11 6 13 11 10
split_gain=0.0842689 0.0388632 0.0362465 0.0511244 1.80887e-05
threshold=47.962643678160923 186.90673329167706 2017.5000000000002 46.39942528735633 1045.0000000000002
decision_type=2 2 2 2 2
left_child=2 -2 4 -4 -1
right_child=1 -3 3 -5 -6
leaf_value=-0.21775210670379982 0.17679383217106573 -0.0030766939063250017 -0.21672509859959238 0.16165828823838949 -0.2248906674214555
leaf_weight=0.042990371105318559 0.18278092199693674 0.11651375655486618 0.036443559303648954 0.05041147150143388 0.041157506537729205
leaf_count=88 75 65 319 8 4
internal_value=0 0.106771 -0.107402 0.00289215 -0.221244
internal_weight=0 0.299295 0.171003 0.086855 0.0841479
internal_count=559 140 419 327 92
is_linear=0
shrinkage=0.243386


Tree=338
num_leaves=6
num_cat=0
split_feature=13 8 7 6 5
split_gain=0.0340898 0.0307181 0.035208 0.0136535 0.000573033
threshold=2015.5000000000002 8.5948275862068986 9.168103448275863 188.67084391892357 4.2062356321839092
decision_type=2 2 2 2 2
left_child=4 3 -3 -2 -1
right_child=1 2 -4 -5 -6
leaf_value=-0.15764124010546485 0.047599460441244537 -0.21667751245791045 0.10800630425768463 0.19965497465893739 -0.2166005008961962
leaf_weight=0.017660263324614789 0.06961287188642018 0.042472804190765601 0.037034547392977402 0.070314461656380445 0.021841845815231409
leaf_count=11 57 380 9 23 79
internal_value=0 0.055366 -0.0654397 0.124008 -0.190242
internal_weight=0 0.219435 0.0795074 0.139927 0.0395021
internal_count=559 469 389 80 90
is_linear=0
shrinkage=0.243386


Tree=339
num_leaves=6
num_cat=0
split_feature=6 7 9 10 11
split_gain=0.0350868 0.0325143 0.0237878 0.0123187 9.23398e-09
threshold=178.08875807088023 7.932471264367817 3.5217226890756304 728.50000000000011 50.209770114942536
decision_type=2 2 2 2 2
left_child=3 -2 -3 -1 -5
right_child=1 2 -4 4 -6
leaf_value=0.2085486210856804 0.17822145624911556 -0.081396981657520656 0.079544116216842431 -0.21641609576787849 -0.21668366577811349
leaf_weight=0.0044416669406928113 0.078768791252514347 0.11345890290158422 0.1045146303204092 0.034829255184604335 0.0097871251236938406
leaf_count=3 31 100 51 361 13
internal_value=0 0.044202 -0.00422844 -0.177994 -0.216475
internal_weight=0 0.296742 0.217974 0.049058 0.0446164
internal_count=559 182 151 377 374
is_linear=0
shrinkage=0.243386


Tree=340
num_leaves=5
num_cat=0
split_feature=5 6 7 8
split_gain=0.0685028 0.0276663 0.0324466 5.11495e-09
threshold=4.7661206896551738 117.22009390297683 7.9267241379310356 11.13449302134647
decision_type=2 2 2 2
left_child=1 -1 -3 -2
right_child=3 2 -4 -5
leaf_value=0.19206109755545295 -0.21658106230561627 0.13574091356525508 -0.21703255273879921 -0.21673761543887754
leaf_weight=0.097452312067616731 0.025769393263431084 0.036201840401190566 0.026935399569623542 0.02376222876034717
leaf_count=30 37 41 385 66
internal_value=0 0.110748 -0.0147581 -0.216656
internal_weight=0 0.16059 0.0631372 0.0495316
internal_count=559 456 426 103
is_linear=0
shrinkage=0.243386


Tree=341
num_leaves=6
num_cat=0
split_feature=9 9 5 9 6
split_gain=0.191587 0.46829 0.646244 0.248089 0.590684
threshold=3.5724789915966393 3.4231932773109248 4.7893678160919544 3.7478151260504204 165.00187963228265
decision_type=2 2 2 2 2
left_child=1 2 -1 -2 -5
right_child=3 -3 -4 4 -6
leaf_value=-0.046903911579043653 0.13423883626097796 -0.23661492172957396 0.21485525743790107 0.12116005824903907 -0.19560977549164235
leaf_weight=3.5050108926052985 1.1237065545457201 0.59134584458149664 0.66465397243518953 0.78823739689505579 0.62535330776069031
leaf_count=279 54 57 29 60 80
internal_value=0 -0.0339246 -0.00517891 0.0488799 -0.0189746
internal_weight=0 4.76101 4.16966 2.5373 1.41359
internal_count=559 365 308 194 140
is_linear=0
shrinkage=0.243386


Tree=342
num_leaves=8
num_cat=0
split_feature=5 6 11 6 6 11 7
split_gain=0.201326 0.18381 0.180508 0.405089 0.293947 0.0726876 0.00015344
threshold=4.5127873563218399 177.01708605062635 44.686781609195414 171.76912829079157 173.0422265131908 45.816091954022994 8.1261494252873572
decision_type=2 2 2 2 2 2 2
left_child=1 6 3 -2 -4 -3 -1
right_child=2 5 4 -5 -6 -7 -8
leaf_value=-0.220113962684446 -0.017285345084210032 0.22087996047899827 0.064922936455864375 0.16647473540358174 -0.074688594406124631 -0.094194529533440652 -0.22961448495739903
leaf_weight=0.17634930515873737 1.7508175527377718 0.092299074633046985 1.4210674810842649 1.1960922128055242 2.4055967102704017 0.081825042048194518 0.23475230963686045
leaf_count=88 105 7 108 50 65 103 33
internal_value=0 -0.136768 0.0120239 0.0572992 -0.0228425 0.072819 -0.225539
internal_weight=0 0.585226 6.77357 2.94691 3.82666 0.174124 0.411102
internal_count=559 231 328 155 173 110 121
is_linear=0
shrinkage=0.243386


Tree=343
num_leaves=5
num_cat=0
split_feature=8 9 5 9
split_gain=0.0240592 0.000152934 4.45258e-09 6.88453e-12
threshold=8.2471264367816115 3.9507142857142865 4.9479022988505763 3.9955882352941186
decision_type=2 2 2 2
left_child=1 -1 3 -2
right_child=2 -3 -4 -5
leaf_value=0.17888350405636791 -0.21635010967106705 0.21617720694621326 -0.21667948807001206 -0.21636565793587376
leaf_weight=0.013056775695105216 0.0064451155626699119 0.012998004118685458 0.0034882094478234657 0.0022850316270250914
leaf_count=64 408 22 2 63
internal_value=0 0.197488 -0.216447 -0.216354
internal_weight=0 0.0260548 0.0122184 0.00873015
internal_count=559 86 473 471
is_linear=0
shrinkage=0.243386


Tree=344
num_leaves=4
num_cat=0
split_feature=4 9 12
split_gain=0.0114561 9.42492e-13 6.44328e-14
threshold=1.0000000180025095e-35 3.6681092436974798 10.036900214445081
decision_type=2 2 2
left_child=-1 2 -2
right_child=1 -3 -4
leaf_value=0.21638552012952417 -0.21634846407420666 -0.21635457232357003 -0.2163460635778594
leaf_weight=0.022341921212500893 0.001014076663707896 0.0014017501090606288 0.0019097566098764673
leaf_count=25 111 139 284
internal_value=0 -0.216349 -0.216347
internal_weight=0 0.00432558 0.00292383
internal_count=559 534 395
is_linear=0
shrinkage=0.243386


Tree=345
num_leaves=5
num_cat=0
split_feature=7 9 7 9
split_gain=0.197667 0.207934 0.320136 0.27396
threshold=8.2040229885057485 3.3637815126050428 8.1002873563218412 3.4485294117647065
decision_type=2 2 2 2
left_child=1 2 -1 -3
right_child=-2 3 -4 -5
leaf_value=0.079594002314378257 0.11576850999522782 -0.19018018347358406 -0.029330221829462443 -0.020705088133836966
leaf_weight=2.56725009291881 0.78250422870223779 0.77308543678498187 4.2351785140344873 2.0994234524748663
leaf_count=152 36 37 113 221
internal_value=0 -0.0114084 0.011778 -0.0663163
internal_weight=0 9.67494 6.80243 2.87251
internal_count=559 523 265 258
is_linear=0
shrinkage=0.243386


Tree=346
num_leaves=6
num_cat=0
split_feature=5 8 6 8 10
split_gain=0.0524773 0.0300524 0.02872 0.0162272 8.61955e-06
threshold=4.464425287356323 15.640653153153155 176.78721580027999 19.607239351557535 1045.0000000000002
decision_type=2 2 2 2 2
left_child=1 2 -1 4 -2
right_child=3 -3 -4 -5 -6
leaf_value=0.12063825222586518 -0.21677714246837387 0.15601208295900615 -0.069753577326595206 0.18867134855918319 -0.22316452347151947
leaf_weight=0.079548505620948617 0.019971318723037257 0.14082910924753378 0.11446889870512678 0.0064219958694593507 0.033520519315288766
leaf_count=49 334 56 90 14 16
internal_value=0 0.0704293 0.00830842 -0.176892 -0.22078
internal_weight=0 0.334847 0.194017 0.0599138 0.0534918
internal_count=559 195 139 364 350
is_linear=0
shrinkage=0.243386


Tree=347
num_leaves=5
num_cat=0
split_feature=8 7 8 8
split_gain=0.0216244 0.0288874 0.027436 0.00150254
threshold=7.4568965517241388 8.0261494252873593 12.700353825740825 8.3178962844159319
decision_type=2 2 2 2
left_child=-1 3 -3 -2
right_child=1 2 -4 -5
leaf_value=0.13730352523290371 -0.13105146010977278 0.10858169768561662 -0.21652758797097449 -0.21695536932223614
leaf_weight=0.057596435432060389 0.019186623672794667 0.074555016087288095 0.019371587229443321 0.032477220818975638
leaf_count=49 15 38 370 87
internal_value=0 -0.0388742 0.0415306 -0.185053
internal_weight=0 0.14559 0.0939266 0.0516638
internal_count=559 510 408 102
is_linear=0
shrinkage=0.243386


Tree=348
num_leaves=7
num_cat=0
split_feature=8 8 12 8 7 8
split_gain=0.043789 0.018186 0.031941 0.0313466 5.46755e-07 2.32627e-09
threshold=14.883574879227053 8.7948409516172159 14.77977384138404 11.13449302134647 9.1293103448275872 19.358407079646017
decision_type=2 2 2 2 2 2
left_child=1 2 -1 -3 5 -2
right_child=4 3 -4 -5 -6 -7
leaf_value=-0.21719628816837544 -0.21638899440741535 0.19192714406740805 0.13270652420731413 0.0058215498237767322 -0.21843573175778441 -0.21662272427665263
leaf_weight=0.031310932105469647 0.019833314803406665 0.11511358625830326 0.030515798149394868 0.1003469167608273 0.012254159748408711 0.002890004986738858
leaf_count=75 299 57 24 81 5 18
internal_value=0 0.0718628 -0.0444949 0.105252 -0.217125 -0.216419
internal_weight=0 0.277287 0.0618267 0.215461 0.0349775 0.0227233
internal_count=559 237 99 138 322 317
is_linear=0
shrinkage=0.243386


Tree=349
num_leaves=5
num_cat=0
split_feature=6 8 9 9
split_gain=0.0250345 0.022208 4.62739e-10 3.26374e-11
threshold=130.36460905358723 10.126619493721352 2.6217226890756309 4.0536134453781525
decision_type=2 2 2 2
left_child=1 -1 -2 -4
right_child=2 -3 3 -5
leaf_value=0.18676453894622219 -0.2164490626334597 -0.033506783855814716 -0.21635907404748841 -0.21639183426942712
leaf_weight=0.05766019705333747 0.0051297169598001338 0.051179321522795362 0.012240179050522215 0.0021122778657058925
leaf_count=58 31 32 394 44
internal_value=0 0.0831869 -0.216386 -0.216364
internal_weight=0 0.10884 0.0194822 0.0143525
internal_count=559 90 469 438
is_linear=0
shrinkage=0.243386


Tree=350
num_leaves=7
num_cat=0
split_feature=6 9 12 12 9 8
split_gain=0.186914 0.169367 0.315039 0.184171 0.0424213 0.0419062
threshold=140.46021334470845 3.1855042016806725 10.811758719883921 10.32510291150488 3.1318907563025213 14.408298319327733
decision_type=2 2 2 2 2 2
left_child=4 2 -2 -3 -1 -6
right_child=1 3 -4 -5 5 -7
leaf_value=0.21971637066995481 -0.15027687982111262 0.048693519934723754 0.057500187683163555 -0.055787866356100939 -0.053754224473340571 0.18499066925542468
leaf_weight=0.24467442823515728 1.1919652290653173 2.8827516408491647 0.67824541579403774 1.5297034471676623 0.089363343761760916 0.084953517536632717
leaf_count=13 108 87 90 176 63 22
internal_value=0 -0.0135441 -0.074925 0.0124721 0.154349 0.0625984
internal_weight=0 6.28267 1.87021 4.41246 0.418991 0.174317
internal_count=559 461 198 263 98 85
is_linear=0
shrinkage=0.243386


Tree=351
num_leaves=7
num_cat=0
split_feature=6 11 8 8 8 12
split_gain=0.246174 0.242444 0.195077 0.295369 0.268469 0.112838
threshold=181.92952511009045 45.560344827586214 15.158782788093134 15.939030866246268 14.610289283366207 11.200298937100628
decision_type=2 2 2 2 2 2
left_child=2 -2 4 -4 -1 -3
right_child=1 5 3 -5 -6 -7
leaf_value=0.010569870001388119 0.22243826759455687 0.1022549367776017 0.14067158062361154 -0.018556655419354893 -0.23463915041507172 -0.22615134201388545
leaf_weight=0.54656867575465617 0.54236322607903265 0.1195703623816371 0.81901486844071758 4.384548317038707 0.51249461408406205 0.12866610972332637
leaf_count=149 59 9 49 190 23 80
internal_value=0 0.131256 -0.0128739 0.00650507 -0.10809 -0.0679648
internal_weight=0 0.7906 6.26263 5.20356 1.05906 0.248236
internal_count=559 148 411 239 172 89
is_linear=0
shrinkage=0.243386


Tree=352
num_leaves=4
num_cat=0
split_feature=5 11 5
split_gain=0.0325762 0.00584357 2.39356e-09
threshold=5.1450000000000005 43.721264367816097 4.9479022988505763
decision_type=2 2 2
left_child=1 -1 -3
right_child=-2 2 -4
leaf_value=0.13625599939561725 0.21662114178328729 -0.21635049343915405 -0.21653385604559278
leaf_weight=0.0033205190163698708 0.040923410095274448 0.0074439926624663135 0.0097282794304192066
leaf_count=48 28 480 3
internal_value=0 -0.159303 -0.216454
internal_weight=0 0.0204928 0.0171723
internal_count=559 531 483
is_linear=0
shrinkage=0.243386


Tree=353
num_leaves=4
num_cat=0
split_feature=4 9 11
split_gain=0.00856589 5.87462e-13 2.64721e-14
threshold=1.0000000180025095e-35 3.6681092436974798 44.795977011494266
decision_type=2 2 2
left_child=-1 2 -2
right_child=1 -3 -4
leaf_value=0.21636906762237818 -0.2163468745178134 -0.21635291268667417 -0.21634521335137716
leaf_weight=0.013563738582888618 0.0011905013773265685 0.0011087546926376035 0.0010872452871133476
leaf_count=23 174 146 216
internal_value=0 -0.216348 -0.216346
internal_weight=0 0.0033865 0.00227775
internal_count=559 536 390
is_linear=0
shrinkage=0.243386


Tree=354
num_leaves=5
num_cat=0
split_feature=11 5 8 8
split_gain=0.149308 0.171272 0.254453 0.213736
threshold=43.485632183908059 4.6237643678160927 17.528705882352945 18.095942140296987
decision_type=2 2 2 2
left_child=-1 3 -3 -2
right_child=1 2 -4 -5
leaf_value=-0.094002839658590034 0.011605714083969923 0.010799859020169885 -0.11501370843694401 0.13812537808074682
leaf_weight=0.91843985653940841 2.788437114001026 3.8615390929400064 1.2639042137598151 1.1041555651463566
leaf_count=37 275 158 53 36
internal_value=0 0.00900545 -0.020225 0.0474937
internal_weight=0 9.01804 5.12544 3.89259
internal_count=559 522 211 311
is_linear=0
shrinkage=0.243386


Tree=355
num_leaves=6
num_cat=0
split_feature=11 10 6 12 5
split_gain=0.0358028 0.0341162 0.0253489 4.16356e-08 3.20293e-08
threshold=46.39942528735633 955.50000000000011 173.0422265131908 12.050346177496847 4.3744827586206911
decision_type=2 2 2 2 2
left_child=3 2 -2 4 -1
right_child=1 -3 -4 -5 -6
leaf_value=-0.2169114412410178 0.19033839673634223 -0.10619112385308914 0.0094579421796986696 -0.21729914623290641 -0.2164079471408957
leaf_weight=0.020012272093026695 0.076344454260834027 0.081792827343008412 0.11507131454794717 0.0096860583871603012 0.011955431097902647
leaf_count=18 22 29 87 2 401
internal_value=0 0.0253797 0.0816005 -0.216857 -0.216723
internal_weight=0 0.273209 0.191416 0.0416538 0.0319677
internal_count=559 138 109 421 419
is_linear=0
shrinkage=0.243386


Tree=356
num_leaves=5
num_cat=0
split_feature=8 7 8 9
split_gain=0.0310935 0.0238818 0.0218083 0.00126523
threshold=7.5660919540229896 8.0376436781609204 12.700353825740825 3.2057983193277315
decision_type=2 2 2 2
left_child=-1 3 -3 -2
right_child=1 2 -4 -5
leaf_value=0.1598406528132103 -0.11962895157308734 0.12368037037657063 -0.21647047804596622 -0.21707336405830163
leaf_weight=0.087696137459715828 0.011083433686451372 0.052690650143404127 0.014167399164108474 0.027420556565175502
leaf_count=64 37 21 349 88
internal_value=0 -0.0363337 0.0516015 -0.189024
internal_weight=0 0.105362 0.066858 0.038504
internal_count=559 495 370 125
is_linear=0
shrinkage=0.243386


Tree=357
num_leaves=5
num_cat=0
split_feature=8 8 7 12
split_gain=0.0417027 0.0354094 0.0382999 0.00680581
threshold=7.9452361969304368 11.13449302134647 8.5425287356321853 14.100475735952935
decision_type=2 2 2 2
left_child=-1 3 -3 -2
right_child=1 2 -4 -5
leaf_value=-0.21659142664285247 0.089775626170624498 -0.21694478716506085 0.0733847466573498 0.20219263454722824
leaf_weight=0.036259727671932751 0.058637071565271981 0.042926201263981056 0.072164758190410794 0.069965439653969952
leaf_count=71 57 383 15 33
internal_value=0 0.0631689 -0.0349013 0.150935
internal_weight=0 0.243693 0.115091 0.128603
internal_count=559 488 398 90
is_linear=0
shrinkage=0.243386


Tree=358
num_leaves=5
num_cat=0
split_feature=5 6 8 10
split_gain=0.0354639 0.0231468 2.57579e-09 1.05948e-11
threshold=4.7661206896551738 130.36460905358723 8.6541924124642904 939.50000000000011
decision_type=2 2 2 2
left_child=1 -1 -2 -3
right_child=2 3 -4 -5
leaf_value=0.12175443157641909 -0.21652773832488353 -0.21635480552600189 -0.21666578184881985 -0.21636849268504668
leaf_weight=0.087979603678832063 0.01442558593407739 0.0082428459018260014 0.017995420227407521 0.0056439613243313156
leaf_count=68 27 296 68 100
internal_value=0 0.0756614 -0.216604 -0.21636
internal_weight=0 0.101866 0.032421 0.0138868
internal_count=559 464 95 396
is_linear=0
shrinkage=0.243386


Tree=359
num_leaves=6
num_cat=0
split_feature=6 12 12 7 12
split_gain=0.147895 0.160963 0.282799 0.224385 0.0630354
threshold=148.55931141344362 9.9723498182796693 10.097650352599439 8.1250000000000018 10.219770441102204
decision_type=2 2 2 2 2
left_child=4 3 -3 -2 -1
right_child=1 2 -4 -5 -6
leaf_value=0.035484976218869618 -0.20003117277049332 0.13435567286185388 -0.029131639232178791 -0.00018799395693135752 0.16482873781908289
leaf_weight=0.64738085249337007 0.63774879921766092 0.77165898009116052 3.3377640143114888 0.69607277852264815 0.34063397659519978
leaf_count=62 47 22 331 36 61
internal_value=0 -0.0222768 0.00156767 -0.0957403 0.0800783
internal_weight=0 5.44324 4.10942 1.33382 0.988015
internal_count=559 436 353 83 123
is_linear=0
shrinkage=0.243386


Tree=360
num_leaves=7
num_cat=0
split_feature=6 11 9 6 11 12
split_gain=0.210805 0.180674 0.158384 0.311769 0.291218 0.0769363
threshold=181.92952511009045 45.560344827586214 3.755084033613445 166.75855747030897 45.129310344827587 11.200298937100628
decision_type=2 2 2 2 2 2
left_child=2 -2 4 -4 -1 -3
right_child=1 5 3 -5 -6 -7
leaf_value=0.0044845473401272512 0.22101709681465295 0.084369378001291295 -0.069863191770940483 0.20239529129136716 -0.13058598250732809 -0.20981736592477937
leaf_weight=3.7480287865151922 0.44626554218120862 0.11362733971327543 0.46378153363730212 0.53837053646248023 1.2645894798628203 0.098142541909510328
leaf_count=209 55 9 60 33 107 86
internal_value=0 0.133165 -0.0119318 0.076398 -0.0295912 -0.0519684
internal_weight=0 0.658035 6.01477 1.00215 5.01262 0.21177
internal_count=559 150 409 93 316 95
is_linear=0
shrinkage=0.243386


Tree=361
num_leaves=6
num_cat=0
split_feature=8 12 12 4 14
split_gain=0.0201129 9.87994e-05 0.000119366 6.26486e-10 4.00271e-12
threshold=8.6858846588266569 9.911594716664716 10.406587975121207 0.15500000000000003 1478950.0000000002
decision_type=2 2 2 2 2
left_child=1 -1 -3 4 -2
right_child=3 2 -4 -5 -6
leaf_value=0.21653913117519508 -0.2163494696353874 0.21310536393477694 0.17033216587767314 -0.21649681138747784 -0.21636423738816637
leaf_weight=0.018066682911012322 0.0043666106751203415 0.0071782833629185925 0.0083726752270933957 0.0026030261071241512 0.0014476602670896455
leaf_count=11 362 12 70 68 36
internal_value=0 0.204298 0.190076 -0.216398 -0.216353
internal_weight=0 0.0336176 0.015551 0.0084173 0.00581427
internal_count=559 93 82 466 398
is_linear=0
shrinkage=0.243386


Tree=362
num_leaves=3
num_cat=0
split_feature=4 9
split_gain=0.00736477 2.52713e-13
threshold=1.0000000180025095e-35 3.5942016806722696
decision_type=2 2
left_child=-1 -2
right_child=1 -3
leaf_value=0.21638339025860634 -0.21634538174278856 -0.21635025471495065
leaf_weight=0.018137202263460495 0.0016547336334475906 0.0010184188431772156
leaf_count=28 362 169
internal_value=0 -0.216347
internal_weight=0 0.00267315
internal_count=559 531
is_linear=0
shrinkage=0.243386


Tree=363
num_leaves=6
num_cat=0
split_feature=9 14 10 5 13
split_gain=0.154858 0.423873 0.237049 0.204009 5.64175e-05
threshold=3.659411764705883 1478950.0000000002 950.50000000000011 4.5610344827586218 2017.5000000000002
decision_type=2 2 2 2 2
left_child=2 4 3 -1 -2
right_child=1 -3 -4 -5 -6
leaf_value=0.059114672304595058 -0.22557212917349989 0.18714035429308851 0.094489780036001919 -0.03442713944405304 -0.22034917785881072
leaf_weight=1.8668232279769634 0.19069236627842734 0.2083822887648239 1.5637476082174542 5.3082557074894794 0.34263914675230467
leaf_count=155 24 14 72 173 121
internal_value=0 -0.107209 0.00862436 -0.0100893 -0.222217
internal_weight=0 0.741714 8.73883 7.17508 0.533332
internal_count=559 159 400 328 145
is_linear=0
shrinkage=0.243386


Tree=364
num_leaves=5
num_cat=0
split_feature=12 11 11 5
split_gain=0.0439852 0.0203186 2.01626e-07 1.27353e-08
threshold=11.893211805432289 49.646551724137943 46.623563218390807 4.3744827586206911
decision_type=2 2 2 2
left_child=2 -2 3 -1
right_child=1 -3 -4 -5
leaf_value=-0.21671945266498804 -0.0036088673342947221 0.13411953930469134 -0.21793959222963799 -0.21640967046974671
leaf_weight=0.018412593985658532 0.14546170574595862 0.11254245196516877 0.008195947313652141 0.013718049801397569
leaf_count=16 71 72 2 398
internal_value=0 0.0564688 -0.216862 -0.216587
internal_weight=0 0.258004 0.0403266 0.0321306
internal_count=559 143 416 414
is_linear=0
shrinkage=0.243386


Tree=365
num_leaves=5
num_cat=0
split_feature=4 12 8 11
split_gain=0.0169859 0.0161206 0.0129908 1.64059e-10
threshold=1.0000000180025095e-35 12.898030559702521 8.3178962844159319 44.106321839080472
decision_type=2 2 2 2
left_child=-1 3 -3 -2
right_child=1 2 -4 -5
leaf_value=-0.21638241497542512 -0.21641904852608632 0.18039231599262562 0.013842004934287553 -0.21635369431129506
leaf_weight=0.013679995890925056 0.0032946075260298358 0.055485303397290409 0.055482298319816437 0.007354454394686627
leaf_count=28 96 28 75 332
internal_value=0 0.0696691 0.0971194 -0.216374
internal_weight=0 0.121617 0.110968 0.0106491
internal_count=559 531 103 428
is_linear=0
shrinkage=0.243386


Tree=366
num_leaves=4
num_cat=1
split_feature=7 2 8
split_gain=0.0215651 0.0343181 0.0300991
threshold=9.076436781609198 0 11.13449302134647
decision_type=2 1 2
left_child=1 2 -1
right_child=-2 -3 -4
leaf_value=0.03889017387014522 -0.21760286607910967 0.21457545381864485 -0.21677774724635959
leaf_weight=0.094917599510083051 0.024360627732676221 0.043422444009308947 0.038276220218875778
leaf_count=155 10 8 386
internal_value=0 0.0266755 -0.0345817
internal_weight=0 0.176616 0.133194
internal_count=559 549 541
cat_boundaries=0 1
cat_threshold=2
is_linear=0
shrinkage=0.243386


Tree=367
num_leaves=7
num_cat=0
split_feature=5 8 6 5 7 7
split_gain=0.0240668 0.0222624 0.0338813 0.00105128 7.71999e-10 5.2442e-10
threshold=4.7661206896551738 11.13449302134647 114.66692025882982 4.552701149425288 8.4224137931034502 8.0318965517241399
decision_type=2 2 2 2 2 2
left_child=1 3 -3 -1 5 -2
right_child=4 2 -4 -5 -6 -7
leaf_value=0.15127091060959308 -0.21652199064784522 0.21815504243737172 -0.21680284669197941 0.21672760622932724 -0.21654701706312976 -0.21638872082352537
leaf_weight=0.022055902622305723 0.0028292035806600771 0.018519709818065166 0.024834270234123323 0.042621731216456737 0.0085203293710947037 0.0045813370468863468
leaf_count=109 25 2 334 16 1 72
internal_value=0 0.103949 -0.031 0.194406 -0.216497 -0.21644
internal_weight=0 0.108032 0.043354 0.0646776 0.0159309 0.00741054
internal_count=559 461 336 125 98 97
is_linear=0
shrinkage=0.243386


Tree=368
num_leaves=6
num_cat=0
split_feature=9 8 12 6 5
split_gain=0.136398 0.144619 0.257981 0.075965 2.97972e-05
threshold=2.8808823529411769 18.540907563025218 10.051485267671277 149.40031561097331 4.6989655172413798
decision_type=2 2 2 2 2
left_child=3 2 -2 -1 -5
right_child=1 -3 -4 4 -6
leaf_value=-0.012476955477042242 -0.1023713163251849 0.08514942077949661 0.02234942447227712 -0.2177853883992493 -0.22298503185955437
leaf_weight=0.17264791035995575 1.3951728754627764 1.0546338709573317 3.3208432680488613 0.12559835878010972 0.13595541063295968
leaf_count=13 113 44 307 62 20
internal_value=0 0.00367285 -0.0145476 -0.137778 -0.220488
internal_weight=0 5.77065 4.71602 0.434202 0.261554
internal_count=559 464 420 95 82
is_linear=0
shrinkage=0.243386


Tree=369
num_leaves=4
num_cat=0
split_feature=9 9 11
split_gain=0.166699 0.35922 0.212497
threshold=2.6478151260504208 2.869117647058824 43.520114942528743
decision_type=2 2 2
left_child=-1 -2 -3
right_child=1 2 -4
leaf_value=0.15595165767400357 -0.19237627124629886 0.18621757999377789 -0.0023512386760673396
leaf_weight=0.3893288160470546 0.56857343130218385 0.38126818893942971 4.9498528745496628
leaf_count=41 52 29 437
internal_value=0 -0.00847832 0.0111347
internal_weight=0 5.89969 5.33112
internal_count=559 518 466
is_linear=0
shrinkage=0.243386


Tree=370
num_leaves=4
num_cat=0
split_feature=5 4 9
split_gain=0.0122543 1.03296e-10 1.87713e-12
threshold=4.9840229885057479 0.39500000000000007 3.7594117647058827
decision_type=2 2 2
left_child=1 2 -1
right_child=-2 -3 -4
leaf_value=-0.21634605887799427 0.1965193978170813 -0.21643521282881978 -0.21635624162448627
leaf_weight=0.0029670775786687633 0.017117475203122012 0.0010217248432127235 0.0016793790748153015
leaf_count=374 40 40 105
internal_value=0 -0.216365 -0.21635
internal_weight=0 0.00566818 0.00464646
internal_count=559 519 479
is_linear=0
shrinkage=0.243386


Tree=371
num_leaves=3
num_cat=0
split_feature=4 9
split_gain=0.00565131 7.1555e-14
threshold=1.0000000180025095e-35 3.4362184873949584
decision_type=2 2
left_child=-1 -2
right_child=1 -3
leaf_value=0.21642931154749312 -0.21634473182821143 -0.21634761271038105
leaf_weight=0.014269691368099302 0.0010365922118857887 0.0010067156749968831
leaf_count=22 299 238
internal_value=0 -0.216346
internal_weight=0 0.00204331
internal_count=559 537
is_linear=0
shrinkage=0.243386


Tree=372
num_leaves=5
num_cat=0
split_feature=9 9 11 7
split_gain=0.128372 0.172576 0.140054 0.207562
threshold=2.869117647058824 2.7130252100840342 43.485632183908059 8.0606321839080461
decision_type=2 2 2 2
left_child=1 -1 -2 -4
right_child=2 -3 3 -5
leaf_value=-0.031208900253263158 -0.11377351221057141 0.14176986783271103 -0.09356186553007638 0.016584485090990548
leaf_weight=0.60611446530401714 0.75332264416940109 0.78303092339228897 1.2356982024756602 5.6344574256295914
leaf_count=54 27 39 178 261
internal_value=0 0.0662955 -0.0141507 -0.00322695
internal_weight=0 1.38915 7.62348 6.87016
internal_count=559 93 466 439
is_linear=0
shrinkage=0.243386


Tree=373
num_leaves=6
num_cat=0
split_feature=8 11 13 8 6
split_gain=0.0373263 0.0414187 0.0289081 9.37111e-09 1.32725e-09
threshold=11.773793520634497 48.137931034482762 2017.5000000000002 9.4104183373429588 175.91025843957382
decision_type=2 2 2 2 2
left_child=3 2 -2 4 -1
right_child=1 -3 -4 -5 -6
leaf_value=-0.21648779104077573 -0.21907461350755444 0.13377151933377293 0.058289839472906287 -0.21673911967290699 -0.21637409628900284
leaf_weight=0.014106549178077188 0.042414759775674327 0.15850423723168205 0.046841435705744061 0.0081844475402021999 0.010692414751588331
leaf_count=81 72 50 266 24 66
internal_value=0 0.0590963 -0.0735144 -0.216513 -0.216439
internal_weight=0 0.24776 0.0892562 0.0329834 0.024799
internal_count=559 388 338 171 147
is_linear=0
shrinkage=0.243386


Tree=374
num_leaves=5
num_cat=0
split_feature=8 7 9 10
split_gain=0.0160662 0.0233129 0.00771269 1.46079e-08
threshold=8.4511494252873582 9.168103448275863 3.2057983193277315 728.50000000000011
decision_type=2 2 2 2
left_child=2 3 -1 -2
right_child=1 -3 -4 -5
leaf_value=0.19198125386952861 -0.21695850131885072 0.14537369677953699 0.055802732055147984 -0.21646893085436117
leaf_weight=0.057359980468390859 0.0045323848198677288 0.020009249172289856 0.043184623621073115 0.017746872432866212
leaf_count=33 6 7 64 449
internal_value=0 -0.0453118 0.133492 -0.216569
internal_weight=0 0.0422885 0.100545 0.0222793
internal_count=559 462 97 455
is_linear=0
shrinkage=0.243386


Tree=375
num_leaves=6
num_cat=0
split_feature=15 7 13 11 10
split_gain=0.0202207 0.0231673 0.0184831 4.45167e-05 2.10613e-09
threshold=86.000000000000014 9.076436781609198 2019.5000000000002 49.99712643678162 810.50000000000011
decision_type=2 2 2 2 2
left_child=3 2 -2 4 -1
right_child=1 -3 -4 -5 -6
leaf_value=-0.21660505463224566 0.12018132862223621 -0.21732299499508731 -0.071329803684268306 -0.19345939496217057 -0.21640491003164447
leaf_weight=0.0056734854341726759 0.12523592722428134 0.017861610426280095 0.039195069430348894 0.0082149218219456088 0.0069051410760323506
leaf_count=13 280 10 166 8 82
internal_value=0 0.0459344 0.0745312 -0.207394 -0.216495
internal_weight=0 0.182293 0.164431 0.0207935 0.0125786
internal_count=559 456 446 103 95
is_linear=0
shrinkage=0.243386


Tree=376
num_leaves=5
num_cat=0
split_feature=6 7 9 10
split_gain=0.018488 0.0128396 8.36941e-11 2.80061e-12
threshold=130.36460905358723 7.9422413793103459 2.6217226890756309 939.50000000000011
decision_type=2 2 2 2
left_child=1 -1 -2 -4
right_child=2 -3 3 -5
leaf_value=0.20433443112289218 -0.21640275579998797 0.0088881043139021482 -0.21635062681398975 -0.21636041148002852
leaf_weight=0.046479470744088758 0.0027340098153416656 0.034831813846722071 0.0057232516178586934 0.0024852742792447202
leaf_count=35 30 64 323 107
internal_value=0 0.12061 -0.216366 -0.216354
internal_weight=0 0.0813113 0.0109425 0.00820853
internal_count=559 99 460 430
is_linear=0
shrinkage=0.243386


Tree=377
num_leaves=6
num_cat=0
split_feature=9 6 6 7 7
split_gain=0.117298 0.102809 0.16754 0.0612677 0.0541853
threshold=2.8623109243697482 149.40031561097331 157.0792745258066 8.1112068965517263 8.0531609195402307
decision_type=2 2 2 2 2
left_child=3 4 -3 -1 -2
right_child=1 2 -4 -5 -6
leaf_value=-0.026594321305915897 0.00011568205629646156 -0.093456765239003384 0.015661158836464229 -0.22426205693966442 0.13411210537260057
leaf_weight=0.16690715980439552 0.27918598118412763 1.0865186461815026 3.5796690896131764 0.209445348459667 0.49700491226394661
leaf_count=51 67 38 315 39 49
internal_value=0 0.00389644 -0.00974688 -0.136599 0.0859153
internal_weight=0 5.44238 4.66619 0.376353 0.776191
internal_count=559 469 353 90 116
is_linear=0
shrinkage=0.243386


Tree=378
num_leaves=6
num_cat=0
split_feature=6 6 6 11 11
split_gain=0.202085 0.348458 0.24767 0.197313 0.14461
threshold=166.75855747030897 167.65313102601894 171.76912829079157 45.732758620689665 43.364942528735639
decision_type=2 2 2 2 2
left_child=3 -2 -3 4 -1
right_child=1 2 -4 -5 -6
leaf_value=0.059290395968825745 0.19508256607381577 -0.094604463974611724 0.033761193170606343 0.13512021433036056 -0.20842443681216802
leaf_weight=0.14939707234861987 0.61424641740995856 1.2098254761230007 3.3718495006770581 0.17073218236066623 0.59766995874684881
leaf_count=18 11 33 269 31 197
internal_value=0 0.0229433 -0.000134717 -0.100939 -0.154887
internal_weight=0 5.19592 4.58167 0.917799 0.747067
internal_count=559 313 302 246 215
is_linear=0
shrinkage=0.243386


Tree=379
num_leaves=4
num_cat=0
split_feature=5 4 11
split_gain=0.0146448 3.59601e-11 9.42474e-12
threshold=4.9840229885057479 0.32500000000000007 43.011494252873568
decision_type=2 2 2
left_child=1 2 -1
right_child=-2 -3 -4
leaf_value=-0.21637198352203221 0.20092166907427175 -0.21640403552991583 -0.21634777453663415
leaf_weight=0.0012653418693844279 0.026640037773177028 0.0010087330187928956 0.0038540592601314927
leaf_count=4 27 49 479
internal_value=0 -0.216362 -0.216354
internal_weight=0 0.00612813 0.0051194
internal_count=559 532 483
is_linear=0
shrinkage=0.243386


Tree=380
num_leaves=2
num_cat=0
split_feature=4
split_gain=0.00453952
threshold=1.0000000180025095e-35
decision_type=2
left_child=-1
right_child=-2
leaf_value=0.21636230411936436 -0.21634557202846696
leaf_weight=0.012453259912945214 0.0016234108837949188
leaf_count=31 528
internal_value=0
internal_weight=0
internal_count=559
is_linear=0
shrinkage=0.243386


Tree=381
num_leaves=5
num_cat=0
split_feature=12 6 11 9
split_gain=0.121737 0.137917 0.331345 0.284643
threshold=9.2098472519112615 173.93716164716167 44.721264367816097 3.1855042016806725
decision_type=2 2 2 2
left_child=-1 3 -3 -2
right_child=1 2 -4 -5
leaf_value=0.10309275375770222 0.0627706900398593 -0.18687831784002976 0.01398029661480125 -0.043221315322435436
leaf_weight=0.59849030575060247 2.8967966397103719 0.80475521282642182 1.2302404411019692 3.1145932489511381
leaf_count=27 120 56 191 165
internal_value=0 -0.0106849 -0.0654508 0.00785461
internal_weight=0 8.04639 2.035 6.01139
internal_count=559 532 247 285
is_linear=0
shrinkage=0.243386


Tree=382
num_leaves=6
num_cat=0
split_feature=8 11 12 7 6
split_gain=0.0353749 0.0318274 1.29853e-08 2.47586e-09 1.55202e-10
threshold=11.773793520634497 46.39942528735633 12.050346177496847 8.0163793103448295 177.92169059568138
decision_type=2 2 2 2 2
left_child=3 2 -2 4 -1
right_child=1 -3 -4 -5 -6
leaf_value=-0.2164143969146847 -0.2165462133713035 0.083048108272446838 -0.21695737512904237 -0.21652560172666305 -0.21636751726869252
leaf_weight=0.010792528238148691 0.017617779302959491 0.18051588012895081 0.0061343456618487826 0.017426056294034709 0.0068311362847452975
leaf_count=46 336 49 2 57 69
internal_value=0 0.0481992 -0.216652 -0.216461 -0.216396
internal_weight=0 0.204268 0.0237521 0.0350497 0.0176237
internal_count=559 387 338 172 115
is_linear=0
shrinkage=0.243386


Tree=383
num_leaves=6
num_cat=0
split_feature=9 8 8 7 10
split_gain=0.0217643 0.0171413 0.00468059 0.0163006 3.61543e-09
threshold=3.2942016806722694 8.0518902398511738 7.2672413793103452 8.036494252873565 795.50000000000011
decision_type=2 2 2 2 2
left_child=2 -2 -1 -4 -3
right_child=1 4 3 -5 -6
leaf_value=0.20885775413664429 0.054064292387926274 -0.2167719709146074 -0.088217351370032726 0.18949775268961969 -0.21649714695309946
leaf_weight=0.033053816601750441 0.034079811223364231 0.0033018883566455761 0.019179548595403162 0.036055418890839519 0.020078281229046979
leaf_count=14 48 17 53 188 239
internal_value=0 -0.0560416 0.136416 0.0930652 -0.216536
internal_weight=0 0.05746 0.0882888 0.055235 0.0233802
internal_count=559 304 255 241 256
is_linear=0
shrinkage=0.243386


Tree=384
num_leaves=6
num_cat=0
split_feature=8 12 7 6 14
split_gain=0.0263852 0.0253121 0.00978948 1.5668e-09 4.70236e-10
threshold=7.9452361969304368 12.821189898314591 8.0117816091954044 193.32199991479931 1478950.0000000002
decision_type=2 2 2 2 2
left_child=3 4 -3 -1 -2
right_child=1 2 -4 -5 -6
leaf_value=-0.2164236397408498 -0.21636793792702441 0.17116144783111065 0.046767208997841272 -0.21655605511772869 -0.21646505046873704
leaf_weight=0.0104571192603089 0.012419982459576318 0.068253354791522725 0.083107251252840797 0.01071940888618883 0.003875207770704491
leaf_count=63 352 45 47 19 33
internal_value=0 0.0718311 0.102861 -0.216491 -0.216391
internal_weight=0 0.167656 0.151361 0.0211765 0.0162952
internal_count=559 477 92 82 385
is_linear=0
shrinkage=0.243386


Tree=385
num_leaves=6
num_cat=0
split_feature=5 13 6 8 7
split_gain=0.0208757 0.0173609 0.0118092 0.0100221 1.69378e-10
threshold=4.7661206896551738 2019.5000000000002 123.67227794926021 8.9827087901136142 9.1954022988505759
decision_type=2 2 2 2 2
left_child=1 2 -1 -3 -2
right_child=4 3 -4 -5 -6
leaf_value=0.20051165178582456 -0.21646543404230623 0.18133876834580062 -0.063011850575494896 -0.21091204410554487 -0.21651887004870005
leaf_weight=0.060322168548736954 0.0067418745527092483 0.005322707558342187 0.012092748047098922 0.014027087764453938 0.0073387231677770615
leaf_count=30 89 25 297 117 1
internal_value=0 0.101783 0.156505 -0.103012 -0.216493
internal_weight=0 0.0917647 0.0724149 0.0193498 0.0140806
internal_count=559 469 327 142 90
is_linear=0
shrinkage=0.243386


Tree=386
num_leaves=7
num_cat=0
split_feature=12 11 8 8 6 9
split_gain=0.0987615 0.170183 0.373754 0.244966 0.117531 0.136791
threshold=11.346319704188124 44.175287356321846 16.58724467622773 18.540907563025218 158.99224028420457 4.0926470588235295
decision_type=2 2 2 2 2 2
left_child=1 2 -1 -3 -2 -6
right_child=4 3 -4 -5 5 -7
leaf_value=0.1367952447022287 0.2030582659368228 -0.081827018583361652 -0.088089690747964744 0.080248800979371787 -0.22124607772041988 0.15547281996148585
leaf_weight=1.0643001944931709 0.27776527661990247 2.6693623571100038 0.74367977828205756 0.69655524551762926 0.11403831265999997 0.11435094928799572
leaf_count=54 22 225 47 34 152 25
internal_value=0 -0.0159353 0.0442929 -0.0482865 0.0967105 -0.0326288
internal_weight=0 5.1739 1.80798 3.36592 0.506155 0.228389
internal_count=559 360 101 259 199 177
is_linear=0
shrinkage=0.243386


Tree=387
num_leaves=7
num_cat=0
split_feature=6 10 10 7 11 5
split_gain=0.166635 0.131047 0.388925 0.354919 0.120537 0.0274783
threshold=181.92952511009045 885.50000000000011 904.50000000000011 8.1250000000000018 45.560344827586214 4.607155172413794
decision_type=2 2 2 2 2 2
left_child=1 3 -3 -1 -2 -6
right_child=4 2 -4 -5 5 -7
leaf_value=0.033043860847291016 0.22013766630425363 0.16911016583551786 -0.030569983112832464 -0.16741261202823096 -0.13442994123247212 0.064345942276521129
leaf_weight=1.1264664764880197 0.32832510613661714 0.76642024796115071 2.3479888720500526 0.97701131455707457 0.082328989248026119 0.082454492570832372
leaf_count=120 59 35 186 63 86 10
internal_value=0 -0.0131298 0.018569 -0.060063 0.134889 -0.0349663
internal_weight=0 5.21789 3.11441 2.10348 0.493109 0.164783
internal_count=559 404 221 183 155 96
is_linear=0
shrinkage=0.243386


Tree=388
num_leaves=5
num_cat=0
split_feature=6 5 5 9
split_gain=0.0105674 0.000131335 5.66897e-10 2.18341e-11
threshold=129.01488397888136 5.0821839080459776 4.9840229885057479 3.6681092436974798
decision_type=2 2 2 2
left_child=1 -1 3 -2
right_child=2 -3 -4 -5
leaf_value=0.17770177975044038 -0.21634799156052895 0.21645304021078998 -0.21656182128554452 -0.21639102512549849
leaf_weight=0.0089709917889422286 0.0021856355505427407 0.012262626933079446 0.0011353949084877968 0.001026394433015998
leaf_count=61 358 30 1 109
internal_value=0 0.200081 -0.216414 -0.216362
internal_weight=0 0.0212336 0.00434742 0.00321203
internal_count=559 91 468 467
is_linear=0
shrinkage=0.243386


Tree=389
num_leaves=2
num_cat=0
split_feature=4
split_gain=0.0036164
threshold=1.0000000180025095e-35
decision_type=2
left_child=-1
right_child=-2
leaf_value=0.21636900318150407 -0.21634510661269057
leaf_weight=0.011081013915827498 0.0012758307724833893
leaf_count=21 538
internal_value=0
internal_weight=0
internal_count=559
is_linear=0
shrinkage=0.243386


Tree=390
num_leaves=5
num_cat=0
split_feature=7 11 13 13
split_gain=0.131089 0.205661 0.464386 0.282464
threshold=8.2040229885057485 44.864942528735639 2019.5000000000002 2015.5000000000002
decision_type=2 2 2 2
left_child=1 3 -3 -1
right_child=-2 2 -4 -5
leaf_value=0.11955189084484349 0.10913470097836205 -0.12307644937986351 0.10627008533423735 -0.013794542333078186
leaf_weight=1.2718974964859624 0.60181065721309313 1.9898909582222049 0.70943230929925949 3.6170297936222369
leaf_count=47 36 202 76 198
internal_value=0 -0.0088762 -0.0627999 0.0208967
internal_weight=0 7.58825 2.69932 4.88893
internal_count=559 523 278 245
is_linear=0
shrinkage=0.243386


Tree=391
num_leaves=6
num_cat=0
split_feature=5 7 11 8 10
split_gain=0.0278663 0.0250637 0.0124522 0.00578568 1.05737e-06
threshold=4.464425287356323 8.1577586206896573 48.836206896551737 18.095942140296987 1045.0000000000002
decision_type=2 2 2 2 2
left_child=1 2 -1 4 -2
right_child=3 -3 -4 -5 -6
leaf_value=0.033901457848695124 -0.21655223740877549 -0.077911479652907026 0.17458327332310389 0.12762608212393217 -0.21999890766640331
leaf_weight=0.06015000836836748 0.0073839072922048379 0.049154034206935648 0.097980959933664735 0.0032064239702549449 0.018439118352009842
leaf_count=59 303 25 92 67 13
internal_value=0 0.0738855 0.121071 -0.180726 -0.219013
internal_weight=0 0.207285 0.158131 0.0290294 0.025823
internal_count=559 176 151 383 316
is_linear=0
shrinkage=0.243386


Tree=392
num_leaves=4
num_cat=0
split_feature=7 4 12
split_gain=0.0191808 0.0178879 0.0186137
threshold=7.8609195402298857 1.0000000180025095e-35 12.695621688973812
decision_type=2 2 2
left_child=-1 -2 -3
right_child=1 2 -4
leaf_value=-0.2167454824479291 -0.21637019182698278 -0.21638060296281941 0.15354583413669293
leaf_weight=0.013532914439664978 0.010241072376516058 0.0088291838521996624 0.092171158034830114
leaf_count=33 21 398 107
internal_value=0 0.0901298 0.121208
internal_weight=0 0.111241 0.101
internal_count=559 526 505
is_linear=0
shrinkage=0.243386


Tree=393
num_leaves=6
num_cat=0
split_feature=6 9 7 10 10
split_gain=0.0188901 0.018366 0.00666591 1.30702e-09 1.11641e-10
threshold=178.08875807088023 3.4710084033613451 8.0468390804597707 766.50000000000011 936.50000000000011
decision_type=2 2 2 2 2
left_child=3 2 -2 -1 -5
right_child=1 -3 -4 4 -6
leaf_value=-0.21656966079643192 0.010576797125707874 0.11353532642214276 -0.17467493970980635 -0.21636086621475217 -0.21640220339363983
leaf_weight=0.0025160831005450737 0.024739790030977815 0.088872835371176961 0.021509929725098687 0.0081262064741949303 0.0073895744909293634
leaf_count=11 43 79 64 256 106
internal_value=0 0.0488048 -0.0755805 -0.216407 -0.216381
internal_weight=0 0.135123 0.0462497 0.0180319 0.0155158
internal_count=559 186 107 373 362
is_linear=0
shrinkage=0.243386


Tree=394
num_leaves=6
num_cat=0
split_feature=8 6 8 8 14
split_gain=0.0162046 0.0251878 0.00333367 0.00579322 1.66115e-08
threshold=11.13449302134647 105.58952277539733 9.0057637366287988 8.8608683962898258 813500.00000000012
decision_type=2 2 2 2 2
left_child=2 -2 3 -1 -3
right_child=1 4 -4 -5 -6
leaf_value=-0.13380473651392857 0.21755155870147 -0.21693288035235508 0.20520690523509483 0.20490369427441993 -0.21646861715612442
leaf_weight=0.0053727843346322857 0.012349158059805632 0.0064551960480940798 0.031150500359217403 0.006748518739186693 0.015593680978977176
leaf_count=100 2 52 42 5 358
internal_value=0 -0.0607392 0.163067 0.0547707 -0.216605
internal_weight=0 0.034398 0.0432718 0.0121213 0.0220489
internal_count=559 412 147 105 410
is_linear=0
shrinkage=0.243386


Tree=395
num_leaves=7
num_cat=0
split_feature=6 7 12 10 7 8
split_gain=0.0999973 0.118113 0.131422 0.11424 0.0881552 0.00893506
threshold=142.50000000000003 8.0456896551724153 10.825440036253946 885.50000000000011 8.1272988505747144 14.823770491803279
decision_type=2 2 2 2 2 2
left_child=4 3 -3 -2 5 -1
right_child=1 2 -4 -5 -6 -7
leaf_value=0.1397675423773721 -0.22626074544177963 0.01649811955699176 -0.09424024042367786 0.018039481178279321 -0.03035158391886391 0.22336304457264802
leaf_weight=0.15377687228919956 0.28995075565397588 3.5933746849123054 0.77106282399873283 0.18620015305192084 0.19050490970766987 0.14924892224371433
leaf_count=72 57 213 131 52 17 17
internal_value=0 -0.0156235 -0.00306597 -0.130726 0.099381 0.180941
internal_weight=0 4.84059 4.36444 0.476151 0.493531 0.303026
internal_count=559 453 344 109 106 89
is_linear=0
shrinkage=0.243386


Tree=396
num_leaves=7
num_cat=0
split_feature=6 7 9 11 10 11
split_gain=0.172619 0.155663 0.180349 0.116746 0.108383 0.100958
threshold=166.75855747030897 8.06350574712644 3.1913025210084043 45.732758620689665 896.50000000000011 43.364942528735639
decision_type=2 2 2 2 2 2
left_child=3 2 -2 5 -3 -1
right_child=1 4 -4 -5 -6 -7
leaf_value=0.043043081537823158 -0.043227841869655073 -0.042545268106634802 0.23170336267818609 0.098132134408487448 0.037556205903031201 -0.20461804163796501
leaf_weight=0.12202600668842922 0.22247549246068832 1.9076034152876671 0.38753885683681233 0.13145506326486611 2.1045453720296337 0.48516196610714246
leaf_count=17 37 90 71 31 96 217
internal_value=0 0.0168874 0.131434 -0.109824 -0.000528584 -0.154846
internal_weight=0 4.62216 0.610014 0.738643 4.01215 0.607188
internal_count=559 294 108 265 186 234
is_linear=0
shrinkage=0.243386


Tree=397
num_leaves=4
num_cat=0
split_feature=8 5 9
split_gain=0.009255 3.04864e-10 2.70406e-13
threshold=7.7550494983722027 4.9479022988505763 3.6681092436974798
decision_type=2 2 2
left_child=-1 2 -2
right_child=1 -3 -4
leaf_value=0.20812103343983474 -0.2163445698137885 -0.21649351688345869 -0.21634994098700572
leaf_weight=0.020127800050005362 0.0011903066661247399 0.0013527160044759512 0.0010406316181961195
leaf_count=61 356 2 140
internal_value=0 -0.216402 -0.216347
internal_weight=0 0.00358365 0.00223094
internal_count=559 498 496
is_linear=0
shrinkage=0.243386


Tree=398
num_leaves=2
num_cat=0
split_feature=4
split_gain=0.00273121
threshold=1.0000000180025095e-35
decision_type=2
left_child=-1
right_child=-2
leaf_value=0.2163557788010721 -0.21634478040165428
leaf_weight=0.0060357963484420907 0.0010084956895264341
leaf_count=23 536
internal_value=0
internal_weight=0
internal_count=559
is_linear=0
shrinkage=0.243386


Tree=399
num_leaves=7
num_cat=0
split_feature=9 14 6 6 9 11
split_gain=0.104631 0.153668 0.144332 0.280348 0.204972 0.128701
threshold=3.5652100840336138 1065000.0000000002 161.04138948148065 148.55931141344362 3.1913025210084043 44.336206896551737
decision_type=2 2 2 2 2 2
left_child=2 5 3 -1 -4 -2
right_child=1 -3 4 -5 -6 -7
leaf_value=-0.067483543066720011 -0.002269659939018176 0.067018637614341944 0.026625286204460918 0.12926946229998565 -0.077591476894766448 -0.22605183663565473
leaf_weight=0.63013929532148427 0.24376080891656204 0.30669554119901932 3.0399558418738479 1.3438810530351473 1.7681395177799002 0.40546535381950122
leaf_count=61 35 46 140 81 88 108
internal_value=0 -0.0749592 0.0110505 0.0664627 -0.0116996 -0.14203
internal_weight=0 0.955922 6.78212 1.97402 4.8081 0.649226
internal_count=559 189 370 142 228 143
is_linear=0
shrinkage=0.243386


Tree=400
num_leaves=6
num_cat=0
split_feature=5 8 7 8 10
split_gain=0.0231719 0.0231302 0.0135684 0.00562353 8.1993e-07
threshold=4.464425287356323 15.640653153153155 8.1181034482758623 18.540907563025218 1045.0000000000002
decision_type=2 2 2 2 2
left_child=1 2 -1 4 -2
right_child=3 -3 -4 -5 -6
leaf_value=0.053653225429032232 -0.21651774407521845 0.16067581832298811 -0.13503795943077113 0.13391463996220557 -0.21966156854565499
leaf_weight=0.06120954825746594 0.0069485115159970681 0.080299034645122447 0.0357647667847516 0.0030192943008557896 0.016785009746257629
leaf_count=117 307 57 21 45 12
internal_value=0 0.0640627 -0.0159373 -0.178941 -0.218741
internal_weight=0 0.177273 0.0969743 0.0267528 0.0237335
internal_count=559 195 138 364 319
is_linear=0
shrinkage=0.243386


Tree=401
num_leaves=5
num_cat=0
split_feature=6 9 8 10
split_gain=0.0128192 0.0141701 0.0082018 0.00815475
threshold=197.94930580104219 3.5014705882352941 8.6541924124642904 762.50000000000011
decision_type=2 2 2 2
left_child=1 2 -1 -3
right_child=-2 3 -4 -5
leaf_value=0.17981292602715931 -0.20193335767187173 0.21598242903907147 -0.013198690462555824 -0.21657603155077568
leaf_weight=0.045859177236707183 0.011429232810257872 0.003226200870358297 0.018224422929534967 0.012924203452890026
leaf_count=46 38 5 281 189
internal_value=0 0.0735756 0.124923 -0.130168
internal_weight=0 0.080234 0.0640836 0.0161504
internal_count=559 521 327 194
is_linear=0
shrinkage=0.243386


Tree=402
num_leaves=4
num_cat=0
split_feature=8 7 12
split_gain=0.0160062 0.0159864 0.0171454
threshold=7.9452361969304368 9.076436781609198 13.366842160817422
decision_type=2 2 2
left_child=-1 2 -2
right_child=1 -3 -4
leaf_value=-0.21642098980378874 -0.16374580505702996 -0.21697957769372181 0.13192158668635329
leaf_weight=0.012746279987052134 0.013167926314167744 0.010499392351448478 0.098705363917588329
leaf_count=69 398 10 82
internal_value=0 0.0701711 0.0971204
internal_weight=0 0.122373 0.111873
internal_count=559 490 480
is_linear=0
shrinkage=0.243386


Tree=403
num_leaves=4
num_cat=0
split_feature=7 7 14
split_gain=0.013861 0.0226255 6.8425e-09
threshold=7.9290229885057473 8.2747126436781624 813500.00000000012
decision_type=2 2 2
left_child=-1 2 -2
right_child=1 -3 -4
leaf_value=0.18325370360142165 -0.216752784126756 0.21185191945307522 -0.21640709969077443
leaf_weight=0.035886867109184095 0.0045625128008683893 0.012396746194603736 0.01322041170934618
leaf_count=69 63 21 406
internal_value=0 -0.0405456 -0.216496
internal_weight=0 0.0301797 0.0177829
internal_count=559 490 469
is_linear=0
shrinkage=0.243386


Tree=404
num_leaves=7
num_cat=0
split_feature=9 10 4 4 7 9
split_gain=0.0904363 0.229888 0.29233 0.13512 0.175454 0.043224
threshold=3.5724789915966393 926.50000000000011 0.16500000000000004 0.15500000000000003 8.0761494252873565 3.1724789915966394
decision_type=2 2 2 2 2 2
left_child=1 2 -1 4 -2 -3
right_child=3 5 -4 -5 -6 -7
leaf_value=-0.037229206077848458 -0.042019563069166183 -0.083855977356562875 0.16226182460271155 -0.091764359685690855 0.14300740436862303 -0.21905227321687257
leaf_weight=2.2701249587115848 0.4721941715661726 0.22978608654670996 0.53830893091344467 0.35719015039194335 0.85021567515913432 0.35884152752268506
leaf_count=232 86 52 35 29 73 52
internal_value=0 -0.0279777 0.00100841 0.0410624 0.0769396 -0.166275
internal_weight=0 3.39706 2.80843 1.6796 1.32241 0.588628
internal_count=559 371 267 188 159 104
is_linear=0
shrinkage=0.243386


Tree=405
num_leaves=8
num_cat=0
split_feature=5 11 6 8 6 8 7
split_gain=0.152558 0.154337 0.296299 0.265358 0.119102 0.0259776 3.16108e-05
threshold=4.5127873563218399 44.686781609195414 171.76912829079157 15.939030866246268 177.01708605062635 15.230928308823531 8.1261494252873572
decision_type=2 2 2 2 2 2 2
left_child=4 2 -2 -3 6 -6 -1
right_child=1 3 -4 -5 5 -7 -8
leaf_value=-0.22038499126140515 -0.017168699601660762 0.0933627781424929 0.16859366852698024 -0.074125772333657303 -0.077732741453642978 0.20359860546845132 -0.22553021211685159
leaf_weight=0.12942238238190373 1.1593521655688621 0.79822602107421436 0.90620618328102853 1.8802292875388955 0.029994556047356014 0.055266634530198644 0.15597790059524641
leaf_count=77 92 75 58 102 106 13 36
internal_value=0 0.0143396 0.0643294 -0.0242113 -0.147789 0.104627 -0.223197
internal_weight=0 4.74401 2.06556 2.67846 0.370661 0.0852612 0.2854
internal_count=559 327 150 177 232 119 113
is_linear=0
shrinkage=0.243386


Tree=406
num_leaves=3
num_cat=0
split_feature=6 5
split_gain=0.00456436 1.26767e-10
threshold=126.9727956640927 4.9038505747126448
decision_type=2 2
left_child=-1 -2
right_child=1 -3
leaf_value=0.17379699690381178 -0.21634457591165393 -0.2164590605613515
leaf_weight=0.0073785141058237969 0.0013353260915316412 0.0010034831363654462
leaf_count=70 479 10
internal_value=0 -0.216394
internal_weight=0 0.00233881
internal_count=559 489
is_linear=0
shrinkage=0.243386


Tree=407
num_leaves=3
num_cat=0
split_feature=12 8
split_gain=0.00117843 4.57588e-06
threshold=13.182794234282124 7.4281609195402307
decision_type=2 2
left_child=-1 -2
right_child=1 -3
leaf_value=-0.065469440636606424 0.21590653004932264 0.20012184835519231
leaf_weight=0.0011103135614614068 0.0035619749403359435 0.001566294374168109
leaf_count=417 31 111
internal_value=0 0.211086
internal_weight=0 0.00512827
internal_count=559 142
is_linear=0
shrinkage=0.243386


Tree=408
num_leaves=8
num_cat=0
split_feature=5 8 9 10 8 6 7
split_gain=0.108892 0.18588 0.170673 0.146892 0.179709 0.155317 0.0918165
threshold=4.5675000000000008 15.499929363565728 3.2942016806722694 939.50000000000011 16.421791089932686 169.98638599548772 8.1048850574712663
decision_type=2 2 2 2 2 2 2
left_child=1 2 -1 4 -2 -5 -3
right_child=3 6 -4 5 -6 -7 -8
leaf_value=0.033879820416402896 0.011477787987100934 0.027541425624377756 -0.22127960190227267 0.15063028066725156 -0.089651723446382878 -0.025349483811159031 0.16055818824775098
leaf_weight=0.44760194859168212 1.9830539621533487 0.54172703626136332 0.2377781148365159 0.54732266508099037 2.1908592579775359 0.64980222659141873 0.71064052460815219
leaf_count=85 97 43 92 45 105 37 55
internal_value=0 0.047255 -0.0546423 -0.0200486 -0.0416044 0.055108 0.10302
internal_weight=0 1.93775 0.68538 5.37104 4.17391 1.19712 1.25237
internal_count=559 275 177 284 202 82 98
is_linear=0
shrinkage=0.243386


Tree=409
num_leaves=6
num_cat=0
split_feature=8 12 11 8 6
split_gain=0.0253219 0.0301818 7.5826e-08 9.25258e-10 2.2363e-10
threshold=11.773793520634497 11.893211805432289 46.623563218390807 9.4104183373429588 176.2067176782966
decision_type=2 2 2 2 2
left_child=3 2 -2 4 -1
right_child=1 -3 -4 -5 -6
leaf_value=-0.21641295885161402 -0.21651655246260823 0.09542191233438288 -0.21753346632965431 -0.21648977027491229 -0.21635488143667078
leaf_weight=0.0084418273825126455 0.014946843410248434 0.14150625845013565 0.0061227623373270026 0.0074990472740665828 0.0073441214224452258
leaf_count=49 344 57 1 21 87
internal_value=0 0.0549568 -0.216812 -0.216419 -0.216386
internal_weight=0 0.162576 0.0210696 0.023285 0.0157859
internal_count=559 402 345 157 136
is_linear=0
shrinkage=0.243386


Tree=410
num_leaves=5
num_cat=0
split_feature=8 7 7 10
split_gain=0.0128439 0.011144 0.00501185 2.37025e-09
threshold=8.4511494252873582 9.168103448275863 8.0066091954022998 728.50000000000011
decision_type=2 2 2 2
left_child=2 3 -1 -2
right_child=1 -3 -4 -5
leaf_value=0.037387436933571667 -0.21668798990941462 0.11621358492403502 0.19041345569551274 -0.21642640154866105
leaf_weight=0.022588047623912644 0.0024328695271833576 0.0096819212558330037 0.028898198722345114 0.013101789395697949
leaf_count=48 5 7 45 454
internal_value=0 -0.0887343 0.123278 -0.216467
internal_weight=0 0.0252166 0.0514862 0.0155347
internal_count=559 466 93 459
is_linear=0
shrinkage=0.243386


Tree=411
num_leaves=6
num_cat=0
split_feature=7 13 11 12 10
split_gain=0.0140018 0.0132754 0.0119131 0.00213672 7.46005e-09
threshold=7.9681034482758628 2019.5000000000002 51.12068965517242 14.180731600991393 807.50000000000011
decision_type=2 2 2 2 2
left_child=3 2 -2 -1 -3
right_child=1 4 -4 -5 -6
leaf_value=0.10753864912704346 0.090208991301759939 -0.21697875587687843 -0.21673542627469417 0.20363481853276874 -0.21662565387208729
leaf_weight=0.026782016473298143 0.050689340431315344 0.0075662991048801587 0.0087889813924562077 0.028074500380455447 0.0066676955253761605
leaf_count=54 316 21 10 31 127
internal_value=0 -0.00567571 0.0448525 0.156719 -0.216813
internal_weight=0 0.0737123 0.0594783 0.0548565 0.014234
internal_count=559 474 326 85 148
is_linear=0
shrinkage=0.243386


Tree=412
num_leaves=4
num_cat=0
split_feature=6 9 10
split_gain=0.00981678 1.66294e-11 1.58853e-12
threshold=130.36460905358723 2.7826050420168071 932.50000000000011
decision_type=2 2 2
left_child=-1 -2 -3
right_child=1 2 -4
leaf_value=0.10365838525777701 -0.21638641277074602 -0.21634809917039063 -0.21635643060797854
leaf_weight=0.044695982487155561 0.0010280982995816137 0.0024665457418198145 0.0030099792779232359
leaf_count=75 73 281 130
internal_value=0 -0.216358 -0.216353
internal_weight=0 0.00650462 0.00547653
internal_count=559 484 411
is_linear=0
shrinkage=0.243386


Tree=413
num_leaves=8
num_cat=0
split_feature=5 9 5 6 12 4 11
split_gain=0.105994 0.154419 0.239628 0.150534 0.129828 0.288754 0.167393
threshold=4.5744252873563225 3.4202941176470589 4.5008908045977014 146.03623903419813 10.298337746940438 0.16500000000000004 45.146551724137943
decision_type=2 2 2 2 2 2 2
left_child=1 3 -3 -1 6 -6 -2
right_child=4 2 -4 -5 5 -7 -8
leaf_value=0.015696049439490226 0.010059333320611565 0.15190645954192253 -0.13934424891953645 -0.22209626591758402 -0.13597819576931838 0.10703453165981675 0.15919970211703219
leaf_weight=0.23974470219422961 1.4156823690955214 0.37589470730794261 0.30160252508698449 0.460809753407176 0.75662992437769794 0.4692861637331589 0.65070643709623244
leaf_count=18 109 99 27 136 105 32 33
internal_value=0 -0.0605977 0.0222499 -0.140719 0.019797 -0.0429518 0.0570237
internal_weight=0 1.37805 0.677497 0.700554 3.2923 1.22592 2.06639
internal_count=559 280 126 154 279 137 142
is_linear=0
shrinkage=0.243386


Tree=414
num_leaves=6
num_cat=0
split_feature=9 6 10 4 11
split_gain=0.128325 0.2336 0.202339 0.194164 0.0065272
threshold=3.7478151260504204 165.00187963228265 983.50000000000011 0.10500000000000002 44.887931034482769
decision_type=2 2 2 2 2
left_child=2 -2 3 -1 -3
right_child=1 4 -4 -5 -6
leaf_value=0.029007062471078798 -0.096619437395085037 0.22338706798345229 -0.17103108005398016 -0.1173614517859692 0.16657398084845762
leaf_weight=2.9080936576021803 0.25289473671909934 0.21639695589692565 0.45103424763379951 0.65841529899797979 0.26832696296997938
leaf_count=324 50 18 37 66 64
internal_value=0 0.0930047 -0.0174381 0.00198589 0.191937
internal_weight=0 0.737619 4.01754 3.56651 0.484724
internal_count=559 132 427 390 82
is_linear=0
shrinkage=0.243386


Tree=415
num_leaves=3
num_cat=0
split_feature=5 9
split_gain=0.00591174 9.09424e-13
threshold=4.9840229885057479 3.7797058823529412
decision_type=2 2
left_child=1 -1
right_child=-2 -3
leaf_value=-0.2163449415010498 0.20035222397690303 -0.21635448502256663
leaf_weight=0.0012523576155691876 0.01342783252857771 0.0011208506463546986
leaf_count=423 30 106
internal_value=0 -0.216349
internal_weight=0 0.00237321
internal_count=559 529
is_linear=0
shrinkage=0.243386


Tree=416
num_leaves=3
num_cat=0
split_feature=12 5
split_gain=0.00109049 8.19931e-07
threshold=14.199786133881538 4.2446551724137942
decision_type=2 2
left_child=-1 -2
right_child=1 -3
leaf_value=-0.076925862922013907 0.2074643859072296 0.21503724482118813
leaf_weight=0.0010018831537501605 0.0015203304642543713 0.0019121181098711304
leaf_count=462 69 28
internal_value=0 0.211683
internal_weight=0 0.00343245
internal_count=559 97
is_linear=0
shrinkage=0.243386


Tree=417
num_leaves=7
num_cat=0
split_feature=9 5 9 5 5 11
split_gain=0.101279 0.11826 0.117348 0.180984 0.0985518 3.33774e-06
threshold=3.5492857142857148 4.6188218390804607 3.4275210084033616 4.7757183908045988 4.5070114942528745 45.244252873563219
decision_type=2 2 2 2 2 2
left_child=2 4 3 -1 -2 -3
right_child=1 5 -4 -5 -6 -7
leaf_value=0.015800301546789956 -0.15495641596159418 -0.21905691412034115 0.10411452826353183 -0.11219826171393169 0.058014816406816938 -0.22082945545658844
leaf_weight=4.4581550808710801 0.20230648186880618 0.13958441181996051 0.6855058724219133 0.76693825389946813 0.35380871204725395 0.11458973256179661
leaf_count=270 87 67 49 36 29 21
internal_value=0 -0.0823215 0.00943427 -0.0029873 -0.019461 -0.219856
internal_weight=0 0.810289 5.9106 5.22509 0.556115 0.254174
internal_count=559 204 355 306 116 88
is_linear=0
shrinkage=0.243386


Tree=418
num_leaves=5
num_cat=0
split_feature=11 6 10 5
split_gain=0.0223734 0.0149544 9.0082e-09 1.30768e-09
threshold=46.39942528735633 184.51517997128067 998.50000000000011 4.2805459770114949
decision_type=2 2 2 2
left_child=2 -2 3 -1
right_child=1 -3 -4 -5
leaf_value=-0.21662184503026305 0.1253160680134553 -0.042338994893223819 -0.21693578500945937 -0.21644377665167147
leaf_weight=0.0031752670049911566 0.11053274388552836 0.044085516443814754 0.0032420873660772278 0.010592765819674721
leaf_count=4 71 79 39 366
internal_value=0 0.0775134 -0.216571 -0.216485
internal_weight=0 0.154618 0.0170101 0.013768
internal_count=559 150 409 370
is_linear=0
shrinkage=0.243386


Tree=419
num_leaves=6
num_cat=0
split_feature=8 9 7 14 10
split_gain=0.0142365 0.00692815 0.00674206 0.00184725 1.01052e-09
threshold=8.0172912098863893 3.288403361344538 8.0795977011494262 917450.00000000012 728.50000000000011
decision_type=2 2 2 2 2
left_child=3 2 -2 -1 -3
right_child=1 4 -4 -5 -6
leaf_value=0.20052687427523647 -0.216555595290952 -0.21663523682871888 0.14389646768209083 0.098576865710938946 -0.21642248816710399
leaf_weight=0.020856392550740566 0.0044211064415407017 0.0015153870917856702 0.010087462856830598 0.0212590996718518 0.010391562527974685
leaf_count=25 77 1 153 59 244
internal_value=0 -0.0788597 0.0340581 0.149064 -0.21645
internal_weight=0 0.0264155 0.0145086 0.0421155 0.0119069
internal_count=559 475 230 84 245
is_linear=0
shrinkage=0.243386


Tree=420
num_leaves=6
num_cat=0
split_feature=8 11 8 6 14
split_gain=0.0120597 0.0112247 0.00840621 0.000987875 1.04901e-10
threshold=8.2471264367816115 47.445402298850581 11.773793520634497 189.03259551388194 1478950.0000000002
decision_type=2 2 2 2 2
left_child=3 4 -3 -1 -2
right_child=1 2 -4 -5 -6
leaf_value=-0.096079673917951969 -0.21635435284179921 0.18670042830355968 0.021570868309991914 -0.21651130658736722 -0.21641857276658336
leaf_weight=0.0073331157397795712 0.0054286420728146814 0.033202357685695461 0.040582694542649733 0.0089700658288052182 0.002085546611283462
leaf_count=58 356 37 49 27 32
internal_value=0 0.0670171 0.0958771 -0.162342 -0.216372
internal_weight=0 0.0812992 0.0737851 0.0163032 0.00751419
internal_count=559 474 86 85 388
is_linear=0
shrinkage=0.243386


Tree=421
num_leaves=5
num_cat=0
split_feature=7 5 6 12
split_gain=0.0115763 0.0134763 0.00317174 0.000139656
threshold=7.9376436781609199 4.4156034482758626 100.83438324401548 10.084214527197902
decision_type=2 2 2 2
left_child=-1 3 -3 -2
right_child=1 2 -4 -5
leaf_value=0.17095649011379899 0.2116538735289086 0.17005150945335804 -0.21650307808294494 0.15253208615469674
leaf_weight=0.034832987777171809 0.0050317571179334664 0.0013772469392279154 0.014447276040318258 0.0044687019933498107
leaf_count=72 10 2 364 111
internal_value=0 -0.0452938 -0.18286 0.183845
internal_weight=0 0.025325 0.0158245 0.00950046
internal_count=559 487 366 121
is_linear=0
shrinkage=0.243386


Tree=422
num_leaves=7
num_cat=0
split_feature=8 5 11 5 8 7
split_gain=0.0757145 0.122505 0.11341 0.228604 0.164562 0.0689539
threshold=14.097167584579074 4.7326436781609207 44.175287356321846 4.7570689655172425 15.806504065040652 8.089367816091956
decision_type=2 2 2 2 2 2
left_child=1 5 4 -4 -2 -1
right_child=2 -3 3 -5 -6 -7
leaf_value=-0.20737698451797934 0.1365141131484866 0.22106452524379713 -0.006968531313063726 -0.19025318935726671 -0.034124945822210782 0.095664226664744473
leaf_weight=0.086143646108073457 0.62067297226894902 0.21841409667570133 2.0668265672073862 0.50078107693116169 0.72682437990715698 0.09195862780071451
leaf_count=136 25 38 225 56 60 19
internal_value=0 0.0989027 -0.0127072 -0.042716 0.0444734 -0.0509093
internal_weight=0 0.396516 3.9151 2.56761 1.3475 0.178102
internal_count=559 193 366 281 85 155
is_linear=0
shrinkage=0.243386


Tree=423
num_leaves=6
num_cat=0
split_feature=6 9 14 11 5
split_gain=0.136192 0.126055 0.159383 0.0795695 0.0148008
threshold=181.92952511009045 2.898571428571429 868500.00000000012 45.560344827586214 4.607155172413794
decision_type=2 2 2 2 2
left_child=1 -1 -3 -2 -5
right_child=3 2 -4 4 -6
leaf_value=-0.1177833184696756 0.21984390471427678 0.11811876466552623 -0.018131364152679415 -0.11082516210844494 0.059735721205858121
leaf_weight=0.57256102975183853 0.25163109824643459 0.61367135803772077 2.9697530028843175 0.056803523251616639 0.064201166620478034
leaf_count=69 51 61 281 87 10
internal_value=0 -0.0117415 0.00520185 0.141853 -0.0203311
internal_weight=0 4.15599 3.58342 0.372636 0.121005
internal_count=559 411 342 148 97
is_linear=0
shrinkage=0.243386


Tree=424
num_leaves=4
num_cat=0
split_feature=8 5 8
split_gain=0.00407232 0.000120745 0.000189038
threshold=11.773793520634497 5.0821839080459776 6.9224137931034493
decision_type=2 2 2
left_child=1 2 -1
right_child=-2 -3 -4
leaf_value=0.216406913404147 -0.21640020202225096 0.21640128178921345 0.077216774621510734
leaf_weight=0.0012409672434898766 0.0016651485201446556 0.0063695029084556154 0.0010819048986131508
leaf_count=5 396 34 124
internal_value=0 0.199078 0.151577
internal_weight=0 0.00869238 0.00232287
internal_count=559 163 129
is_linear=0
shrinkage=0.243386


Tree=425
num_leaves=3
num_cat=0
split_feature=8 6
split_gain=0.00102197 5.36236e-08
threshold=8.4511494252873582 194.88185543119849
decision_type=2 2
left_child=1 -1
right_child=-2 -3
leaf_value=0.21488353235215576 -0.042953705785462377 0.21625729907254176
leaf_weight=0.0031633123170986543 0.0010455098273220997 0.0035970899494834896
leaf_count=76 469 14
internal_value=0 0.215614
internal_weight=0 0.0067604
internal_count=559 90
is_linear=0
shrinkage=0.243386


Tree=426
num_leaves=5
num_cat=0
split_feature=12 9 11 9
split_gain=0.0947673 0.136651 0.163667 0.0996707
threshold=9.2098472519112615 2.869117647058824 44.048850574712652 2.701428571428572
decision_type=2 2 2 2
left_child=-1 3 -3 -2
right_child=1 2 -4 -5
leaf_value=0.10675538127260378 -0.014504986007330644 -0.11910683542528584 -0.0046576840216125664 0.14725684013554338
leaf_weight=0.4478225616818462 0.39860209268135793 0.8997424560334365 4.1730954911445828 0.51997425869467406
leaf_count=27 47 62 384 39
internal_value=0 -0.00931573 -0.0249569 0.0770628
internal_weight=0 5.99141 5.07284 0.918576
internal_count=559 532 446 86
is_linear=0
shrinkage=0.243386


Tree=427
num_leaves=6
num_cat=0
split_feature=12 10 8 11 5
split_gain=0.0186999 0.0121933 0.0135216 5.54032e-08 9.24781e-10
threshold=11.893211805432289 930.50000000000011 15.889911463187326 46.623563218390807 4.2669827586206912
decision_type=2 2 2 2 2
left_child=3 2 -2 4 -1
right_child=1 -3 -4 -5 -6
leaf_value=-0.2165640803395438 0.027198140071241904 -0.057656700842248464 0.20973282437857141 -0.21737701327651535 -0.21639809283844877
leaf_weight=0.0025197800388241385 0.062775050103095253 0.042866912835130222 0.038958797733357642 0.0053257071413099757 0.0094263458670738043
leaf_count=4 93 38 19 1 404
internal_value=0 0.051222 0.0970995 -0.216724 -0.216433
internal_weight=0 0.144601 0.101734 0.0172718 0.0119461
internal_count=559 150 112 409 408
is_linear=0
shrinkage=0.243386


Tree=428
num_leaves=5
num_cat=0
split_feature=4 8 9 8
split_gain=0.00833716 0.00795753 0.00375647 2.43685e-10
threshold=1.0000000180025095e-35 12.700353825740825 3.1768067226890762 21.981834975369463
decision_type=2 2 2 2
left_child=-1 2 -2 -3
right_child=1 3 -4 -5
leaf_value=-0.21635686095085316 0.20303406280067662 -0.21635525948083306 0.044760828337211407 -0.21646794939025385
leaf_weight=0.0065362764730991776 0.016793075420082459 0.0028454635597654479 0.018858293535398474 0.0018928766949102283
leaf_count=28 27 389 112 3
internal_value=0 0.0799288 0.119313 -0.2164
internal_weight=0 0.0403897 0.0356514 0.00473834
internal_count=559 531 139 392
is_linear=0
shrinkage=0.243386


Tree=429
num_leaves=7
num_cat=0
split_feature=9 14 9 8 7 7
split_gain=0.01033 0.0072907 0.00713714 0.0160149 0.00461117 0.000980494
threshold=3.5115966386554631 1997500.0000000002 3.7797058823529412 9.8328682479569469 7.8609195402298857 8.5425287356321853
decision_type=2 2 2 2 2 2
left_child=1 4 5 -4 -1 -2
right_child=2 -3 3 -5 -6 -7
leaf_value=0.17730647832948712 0.1350576182497337 0.21214060039333618 0.20421149362823895 -0.21508605451065405 -0.17184152081349316 0.21456161001274465
leaf_weight=0.002550513234382378 0.016119799322238393 0.0044939728750676968 0.011347534651401148 0.010288221508069739 0.01844612708634763 0.021370808153733378
leaf_count=15 99 6 52 72 310 5
internal_value=0 -0.0692111 0.116139 0.00482738 -0.12943 0.180377
internal_weight=0 0.0254906 0.0591264 0.0216358 0.0209966 0.0374906
internal_count=559 331 228 124 325 104
is_linear=0
shrinkage=0.243386


Tree=430
num_leaves=6
num_cat=0
split_feature=8 13 8 7 6
split_gain=0.00763667 0.00604116 0.000959555 1.75603e-09 1.9866e-10
threshold=14.610289283366207 2019.5000000000002 9.8328682479569469 7.924425287356323 116.73540462839945
decision_type=2 2 2 2 2
left_child=1 2 -1 -2 -5
right_child=3 -3 -4 4 -6
leaf_value=0.077773817958194338 -0.21669473325992675 -0.10484969459726715 0.18095921827370698 -0.21646764008932087 -0.2163587046767862
leaf_weight=0.0080518109433507234 0.0018229555571451775 0.0074486290803914548 0.015842637956458461 0.0017746690718922764 0.0022475684636216187
leaf_count=116 1 57 55 3 327
internal_value=0 0.0865296 0.146188 -0.216497 -0.216407
internal_weight=0 0.0313431 0.0238944 0.00584519 0.00402224
internal_count=559 228 171 331 330
is_linear=0
shrinkage=0.243386


Tree=431
num_leaves=6
num_cat=0
split_feature=6 6 12 6 9
split_gain=0.081723 0.079649 0.12884 0.0781035 0.00735696
threshold=149.40031561097331 157.0792745258066 10.825440036253946 140.46021334470845 3.0867647058823535
decision_type=2 2 2 2 2
left_child=3 -2 -3 4 -1
right_child=1 2 -4 -5 -6
leaf_value=0.22099347314592699 -0.089093703219827347 0.02366248815969637 -0.13489093086177426 0.012496881444679624 0.13773769634580704
leaf_weight=0.13059789861472415 0.74258287556949687 2.1778420446476052 0.35276682390717073 0.46300861219060607 0.12123979969283027
leaf_count=10 51 187 193 21 97
internal_value=0 -0.0190063 0.00156014 0.0718291 0.180912
internal_weight=0 3.27319 2.53061 0.714846 0.251838
internal_count=559 431 380 128 107
is_linear=0
shrinkage=0.243386


Tree=432
num_leaves=6
num_cat=0
split_feature=6 8 12 9 7
split_gain=0.124493 0.101243 0.288311 0.098417 9.05442e-06
threshold=166.75855747030897 17.115045362903228 10.434205750222777 3.659411764705883 8.0824712643678183
decision_type=2 2 2 2 2
left_child=3 2 -2 4 -1
right_child=1 -3 -4 -5 -6
leaf_value=-0.22043334037360335 -0.024754847862928742 -0.030958827781004145 0.15225029143979754 -0.016672823418837759 -0.21748858036510885
leaf_weight=0.13775111915586524 1.2858919913705911 1.532708536727682 0.94622023468545524 0.33007604616433639 0.11225571010672297
leaf_count=90 62 73 145 70 119
internal_value=0 0.0172065 0.0502798 -0.103921 -0.219111
internal_weight=0 3.76482 2.23211 0.580083 0.250007
internal_count=559 280 207 279 209
is_linear=0
shrinkage=0.243386


Tree=433
num_leaves=3
num_cat=0
split_feature=6 5
split_gain=0.00437809 0.000126257
threshold=132.0553763396106 5.2040517241379325
decision_type=2 2
left_child=1 -1
right_child=-2 -3
leaf_value=0.16194488447791394 -0.21638073098010127 0.21639750588385431
leaf_weight=0.0040940285762616213 0.0017846091883698687 0.0065705174583854387
leaf_count=80 449 30
internal_value=0 0.195494
internal_weight=0 0.0106645
internal_count=559 110
is_linear=0
shrinkage=0.243386


Tree=434
num_leaves=2
num_cat=0
split_feature=8
split_gain=0.000636613
threshold=8.2471264367816115
decision_type=2
left_child=-1
right_child=-2
leaf_value=0.21070962906152987 -0.011633078600275317
leaf_weight=0.0023447727449963374 0.0011306479276105286
leaf_count=78 481
internal_value=0
internal_weight=0
internal_count=559
is_linear=0
shrinkage=0.243386


Tree=435
num_leaves=6
num_cat=0
split_feature=12 11 7 9 7
split_gain=0.0896821 0.162245 0.217334 0.146418 0.164907
threshold=10.752981114915114 44.382183908045981 8.1307471264367823 3.0362184873949585 8.1571839080459778
decision_type=2 2 2 2 2
left_child=3 -2 -3 -1 -5
right_child=1 2 -4 4 -6
leaf_value=0.095326464012940662 0.14261969655189641 -0.0033969026658022517 -0.20243014010784699 -0.034611776267128427 0.096394180217321934
leaf_weight=1.0492887551447436 0.2186531249027438 0.80901739827294405 0.54319136589651862 2.8235769940350512 0.71288024109890091
leaf_count=78 16 187 54 193 31
internal_value=0 -0.0518965 -0.0833499 0.0154857 -0.00820355
internal_weight=0 1.57086 1.35221 4.58575 3.53646
internal_count=559 257 241 302 224
is_linear=0
shrinkage=0.243386


Tree=436
num_leaves=6
num_cat=0
split_feature=5 8 6 7 10
split_gain=0.0212569 0.0143313 0.00975427 0.00219676 2.9096e-07
threshold=4.464425287356323 15.806504065040652 177.01708605062635 8.1747126436781627 1045.0000000000002
decision_type=2 2 2 2 2
left_child=1 2 -1 4 -2
right_child=3 -3 -4 -5 -6
leaf_value=0.12816890809384854 -0.21654438596681486 0.17226430140000334 -0.067333744110154664 0.03921558239579407 -0.21891673308939974
leaf_weight=0.024261230767734787 0.0039977178514343228 0.059200038017706902 0.040111620444690743 0.0022156838040841001 0.013089924223436356
leaf_count=45 322 54 84 39 15
internal_value=0 0.0858337 0.00634848 -0.188796 -0.218362
internal_weight=0 0.123573 0.0643729 0.0193033 0.0170876
internal_count=559 183 129 376 337
is_linear=0
shrinkage=0.243386


Tree=437
num_leaves=4
num_cat=0
split_feature=8 7 11
split_gain=0.0087716 0.00469296 0.00469752
threshold=7.543103448275863 7.9594827586206911 48.804597701149433
decision_type=2 2 2
left_child=-1 -2 -3
right_child=1 2 -4
leaf_value=0.16409121508802529 -0.17844317837128609 -0.2163950017737469 0.10016944534673364
leaf_weight=0.02039794888491997 0.010127172381377392 0.0035368794217500712 0.012920019967083363
leaf_count=48 67 375 69
internal_value=0 -0.0480851 0.0321341
internal_weight=0 0.0265841 0.0164569
internal_count=559 511 444
is_linear=0
shrinkage=0.243386


Tree=438
num_leaves=5
num_cat=1
split_feature=8 8 2 12
split_gain=0.0105813 0.00837748 0.0175672 0.00208175
threshold=7.9452361969304368 11.13449302134647 0 14.77977384138404
decision_type=2 2 1 2
left_child=-1 3 -3 -2
right_child=1 2 -4 -5
leaf_value=-0.2163989065683414 0.10951492349912811 -0.21655690288466151 0.14004993159708029 0.21311517021783447
leaf_weight=0.0072479372615141804 0.024351827493561018 0.01350578952851933 0.020763458578983318 0.021752349097369006
leaf_count=66 70 391 15 17
internal_value=0 0.0906493 -0.000491724 0.158394
internal_weight=0 0.0803734 0.0342692 0.0461042
internal_count=559 493 406 87
cat_boundaries=0 1
cat_threshold=2
is_linear=0
shrinkage=0.243386


Tree=439
num_leaves=4
num_cat=0
split_feature=6 7 9
split_gain=0.00547672 0.00719018 0.0029024
threshold=108.62117865417402 7.8583333333333343 4.4260504201680684
decision_type=2 2 2
left_child=-1 -2 -3
right_child=1 2 -4
leaf_value=0.17454074112237603 0.17139159268178475 -0.17401902006636191 0.21074615847905281
leaf_weight=0.011745462728868006 0.0066998282845815984 0.012155251419402546 0.001284008558009476
leaf_count=30 29 489 11
internal_value=0 -0.0345771 -0.137258
internal_weight=0 0.0201391 0.0134393
internal_count=559 529 500
is_linear=0
shrinkage=0.243386


Tree=440
num_leaves=7
num_cat=0
split_feature=12 5 12 9 6 9
split_gain=0.081571 0.10052 0.109433 0.0846108 0.0615585 0.058425
threshold=11.346319704188124 4.5744252873563225 10.298337746940438 3.4044117647058827 158.99224028420457 4.0926470588235295
decision_type=2 2 2 2 2 2
left_child=1 3 -3 -1 -2 -6
right_child=4 2 -4 -5 5 -7
leaf_value=-0.1529442767944825 0.19876553745580317 0.045221586956720544 -0.06202979754133521 -0.0079150753702214201 -0.21817180972869046 0.11664257833745248
leaf_weight=0.48340823222315599 0.19728447891247913 1.7647304249730953 0.82795014808675649 0.46994145202165782 0.051564122688297687 0.076939294055136997
leaf_count=65 25 151 112 51 133 22
internal_value=0 -0.0138769 0.0109718 -0.081454 0.11338 -0.0177072
internal_weight=0 3.54603 2.59268 0.95335 0.325788 0.128503
internal_count=559 379 263 116 180 155
is_linear=0
shrinkage=0.243386


Tree=441
num_leaves=7
num_cat=0
split_feature=6 8 11 8 11 5
split_gain=0.122515 0.103325 0.167752 0.160817 0.0637553 0.012095
threshold=181.92952511009045 15.158782788093134 44.686781609195414 14.610289283366207 45.560344827586214 4.607155172413794
decision_type=2 2 2 2 2 2
left_child=1 3 -3 -1 -2 -6
right_child=4 2 -4 -5 5 -7
leaf_value=0.024125545694282758 0.21947788078176525 0.068152807463222512 -0.04406264760719409 -0.2244853310551462 -0.090142794857708625 0.071412790085465486
leaf_weight=0.30909742634114712 0.22426395925867826 1.4987564578150343 1.666717369613792 0.30742035156617931 0.053209837135565152 0.056703879812630475
leaf_count=154 53 110 129 27 75 11
internal_value=0 -0.00868583 0.00906799 -0.0998418 0.145054 -0.00679716
internal_weight=0 3.78199 3.16547 0.616518 0.334178 0.109914
internal_count=559 420 239 181 139 86
is_linear=0
shrinkage=0.243386


Tree=442
num_leaves=4
num_cat=0
split_feature=8 11 11
split_gain=0.00552762 0.000716384 6.3527e-12
threshold=8.0518902398511738 44.795977011494266 44.267241379310356
decision_type=2 2 2
left_child=-1 2 -2
right_child=1 -3 -4
leaf_value=0.2131690449268468 -0.21636128430925933 0.028356151513595867 -0.21638690468865998
leaf_weight=0.011320216215119139 0.0013428473068515254 0.0010156620504840758 0.0010003843068044915
leaf_count=84 111 261 103
internal_value=0 -0.142371 -0.216372
internal_weight=0 0.00335889 0.00234323
internal_count=559 475 214
is_linear=0
shrinkage=0.243386


Tree=443
num_leaves=4
num_cat=0
split_feature=6 14 7
split_gain=0.000664971 4.06123e-07 2.50083e-07
threshold=187.7774664190456 3407500.0000000005 8.0117816091954044
decision_type=2 2 2
left_child=-1 2 -2
right_child=1 -3 -4
leaf_value=0.0029509021631275063 0.21424758344155007 0.21633550936162255 0.20908818873887247
leaf_weight=0.0010993675540622583 0.0011341321154798578 0.0022830004832599116 0.0010927063126828784
leaf_count=459 37 3 60
internal_value=0 0.214054 0.211716
internal_weight=0 0.00450984 0.00222684
internal_count=559 100 97
is_linear=0
shrinkage=0.243386


Tree=444
num_leaves=5
num_cat=0
split_feature=12 6 12 9
split_gain=0.0768977 0.098634 0.25399 0.181088
threshold=9.2098472519112615 173.93716164716167 10.219770441102204 3.1855042016806725
decision_type=2 2 2 2
left_child=-1 3 -3 -2
right_child=1 2 -4 -5
leaf_value=0.098506545491987618 0.060922188014081315 -0.19288909584151442 0.018992827226165257 -0.042431775853548695
leaf_weight=0.41628441210559675 2.0114531400398619 0.55860114108145331 0.83774431835309571 2.0054111397225931
leaf_count=28 133 49 167 182
internal_value=0 -0.0100473 -0.0657695 0.00932294
internal_weight=0 5.41321 1.39635 4.01686
internal_count=559 531 216 315
is_linear=0
shrinkage=0.243386


Tree=445
num_leaves=7
num_cat=0
split_feature=5 6 11 11 9 11
split_gain=0.0159472 0.00616944 0.0052558 0.00312952 0.00209206 1.47465e-07
threshold=4.464425287356323 176.2067176782966 47.962643678160923 49.755747126436795 3.3573529411764711 47.152298850574716
decision_type=2 2 2 2 2 2
left_child=1 2 -1 -3 5 -2
right_child=4 3 -4 -5 -6 -7
leaf_value=0.050953440824756092 -0.21650376396940266 -0.056157539024119178 0.19900556579590098 0.070578914178376459 0.059763196745786881 -0.21841930436426207
leaf_weight=0.025697979570345808 0.0030707823966300571 0.020957235538260122 0.031755301150951709 0.025689192510014891 0.001820405832243078 0.010593035327797651
leaf_count=56 190 40 30 51 187 5
internal_value=0 0.0793959 0.132784 0.013639 -0.185335 -0.217989
internal_weight=0 0.1041 0.0574533 0.0466464 0.0154842 0.0136638
internal_count=559 177 86 91 382 195
is_linear=0
shrinkage=0.243386


Tree=446
num_leaves=6
num_cat=0
split_feature=5 9 12 8 5
split_gain=0.0051427 0.00287672 0.00296105 2.12016e-11 1.11038e-12
threshold=4.4729597701149437 2.9779411764705888 13.814844302421063 16.89359983848173 4.5008908045977014
decision_type=2 2 2 2 2
left_child=1 -1 -3 4 -2
right_child=3 2 -4 -5 -6
leaf_value=0.1801898004454365 -0.21635660405280405 0.16079832569008978 -0.056060741740834627 -0.21639172969807163 -0.21634653052926991
leaf_weight=0.01153554466714013 0.0010460268682184184 0.0057969657043646086 0.01045918790325473 0.0010010094748729159 0.0017042417347115091
leaf_count=39 16 69 73 138 224
internal_value=0 0.087234 0.0212715 -0.216361 -0.21635
internal_weight=0 0.0277917 0.0162562 0.00375128 0.00275027
internal_count=559 181 142 378 240
is_linear=0
shrinkage=0.243386


Tree=447
num_leaves=6
num_cat=0
split_feature=9 10 12 10 7
split_gain=0.00839149 0.00581586 0.00482587 0.00310829 0.00302215
threshold=3.5217226890756304 728.50000000000011 14.189100606762564 981.50000000000011 7.8847701149425298
decision_type=2 2 2 2 2
left_child=1 -1 3 -2 -3
right_child=2 4 -4 -5 -6
leaf_value=0.21601733249797356 -0.1885895004096366 0.13881510455202298 0.13722716872503118 0.15920459378069896 -0.17303360360912656
leaf_weight=0.0031787364678592658 0.005010841910642049 0.0020629786818062703 0.032660000884469298 0.0021863521923695117 0.017096764027875189
leaf_count=5 151 14 41 28 320
internal_value=0 -0.0888727 0.0974711 -0.0829372 -0.139456
internal_weight=0 0.0223385 0.0398572 0.00719719 0.0191597
internal_count=559 339 220 179 334
is_linear=0
shrinkage=0.243386


Tree=448
num_leaves=6
num_cat=0
split_feature=8 7 11 6 6
split_gain=0.00676092 0.00911327 0.00051074 0.000474588 4.90153e-10
threshold=9.795977011494255 8.2747126436781624 45.410919540229891 126.9727956640927 118.00493940213688
decision_type=2 2 2 2 2
left_child=2 4 -1 -4 -2
right_child=1 -3 3 -5 -6
leaf_value=0.21016064484535657 -0.21650422547207698 0.20890073866083286 0.19282588737166589 0.061183148603265479 -0.21637581923453084
leaf_weight=0.015311359066657815 0.0040986685571624548 0.0051024520533857753 0.0033304098008102292 0.0031628492583735124 0.0030874761634152037
leaf_count=62 8 18 10 81 380
internal_value=0 -0.039836 0.185903 0.128703 -0.216449
internal_weight=0 0.0122886 0.0218046 0.00649326 0.00718614
internal_count=559 406 153 91 388
is_linear=0
shrinkage=0.243386


Tree=449
num_leaves=6
num_cat=0
split_feature=6 12 12 9 11
split_gain=0.0722173 0.0686301 0.189823 0.122993 0.0656203
threshold=149.40031561097331 10.051485267671277 10.097650352599439 3.5724789915966393 44.62068965517242
decision_type=2 2 2 2 2
left_child=4 3 -3 -2 -1
right_child=1 2 -4 -5 -6
leaf_value=0.19757185614778577 -0.14989072793050173 0.19071648745908221 -0.024697885647356043 0.026379752715995679 0.022532888627405205
leaf_weight=0.17215318791988954 0.54802846648726733 0.27992369941785034 1.8038876055667659 0.40984240768739255 0.48232622397176783
leaf_count=65 77 11 314 18 74
internal_value=0 -0.0205475 0.00423928 -0.0744702 0.0685749
internal_weight=0 3.04168 2.08381 0.957871 0.654479
internal_count=559 420 325 95 139
is_linear=0
shrinkage=0.243386


Tree=450
num_leaves=6
num_cat=0
split_feature=6 6 14 11 11
split_gain=0.0837284 0.163511 0.14613 0.103503 0.0774218
threshold=166.75855747030897 167.65313102601894 868500.00000000012 45.732758620689665 43.364942528735639
decision_type=2 2 2 2 2
left_child=3 -2 -3 4 -1
right_child=1 2 -4 -5 -6
leaf_value=0.044989466814066091 0.15925137034998105 0.10972607168481945 -0.030533914335627837 0.11143504504728445 -0.20732977515760523
leaf_weight=0.094072860135839043 0.41167808243699289 0.53984645508415985 2.379314138602723 0.11755375809656243 0.30752454416483133
leaf_count=15 11 52 229 30 222
internal_value=0 0.0156554 -0.00459534 -0.0894289 -0.148225
internal_weight=0 3.33084 2.91916 0.519151 0.401597
internal_count=559 292 281 267 237
is_linear=0
shrinkage=0.243386


Tree=451
num_leaves=4
num_cat=0
split_feature=6 15 7
split_gain=0.0046689 2.84578e-05 4.85099e-06
threshold=132.0553763396106 86.000000000000014 7.9681034482758628
decision_type=2 2 2
left_child=1 -1 -3
right_child=-2 2 -4
leaf_value=0.21350090748074138 -0.21636629021529979 0.19842895888552109 0.18522417877092429
leaf_weight=0.0070642176280841795 0.0017789494311712959 0.0030538259247805399 0.003579918273800331
leaf_count=16 463 31 49
internal_value=0 0.202751 0.191303
internal_weight=0 0.013698 0.00663374
internal_count=559 96 80
is_linear=0
shrinkage=0.243386


Tree=452
num_leaves=3
num_cat=0
split_feature=12 9
split_gain=0.000663672 2.85156e-06
threshold=13.294650764277725 2.869117647058824
decision_type=2 2
left_child=-1 -2
right_child=1 -3
leaf_value=-0.02235022505925929 0.21569305331681854 0.20025958083585027
leaf_weight=0.0010002775153190591 0.0014596227948544538 0.0013793056758544253
leaf_count=426 17 116
internal_value=0 0.208195
internal_weight=0 0.00283893
internal_count=559 133
is_linear=0
shrinkage=0.243386


Tree=453
num_leaves=6
num_cat=0
split_feature=12 4 12 11 12
split_gain=0.0679365 0.145349 0.140953 0.137043 0.124567
threshold=10.785082351924229 0.10500000000000002 10.825440036253946 44.382183908045981 10.24379015307721
decision_type=2 2 2 2 2
left_child=1 4 -2 -4 -1
right_child=2 -3 3 -5 -6
leaf_value=-0.044361520844662751 -0.18993718926910566 0.10380385290764257 0.21795563579697874 -0.04401341961861318 0.052330791440370561
leaf_weight=2.2372336180062331 0.3280334302607455 0.8186269124782547 0.13966751007245648 0.77284825607135232 1.2194263127458809
leaf_count=140 11 75 11 234 88
internal_value=0 0.0115882 -0.0531056 -0.00391705 -0.0102508
internal_weight=0 4.27529 1.24055 0.912516 3.45666
internal_count=559 303 256 245 228
is_linear=0
shrinkage=0.243386


Tree=454
num_leaves=6
num_cat=0
split_feature=8 11 10 10 9
split_gain=0.0168107 0.0199669 9.87483e-09 1.17496e-10 8.19437e-11
threshold=11.773793520634497 46.39942528735633 998.50000000000011 776.50000000000011 3.4275210084033616
decision_type=2 2 2 2 2
left_child=3 2 -2 -1 -5
right_child=1 -3 -4 4 -6
leaf_value=-0.21643157751429787 -0.2164406131291744 0.10561175199241148 -0.21693635993315033 -0.21636018497134268 -0.21640475391721423
leaf_weight=0.0044720918766241189 0.009898274505191651 0.090741038449777989 0.0031336429282742282 0.0045762103214366801 0.0052438472131548508
leaf_count=6 307 53 30 71 92
internal_value=0 0.0651531 -0.21656 -0.216399 -0.216384
internal_weight=0 0.103773 0.0130319 0.0142921 0.00982006
internal_count=559 390 337 169 163
is_linear=0
shrinkage=0.243386


Tree=455
num_leaves=5
num_cat=0
split_feature=8 7 6 11
split_gain=0.0100422 0.00476795 0.0018019 2.87976e-10
threshold=8.4511494252873582 9.168103448275863 181.00842742398231 50.804597701149433
decision_type=2 2 2 2
left_child=2 3 -1 -2
right_child=1 -3 -4 -5
leaf_value=0.19459778120217172 -0.21638018632795744 0.10025189463193405 0.084026865287308905 -0.21649230918410772
leaf_weight=0.018954788065087769 0.0066449207400363086 0.0042506492991378772 0.016185451876935986 0.0017051311548286208
leaf_count=49 444 7 47 12
internal_value=0 -0.109584 0.143669 -0.216403
internal_weight=0 0.0126007 0.0351402 0.00835005
internal_count=559 463 96 456
is_linear=0
shrinkage=0.243386


Tree=456
num_leaves=6
num_cat=0
split_feature=6 11 7 10 12
split_gain=0.0077107 0.00481504 0.00254688 5.48378e-10 2.20962e-12
threshold=177.01708605062635 50.350574712643684 8.2747126436781624 762.50000000000011 14.199786133881538
decision_type=2 2 2 2 2
left_child=3 2 -2 -1 -5
right_child=1 -3 -4 4 -6
leaf_value=-0.21654841436998298 0.087666832463891939 -0.028057350482398501 0.20325080062953779 -0.21635064624757605 -0.21636368314390045
leaf_weight=0.0011003615506588451 0.028131229896640519 0.014109593911044271 0.018866520114897867 0.0028970154027030404 0.0010489749428757023
leaf_count=10 156 32 8 330 23
internal_value=0 0.0966321 0.134066 -0.216396 -0.216354
internal_weight=0 0.0611073 0.0469978 0.00504635 0.00394599
internal_count=559 196 164 363 353
is_linear=0
shrinkage=0.243386


Tree=457
num_leaves=5
num_cat=0
split_feature=6 7 9 13
split_gain=0.00686834 0.00367996 5.80798e-11 2.7751e-13
threshold=130.36460905358723 7.9347701149425296 2.6217226890756309 2018.5000000000002
decision_type=2 2 2 2
left_child=1 -1 -2 -4
right_child=2 -3 3 -5
leaf_value=0.18320868886185174 -0.21639932483819846 -0.012048011592459452 -0.2163506075441862 -0.21634590872368586
leaf_weight=0.01181004267436947 0.0023887689763020239 0.011083812617783906 0.0016757945023897491 0.0013398168241067765
leaf_count=34 35 58 153 279
internal_value=0 0.0886773 -0.216371 -0.216349
internal_weight=0 0.0228939 0.00540438 0.00301561
internal_count=559 92 467 432
is_linear=0
shrinkage=0.243386


Tree=458
num_leaves=7
num_cat=0
split_feature=6 10 11 10 6 8
split_gain=0.0617686 0.0681087 0.149966 0.107028 0.0629849 0.00659858
threshold=149.40031561097331 939.50000000000011 44.686781609195414 852.50000000000011 140.46021334470845 15.174078446805721
decision_type=2 2 2 2 2 2
left_child=4 3 -3 -2 5 -1
right_child=1 2 -4 -5 -6 -7
leaf_value=0.13405117111503007 -0.068210245959339888 -0.2213894296474854 0.020375460555399159 0.041805958315009828 0.012041887338369849 0.21983173961529323
leaf_weight=0.10958770721924826 0.81023170642652154 0.27619455475769417 0.33794869090351831 1.4817807021173175 0.4047168578254059 0.103093137498945
leaf_count=78 126 36 81 193 21 24
internal_value=0 -0.016372 -0.0883519 0.00291497 0.0683952 0.175632
internal_weight=0 2.90616 0.614143 2.29201 0.617398 0.212681
internal_count=559 436 117 319 123 102
is_linear=0
shrinkage=0.243386


Tree=459
num_leaves=6
num_cat=0
split_feature=6 6 6 11 6
split_gain=0.0885596 0.195595 0.233082 0.172332 0.107917
threshold=173.93716164716167 173.0422265131908 171.76912829079157 44.721264367816097 181.92952511009045
decision_type=2 2 2 2 2
left_child=1 2 -1 -2 -5
right_child=3 -3 -4 4 -6
leaf_value=-0.036664310717292765 0.1366260668797421 -0.23712014152344504 0.23006298077126397 -0.074262099028846798 0.11337206528313842
leaf_weight=1.5695619783684094 0.69349534313369054 0.2412674321385565 0.22145484931996851 0.67624269978750817 0.24822546741905427
leaf_count=325 55 5 11 45 118
internal_value=0 -0.031397 -0.00368413 0.0449158 -0.0238812
internal_weight=0 2.03228 1.79102 1.61796 0.924468
internal_count=559 341 336 218 163
is_linear=0
shrinkage=0.243386


Tree=460
num_leaves=2
num_cat=0
split_feature=5
split_gain=0.00309155
threshold=4.9840229885057479
decision_type=2
left_child=-1
right_child=-2
leaf_value=-0.2163462831149838 0.20418208823309733
leaf_weight=0.0011518227896846209 0.010259763184876647
leaf_count=520 39
internal_value=0
internal_weight=0
internal_count=559
is_linear=0
shrinkage=0.243386


Tree=461
num_leaves=2
num_cat=0
split_feature=8
split_gain=0.000649105
threshold=7.5948275862068977
decision_type=2
left_child=-1
right_child=-2
leaf_value=0.21157201039768697 -0.027520287592430415
leaf_weight=0.0019079121111436059 0.0010388814316284467
leaf_count=55 504
internal_value=0
internal_weight=0
internal_count=559
is_linear=0
shrinkage=0.243386


Tree=462
num_leaves=8
num_cat=0
split_feature=9 7 8 8 12 9 15
split_gain=0.0812505 0.186866 0.142875 0.219848 0.135331 0.0667173 0.0617469
threshold=3.3573529411764711 8.1048850574712663 15.03835978835979 15.939030866246268 9.9723498182796693 3.5318907563025213 95.000000000000014
decision_type=2 2 2 2 2 2 2
left_child=2 4 6 -4 -2 -3 -1
right_child=1 5 3 -5 -6 -7 -8
leaf_value=0.22288693173809765 0.066281605437654961 0.12235946796701413 -0.11562876302173253 0.035233301557713315 -0.17792907700852456 -0.025197120550710841 0.060956282719860901
leaf_weight=0.24739978107290062 0.16964401210409341 0.33382507067972256 0.75434988618508247 2.3698268273365102 0.64734012129290708 0.39783431554678828 0.319810219099395
leaf_count=22 45 25 35 136 139 66 91
internal_value=0 -0.0472116 0.0192093 -0.00119319 -0.12722 0.0421267 0.131586
internal_weight=0 1.54864 3.69139 3.12418 0.816984 0.731659 0.56721
internal_count=559 275 284 171 184 91 113
is_linear=0
shrinkage=0.243386


Tree=463
num_leaves=6
num_cat=0
split_feature=5 11 8 8 10
split_gain=0.0126436 0.00933758 0.00819224 0.00144742 9.78437e-08
threshold=4.464425287356323 47.152298850574716 15.109722222222222 17.660865617433419 1045.0000000000002
decision_type=2 2 2 2 2
left_child=1 -1 -3 4 -2
right_child=3 2 -4 -5 -6
leaf_value=-0.09248247504297083 -0.21645838215367794 0.042689590051089542 0.21703083765375009 0.030942616411320897 -0.21816585421167697
leaf_weight=0.017755222049592234 0.002526269562392853 0.044439767410587194 0.024918292173424561 0.0015691160197519602 0.0093303204191440003
leaf_count=61 282 102 19 84 11
internal_value=0 0.0650085 0.105325 -0.18873 -0.217802
internal_weight=0 0.0871133 0.0693581 0.0134257 0.0118566
internal_count=559 182 121 377 293
is_linear=0
shrinkage=0.243386


Tree=464
num_leaves=6
num_cat=0
split_feature=8 9 7 10 10
split_gain=0.00732262 0.00429269 0.00339245 0.00147671 8.87267e-11
threshold=8.0977011494252888 3.288403361344538 8.0795977011494262 953.50000000000011 822.50000000000011
decision_type=2 2 2 2 2
left_child=3 2 -2 -1 -3
right_child=1 4 -4 -5 -6
leaf_value=0.075569843249279081 -0.21644879919300114 -0.21646412987014907 0.14444321484426342 0.20201758309176474 -0.21638619072732229
leaf_weight=0.010768405665885439 0.0021313135106648673 0.0010055957300130203 0.0055891731670243416 0.011121135073949517 0.0061988237239787303
leaf_count=58 75 33 152 23 218
internal_value=0 -0.0812747 0.0448156 0.139813 -0.216397
internal_weight=0 0.0149249 0.00772049 0.0218895 0.00720442
internal_count=559 478 227 81 251
is_linear=0
shrinkage=0.243386


Tree=465
num_leaves=6
num_cat=1
split_feature=8 8 2 6 12
split_gain=0.00604213 0.00864309 0.00995946 0.000851703 0.000639489
threshold=8.129310344827589 11.13449302134647 0 187.0253645139147 14.622095511053539
decision_type=2 2 1 2 2
left_child=3 4 -3 -1 -2
right_child=1 2 -4 -5 -6
leaf_value=-0.05109914190483679 0.14633777131115433 -0.21652105440226679 0.11512801505308773 -0.21642129296047727 0.21647580084268192
leaf_weight=0.0036547284788812631 0.014429733646807108 0.0088006345114912676 0.013734707570677074 0.0037297835160412518 0.016512291966591874
leaf_count=57 65 375 16 25 21
internal_value=0 0.100264 -0.0143895 -0.1346 0.183767
internal_weight=0 0.0534774 0.0225353 0.00738451 0.030942
internal_count=559 477 391 82 86
cat_boundaries=0 1
cat_threshold=2
is_linear=0
shrinkage=0.243386


Tree=466
num_leaves=5
num_cat=0
split_feature=5 6 6 9
split_gain=0.0073082 0.00325305 0.00158425 5.14124e-11
threshold=4.7570689655172425 129.01488397888136 155.01867274723674 3.1455882352941185
decision_type=2 2 2 2
left_child=1 -1 -3 -2
right_child=3 2 -4 -5
leaf_value=0.14992874594175212 -0.21641530680447901 0.14848591545326706 -0.21634737824030539 -0.21636354571708
leaf_weight=0.020832957038464883 0.0028517614348917411 0.0010039221691169322 0.0023683696333738347 0.0018901232292387604
leaf_count=66 31 57 323 82
internal_value=0 0.114031 -0.107737 -0.216395
internal_weight=0 0.0242052 0.00337229 0.00474188
internal_count=559 446 380 113
is_linear=0
shrinkage=0.243386


Tree=467
num_leaves=7
num_cat=0
split_feature=12 11 8 8 6 5
split_gain=0.0695482 0.0814052 0.124634 0.120217 0.037479 0.0519058
threshold=11.346319704188124 44.175287356321846 18.540907563025218 16.58724467622773 153.00477821679024 4.6039080459770121
decision_type=2 2 2 2 2 2
left_child=1 3 -3 -1 -2 -6
right_child=4 2 -4 -5 5 -7
leaf_value=0.1050812884855038 0.20930992295258974 -0.076262809303138113 0.069560213905621365 -0.06269013088697023 0.13565492679558885 -0.217747578585093
leaf_weight=0.64144673018495335 0.12923216552735528 1.585329165329654 0.44455738495889807 0.41778262081311368 0.072700241121514075 0.037224287110394272
leaf_count=66 15 245 35 43 138 17
internal_value=0 -0.0157861 -0.0443267 0.0389087 0.120449 0.0159805
internal_weight=0 3.08912 2.02989 1.05923 0.239157 0.109925
internal_count=559 389 280 109 170 155
is_linear=0
shrinkage=0.243386


Tree=468
num_leaves=7
num_cat=0
split_feature=5 6 5 10 5 7
split_gain=0.0838092 0.0758536 0.0707182 0.143883 0.0129503 9.21447e-06
threshold=4.5127873563218399 177.01708605062635 4.5744252873563225 820.50000000000011 4.4766379310344844 8.1227011494252892
decision_type=2 2 2 2 2 2
left_child=1 5 -2 -4 -3 -1
right_child=2 4 3 -5 -6 -7
leaf_value=-0.21803743723653368 0.10323642788417274 -0.031251854964060813 -0.13567219932535121 0.022121047807385771 0.21888645401911716 -0.22184146908823335
leaf_weight=0.056875218434776165 0.44569998971593383 0.020522263574633826 0.402325844786802 2.2949167819815521 0.030455556617823731 0.11199844881114984
leaf_count=88 52 100 45 233 6 35
internal_value=0 -0.142013 0.013425 -0.00141569 0.118188 -0.22056
internal_weight=0 0.219851 3.14294 2.69724 0.0509778 0.168874
internal_count=559 229 330 278 106 123
is_linear=0
shrinkage=0.243386


Tree=469
num_leaves=3
num_cat=0
split_feature=8 5
split_gain=0.00154688 1.16442e-05
threshold=8.3178962844159319 5.1450000000000005
decision_type=2 2
left_child=1 -1
right_child=-2 -3
leaf_value=0.1929065022704877 -0.085899801912153337 0.21635634962526845
leaf_weight=0.0023327072383865222 0.0013724683759077302 0.0027134409488098754
leaf_count=62 471 26
internal_value=0 0.205516
internal_weight=0 0.00504615
internal_count=559 88
is_linear=0
shrinkage=0.243386


Tree=470
num_leaves=3
num_cat=0
split_feature=11 5
split_gain=0.000492889 1.64691e-06
threshold=49.221264367816097 4.3084482758620704
decision_type=2 2
left_child=-1 -2
right_child=1 -3
leaf_value=0.0010759723651584227 0.20095875563387436 0.21448281857607659
leaf_weight=0.0010059669628146306 0.0010643417018911805 0.0010692354643389024
leaf_count=457 79 23
internal_value=0 0.207736
internal_weight=0 0.00213358
internal_count=559 102
is_linear=0
shrinkage=0.243386


Tree=471
num_leaves=7
num_cat=0
split_feature=9 9 7 5 9 12
split_gain=0.0607986 0.155025 0.11828 0.118898 0.111353 0.0920165
threshold=3.3573529411764711 3.4275210084033616 8.1014367816091966 4.716178160919541 3.4884033613445382 10.522680799563268
decision_type=2 2 2 2 2 2
left_child=2 -2 5 -4 -3 -1
right_child=1 4 3 -5 -6 -7
leaf_value=0.13293066526563013 -0.19242369783773289 0.15378328008041017 0.02314310851827216 -0.098375226364491045 -0.037847527390408052 -0.0078757858451662301
leaf_weight=0.73879040461690715 0.31503602225951599 0.22529329103168982 1.5217873474938417 0.6946898165508627 0.88607697778994954 0.43786363085912683
leaf_count=55 30 21 100 33 229 91
internal_value=0 -0.0417201 0.0181655 -0.0149433 0.000999234 0.0805329
internal_weight=0 1.42641 3.39313 2.21648 1.11137 1.17665
internal_count=559 280 279 133 250 146
is_linear=0
shrinkage=0.243386


Tree=472
num_leaves=6
num_cat=0
split_feature=12 10 6 11 5
split_gain=0.0124234 0.00970878 0.0046813 1.54245e-08 1.41743e-10
threshold=11.893211805432289 929.50000000000011 177.92169059568138 46.623563218390807 4.2877011494252883
decision_type=2 2 2 2 2
left_child=3 2 -2 4 -1
right_child=1 -3 -4 -5 -6
leaf_value=-0.21647572959095965 0.20120381581720231 -0.041368204783372893 0.057724450499151349 -0.21705446242508006 -0.21638858616775977
leaf_weight=0.0015193813160294667 0.031115575414276009 0.026042837868379465 0.023753605997840488 0.0036752794403582811 0.004060527977285594
leaf_count=3 29 47 71 1 408
internal_value=0 0.0810064 0.13909 -0.216667 -0.216412
internal_weight=0 0.080912 0.0548692 0.00925519 0.00557991
internal_count=559 147 100 412 411
is_linear=0
shrinkage=0.243386


Tree=473
num_leaves=4
num_cat=0
split_feature=7 4 8
split_gain=0.00472143 0.00303788 0.0036056
threshold=7.9135057471264378 1.0000000180025095e-35 8.5144508670520249
decision_type=2 2 2
left_child=-1 -2 -3
right_child=1 2 -4
leaf_value=-0.21649639345338351 -0.21634697383561263 0.18246893631982958 -0.033673431668604398
leaf_weight=0.0033510731767574234 0.0017475406267895002 0.015145764385977145 0.0065485000283023167
leaf_count=62 28 60 409
internal_value=0 0.0923583 0.117226
internal_weight=0 0.0234418 0.0216943
internal_count=559 497 469
is_linear=0
shrinkage=0.243386


Tree=474
num_leaves=6
num_cat=0
split_feature=8 6 9 12 8
split_gain=0.0052027 0.00357988 0.00328088 9.57205e-10 1.00447e-11
threshold=14.883574879227053 186.02612544988207 4.2542857142857153 15.50224752645264 17.915538132573062
decision_type=2 2 2 2 2
left_child=1 2 -1 4 -2
right_child=3 -3 -4 -5 -6
leaf_value=-0.12716446759344047 -0.21634853281970484 0.12969082237343188 0.18263995965761987 -0.21661475224418753 -0.21638018816212931
leaf_weight=0.0072840237471614167 0.0013571030060139924 0.026085360779582345 0.0028045594197594337 0.0014108455501400385 0.0010557129413069077
leaf_count=162 241 64 15 2 75
internal_value=0 0.0820753 -0.0410409 -0.216456 -0.216362
internal_weight=0 0.0361739 0.0100886 0.00382366 0.00241282
internal_count=559 241 177 318 316
is_linear=0
shrinkage=0.243386


Tree=475
num_leaves=6
num_cat=0
split_feature=8 6 8 8 14
split_gain=0.00529337 0.00616224 0.000714316 0.00247027 2.93012e-10
threshold=11.13449302134647 113.54581243085819 8.9913458968190341 8.4783901401900224 813500.00000000012
decision_type=2 2 2 2 2
left_child=2 -2 3 -1 -3
right_child=1 4 -4 -5 -6
leaf_value=-0.098408337103698312 0.21663511015963025 -0.21650729443379013 0.20124103275988114 0.2138213400186435 -0.21638752076028844
leaf_weight=0.0023447754499241738 0.0029975747456774116 0.0017820941920261291 0.012225474917158863 0.0041712909399942433 0.0037683203106688712
leaf_count=93 2 50 53 15 346
internal_value=0 -0.0645618 0.166552 0.101467 -0.216426
internal_weight=0 0.00854799 0.0187415 0.00651607 0.00555041
internal_count=559 398 161 108 396
is_linear=0
shrinkage=0.243386


Tree=476
num_leaves=6
num_cat=0
split_feature=8 7 10 5 5
split_gain=0.0544887 0.076997 0.104598 0.073465 0.030752
threshold=14.097167584579074 8.0548850574712656 875.50000000000011 4.7326436781609207 4.5706609195402308
decision_type=2 2 2 2 2
left_child=3 -2 -3 4 -1
right_child=1 2 -4 -5 -6
leaf_value=0.078600192521800893 -0.10815477351161765 0.057078154062509413 -0.045677463923966016 0.21493067639002045 -0.17318080894587246
leaf_weight=0.057998883758504038 0.4672461698382907 1.0549429896733502 1.3224301684608688 0.14361400064365171 0.056952493078597399
leaf_count=139 48 120 194 39 19
internal_value=0 -0.0178322 -8.03651e-05 0.0988636 -0.0461443
internal_weight=0 2.84462 2.37737 0.258565 0.114951
internal_count=559 362 314 197 158
is_linear=0
shrinkage=0.243386


Tree=477
num_leaves=6
num_cat=0
split_feature=6 9 5 8 11
split_gain=0.0703644 0.0743164 0.0682757 0.17499 4.20035e-06
threshold=166.75855747030897 3.659411764705883 4.7041091954023004 16.269893483709279 45.307471264367827
decision_type=2 2 2 2 2
left_child=1 4 3 -2 -1
right_child=2 -3 -4 -5 -6
leaf_value=-0.21741516804550592 0.11259494491784272 -0.0072854878830406703 0.068708110783671894 -0.058073380511545453 -0.21998107550832122
leaf_weight=0.10469909170141845 0.48960908679641368 0.24907063406718066 0.96988680712820485 1.3028793917826531 0.059137276397406957
leaf_count=163 139 75 66 68 48
internal_value=0 -0.0910298 0.01669 -0.0114562 -0.218341
internal_weight=0 0.412907 2.76238 1.79249 0.163836
internal_count=559 286 273 207 211
is_linear=0
shrinkage=0.243386


Tree=478
num_leaves=4
num_cat=0
split_feature=8 7 11
split_gain=0.00126947 1.30974e-06 1.95308e-06
threshold=8.6858846588266569 8.0744252873563251 44.002873563218394
decision_type=2 2 2
left_child=1 2 -1
right_child=-2 -3 -4
leaf_value=0.21648136127941947 -0.038104411092915597 0.21630120566568667 0.20742873736265313
leaf_weight=0.0025335784880553547 0.0012952189651927468 0.0076809934903394605 0.0031884047794581427
leaf_count=9 463 14 73
internal_value=0 0.214225 0.211437
internal_weight=0 0.013403 0.00572198
internal_count=559 96 82
is_linear=0
shrinkage=0.243386


Tree=479
num_leaves=2
num_cat=0
split_feature=6
split_gain=0.000416577
threshold=186.90673329167706
decision_type=2
left_child=-1
right_child=-2
leaf_value=0.0019365920820358631 0.20691347747979666
leaf_weight=0.0010109417626475992 0.0014016062671569074
leaf_count=460 99
internal_value=0
internal_weight=0
internal_count=559
is_linear=0
shrinkage=0.243386


Tree=480
num_leaves=7
num_cat=0
split_feature=6 6 9 6 5 5
split_gain=0.0568308 0.145622 0.0940753 0.0815652 0.0446754 6.66323e-06
threshold=148.55931141344362 161.04138948148065 3.1768067226890762 140.46021334470845 4.6716954022988508 4.6288505747126445
decision_type=2 2 2 2 2 2
left_child=3 4 -3 5 -2 -1
right_child=1 2 -4 -5 -6 -7
leaf_value=-0.21774126575573702 0.14494895055591731 0.022907940888501357 -0.061736576107933018 -0.0076455946697425257 0.039081130576693705 -0.22100519025226625
leaf_weight=0.057821958509748472 0.48745507487927842 1.7238076097263078 1.4173071649589477 0.32198529806919396 0.45794335356913507 0.10313914455839335
leaf_count=50 66 133 195 19 29 67
internal_value=0 0.00992099 -0.0152846 -0.0783654 0.0936674 -0.219833
internal_weight=0 4.08651 3.14111 0.482946 0.945398 0.160961
internal_count=559 423 328 136 95 117
is_linear=0
shrinkage=0.243386


Tree=481
num_leaves=6
num_cat=0
split_feature=11 7 7 10 11
split_gain=0.00995681 0.0087193 0.00307472 3.61086e-09 7.92049e-11
threshold=46.39942528735633 8.1290229885057474 8.0795977011494262 998.50000000000011 43.922413793103452
decision_type=2 2 2 2 2
left_child=3 2 -2 4 -1
right_child=1 -3 -4 -5 -6
leaf_value=-0.21646699271896339 0.076364878590044358 -0.038890107276246248 0.20186275413802746 -0.21676938008059626 -0.21639244152197779
leaf_weight=0.0010249278029894893 0.025741892131559752 0.028059194174010704 0.020997391297441936 0.0022388052789138468 0.0047868158298866037
leaf_count=60 92 19 24 37 327
internal_value=0 0.0683589 0.132744 -0.216507 -0.216406
internal_weight=0 0.0747985 0.0467393 0.00805055 0.00581174
internal_count=559 135 116 424 387
is_linear=0
shrinkage=0.243386


Tree=482
num_leaves=6
num_cat=0
split_feature=5 10 11 9 8
split_gain=0.00387807 0.00105712 0.00105497 0.00139264 0.000881726
threshold=4.2692816091954038 762.50000000000011 51.198275862068975 2.8808823529411769 7.543103448275863
decision_type=2 2 2 2 2
left_child=2 -2 3 -1 -3
right_child=1 4 -4 -5 -6
leaf_value=0.19498801091632947 0.14452032588100003 0.0087096438946661411 0.20634157045359253 -0.012578245442799748 -0.2019583941168587
leaf_weight=0.0036821323634796945 0.001107925821401067 0.0019471502907606464 0.010271439515044278 0.0039892419150469038 0.0029749270935583993
leaf_count=17 14 25 15 67 421
internal_value=0 -0.0702711 0.155339 0.0870501 -0.118619
internal_weight=0 0.00603 0.0179428 0.00767137 0.00492208
internal_count=559 460 99 84 446
is_linear=0
shrinkage=0.243386


Tree=483
num_leaves=5
num_cat=0
split_feature=7 8 8 8
split_gain=0.00724669 0.0060329 0.00570055 0.00158001
threshold=7.9189655172413795 14.351916292107679 14.883574879227053 11.13449302134647
decision_type=2 2 2 2
left_child=-1 3 -3 -2
right_child=1 2 -4 -5
leaf_value=0.19809711483464312 -0.063870896390445006 0.17542457058467589 -0.2164321351676102 -0.21649570932577197
leaf_weight=0.01043847373694895 0.0083285317747270327 0.0097787198380103746 0.0028372026702161443 0.0077629584626777151
leaf_count=61 94 35 324 45
internal_value=0 -0.0387089 0.0872997 -0.137501
internal_weight=0 0.0287074 0.0126159 0.0160915
internal_count=559 498 359 139
is_linear=0
shrinkage=0.243386


Tree=484
num_leaves=5
num_cat=0
split_feature=7 5 11 6
split_gain=0.0057613 0.00466565 0.0012291 0.000455773
threshold=7.8629310344827594 4.4156034482758626 44.991379310344833 116.73540462839945
decision_type=2 2 2 2
left_child=-1 3 -3 -2
right_child=1 2 -4 -5
leaf_value=0.1865707563220482 0.21658800943784226 -0.20768741140890354 0.047246546548066579 0.043363748641472757
leaf_weight=0.0096753619070568675 0.0025179687381751146 0.0070387146375716636 0.0013323219994162416 0.0014000216681749889
leaf_count=40 3 250 136 130
internal_value=0 -0.0645155 -0.167112 0.15469
internal_weight=0 0.012289 0.00837104 0.00391799
internal_count=559 519 386 133
is_linear=0
shrinkage=0.243386


Tree=485
num_leaves=7
num_cat=0
split_feature=6 6 5 10 6 8
split_gain=0.0630477 0.0686442 0.0871291 0.0842948 0.0550761 0.0075011
threshold=148.55931141344362 161.04138948148065 4.6716954022988508 998.50000000000011 140.46021334470845 15.174078446805721
decision_type=2 2 2 2 2 2
left_child=4 2 -2 -3 5 -1
right_child=1 3 -4 -5 -6 -7
leaf_value=0.12348067832897275 -0.14930609926015959 -0.012959308361340498 -0.0055652659149128241 0.15943770514202771 0.0085224136629470145 0.2198008037497306
leaf_weight=0.092619983031682174 0.46813100691739629 1.2429029311713717 0.53560806831228547 0.19426911701981442 0.32181858058902435 0.099180786564829759
leaf_count=88 66 296 29 32 19 29
internal_value=0 -0.0237653 -0.0726041 0.0103444 0.0700508 0.173288
internal_weight=0 2.44091 1.00374 1.43717 0.513619 0.191801
internal_count=559 423 95 328 136 117
is_linear=0
shrinkage=0.243386


Tree=486
num_leaves=4
num_cat=0
split_feature=8 8 8
split_gain=0.0968801 0.119991 0.0946225
threshold=19.358407079646017 18.095942140296987 15.158782788093134
decision_type=2 2 2
left_child=1 2 -1
right_child=-2 -3 -4
leaf_value=-0.091947178593890733 0.15215822942769106 -0.12588780526634843 0.03365792123725702
leaf_weight=0.43431401701185857 0.23333386302670067 0.45256859104392777 1.9523617660155563
leaf_count=253 23 52 231
internal_value=0 -0.0109869 0.010801
internal_weight=0 2.83924 2.38668
internal_count=559 536 484
is_linear=0
shrinkage=0.243386


Tree=487
num_leaves=3
num_cat=0
split_feature=6 5
split_gain=0.00109587 0.000140546
threshold=133.57268216634293 5.1450000000000005
decision_type=2 2
left_child=1 -1
right_child=-2 -3
leaf_value=0.12648353366037454 -0.086975901254301158 0.21639794702627094
leaf_weight=0.0017636020557887377 0.0011713383286195422 0.002474950766099937
leaf_count=71 457 31
internal_value=0 0.178986
internal_weight=0 0.00423855
internal_count=559 102
is_linear=0
shrinkage=0.243386


Tree=488
num_leaves=2
num_cat=0
split_feature=12
split_gain=0.000416342
threshold=14.347302071698042
decision_type=2
left_child=-1
right_child=-2
leaf_value=0.017644498076514883 0.20960300161332615
leaf_weight=0.0011359005619093754 0.0016294106357168658
leaf_count=482 77
internal_value=0
internal_weight=0
internal_count=559
is_linear=0
shrinkage=0.243386


Tree=489
num_leaves=4
num_cat=0
split_feature=12 11 7
split_gain=0.0653042 0.0808413 0.124159
threshold=9.2098472519112615 44.017241379310356 8.0606321839080461
decision_type=2 2 2
left_child=-1 -2 -3
right_child=1 2 -4
leaf_value=0.11056329919001601 -0.085497639817967735 -0.10292908916531729 0.026946537477384756
leaf_weight=0.29495043855195024 0.66700565441880133 0.51415710543033499 2.8693566163791626
leaf_count=29 63 177 290
internal_value=0 -0.00805573 0.0072107
internal_weight=0 4.05052 3.38351
internal_count=559 530 467
is_linear=0
shrinkage=0.243386


Tree=490
num_leaves=6
num_cat=0
split_feature=5 11 8 7 10
split_gain=0.00998883 0.00560648 0.00542446 0.00105087 2.92398e-08
threshold=4.464425287356323 47.152298850574716 14.883574879227053 8.1433908045977024 1045.0000000000002
decision_type=2 2 2 2 2
left_child=1 -1 -3 4 -2
right_child=3 2 -4 -5 -6
leaf_value=-0.054961320818667024 -0.21644244642149507 0.058595853535234652 0.21677774084951978 0.043445465181552255 -0.21759008162062415
leaf_weight=0.013795358284960813 0.0016541551774063579 0.033782281216280907 0.020717668770885211 0.0010322888097855651 0.006415962559524882
leaf_count=61 274 93 31 87 13
internal_value=0 0.0836429 0.118727 -0.187778 -0.217355
internal_weight=0 0.0682953 0.0544999 0.00910241 0.00807012
internal_count=559 185 124 374 287
is_linear=0
shrinkage=0.243386


Tree=491
num_leaves=5
num_cat=0
split_feature=8 7 15 7
split_gain=0.0039084 0.00182268 0.00254959 5.12279e-13
threshold=12.700353825740825 7.9876436781609206 95.000000000000014 9.2287356321839109
decision_type=2 2 2 2
left_child=1 2 -1 -2
right_child=3 -3 -4 -5
leaf_value=0.20240113180222044 -0.21635713043521329 0.17356815199246417 -0.13400074438370341 -0.2163647931520446
leaf_weight=0.0023487416623237936 0.0010580490975167214 0.016618440083380648 0.0030908182531307338 0.0010102961687152856
leaf_count=24 390 69 71 5
internal_value=0 0.133541 0.0112539 -0.216361
internal_weight=0 0.022058 0.00543956 0.00206835
internal_count=559 164 95 395
is_linear=0
shrinkage=0.243386


Tree=492
num_leaves=4
num_cat=0
split_feature=7 5 11
split_gain=0.00533732 0.00544262 1.7976e-11
threshold=7.9189655172413795 4.2371839080459779 50.336206896551737
decision_type=2 2 2
left_child=-1 -2 -3
right_child=1 2 -4
leaf_value=0.19161762465168447 0.036803724022724443 -0.21636061321933667 -0.21638677483343446
leaf_weight=0.0089123270379332098 0.020442585777436406 0.0042003071161387231 0.0024711113913475913
leaf_count=63 73 412 11
internal_value=0 -0.0254899 -0.21637
internal_weight=0 0.027114 0.00667142
internal_count=559 496 423
is_linear=0
shrinkage=0.243386


Tree=493
num_leaves=3
num_cat=0
split_feature=6 8
split_gain=0.00442904 0.00141057
threshold=130.36460905358723 9.741379310344831
decision_type=2 2
left_child=1 -1
right_child=-2 -3
leaf_value=0.21403332475753009 -0.21636251636129758 0.074840064216968635
leaf_weight=0.010032126072694325 0.0021434119935329612 0.0075646500189350254
leaf_count=65 461 33
internal_value=0 0.154196
internal_weight=0 0.0175968
internal_count=559 98
is_linear=0
shrinkage=0.243386


Tree=494
num_leaves=5
num_cat=0
split_feature=8 10 12 4
split_gain=0.0600294 0.0941257 0.11904 0.0895391
threshold=18.540907563025218 905.50000000000011 10.801819808151874 0.10500000000000002
decision_type=2 2 2 2
left_child=1 2 -1 -3
right_child=-2 3 -4 -5
leaf_value=-0.12146181886366834 0.063197560270267822 0.059800296338608387 0.066148354972354606 -0.11617944145734586
leaf_weight=0.81281133716265752 0.59341107022510176 0.88965984114909147 0.26587550673725069 0.21210031535974849
leaf_count=132 58 182 139 48
internal_value=0 -0.0241134 -0.0752195 0.0259224
internal_weight=0 2.18045 1.07869 1.10176
internal_count=559 501 271 230
is_linear=0
shrinkage=0.243386


Tree=495
num_leaves=5
num_cat=0
split_feature=9 6 11 11
split_gain=0.0636497 0.0771336 0.0781725 0.0473108
threshold=4.0130252100840345 166.75855747030897 45.364942528735639 43.364942528735639
decision_type=2 2 2 2
left_child=1 3 -3 -1
right_child=-2 2 -4 -5
leaf_value=0.047631483217569111 0.1281167301469294 0.028135368554365027 -0.076105528917442183 -0.1872722044266536
leaf_weight=0.066929040191440303 0.2163841391381921 1.9000939921315878 0.54936988495669314 0.21061388913039103
leaf_count=17 77 110 133 222
internal_value=0 -0.00902251 0.00475604 -0.130626
internal_weight=0 2.72701 2.44946 0.277543
internal_count=559 482 243 239
is_linear=0
shrinkage=0.243386


Tree=496
num_leaves=2
num_cat=0
split_feature=8
split_gain=0.00109545
threshold=7.9971264367816106
decision_type=2
left_child=-1
right_child=-2
leaf_value=0.19954757556153419 -0.06786188310573367
leaf_weight=0.0030716715423562135 0.0012879663156661336
leaf_count=78 481
internal_value=0
internal_weight=0
internal_count=559
is_linear=0
shrinkage=0.243386


Tree=497
num_leaves=2
num_cat=0
split_feature=12
split_gain=0.000442823
threshold=14.885437760811582
decision_type=2
left_child=-1
right_child=-2
leaf_value=0.003131101151784207 0.21243538289183539
leaf_weight=0.0010723207436690863 0.001355907463372219
leaf_count=514 45
internal_value=0
internal_weight=0
internal_count=559
is_linear=0
shrinkage=0.243386


Tree=498
num_leaves=5
num_cat=0
split_feature=7 9 7 11
split_gain=0.0530582 0.0697234 0.106021 0.0820323
threshold=8.2040229885057485 3.3573529411764711 8.1002873563218412 44.652298850574716
decision_type=2 2 2 2
left_child=1 2 -1 -3
right_child=-2 3 -4 -5
leaf_value=0.076148575654330031 0.095976033181196033 0.0037163771306809247 -0.022364002131503594 -0.1313739427985699
leaf_weight=1.0092702794941892 0.32007950641123617 0.56409255429477834 1.8036148899227553 0.50434133543358772
leaf_count=152 33 102 116 156
internal_value=0 -0.00712193 0.0129826 -0.0600514
internal_weight=0 3.88132 2.81289 1.06843
internal_count=559 526 268 258
is_linear=0
shrinkage=0.243386


Tree=499
num_leaves=6
num_cat=0
split_feature=12 7 8 11 5
split_gain=0.0095829 0.00524491 0.00208463 7.82375e-09 4.61584e-11
threshold=11.893211805432289 8.1227011494252892 14.450416064919883 46.623563218390807 4.2991379310344833
decision_type=2 2 2 2 2
left_child=3 2 -2 4 -1
right_child=1 -3 -4 -5 -6
leaf_value=-0.21642815782638947 0.061999583507641259 -0.0029871907880344656 0.18394789218819083 -0.2169038811407743 -0.21636933142521581
leaf_weight=0.0010556069743383736 0.012796672391183428 0.025372344484004827 0.023649578271943028 0.0029014900158195189 0.0031417273273886825
leaf_count=7 94 28 30 2 398
internal_value=0 0.08198 0.141131 -0.216597 -0.216384
internal_weight=0 0.0618186 0.0364463 0.00709882 0.00419733
internal_count=559 152 124 407 405
is_linear=0
shrinkage=0.243386


Tree=500
num_leaves=4
num_cat=0
split_feature=14 10 6
split_gain=0.00357377 0.00397784 0.00172072
threshold=1478950.0000000002 785.50000000000011 179.64264416890325
decision_type=2 2 2
left_child=1 -1 -3
right_child=-2 2 -4
leaf_value=-0.20252392680176629 -0.20553553024965973 -0.070328093650094459 0.18350025429006067
leaf_weight=0.0021316917645624036 0.0024561285833741833 0.0017988968745893405 0.013124308089538683
leaf_count=34 48 345 132
internal_value=0 0.108478 0.152903
internal_weight=0 0.0170549 0.0149232
internal_count=559 511 477
is_linear=0
shrinkage=0.243386


Tree=501
num_leaves=5
num_cat=0
split_feature=5 13 7 9
split_gain=0.00256371 0.00281681 0.0026517 0.00225208
threshold=3.8502586206896559 2019.5000000000002 7.9422413793103459 3.1768067226890762
decision_type=2 2 2 2
left_child=-1 3 -3 -2
right_child=1 2 -4 -5
leaf_value=-0.2165037342689472 -0.049194288859277145 0.14588204395067508 -0.21646176577526244 0.15686001626872795
leaf_weight=0.0016843042354732765 0.0036958138587008795 0.0019706773908012556 0.0030450047121391988 0.020969406271429514
leaf_count=5 144 24 150 236
internal_value=0 0.092174 -0.0740957 0.125985
internal_weight=0 0.0296809 0.00501568 0.0246652
internal_count=559 554 174 380
is_linear=0
shrinkage=0.243386


Tree=502
num_leaves=6
num_cat=0
split_feature=8 6 12 5 14
split_gain=0.00281811 0.00386574 0.000514575 0.000787388 5.91287e-11
threshold=11.13449302134647 113.54581243085819 11.782708576181838 4.6388505747126443 813500.00000000012
decision_type=2 2 2 2 2
left_child=2 -2 -1 -4 -3
right_child=1 4 3 -5 -6
leaf_value=0.21150868111829427 0.21654658509443467 -0.2164501807258597 -0.046829143554756765 0.21635971087587177 -0.21638039914181675
leaf_weight=0.0074019250636752076 0.0020324917859397837 0.001154783840261131 0.0013213899861673206 0.0013730219398729315 0.0019073572114028936
leaf_count=68 2 51 87 6 345
internal_value=0 -0.043681 0.178358 0.087287 -0.216407
internal_weight=0 0.00509463 0.0100963 0.00269441 0.00306214
internal_count=559 398 161 93 396
is_linear=0
shrinkage=0.243386


Tree=503
num_leaves=7
num_cat=0
split_feature=6 7 9 6 9 7
split_gain=0.0451145 0.0435267 0.162401 0.0935024 0.0311116 0.0265272
threshold=149.40031561097331 8.1284482758620715 3.37827731092437 163.82677743995302 3.1086974789915973 8.0928160919540257
decision_type=2 2 2 2 2 2
left_child=4 2 -2 -3 -1 -6
right_child=1 3 -4 -5 5 -7
leaf_value=0.0015793393803449531 -0.16656757630549007 0.082862551396291256 0.012602027517478191 -0.085137884510297857 0.04347448456143007 0.21088629165355299
leaf_weight=0.23568125050792366 0.45227556707824967 0.54611533515617328 0.88817120880186451 0.30631392951887459 0.11076878542081658 0.11353471990150865
leaf_count=26 158 38 139 94 79 25
internal_value=0 -0.0205064 -0.047851 0.0224929 0.0633298 0.128213
internal_weight=0 2.19288 1.34045 0.852429 0.459985 0.224304
internal_count=559 429 297 132 130 104
is_linear=0
shrinkage=0.243386


Tree=504
num_leaves=4
num_cat=0
split_feature=10 10 10
split_gain=0.0544124 0.155922 0.127735
threshold=813.50000000000011 820.50000000000011 837.50000000000011
decision_type=2 2 2
left_child=-1 -2 -3
right_child=1 2 -4
leaf_value=0.10343508749456307 -0.22179686125606296 0.18691768827073346 -0.010362145096515679
leaf_weight=0.27993717138342278 0.18988375462822693 0.21366751204945478 2.1580170447987008
leaf_count=79 14 34 432
internal_value=0 -0.00957971 0.007411
internal_weight=0 2.56157 2.37168
internal_count=559 480 466
is_linear=0
shrinkage=0.243386


Tree=505
num_leaves=2
num_cat=0
split_feature=5
split_gain=0.00137819
threshold=5.0821839080459776
decision_type=2
left_child=-1
right_child=-2
leaf_value=-0.03840562595174303 0.21641174212238093
leaf_weight=0.0015733713481783894 0.0062589895817382057
leaf_count=532 27
internal_value=0
internal_weight=0
internal_count=559
is_linear=0
shrinkage=0.243386


Tree=506
num_leaves=2
num_cat=0
split_feature=8
split_gain=0.000439108
threshold=7.9051724137931041
decision_type=2
left_child=-1
right_child=-2
leaf_value=0.21082130358070778 0.023262742257965752
leaf_weight=0.0021398232883764745 0.0011298260521281911
leaf_count=73 486
internal_value=0
internal_weight=0
internal_count=559
is_linear=0
shrinkage=0.243386


Tree=507
num_leaves=8
num_cat=0
split_feature=5 8 8 12 12 10 6
split_gain=0.0524401 0.0840929 0.0681317 0.100733 0.0854422 0.0588122 0.0441582
threshold=4.5675000000000008 15.536507936507936 15.779060066740826 10.097650352599439 10.261517092496167 879.50000000000011 175.55639645324339
decision_type=2 2 2 2 2 2 2
left_child=1 6 4 -4 -2 -3 -1
right_child=2 5 3 -5 -6 -7 -8
leaf_value=0.002024309257647159 0.11221380386423531 0.012962012043051781 -0.10093550054842358 0.0054444127889854621 -0.044230836869584206 0.15766345544612492 -0.19947778955480103
leaf_weight=0.2277194563820889 0.46799042628005549 0.28773733424372949 0.89963995340093594 1.2739475954163024 0.37052284493736387 0.3945109621379288 0.089839417446760272
leaf_count=75 53 35 69 103 59 58 107
internal_value=0 0.048479 -0.0158505 -0.0385858 0.0430839 0.0966358 -0.0549819
internal_weight=0 0.999807 3.0121 2.17359 0.838513 0.682248 0.317559
internal_count=559 275 284 172 112 93 182
is_linear=0
shrinkage=0.243386


Tree=508
num_leaves=7
num_cat=0
split_feature=8 5 9 7 9 12
split_gain=0.00725111 0.00901008 0.00207897 0.00102196 2.81447e-11 2.08543e-11
threshold=11.773793520634497 4.464425287356323 3.2115966386554633 8.1433908045977024 3.1536134453781517 14.863065011275966
decision_type=2 2 2 2 2 2
left_child=4 2 -2 -3 -1 -6
right_child=1 3 -4 -5 5 -7
leaf_value=-0.21635989673482073 0.15969878289643602 -0.21716908037261809 0.058544868351767615 0.046704263000460627 -0.21638077645638856 -0.2164196187231929
leaf_weight=0.0022153659928221053 0.023948582284504027 0.006318079949533372 0.024195830408949348 0.0010081613641945708 0.0022561576597925348 0.0012852295230905142
leaf_count=49 36 217 54 85 98 20
internal_value=0 0.0705976 0.108862 -0.180858 -0.216381 -0.216395
internal_weight=0 0.0554707 0.0481444 0.00732624 0.00575675 0.00354139
internal_count=559 392 90 302 167 118
is_linear=0
shrinkage=0.243386


Tree=509
num_leaves=4
num_cat=0
split_feature=4 8 7
split_gain=0.00329605 0.00264179 0.00169743
threshold=1.0000000180025095e-35 8.3178962844159319 8.0795977011494262
decision_type=2 2 2
left_child=-1 -2 -3
right_child=1 2 -4
leaf_value=-0.21635145612480461 0.18930025739365355 -0.21638742576906833 0.071771485614439565
leaf_weight=0.0020650953490797255 0.0095021622173732112 0.0018016609384322599 0.0036931775010082823
leaf_count=31 56 185 287
internal_value=0 0.11162 -0.0227108
internal_weight=0 0.014997 0.00549484
internal_count=559 528 472
is_linear=0
shrinkage=0.243386


Tree=510
num_leaves=5
num_cat=0
split_feature=12 7 7 14
split_gain=0.00351543 0.00195707 0.00178563 2.8132e-12
threshold=12.861512675645493 7.9698275862068977 8.2310344827586217 1065000.0000000002
decision_type=2 2 2 2
left_child=3 -2 -3 -1
right_child=1 2 -4 -5
leaf_value=-0.21634792129910055 0.20484738256129453 -0.046867440004186509 0.1118704580586566 -0.21636454557574081
leaf_weight=0.0015163577284030829 0.0060990770229842886 0.0073047353738160395 0.0098694034375057527 0.0010010578360595268
leaf_count=334 49 83 14 79
internal_value=0 0.0864135 0.0443539 -0.216355
internal_weight=0 0.0232732 0.0171741 0.00251742
internal_count=559 146 97 413
is_linear=0
shrinkage=0.243386


Tree=511
num_leaves=5
num_cat=0
split_feature=5 8 6 12
split_gain=0.00691408 0.00297708 0.00354118 0.000103679
threshold=4.7696264367816097 11.13449302134647 114.66692025882982 11.051108587073603
decision_type=2 2 2 2
left_child=1 3 -3 -1
right_child=-2 2 -4 -5
leaf_value=0.21641063809887004 -0.21640205540505417 0.2165434149506589 -0.21638473226336308 0.1708747999489974
leaf_weight=0.0092802938083877962 0.0037893083953884901 0.0020005137193948022 0.0025404879023597227 0.0043504302999704545
leaf_count=30 90 2 331 106
internal_value=0 0.145017 -0.0256606 0.201877
internal_weight=0 0.0181717 0.004541 0.0136307
internal_count=559 469 333 136
is_linear=0
shrinkage=0.243386


Tree=512
num_leaves=6
num_cat=0
split_feature=5 11 5 9 7
split_gain=0.0404299 0.0653303 0.0720101 0.056006 0.0772424
threshold=4.5744252873563225 44.002873563218394 4.7570689655172425 3.6941176470588242 8.1037356321839109
decision_type=2 2 2 2 2
left_child=3 -2 -3 4 -1
right_child=1 2 -4 -5 -6
leaf_value=-0.0085267652703577609 0.083301932373764515 0.019307932338319216 -0.11105325220276673 0.09999554728674924 -0.18639139312016845
leaf_weight=0.33463082506387776 0.55351129520988696 0.89636308150030763 0.34863657123071334 0.11542160184253802 0.25473267861573223
leaf_count=143 59 139 81 73 64
internal_value=0 0.0137326 -0.017197 -0.0550404 -0.0854028
internal_weight=0 1.79851 1.245 0.704785 0.589364
internal_count=559 279 220 280 207
is_linear=0
shrinkage=0.243386


Tree=513
num_leaves=7
num_cat=0
split_feature=6 6 6 10 8 9
split_gain=0.056603 0.0720921 0.113179 0.0634147 0.0517578 3.23896e-06
threshold=165.00187963228265 167.65313102601894 171.76912829079157 901.50000000000011 17.174801587301591 3.9550840336134461
decision_type=2 2 2 2 2 2
left_child=3 -2 -3 4 -1 -5
right_child=1 2 -4 5 -6 -7
leaf_value=-0.21747522798904773 0.11473526757425993 -0.098964203118796029 0.028385543541627235 -0.21778856973186489 0.12728998045674217 -0.2201221739322608
leaf_weight=0.037257981026379006 0.34170867415193162 0.56500393450809872 1.5405610431233459 0.071747188384637894 0.083831063413299489 0.069227570042400544
leaf_count=100 27 33 244 88 41 26
internal_value=0 0.0110411 -0.00578728 -0.107974 0.0212089 -0.218935
internal_weight=0 2.44727 2.10556 0.262064 0.121089 0.140975
internal_count=559 304 277 255 141 114
is_linear=0
shrinkage=0.243386


Tree=514
num_leaves=2
num_cat=0
split_feature=5
split_gain=0.000754059
threshold=5.0821839080459776
decision_type=2
left_child=-1
right_child=-2
leaf_value=0.030575510131898329 0.21638836295965233
leaf_weight=0.0018358244727254697 0.0043812982296458358
leaf_count=531 28
internal_value=0
internal_weight=0
internal_count=559
is_linear=0
shrinkage=0.243386


Tree=515
num_leaves=1
num_cat=0
split_feature=
split_gain=
threshold=
decision_type=
left_child=
right_child=
leaf_value=0
leaf_weight=
leaf_count=
internal_value=
internal_weight=
internal_count=
is_linear=0
shrinkage=1


Tree=516
num_leaves=5
num_cat=0
split_feature=9 9 7 9
split_gain=0.0448163 0.0793134 0.0724498 0.0375382
threshold=2.869117647058824 2.9275210084033616 8.1571839080459778 2.7826050420168071
decision_type=2 2 2 2
left_child=3 -2 -3 -1
right_child=1 2 -4 -5
leaf_value=-0.00086339350694545638 -0.13875068069596741 -0.019429235926431202 0.07600814331683689 0.12047284322190158
leaf_weight=0.29887954044704645 0.26725518558123473 2.3455763491406492 0.58963128290021405 0.30533709244355123
leaf_count=68 21 373 70 27
internal_value=0 -0.0118152 -0.000257555 0.0604531
internal_weight=0 3.20246 2.93521 0.604217
internal_count=559 464 443 95
is_linear=0
shrinkage=0.243386


Tree=517
num_leaves=6
num_cat=0
split_feature=12 8 8 11 10
split_gain=0.0069837 0.00293564 0.00401016 7.66349e-09 1.42693e-11
threshold=11.893211805432289 14.450416064919883 13.665422210154768 46.623563218390807 916.50000000000011
decision_type=2 2 2 2 2
left_child=3 2 -2 4 -1
right_child=1 -3 -4 -5 -6
leaf_value=-0.21635815457929286 -0.13045527685409633 0.11265409107256466 0.0893025922372747 -0.21694217684453973 -0.21639425552345268
leaf_weight=0.0013542879167358522 0.0086888434976135631 0.03216547580450424 0.011336659969856555 0.0030984168406575918 0.0012446230660925726
leaf_count=258 96 42 10 1 152
internal_value=0 0.0671085 -0.00604791 -0.216684 -0.216375
internal_weight=0 0.052191 0.0200255 0.00569733 0.00259891
internal_count=559 148 106 411 410
is_linear=0
shrinkage=0.243386


Tree=518
num_leaves=4
num_cat=0
split_feature=10 5 8
split_gain=0.00246216 0.00166278 0.00305733
threshold=746.50000000000011 4.1669252873563227 7.9971264367816106
decision_type=2 2 2
left_child=-1 -2 -3
right_child=1 2 -4
leaf_value=-0.21637018937090977 0.17841835438212425 0.14364010513755632 -0.21636210898545027
leaf_weight=0.0013330282633994264 0.012239158557530772 0.0042278140789733234 0.002087325514169347
leaf_count=14 77 51 417
internal_value=0 0.126082 0.0246496
internal_weight=0 0.0185543 0.00631514
internal_count=559 545 468
is_linear=0
shrinkage=0.243386


Tree=519
num_leaves=5
num_cat=0
split_feature=7 13 8 8
split_gain=0.00393836 0.00397928 0.00312778 4.77555e-05
threshold=9.076436781609198 2019.5000000000002 8.3178962844159319 11.13449302134647
decision_type=2 2 2 2
left_child=1 2 -1 -3
right_child=-2 3 -4 -5
leaf_value=-0.14535989445515163 -0.21644332418907644 -0.15295833967965894 0.15006301823074603 -0.21642912527815394
leaf_weight=0.0023444981655861277 0.0027097541553047213 0.0014738243946675325 0.022465270632180179 0.0013412543279595068
leaf_count=60 11 38 324 126
internal_value=0 0.09103 0.122146 -0.183199
internal_weight=0 0.0276248 0.0248098 0.00281508
internal_count=559 548 384 164
is_linear=0
shrinkage=0.243386


Tree=520
num_leaves=6
num_cat=0
split_feature=8 6 12 7 5
split_gain=0.00591503 0.00325862 0.000198605 0.000103924 1.30946e-11
threshold=11.13449302134647 105.58952277539733 11.09354692120562 7.8301724137931048 4.687241379310346
decision_type=2 2 2 2 2
left_child=2 -2 -1 -4 -3
right_child=1 4 3 -5 -6
leaf_value=0.20600216918582212 0.21647921605592935 -0.21636315141039264 0.19506485953442923 0.10841480757938197 -0.2163912960674389
leaf_weight=0.0095103100910876037 0.0013607959845103315 0.0015344663518122581 0.001264154211639835 0.0023331919092330344 0.0027063140282204134
leaf_count=52 2 275 9 88 133
internal_value=0 -0.111226 0.187577 0.138865 -0.216381
internal_weight=0 0.00560158 0.0131077 0.00359735 0.00424078
internal_count=559 410 149 97 408
is_linear=0
shrinkage=0.243386


Tree=521
num_leaves=7
num_cat=0
split_feature=6 9 12 12 9 8
split_gain=0.0874233 0.0613232 0.176262 0.0781368 0.00605446 0.0130437
threshold=140.46021334470845 3.1855042016806725 10.811758719883921 10.434205750222777 3.0867647058823535 14.823770491803279
decision_type=2 2 2 2 2 2
left_child=4 2 -2 -3 -1 -6
right_child=1 3 -4 -5 5 -7
leaf_value=0.2179943471031488 -0.16686254262932362 0.046503518342907703 0.09414923457007815 -0.073712247501452 -0.009795713449978068 0.2179242965292823
leaf_weight=0.088798120125829771 0.4405482826994106 1.1074845469147474 0.23502096723821531 0.45057947941090182 0.026514433791533065 0.034015793076832779
leaf_count=11 110 95 82 166 67 28
internal_value=0 -0.0148168 -0.0760602 0.0117381 0.177532 0.118175
internal_weight=0 2.23363 0.675569 1.55806 0.149328 0.0605302
internal_count=559 453 192 261 106 95
is_linear=0
shrinkage=0.243386


Tree=522
num_leaves=6
num_cat=0
split_feature=9 6 11 4 8
split_gain=0.0574812 0.122313 0.0747792 0.124687 0.104312
threshold=3.7478151260504204 165.00187963228265 45.146551724137943 0.10500000000000002 16.045745941049407
decision_type=2 2 2 2 2
left_child=2 -2 3 -1 -4
right_child=1 -3 4 -5 -6
leaf_value=0.049205549391567301 -0.11706701658000204 0.1926103144049387 0.10075739169229166 -0.11872267177886209 -0.13616320688794917
leaf_weight=1.2695422580266518 0.11138483918908537 0.23484965488724185 0.1412567288543779 0.33000032276453994 0.49881158238056145
leaf_count=190 48 79 117 57 68
internal_value=0 0.092986 -0.0135725 0.0145604 -0.0838772
internal_weight=0 0.346234 2.23961 1.59954 0.640068
internal_count=559 127 432 247 185
is_linear=0
shrinkage=0.243386


Tree=523
num_leaves=2
num_cat=0
split_feature=6
split_gain=0.00169044
threshold=118.46420925964948
decision_type=2
left_child=-1
right_child=-2
leaf_value=0.16523518716553809 -0.18846122113474645
leaf_weight=0.0033190318667593033 0.0010548314901067633
leaf_count=63 496
internal_value=0
internal_weight=0
internal_count=559
is_linear=0
shrinkage=0.243386


Tree=524
num_leaves=2
num_cat=0
split_feature=8
split_gain=0.000418613
threshold=8.8608683962898258
decision_type=2
left_child=-1
right_child=-2
leaf_value=0.20609551035617948 0.005251360182795285
leaf_weight=0.0015637300648330132 0.0010129326410084349
leaf_count=98 461
internal_value=0
internal_weight=0
internal_count=559
is_linear=0
shrinkage=0.243386


Tree=525
num_leaves=6
num_cat=0
split_feature=6 6 11 6 9
split_gain=0.0408618 0.0888623 0.0632641 0.0531094 3.70334e-06
threshold=148.55931141344362 157.0792745258066 45.364942528735639 140.46021334470845 2.8623109243697482
decision_type=2 2 2 2 2
left_child=3 -2 -3 4 -1
right_child=1 2 -4 -5 -6
leaf_value=-0.22062746538161904 0.11518076333122991 -0.023902742298361351 0.06834702797560839 -0.013129437831156004 -0.2177197360578505
leaf_weight=0.041752053852519899 0.40646515108164782 2.3235601384817532 0.54334754514011629 0.22823517525102943 0.068539270193527013
leaf_count=5 54 192 192 17 99
internal_value=0 0.00868025 -0.00641921 -0.0801432 -0.21882
internal_weight=0 3.27337 2.86691 0.338526 0.110291
internal_count=559 438 384 121 104
is_linear=0
shrinkage=0.243386


Tree=526
num_leaves=6
num_cat=0
split_feature=8 12 11 12 6
split_gain=0.00606369 0.00739809 5.79905e-09 1.44364e-11 1.20234e-12
threshold=11.773793520634497 11.893211805432289 46.623563218390807 14.863065011275966 173.40328172062382
decision_type=2 2 2 2 2
left_child=3 2 -2 4 -1
right_child=1 -3 -4 -5 -6
leaf_value=-0.21635998798376299 -0.2163695517451075 0.095199109873892129 -0.21689683776747512 -0.21638102796951725 -0.21634972740734257
leaf_weight=0.0014319814604734976 0.0021722945675921026 0.042690194793522096 0.0028651384636759758 0.0024082518981254353 0.0012823177384483353
leaf_count=67 346 59 1 32 54
internal_value=0 0.0622828 -0.216669 -0.216367 -0.216355
internal_weight=0 0.0477276 0.00503743 0.00512255 0.0027143
internal_count=559 406 347 153 121
is_linear=0
shrinkage=0.243386


Tree=527
num_leaves=5
num_cat=0
split_feature=8 7 12 12
split_gain=0.00317334 0.00172318 0.000654159 2.79187e-06
threshold=7.7155172413793105 8.0376436781609204 14.752846681636287 14.561760058894203
decision_type=2 2 2 2
left_child=-1 3 -3 -2
right_child=1 2 -4 -5
leaf_value=0.1897903255794556 -0.2163611497794698 -0.046311310984436686 0.1618029954005748 -0.19864027841610291
leaf_weight=0.01124032808259301 0.0010804933642984951 0.0016138580225952825 0.0020077152777560059 0.0010274131029648359
leaf_count=64 88 365 21 21
internal_value=0 -0.0327688 0.0690624 -0.207724
internal_weight=0 0.00572948 0.00362157 0.00210791
internal_count=559 495 386 109
is_linear=0
shrinkage=0.243386


Tree=528
num_leaves=6
num_cat=0
split_feature=14 9 8 10 6
split_gain=0.00410382 0.00209644 0.00150429 0.00129676 0.00123369
threshold=967450.00000000012 3.7797058823529412 12.700353825740825 873.50000000000011 186.27489590235263
decision_type=2 2 2 2 2
left_child=1 4 -3 -2 -1
right_child=3 2 -4 -5 -6
leaf_value=-0.013122487086850243 -0.20726893555312567 0.13202041543872808 -0.21643132762075803 0.018835501646721483 0.19259896551392242
leaf_weight=0.0020154469211032819 0.0034431345335668153 0.0013194306134979563 0.0016537620098238115 0.0026659916110766124 0.012056153858926333
leaf_count=284 51 30 57 73 64
internal_value=0 0.123898 -0.0617969 -0.108598 0.163134
internal_weight=0 0.0170448 0.00297319 0.00610913 0.0140716
internal_count=559 435 87 124 348
is_linear=0
shrinkage=0.243386


Tree=529
num_leaves=3
num_cat=0
split_feature=5 6
split_gain=0.00111115 0.00100352
threshold=4.6834482758620704 125.90799695447799
decision_type=2 2
left_child=1 -1
right_child=-2 -3
leaf_value=0.16599139843388572 -0.13027192207276009 -0.050171111148704539
leaf_weight=0.0058530018601459233 0.0012340247360268508 0.0016255163714550824
leaf_count=45 170 344
internal_value=0 0.119007
internal_weight=0 0.00747852
internal_count=559 389
is_linear=0
shrinkage=0.243386


Tree=530
num_leaves=6
num_cat=0
split_feature=6 6 6 12 9
split_gain=0.0461618 0.0441353 0.0408424 0.0714724 0.00162708
threshold=149.40031561097331 140.46021334470845 157.0792745258066 10.825440036253946 3.0086974789915968
decision_type=2 2 2 2 2
left_child=1 4 -2 -4 -1
right_child=2 -3 3 -5 -6
leaf_value=0.21915113021388685 -0.087525244848839528 0.015554388064233612 0.020966922944382186 -0.13533911010318236 0.16254509681748502
leaf_weight=0.067622095576325925 0.41329170728931774 0.25215933557410608 1.2458597906080511 0.20128996698708546 0.054180457862514686
leaf_count=11 50 21 187 197 93
internal_value=0 0.0736664 -0.0200458 -0.000774321 0.193972
internal_weight=0 0.373962 1.86044 1.44715 0.121803
internal_count=559 125 434 384 104
is_linear=0
shrinkage=0.243386


Tree=531
num_leaves=7
num_cat=0
split_feature=6 9 11 14 11 12
split_gain=0.0682964 0.0834378 0.129246 0.113631 0.0598336 0.019694
threshold=181.92952511009045 3.1913025210084043 44.704022988505756 917450.00000000012 45.560344827586214 10.801819808151874
decision_type=2 2 2 2 2 2
left_child=1 2 -1 -3 -2 -6
right_child=4 3 -4 -5 5 -7
leaf_value=-0.0017823298448038873 0.21878851277445349 0.13914599933726762 -0.1814453842529502 -0.021660683180886733 0.073819471226117414 -0.15976624413762955
leaf_weight=0.7176418896277299 0.1492976280133006 0.39446644640899708 0.35427790571392492 0.76534929355979342 0.045374058361630887 0.040435045789723567
leaf_count=72 56 83 94 161 8 85
internal_value=0 -0.0122106 -0.0611624 0.0330315 0.125704 -0.036251
internal_weight=0 2.23174 1.07192 1.15982 0.235107 0.0858091
internal_count=559 410 166 244 149 93
is_linear=0
shrinkage=0.243386


Tree=532
num_leaves=2
num_cat=0
split_feature=5
split_gain=0.000283946
threshold=5.0821839080459776
decision_type=2
left_child=-1
right_child=-2
leaf_value=0.10535985421220594 0.2163746577266156
leaf_weight=0.0019499774701276697 0.0045477519618088991
leaf_count=522 37
internal_value=0
internal_weight=0
internal_count=559
is_linear=0
shrinkage=0.243386


Tree=533
num_leaves=1
num_cat=0
split_feature=
split_gain=
threshold=
decision_type=
left_child=
right_child=
leaf_value=0
leaf_weight=
leaf_count=
internal_value=
internal_weight=
internal_count=
is_linear=0
shrinkage=1


Tree=534
num_leaves=7
num_cat=0
split_feature=9 13 7 5 5 14
split_gain=0.0652951 0.101526 0.160479 0.0955671 0.130977 0.10019
threshold=3.1913025210084043 2014.5000000000002 8.108908045977012 4.6188218390804607 4.7262931034482767 967450.00000000012
decision_type=2 2 2 2 2 2
left_child=1 -1 -3 5 -5 -2
right_child=3 2 -4 4 -6 -7
leaf_value=0.13996750183487322 -0.027218059886156731 0.094974086158940957 -0.065675817442478135 -0.21741757064076231 -0.016322254572347449 0.17751825136950211
leaf_weight=0.39167193522681065 0.55602512701904938 0.62952583481241198 0.88779718656223849 0.318093867022327 0.48345520928203489 0.18995861237949985
leaf_count=32 142 103 84 46 95 57
internal_value=0 0.0294936 0.000976611 -0.0377782 -0.0961267 0.0249164
internal_weight=0 1.90899 1.51732 1.54753 0.801549 0.745984
internal_count=559 219 187 340 141 199
is_linear=0
shrinkage=0.243386


Tree=535
num_leaves=6
num_cat=0
split_feature=5 6 11 11 12
split_gain=0.00667518 0.00299084 0.00304028 0.000749482 0.000678838
threshold=4.464425287356323 176.78721580027999 49.807471264367827 47.962643678160923 12.410366585951619
decision_type=2 2 2 2 2
left_child=1 3 -3 -1 -2
right_child=4 2 -4 -5 -6
leaf_value=0.10067443791365258 -0.21701729172892101 -0.10009536539654189 0.11000449308662433 0.18528512586400347 -0.0013815336474275043
leaf_weight=0.011369397681137303 0.0050076192968749175 0.0075702891795211827 0.0088490053875389663 0.013643665614551992 0.0010453231125913121
leaf_count=52 369 40 55 38 5
internal_value=0 0.0938459 0.0131357 0.146826 -0.179778
internal_weight=0 0.0414324 0.0164193 0.0250131 0.00605294
internal_count=559 185 95 90 374
is_linear=0
shrinkage=0.243386


Tree=536
num_leaves=3
num_cat=0
split_feature=5 9
split_gain=0.00262325 0.000372393
threshold=4.2692816091954038 3.1220588235294122
decision_type=2 2
left_child=1 -1
right_child=-2 -3
leaf_value=0.19011543969716369 -0.19299319820993807 0.077768882801543746
leaf_weight=0.0044827652601568957 0.0016534698312633822 0.0028645368317823383
leaf_count=32 453 74
internal_value=0 0.146314
internal_weight=0 0.0073473
internal_count=559 106
is_linear=0
shrinkage=0.243386


Tree=537
num_leaves=7
num_cat=0
split_feature=9 10 9 8 10 7
split_gain=0.0024695 0.00184168 0.00169213 0.00180878 0.0010656 0.000169377
threshold=3.5115966386554631 728.50000000000011 3.804411764705883 9.8328682479569469 926.50000000000011 9.0258620689655196
decision_type=2 2 2 2 2 2
left_child=1 -1 5 -4 -3 -2
right_child=2 4 3 -5 -6 -7
leaf_value=0.21609997432450812 0.13391141770021359 -0.20540601760898805 0.16329912729005419 -0.21423856288196264 0.02540030580574577 0.21100718169751528
leaf_weight=0.0010338636265643233 0.0030895048335144726 0.0040008268968615424 0.0013786858024020798 0.0016530214913719199 0.001683530031404451 0.0037212690067462972
leaf_count=6 100 240 49 68 92 4
internal_value=0 -0.0827025 0.108705 -0.0425512 -0.137048 0.176035
internal_weight=0 0.00671822 0.00984248 0.00303171 0.00568436 0.00681077
internal_count=559 338 221 117 332 104
is_linear=0
shrinkage=0.243386


Tree=538
num_leaves=5
num_cat=0
split_feature=5 8 6 5
split_gain=0.00368406 0.00142795 0.00178888 4.74081e-05
threshold=4.7696264367816097 11.13449302134647 114.66692025882982 4.4766379310344844
decision_type=2 2 2 2
left_child=1 3 -3 -1
right_child=-2 2 -4 -5
leaf_value=0.17748985558075239 -0.21636257987132157 0.21644862752210395 -0.21636637507620785 0.215070571396764
leaf_weight=0.0031413535869204146 0.0018446128623577094 0.0010547558485995987 0.0012199455914075896 0.0054179608728155415
leaf_count=97 106 2 335 19
internal_value=0 0.155727 -0.0156745 0.201278
internal_weight=0 0.010834 0.0022747 0.00855931
internal_count=559 453 337 116
is_linear=0
shrinkage=0.243386


Tree=539
num_leaves=7
num_cat=0
split_feature=12 12 4 9 6 7
split_gain=0.0557059 0.0434108 0.210976 0.0833406 0.0184045 0.0355846
threshold=11.346319704188124 10.434205750222777 0.16500000000000004 3.0928571428571439 158.99224028420457 8.1037356321839109
decision_type=2 2 2 2 2 2
left_child=1 3 -3 -1 -2 -6
right_child=4 2 -4 -5 5 -7
leaf_value=-0.12260217780494979 0.19631265396780262 -0.19819207527154478 0.12063690803306394 0.033847424161410719 0.16631179576688909 -0.21746496851732613
leaf_weight=0.24310301355080799 0.10225174763854739 0.31824362556628227 0.20034035851756471 1.1841863290032959 0.039821763158965684 0.022341252020111058
leaf_count=77 24 117 28 159 114 40
internal_value=0 -0.0147123 -0.0750215 0.00720015 0.132821 0.0283833
internal_weight=0 1.94587 0.518584 1.42729 0.164415 0.062163
internal_count=559 381 145 236 178 154
is_linear=0
shrinkage=0.243386


Tree=540
num_leaves=6
num_cat=0
split_feature=6 8 7 8 8
split_gain=0.0596261 0.0798448 0.159161 0.061071 0.100467
threshold=175.55639645324339 17.611536358665941 8.1571839080459778 17.770882882882887 16.822953388170784
decision_type=2 2 2 2 2
left_child=3 2 -2 4 -1
right_child=1 -3 -4 -5 -6
leaf_value=-0.0615700176935986 0.083055392503406045 0.17613618975601192 -0.19533904438865118 -0.1119501021630761 0.094722045208040201
leaf_weight=0.60046199569037806 0.44439765008088006 0.22599286496733839 0.16749907479618198 0.38612283266297698 0.40998857251727827
leaf_count=233 154 36 22 56 58
internal_value=0 0.0525082 0.0068484 -0.0296168 0.00184522
internal_weight=0 0.83789 0.611897 1.39657 1.01045
internal_count=559 212 176 347 291
is_linear=0
shrinkage=0.243386


Tree=541
num_leaves=2
num_cat=0
split_feature=8
split_gain=0.000618877
threshold=7.9625440170088373
decision_type=2
left_child=-1
right_child=-2
leaf_value=0.20615263621383503 -0.021414454652266494
leaf_weight=0.0020243598551963338 0.0010885771092506609
leaf_count=72 487
internal_value=0
internal_weight=0
internal_count=559
is_linear=0
shrinkage=0.243386


Tree=542
num_leaves=1
num_cat=0
split_feature=
split_gain=
threshold=
decision_type=
left_child=
right_child=
leaf_value=0
leaf_weight=
leaf_count=
internal_value=
internal_weight=
internal_count=
is_linear=0
shrinkage=1


Tree=543
num_leaves=6
num_cat=0
split_feature=10 8 12 9 6
split_gain=0.0433923 0.136916 0.0732683 0.0943647 0.0685812
threshold=950.50000000000011 16.842747445825474 9.2098472519112615 2.869117647058824 169.98638599548772
decision_type=2 2 2 2 2
left_child=2 4 -1 -4 -2
right_child=1 -3 3 -5 -6
leaf_value=0.12499395315076686 0.048267376421969523 0.15491279366192617 0.072584086098965661 -0.051876049611863796 -0.20705318354256139
leaf_weight=0.20104047010205839 0.12303488886686942 0.35031589754885317 0.44596189474896197 1.8910525979697546 0.12628580765840125
leaf_count=21 48 40 75 334 41
internal_value=0 0.0567996 -0.0159972 -0.0281259 -0.0810575
internal_weight=0 0.599637 2.53805 2.33701 0.249321
internal_count=559 129 430 409 89
is_linear=0
shrinkage=0.243386


Tree=544
num_leaves=6
num_cat=0
split_feature=8 5 7 10 11
split_gain=0.00562092 0.00618041 0.00117092 0.00058556 2.48078e-12
threshold=11.773793520634497 4.464425287356323 8.0870689655172434 915.50000000000011 50.853448275862071
decision_type=2 2 2 2 2
left_child=4 2 -2 -3 -1
right_child=1 3 -4 -5 -6
leaf_value=-0.21635603158052011 0.15482444417654001 -0.014473775198745443 0.066011273703464421 -0.21694625414221405 -0.21636771831454346
leaf_weight=0.0018308138593517839 0.016925662146604736 0.001063629106970442 0.018302126544073261 0.0041374738848275194 0.0026095819802165465
leaf_count=141 34 193 56 121 14
internal_value=0 0.0721179 0.108683 -0.17554 -0.216363
internal_weight=0 0.0404289 0.0352278 0.0052011 0.0044404
internal_count=559 404 90 314 155
is_linear=0
shrinkage=0.243386


Tree=545
num_leaves=5
num_cat=0
split_feature=8 7 6 6
split_gain=0.00237521 0.00189114 0.000273357 2.25762e-12
threshold=8.129310344827589 9.168103448275863 184.2610000648028 186.27489590235263
decision_type=2 2 2 2
left_child=2 3 -1 -2
right_child=1 -3 -4 -5
leaf_value=0.17427925707537265 -0.21635140553173082 0.16026731006505707 0.079670332037415442 -0.21636537619398913
leaf_weight=0.003747181952228118 0.0014115781404755168 0.0011090697294093843 0.0034977154844000324 0.0013315028818512431
leaf_count=47 392 5 34 81
internal_value=0 -0.107924 0.128604 -0.216358
internal_weight=0 0.00385215 0.0072449 0.00274308
internal_count=559 478 81 473
is_linear=0
shrinkage=0.243386


Tree=546
num_leaves=4
num_cat=1
split_feature=8 8 2
split_gain=0.00194325 0.00250219 0.00332466
threshold=8.129310344827589 11.13449302134647 0
decision_type=2 2 1
left_child=-1 -2 -3
right_child=1 2 -4
leaf_value=-0.14560310938156534 0.19806154429681624 -0.21637515280969502 0.1361816448285951
leaf_weight=0.0015577420696972965 0.013491111510489873 0.0023613336843993915 0.0048159929865150266
leaf_count=81 70 393 15
internal_value=0 0.136294 0.0201908
internal_weight=0 0.0206684 0.00717733
internal_count=559 478 408
cat_boundaries=0 1
cat_threshold=2
is_linear=0
shrinkage=0.243386


Tree=547
num_leaves=3
num_cat=0
split_feature=6 7
split_gain=0.00240352 0.000472029
threshold=129.01488397888136 7.9022988505747138
decision_type=2 2
left_child=1 -1
right_child=-2 -3
leaf_value=0.20565538470234423 -0.21635114047537835 0.075452360652445608
leaf_weight=0.0029756579785953363 0.001408834621167615 0.0037005130375469264
leaf_count=27 470 62
internal_value=0 0.133486
internal_weight=0 0.00667617
internal_count=559 89
is_linear=0
shrinkage=0.243386


Tree=548
num_leaves=7
num_cat=0
split_feature=8 10 10 8 5 15
split_gain=0.0442784 0.0542242 0.100488 0.0648578 0.0226837 0.0177261
threshold=14.097167584579074 883.50000000000011 852.50000000000011 16.742217130214922 4.7326436781609207 76.500000000000014
decision_type=2 2 2 2 2 2
left_child=4 2 -2 -3 5 -1
right_child=1 3 -4 -5 -6 -7
leaf_value=0.20732165638513342 -0.033564126678026544 0.00086923402903804647 0.13589134711403314 -0.12836153262833727 0.20554915030182497 -0.082637863789347885
leaf_weight=0.018281844029199856 0.53278593956844111 0.56662560960990049 0.33932184919871133 0.3872878237950772 0.088121054919213293 0.03941478637500595
leaf_count=19 113 98 62 100 40 127
internal_value=0 -0.011496 0.032368 -0.0515983 0.127874 0.00923916
internal_weight=0 1.82602 0.872108 0.953913 0.145818 0.0576966
internal_count=559 373 175 198 186 146
is_linear=0
shrinkage=0.243386


Tree=549
num_leaves=8
num_cat=0
split_feature=6 11 14 10 5 5 12
split_gain=0.0458776 0.068936 0.0798071 0.048714 0.164286 0.0622026 0.0413242
threshold=175.55639645324339 45.364942528735639 917450.00000000012 920.50000000000011 4.6919827586206901 4.6288505747126445 10.33893225602562
decision_type=2 2 2 2 2 2 2
left_child=3 2 -2 4 -1 -5 -3
right_child=1 6 -4 5 -6 -7 -8
leaf_value=-0.075119162884134061 0.0039262297176026481 0.10823216573398378 0.19155082718179917 0.033917812091607241 0.13876316210961478 -0.16569579339357321 -0.14509099020147148
leaf_weight=0.57069394191942635 0.27974432690825768 0.052491444803308696 0.25828306610128493 0.14146894514697417 0.33916698780158971 0.26701035260060957 0.13957630650483832
leaf_count=149 32 8 54 59 62 58 137
internal_value=0 0.0493123 0.0939965 -0.0267384 0.00460931 -0.0965635 -0.0758587
internal_weight=0 0.730095 0.538027 1.31834 0.909861 0.408479 0.192068
internal_count=559 231 86 328 211 117 145
is_linear=0
shrinkage=0.243386


Tree=550
num_leaves=3
num_cat=0
split_feature=11 8
split_gain=0.000489264 1.00957e-05
threshold=44.594827586206904 7.5948275862068977
decision_type=2 2
left_child=1 -1
right_child=-2 -3
leaf_value=0.21644336039805204 0.015922510209392431 0.18598075955831064
leaf_weight=0.0013642707785948005 0.0012366604928747901 0.001221436082022187
leaf_count=12 379 168
internal_value=0 0.202053
internal_weight=0 0.00258571
internal_count=559 180
is_linear=0
shrinkage=0.243386


Tree=551
num_leaves=1
num_cat=0
split_feature=
split_gain=
threshold=
decision_type=
left_child=
right_child=
leaf_value=0
leaf_weight=
leaf_count=
internal_value=
internal_weight=
internal_count=
is_linear=0
shrinkage=1


Tree=552
num_leaves=7
num_cat=0
split_feature=9 6 9 10 11 6
split_gain=0.0387033 0.0508673 0.0536916 0.052014 0.0459463 0.0656943
threshold=3.5652100840336138 173.93716164716167 2.8623109243697482 920.50000000000011 44.410919540229891 176.78721580027999
decision_type=2 2 2 2 2 2
left_child=1 3 -3 -1 -2 -6
right_child=4 2 -4 -5 5 -7
leaf_value=0.0069805971359290361 0.044736320419977334 0.072096868603822639 -0.086972783767276421 0.10075126858359786 -0.22071377384119534 0.051155816960931348
leaf_weight=1.4091518782680026 0.12652494664917902 0.16702247524648317 0.50800986178599317 0.46638600662490048 0.16866540339825287 0.076543257788952657
leaf_count=148 49 35 116 64 77 70
internal_value=0 0.00967802 -0.0476144 0.0302984 -0.0743836 -0.135848
internal_weight=0 2.55057 0.675032 1.87554 0.371734 0.245209
internal_count=559 363 151 212 196 147
is_linear=0
shrinkage=0.243386


Tree=553
num_leaves=5
num_cat=0
split_feature=12 7 8 11
split_gain=0.00566668 0.0027534 0.000598018 3.24886e-09
threshold=11.893211805432289 8.0928160919540257 14.450416064919883 46.623563218390807
decision_type=2 2 2 2
left_child=3 2 -2 -1
right_child=1 -3 -4 -5
leaf_value=-0.21637175905500569 0.10326232788321414 0.03090456654861462 0.216684371540874 -0.21681334942823913
leaf_weight=0.0016595146337483593 0.0041780626073321123 0.019573416497510321 0.0080770495605975157 0.0024350681342184544
leaf_count=397 108 38 15 1
internal_value=0 0.0875477 0.178016 -0.216634
internal_weight=0 0.0318285 0.0122551 0.00409458
internal_count=559 161 123 398
is_linear=0
shrinkage=0.243386


Tree=554
num_leaves=4
num_cat=0
split_feature=6 7 5
split_gain=0.000832864 0.000636221 0.00022419
threshold=177.92169059568138 7.948563218390805 4.0816379310344839
decision_type=2 2 2
left_child=-1 -2 -3
right_child=1 2 -4
leaf_value=-0.074635001500684375 -0.0063291294106935193 0.095431472696406908 0.19242209705641905
leaf_weight=0.0012777635313458652 0.0015364611808537099 0.0019331395602506518 0.0052338574019596962
leaf_count=357 40 25 137
internal_value=0 0.135793 0.166261
internal_weight=0 0.00870346 0.007167
internal_count=559 202 162
is_linear=0
shrinkage=0.243386


Tree=555
num_leaves=6
num_cat=1
split_feature=8 7 8 2 11
split_gain=0.00188439 0.00134166 0.000903987 0.00236302 1.29668e-11
threshold=8.8703242309481123 7.9347701149425296 11.13449302134647 0 50.350574712643684
decision_type=2 2 2 1 2
left_child=1 -1 -2 -4 -3
right_child=2 4 3 -5 -6
leaf_value=0.086068550137192099 0.19032423139105833 -0.21639047477105325 -0.21636995861263758 0.13169363341144483 -0.21635387660693653
leaf_weight=0.0013978825206459331 0.0040445769636221485 0.0011136037118706435 0.0015592579806846798 0.0044612738562577201 0.0011823049364210192
leaf_count=16 56 77 376 16 18
internal_value=0 -0.101916 0.101333 0.0415486 -0.216372
internal_weight=0 0.00369379 0.0100651 0.00602053 0.00229591
internal_count=559 111 448 392 95
cat_boundaries=0 1
cat_threshold=2
is_linear=0
shrinkage=0.243386


Tree=556
num_leaves=3
num_cat=0
split_feature=8 12
split_gain=0.000858715 0.000800878
threshold=11.13449302134647 11.650977701734371
decision_type=2 2
left_child=1 -1
right_child=-2 -3
leaf_value=0.20997364101261529 -0.049991386766454683 -0.019224419980188073
leaf_weight=0.0033543782666036748 0.0018022444335715759 0.0012358174331831007
leaf_count=57 392 110
internal_value=0 0.148267
internal_weight=0 0.0045902
internal_count=559 167
is_linear=0
shrinkage=0.243386


Tree=557
num_leaves=7
num_cat=0
split_feature=12 11 10 11 6 9
split_gain=0.0312122 0.0395916 0.0822105 0.0582776 0.0286724 0.0283398
threshold=11.286645945092504 44.554597701149426 926.50000000000011 44.887931034482769 158.99224028420457 4.0926470588235295
decision_type=2 2 2 2 2 2
left_child=1 2 -1 -3 -2 -6
right_child=4 3 -4 -5 5 -7
leaf_value=0.078075616572829368 0.19712991458974619 -0.11779747304383559 -0.10412319116096197 0.0056192278953544131 -0.21738285768299118 0.12661153012495638
leaf_weight=0.56360640770873238 0.085514239042368101 0.37875789108034041 0.19831844996204495 0.56433719493001888 0.025376801449013442 0.032173164041836344
leaf_count=108 24 65 56 130 147 29
internal_value=0 -0.0106106 0.0306518 -0.0439463 0.107745 -0.0250737
internal_weight=0 1.70502 0.761925 0.943095 0.143064 0.05755
internal_count=559 359 164 195 200 176
is_linear=0
shrinkage=0.243386


Tree=558
num_leaves=8
num_cat=0
split_feature=5 6 9 9 8 11 8
split_gain=0.0378129 0.0581763 0.0467121 0.0592351 0.048887 0.0423653 0.00308918
threshold=4.544712643678162 177.01708605062635 3.4420168067226897 3.6536134453781512 17.115045362903228 45.652298850574716 15.640653153153155
decision_type=2 2 2 2 2 2 2
left_child=1 6 4 -4 -2 -3 -1
right_child=2 5 3 -5 -6 -7 -8
leaf_value=-0.13650168730221218 0.027441065960637331 0.21931411684125754 0.198959465158011 0.020535125725738818 -0.07518715232835943 -0.12443541013696392 -0.21913633952416081
leaf_weight=0.037231166638084123 0.6538360968508401 0.046226433754782192 0.15395715059538861 0.38798565175109445 0.47446937084441743 0.039289024938182315 0.095635044513288747
leaf_count=68 105 11 49 85 65 105 71
internal_value=0 -0.0952006 0.0124931 0.0712226 -0.0157156 0.0613826 -0.195981
internal_weight=0 0.218382 1.67025 0.541943 1.12831 0.0855155 0.132866
internal_count=559 255 304 134 170 116 139
is_linear=0
shrinkage=0.243386


Tree=559
num_leaves=3
num_cat=0
split_feature=11 8
split_gain=0.000767273 4.35426e-06
threshold=44.37068965517242 8.0977011494252888
decision_type=2 2
left_child=1 -1
right_child=-2 -3
leaf_value=0.21643450889460189 -0.032341343430201244 0.19749247031934447
leaf_weight=0.0016288797924062237 0.0010767426850311693 0.0012867533424745226
leaf_count=15 416 128
internal_value=0 0.208075
internal_weight=0 0.00291563
internal_count=559 143
is_linear=0
shrinkage=0.243386


Tree=560
num_leaves=2
num_cat=0
split_feature=5
split_gain=0.000236279
threshold=4.1848563218390824
decision_type=2
left_child=-1
right_child=-2
leaf_value=0.19933093934072946 0.040976977774306943
leaf_weight=0.0011938074130650733 0.0010482721905236136
leaf_count=88 471
internal_value=0
internal_weight=0
internal_count=559
is_linear=0
shrinkage=0.243386


Tree=561
num_leaves=8
num_cat=0
split_feature=5 8 12 11 7 8 5
split_gain=0.0399478 0.0571723 0.0608509 0.0507388 0.0374557 0.0424 0.030623
threshold=4.5675000000000008 15.03835978835979 10.084214527197902 44.002873563218394 8.1048850574712663 16.779894568263718 4.4835344827586203
decision_type=2 2 2 2 2 2 2
left_child=4 2 -2 -3 6 -6 -1
right_child=1 3 -4 -5 5 -7 -8
leaf_value=-0.093026768633534776 0.18549522724280754 -0.10852389239701216 -0.034510865910782368 -0.011351378343552624 0.023409553071395375 0.1947689588634384 0.057542220851438779
leaf_weight=0.14229601532705771 0.15637143447849722 0.41781550143997481 0.14218743659931199 1.336478677922855 0.17536526329393176 0.16697789639147231 0.18280949681249581
leaf_count=146 30 48 55 155 58 27 40
internal_value=0 -0.0177386 0.0807182 -0.0344947 0.0508043 0.10699 -0.00836059
internal_weight=0 2.05285 0.298559 1.75429 0.667449 0.342343 0.325106
internal_count=559 288 85 203 271 85 186
is_linear=0
shrinkage=0.243386


Tree=562
num_leaves=5
num_cat=0
split_feature=12 10 8 11
split_gain=0.00501507 0.00295097 0.00151951 2.27222e-09
threshold=11.893211805432289 958.50000000000011 15.640653153153155 46.623563218390807
decision_type=2 2 2 2
left_child=3 2 -2 -1
right_child=1 -3 -4 -5
leaf_value=-0.21636180182931422 0.06624429951273092 -0.033761857717967268 0.19578990912499386 -0.21675614294308418
leaf_weight=0.0014533833837610663 0.010029063239403058 0.0085065490095348473 0.011529409227250653 0.0021400884854063662
leaf_count=405 97 30 25 2
internal_value=0 0.0876272 0.135525 -0.216597
internal_weight=0 0.030065 0.0215585 0.00359347
internal_count=559 152 122 407
is_linear=0
shrinkage=0.243386


Tree=563
num_leaves=4
num_cat=0
split_feature=8 12 5
split_gain=0.002491 0.00122798 0.000495567
threshold=8.4511494252873582 14.932621559960674 4.3368678160919547
decision_type=2 2 2
left_child=2 -2 -1
right_child=1 -3 -4
leaf_value=0.090618447967463794 -0.21635543343680988 0.11081285795417138 0.2050065243576574
leaf_weight=0.0043785096797819278 0.0020103565659793663 0.0010266195653425569 0.0046011271058503667
leaf_count=49 446 27 37
internal_value=0 -0.105759 0.14923
internal_weight=0 0.00303698 0.00897964
internal_count=559 473 86
is_linear=0
shrinkage=0.243386


Tree=564
num_leaves=6
num_cat=0
split_feature=5 10 6 14 5
split_gain=0.00386289 0.00105682 0.000234532 0.000231266 4.32866e-07
threshold=4.3021839080459783 926.50000000000011 189.99884232528797 1276500.0000000002 4.3497126436781626
decision_type=2 2 2 2 2
left_child=1 2 -1 4 -2
right_child=3 -3 -4 -5 -6
leaf_value=0.10323631124201565 -0.21636940462469248 0.19630395971222678 0.010363549764802138 -0.074915407056875771 -0.20971680017357916
leaf_weight=0.0030137356100810031 0.0013691540116174119 0.0058540389062873288 0.0034598366866218644 0.0010186198791173467 0.0010044023204392044
leaf_count=51 14 37 32 60 365
internal_value=0 0.121366 0.0535999 -0.171923 -0.213554
internal_weight=0 0.0123276 0.00647357 0.00339218 0.00237356
internal_count=559 120 83 439 379
is_linear=0
shrinkage=0.243386


Tree=565
num_leaves=4
num_cat=0
split_feature=9 8 5
split_gain=0.00144578 0.000643894 0.000198241
threshold=3.1220588235294122 11.13449302134647 4.5675000000000008
decision_type=2 2 2
left_child=-1 2 -2
right_child=1 -3 -4
leaf_value=-0.17266248634878864 0.10773916595132976 -0.0048769373398081378 0.20715852044321284
leaf_weight=0.0010295538188962866 0.0017499344972968234 0.0014991316951562389 0.0037002761084261593
leaf_count=177 88 255 39
internal_value=0 0.136383 0.175237
internal_weight=0 0.00694934 0.00545021
internal_count=559 382 127
is_linear=0
shrinkage=0.243386


Tree=566
num_leaves=6
num_cat=0
split_feature=6 12 12 9 5
split_gain=0.0319883 0.0371615 0.068658 0.0562691 0.0107661
threshold=148.55931141344362 10.051485267671277 10.298337746940438 3.5724789915966393 4.5414080459770121
decision_type=2 2 2 2 2
left_child=4 3 -3 -2 -1
right_child=1 2 -4 -5 -6
leaf_value=0.017150820489034508 -0.14650658631150257 0.078673021439465807 -0.050611221294211362 0.027035986125625636 0.11221620704818971
leaf_weight=0.12211450152852887 0.2652060897218006 0.45887283508068322 0.51801706364475997 0.18993991209447358 0.16717415926251533
leaf_count=44 81 48 293 18 75
internal_value=0 -0.0166447 0.0101172 -0.0740844 0.0720872
internal_weight=0 1.43204 0.97689 0.455146 0.289289
internal_count=559 440 341 99 119
is_linear=0
shrinkage=0.243386


Tree=567
num_leaves=6
num_cat=0
split_feature=6 9 7 7 11
split_gain=0.0406006 0.0513706 0.0871594 0.0815046 0.0509164
threshold=181.92952511009045 3.0362184873949585 8.0864942528735657 8.1227011494252892 45.652298850574716
decision_type=2 2 2 2 2
left_child=1 3 -3 -1 -2
right_child=4 2 -4 -5 -6
leaf_value=-0.19004846349577928 0.2178556674417847 0.10206591139400326 -0.03332192853933047 0.039800793345772828 -0.082714831624266114
leaf_weight=0.2105224508526965 0.10308595951346444 0.42675272675746467 0.82854592887879086 0.161489978447662 0.049376381661357271
leaf_count=67 63 154 153 43 79
internal_value=0 -0.0108362 0.0127047 -0.0902713 0.120513
internal_weight=0 1.62731 1.2553 0.372012 0.152462
internal_count=559 417 307 110 142
is_linear=0
shrinkage=0.243386


Tree=568
num_leaves=2
num_cat=0
split_feature=6
split_gain=0.00070369
threshold=118.97188826710507
decision_type=2
left_child=-1
right_child=-2
leaf_value=0.20182777783061059 -0.010087699217829824
leaf_weight=0.0034225079361966948 0.0012736312693010753
leaf_count=67 492
internal_value=0
internal_weight=0
internal_count=559
is_linear=0
shrinkage=0.243386


Tree=569
num_leaves=2
num_cat=0
split_feature=6
split_gain=0.000348047
threshold=190.76095885904087
decision_type=2
left_child=-1
right_child=-2
leaf_value=0.024519397361819833 0.20737368301827483
leaf_weight=0.0010150356328958443 0.0015709643130747963
leaf_count=472 87
internal_value=0
internal_weight=0
internal_count=559
is_linear=0
shrinkage=0.243386


Tree=570
num_leaves=6
num_cat=0
split_feature=9 14 10 9 10
split_gain=0.0387517 0.0928192 0.043886 0.0429394 5.31046e-06
threshold=3.659411764705883 1478950.0000000002 950.50000000000011 3.0928571428571439 1010.5000000000001
decision_type=2 2 2 2 2
left_child=2 4 3 -1 -2
right_child=1 -3 -4 -5 -6
leaf_value=0.031168503844029444 -0.21766841528584283 0.15765351719322224 0.083200612825500619 -0.040687345223597515 -0.22096169743637467
leaf_weight=0.91207645806213911 0.089273272107824098 0.054932806354827335 0.37450080836636335 1.0712236012143721 0.042962939801682865
leaf_count=149 125 19 67 188 11
internal_value=0 -0.10827 0.00678663 -0.00764241 -0.218738
internal_weight=0 0.187169 2.3578 1.9833 0.132236
internal_count=559 155 404 337 136
is_linear=0
shrinkage=0.243386


Tree=571
num_leaves=5
num_cat=0
split_feature=11 6 11 10
split_gain=0.00410802 0.00249467 0.00179518 7.33602e-10
threshold=46.39942528735633 177.01708605062635 49.646551724137943 998.50000000000011
decision_type=2 2 2 2
left_child=3 -2 -3 -1
right_child=1 2 -4 -5
leaf_value=-0.21637491014877491 0.13964290600718177 -0.10961572830191395 0.086216724157174268 -0.21661590082890991
leaf_weight=0.0015836679640302441 0.017629967594643858 0.0053231872078384201 0.0057877065459523425 0.0014184522927090486
leaf_count=395 44 32 56 32
internal_value=0 0.0827182 -0.00760586 -0.216489
internal_weight=0 0.0287409 0.0111109 0.00300212
internal_count=559 132 88 427
is_linear=0
shrinkage=0.243386


Tree=572
num_leaves=3
num_cat=0
split_feature=4 8
split_gain=0.00340995 0.000694206
threshold=1.0000000180025095e-35 8.4511494252873582
decision_type=2 2
left_child=-1 -2
right_child=1 -3
leaf_value=-0.21635264988657377 0.18071373937060128 -0.0028769760568881386
leaf_weight=0.0017994922677957445 0.00749349484881634 0.0014573230300487447
leaf_count=25 75 459
internal_value=0 0.150823
internal_weight=0 0.00895082
internal_count=559 534
is_linear=0
shrinkage=0.243386


Tree=573
num_leaves=6
num_cat=0
split_feature=13 8 10 7 9
split_gain=0.00239569 0.000584659 0.000618724 0.000440128 1.76808e-12
threshold=2018.5000000000002 9.192421460628319 883.50000000000011 7.932471264367817 3.4420168067226897
decision_type=2 2 2 2 2
left_child=3 -2 -3 -1 -5
right_child=1 2 -4 4 -6
leaf_value=-0.027188403529309044 -0.036384054516836059 0.18627086304979415 0.025464006415514211 -0.21636698040618263 -0.21635375927530101
leaf_weight=0.0010444747452993397 0.0018059513220378548 0.0035390533367715693 0.0023641911887553324 0.0011195808413503316 0.0012890467691003826
leaf_count=19 79 134 165 88 74
internal_value=0 0.084797 0.121869 -0.15914 -0.21636
internal_weight=0 0.0077092 0.00590324 0.0034531 0.00240863
internal_count=559 378 299 181 162
is_linear=0
shrinkage=0.243386


Tree=574
num_leaves=4
num_cat=0
split_feature=7 5 11
split_gain=0.0022769 0.00187991 1.61936e-05
threshold=7.8956896551724149 4.4156034482758626 45.135057471264368
decision_type=2 2 2
left_child=-1 -2 -3
right_child=1 2 -4
leaf_value=0.18988337025641971 0.19529326500748365 -0.21636218972953622 -0.17430149083335017
leaf_weight=0.005592049428514656 0.0010879686110669834 0.0011503744083286582 0.001025676340749293
leaf_count=49 122 271 117
internal_value=0 -0.0659314 -0.196537
internal_weight=0 0.00326402 0.00217605
internal_count=559 510 388
is_linear=0
shrinkage=0.243386


Tree=575
num_leaves=7
num_cat=0
split_feature=6 5 9 11 6 8
split_gain=0.0268341 0.0289783 0.0527672 0.0336248 0.0272259 0.00473114
threshold=148.55931141344362 4.5744252873563225 3.4202941176470589 43.962643678160923 140.46021334470845 14.654836632866571
decision_type=2 2 2 2 2 2
left_child=4 2 -2 -3 5 -1
right_child=1 3 -4 -5 -6 -7
leaf_value=0.099805934116690059 -0.21793942817963491 0.071924104190022264 -0.010864498070095624 -0.023698939950297444 0.015116059360874569 0.21841898929017375
leaf_weight=0.029877507620696409 0.1068375006143597 0.31455718874735772 0.22944736051845815 0.70842473763080438 0.18261654282105155 0.05977107986836927
leaf_count=86 117 42 89 176 17 32
internal_value=0 -0.0146709 -0.0766521 0.00570423 0.0690413 0.178888
internal_weight=0 1.35927 0.336285 1.02298 0.272265 0.0896486
internal_count=559 424 206 218 135 118
is_linear=0
shrinkage=0.243386


Tree=576
num_leaves=5
num_cat=0
split_feature=8 6 8 14
split_gain=0.0533507 0.0708406 0.0837133 0.0644928
threshold=19.160727013542417 171.76912829079157 17.312762498306466 868500.00000000012
decision_type=2 2 2 2
left_child=1 2 -1 -3
right_child=-2 3 -4 -5
leaf_value=-0.0046641697916101465 0.16027679895506441 0.1666652437938462 -0.18418308652171156 0.0031541595953204099
leaf_weight=0.42938268914405398 0.11855907169645252 0.17828403594369746 0.23981360274639485 0.71980416649448609
leaf_count=227 24 54 63 191
internal_value=0 -0.00905272 -0.0689967 0.0356136
internal_weight=0 1.56728 0.669196 0.898088
internal_count=559 535 290 245
is_linear=0
shrinkage=0.243386


Tree=577
num_leaves=3
num_cat=0
split_feature=6 8
split_gain=0.000369762 2.65977e-05
threshold=132.0553763396106 7.9281609195402307
decision_type=2 2
left_child=1 -1
right_child=-2 -3
leaf_value=0.21639233160755328 0.031328228486660122 0.17362305351796117
leaf_weight=0.0019119109285838931 0.0010335149691129541 0.0015675115839393072
leaf_count=21 469 69
internal_value=0 0.197124
internal_weight=0 0.00347942
internal_count=559 90
is_linear=0
shrinkage=0.243386


Tree=578
num_leaves=1
num_cat=0
split_feature=
split_gain=
threshold=
decision_type=
left_child=
right_child=
leaf_value=0
leaf_weight=
leaf_count=
internal_value=
internal_weight=
internal_count=
is_linear=0
shrinkage=1


Tree=579
num_leaves=5
num_cat=0
split_feature=12 5 5 11
split_gain=0.0403719 0.0491189 0.0799346 0.0661037
threshold=9.2098472519112615 4.6919827586206901 4.6499425287356333 44.49712643678162
decision_type=2 2 2 2
left_child=-1 2 -2 -3
right_child=1 3 -4 -5
leaf_value=0.11253735965046634 -0.011655627449974018 -0.17825773719832458 0.13762029062710077 -0.01754744343518971
leaf_weight=0.16728486966053413 1.2047691594315684 0.20868309155762932 0.25799886611332246 0.55435709252359255
leaf_count=25 341 53 44 96
internal_value=0 -0.0114401 0.0146732 -0.0614999
internal_weight=0 2.22581 1.46277 0.76304
internal_count=559 534 385 149
is_linear=0
shrinkage=0.243386


Tree=580
num_leaves=7
num_cat=0
split_feature=9 11 7 14 10 10
split_gain=0.00417236 0.00359523 0.00156119 6.18085e-05 2.61184e-05 8.81147e-10
threshold=2.8808823529411769 47.152298850574716 8.1290229885057474 738500.00000000012 883.50000000000011 990.50000000000011
decision_type=2 2 2 2 2 2
left_child=3 5 -3 -1 -5 -2
right_child=1 2 -4 4 -6 -7
leaf_value=0.21665312501893169 -0.21638157057159871 0.094915970400127184 -0.055749665845537137 0.19302532831359506 0.15052301054009398 -0.21660442346487058
leaf_weight=0.0037355961793988984 0.0017576462624038099 0.0096638016956445694 0.0070431397086353478 0.0016827371435758215 0.0017442480279123151 0.0026141567400662555
leaf_count=6 301 101 21 43 47 40
internal_value=0 -0.0200184 0.0313999 0.194998 0.171393 -0.216515
internal_weight=0 0.0210787 0.0167069 0.00716258 0.00342699 0.0043718
internal_count=559 463 122 96 90 341
is_linear=0
shrinkage=0.243386


Tree=581
num_leaves=4
num_cat=0
split_feature=9 14 9
split_gain=0.00233795 0.000308342 0.000427996
threshold=3.5014705882352941 868500.00000000012 2.8623109243697482
decision_type=2 2 2
left_child=1 -1 -3
right_child=-2 2 -4
leaf_value=0.21345814955323986 -0.21636489966646247 0.20551720079134297 0.050896089018849629
leaf_weight=0.0028157807079307595 0.0011991785548956108 0.0017283169253203834 0.0027442921644589696
leaf_count=65 222 72 200
internal_value=0 0.150366 0.110645
internal_weight=0 0.00728839 0.00447261
internal_count=559 337 272
is_linear=0
shrinkage=0.243386


Tree=582
num_leaves=7
num_cat=0
split_feature=9 8 7 8 5 9
split_gain=0.00305317 0.000869925 0.00122644 0.000504282 0.000770779 2.45083e-07
threshold=3.5115966386554631 8.3178962844159319 8.0456896551724153 9.9972272635612054 4.0770114942528748 3.6782773109243698
decision_type=2 2 2 2 2 2
left_child=1 -1 -3 5 -5 -2
right_child=3 2 -4 4 -6 -7
leaf_value=-0.21635911764412352 0.21242104736053147 0.15517303986413519 -0.16722654828047645 0.20744328475337104 -0.022586991398786279 0.2093392533625128
leaf_weight=0.0016348003642748113 0.0029795702760633674 0.0015195573127568807 0.0012942829330331446 0.0017574806574103263 0.0016951668285388743 0.0031390170142294033
leaf_count=51 16 52 237 9 130 64
internal_value=0 -0.0751574 0.00687881 0.168874 0.094504 0.21084
internal_weight=0 0.00444864 0.00281384 0.00957123 0.00345265 0.00611859
internal_count=559 340 289 219 139 80
is_linear=0
shrinkage=0.243386


Tree=583
num_leaves=3
num_cat=0
split_feature=11 8
split_gain=0.00156054 0.00078615
threshold=45.816091954022994 10.126619493721352
decision_type=2 2
left_child=1 -1
right_child=-2 -3
leaf_value=0.2052518581192283 -0.11569595458590902 -0.018954563271460154
leaf_weight=0.0036676807468996042 0.001811682402239348 0.0012394770513719788
leaf_count=55 171 333
internal_value=0 0.148621
internal_weight=0 0.00490716
internal_count=559 388
is_linear=0
shrinkage=0.243386


Tree=584
num_leaves=7
num_cat=0
split_feature=8 8 11 5 5 5
split_gain=0.0246001 0.0299137 0.0727685 0.0435414 0.0175496 0.0133267
threshold=14.097167584579074 15.779060066740826 44.267241379310356 4.5744252873563225 4.7326436781609207 4.5675000000000008
decision_type=2 2 2 2 2 2
left_child=4 2 -2 -3 5 -1
right_child=1 3 -4 -5 -6 -7
leaf_value=0.11675297553346323 0.057540851841363705 -0.068662978167608427 -0.14622098894055863 0.044143131852439232 0.18878102654382048 -0.15056749056790647
leaf_weight=0.023434874826211982 0.17431870736322697 0.28076495728470241 0.25672173054797298 0.72886660335632314 0.0659151643356779 0.020898636217058453
leaf_count=137 26 87 78 174 37 20
internal_value=0 -0.010142 -0.0638169 0.0127733 0.109144 -0.0092608
internal_weight=0 1.44067 0.43104 1.00963 0.110249 0.0443335
internal_count=559 365 104 261 194 157
is_linear=0
shrinkage=0.243386


Tree=585
num_leaves=6
num_cat=0
split_feature=9 6 10 4 5
split_gain=0.0315248 0.0710264 0.0406337 0.0484694 0.00193147
threshold=3.7478151260504204 165.00187963228265 983.50000000000011 0.10500000000000002 4.6342816091954031
decision_type=2 2 2 2 2
left_child=2 -2 3 -1 -3
right_child=1 4 -4 -5 -6
leaf_value=0.025044348894469291 -0.090416022796796239 0.16147572186600143 -0.1398550573229978 -0.10195997494021462 0.21771431017513676
leaf_weight=1.003545925325392 0.084990430506412307 0.071574120849231093 0.13155332019700861 0.21638039723729319 0.073143427323429933
leaf_count=317 50 57 37 71 27
internal_value=0 0.0861849 -0.0113412 0.00251738 0.1899
internal_weight=0 0.229708 1.35148 1.21993 0.144718
internal_count=559 134 425 388 84
is_linear=0
shrinkage=0.243386


Tree=586
num_leaves=2
num_cat=0
split_feature=5
split_gain=0.00061126
threshold=5.1855747126436791
decision_type=2
left_child=-1
right_child=-2
leaf_value=0.017778795320701896 0.21637766061264524
leaf_weight=0.0013518226156229926 0.0028609836887198981
leaf_count=529 30
internal_value=0
internal_weight=0
internal_count=559
is_linear=0
shrinkage=0.243386


Tree=587
num_leaves=1
num_cat=0
split_feature=
split_gain=
threshold=
decision_type=
left_child=
right_child=
leaf_value=0
leaf_weight=
leaf_count=
internal_value=
internal_weight=
internal_count=
is_linear=0
shrinkage=1


Tree=588
num_leaves=6
num_cat=0
split_feature=9 11 11 6 6
split_gain=0.0331362 0.0428033 0.031104 0.0292315 0.0953365
threshold=3.5652100840336138 44.410919540229891 45.652298850574716 148.55931141344362 161.04138948148065
decision_type=2 2 2 2 2
left_child=3 -2 -3 -1 -5
right_child=1 2 -4 4 -6
leaf_value=-0.074097332818064701 0.051979928322881008 -0.21957229277245452 0.0029118494143027477 0.13608782605563438 -0.0076845494003894323
leaf_weight=0.22148734989789098 0.092901821980253013 0.12286622520477838 0.05340082019998682 0.33744518035291537 1.4352945100956374
leaf_count=61 45 76 78 71 228
internal_value=0 -0.0817089 -0.15217 0.00926723 0.0196829
internal_weight=0 0.269169 0.176267 1.99423 1.77274
internal_count=559 199 154 360 299
is_linear=0
shrinkage=0.243386


Tree=589
num_leaves=5
num_cat=0
split_feature=12 5 8 11
split_gain=0.00318672 0.00240875 0.00232916 5.39955e-10
threshold=11.893211805432289 4.3963793103448277 14.883574879227053 46.623563218390807
decision_type=2 2 2 2
left_child=3 2 -2 -1
right_child=1 -3 -4 -5
leaf_value=-0.21635475271407328 0.041681287328583803 -0.055497603050139378 0.21653434886817713 -0.21658849013458184
leaf_weight=0.0010836699612727955 0.0095869418625529335 0.0058627691815463781 0.0085262557918213133 0.0012734158497612613
leaf_count=399 97 29 32 2
internal_value=0 0.0800991 0.123988 -0.216481
internal_weight=0 0.023976 0.0181132 0.00235709
internal_count=559 158 129 401
is_linear=0
shrinkage=0.243386


Tree=590
num_leaves=4
num_cat=0
split_feature=8 12 5
split_gain=0.00157394 0.000639246 0.000174589
threshold=8.3178962844159319 14.77977384138404 4.2048563218390811
decision_type=2 2 2
left_child=2 -2 -1
right_child=1 -3 -4
leaf_value=0.20994168243458144 -0.21635143060309112 0.057367316680332174 0.12829997311126567
leaf_weight=0.0029808288810500017 0.0010128868508892212 0.0010087905323137303 0.0032361215931224763
leaf_count=21 444 33 61
internal_value=0 -0.0797694 0.167445
internal_weight=0 0.00202168 0.00621695
internal_count=559 477 82
is_linear=0
shrinkage=0.243386


Tree=591
num_leaves=5
num_cat=0
split_feature=8 5 8 12
split_gain=0.0022094 0.00131531 0.00107462 8.23523e-05
threshold=8.3178962844159319 4.464425287356323 11.773793520634497 14.752846681636287
decision_type=2 2 2 2
left_child=3 2 -2 -1
right_child=1 -3 -4 -5
leaf_value=-0.21635268873135827 0.2065639805916604 -0.12904552177063655 0.035943593994228175 -0.11814712168538162
leaf_weight=0.0010169032087247393 0.0057269618500583874 0.0012034960928863922 0.0035372699154077591 0.0010064246733691995
leaf_count=66 50 335 92 16
internal_value=0 0.110322 0.141418 -0.167504
internal_weight=0 0.0104677 0.00926423 0.00202333
internal_count=559 477 142 82
is_linear=0
shrinkage=0.243386


Tree=592
num_leaves=3
num_cat=0
split_feature=7 5
split_gain=0.000566033 0.000562385
threshold=7.8847701149425298 4.4156034482758626
decision_type=2 2
left_child=-1 -2
right_child=1 -3
leaf_value=0.16989974516819642 0.10863073453940532 -0.11848400252199202
leaf_weight=0.0017226059081281164 0.0012349548273982158 0.001353926087227314
leaf_count=45 134 380
internal_value=0 -0.0101451
internal_weight=0 0.00258888
internal_count=559 514
is_linear=0
shrinkage=0.243386


Tree=593
num_leaves=7
num_cat=0
split_feature=6 12 7 10 9 7
split_gain=0.0337891 0.0257923 0.0753071 0.0395227 0.00863408 0.0158004
threshold=148.55931141344362 9.9723498182796693 8.1336206896551726 820.50000000000011 3.1086974789915973 8.0928160919540257
decision_type=2 2 2 2 2 2
left_child=4 2 -2 -3 -1 -6
right_child=1 3 -4 -5 5 -7
leaf_value=0.033238539956443512 -0.20086488903994093 0.10962384208055592 0.04340560822087642 -0.023034101848567981 0.030704613400754487 0.20571772946957767
leaf_weight=0.12260335173118608 0.15377914554662198 0.16114284846004256 0.14550043725262185 0.762746743614932 0.056998916299555447 0.065871631502886885
leaf_count=19 55 58 35 293 68 31
internal_value=0 -0.0200114 -0.0821082 0.000103813 0.078934 0.12453
internal_weight=0 1.22317 0.29928 0.92389 0.245474 0.122871
internal_count=559 441 90 351 118 99
is_linear=0
shrinkage=0.243386


Tree=594
num_leaves=6
num_cat=0
split_feature=12 14 9 14 7
split_gain=0.0298055 0.058226 0.0538589 0.0341998 0.00688832
threshold=11.157520198390307 1065000.0000000002 3.0362184873949585 917450.00000000012 8.0962643678160937
decision_type=2 2 2 2 2
left_child=1 2 -1 -2 -5
right_child=3 -3 -4 4 -6
leaf_value=-0.11153632841889177 0.051251897255655758 0.12607632590691367 0.018150044042962239 -0.077368285036545761 -0.21801109272220046
leaf_weight=0.24101496484035212 0.059115140625429885 0.22508026670647829 0.89090119456047656 0.028212060577168963 0.076742320006648601
leaf_count=74 59 74 209 91 52
internal_value=0 0.0130179 -0.00946362 -0.0968104 -0.180206
internal_weight=0 1.357 1.13192 0.16407 0.104954
internal_count=559 357 283 202 143
is_linear=0
shrinkage=0.243386


Tree=595
num_leaves=3
num_cat=0
split_feature=8 5
split_gain=0.000644532 1.31271e-05
threshold=8.129310344827589 5.1450000000000005
decision_type=2 2
left_child=1 -1
right_child=-2 -3
leaf_value=0.17992558495969294 -0.026273843497690904 0.21637802781791823
leaf_weight=0.0010549951308393979 0.00108618742224071 0.001314167579351988
leaf_count=56 473 30
internal_value=0 0.200146
internal_weight=0 0.00236916
internal_count=559 86
is_linear=0
shrinkage=0.243386


Tree=596
num_leaves=1
num_cat=0
split_feature=
split_gain=
threshold=
decision_type=
left_child=
right_child=
leaf_value=0
leaf_weight=
leaf_count=
internal_value=
internal_weight=
internal_count=
is_linear=0
shrinkage=1


Tree=597
num_leaves=8
num_cat=0
split_feature=9 7 8 8 11 7 9
split_gain=0.035061 0.0521375 0.0492985 0.0638627 0.0352748 0.0302346 0.0266973
threshold=3.3573529411764711 8.1048850574712663 15.03835978835979 15.939030866246268 44.410919540229891 8.115229885057472 3.5318907563025213
decision_type=2 2 2 2 2 2 2
left_child=2 4 5 -4 -2 -1 -3
right_child=1 6 3 -5 -6 -7 -8
leaf_value=0.031585667701361779 -0.0052683411814942044 0.11043655847220141 -0.099103860125295221 0.028590576262461739 -0.17816303752586451 0.21040959469859466 -0.043239800634663275
leaf_weight=0.10900493041346582 0.10552952116486866 0.12210907600093535 0.29844441652676312 1.0421261627616329 0.20705500720357886 0.11519467402376904 0.14828219904106432
leaf_count=84 50 25 37 134 132 19 78
internal_value=0 -0.052098 0.0178295 0.000162613 -0.119793 0.123466 0.0261607
internal_weight=0 0.582976 1.56477 1.34057 0.312585 0.2242 0.270391
internal_count=559 285 274 171 182 103 103
is_linear=0
shrinkage=0.243386


Tree=598
num_leaves=5
num_cat=0
split_feature=8 5 6 10
split_gain=0.00278821 0.00296896 0.000886216 0.000291652
threshold=11.773793520634497 4.464425287356323 176.0659839416933 939.50000000000011
decision_type=2 2 2 2
left_child=-1 2 -2 -3
right_child=1 3 -4 -5
leaf_value=-0.21635987118560085 0.16122278868780998 -0.055309347233456631 0.053961457085624089 -0.21668163353046288
leaf_weight=0.0021371161236267309 0.0097803167536678615 0.0010587393906859406 0.0085535126169258291 0.0017768635954372933
leaf_count=158 63 224 26 88
internal_value=0 0.0753349 0.111181 -0.156429
internal_weight=0 0.0211694 0.0183338 0.0028356
internal_count=559 401 89 312
is_linear=0
shrinkage=0.243386


Tree=599
num_leaves=4
num_cat=0
split_feature=4 8 6
split_gain=0.00198709 0.000475465 0.000155862
threshold=1.0000000180025095e-35 7.9281609195402307 189.80261493158307
decision_type=2 2 2
left_child=-1 -2 -3
right_child=1 2 -4
leaf_value=-0.21634643867885472 0.19835899728939993 0.0042334340648580012 0.12945366765261734
leaf_weight=0.0010291446526394799 0.0040690311391138323 0.0012921213431123599 0.0010817973423186966
leaf_count=30 51 412 66
internal_value=0 0.147858 0.0612964
internal_weight=0 0.00644295 0.00237392
internal_count=559 529 478
is_linear=0
shrinkage=0.243386


Tree=600
num_leaves=4
num_cat=1
split_feature=7 2 8
split_gain=0.00121151 0.00161882 0.000161921
threshold=7.932471264367817 0 9.4104183373429588
decision_type=2 1 2
left_child=-1 2 -2
right_child=1 -3 -4
leaf_value=0.18114471083364184 -0.21636025585565732 0.11597743232936622 -0.097905872486455409
leaf_weight=0.0026765963670868642 0.0011895608725247288 0.0026975044345185495 0.0016071141506859704
leaf_count=65 87 17 390
internal_value=0 -0.0185414 -0.14829
internal_weight=0 0.00549418 0.00279668
internal_count=559 494 477
cat_boundaries=0 1
cat_threshold=2
is_linear=0
shrinkage=0.243386


Tree=601
num_leaves=3
num_cat=0
split_feature=8 6
split_gain=0.000380836 0.000336195
threshold=11.13449302134647 125.90799695447799
decision_type=2 2
left_child=1 -1
right_child=-2 -3
leaf_value=0.20476027227577678 0.0071698377665158656 0.047180677599822238
leaf_weight=0.0027278892086464168 0.0013238033766589941 0.0011360085368019857
leaf_count=59 404 96
internal_value=0 0.158431
internal_weight=0 0.0038639
internal_count=559 155
is_linear=0
shrinkage=0.243386


Tree=602
num_leaves=5
num_cat=0
split_feature=10 10 10 7
split_gain=0.0247736 0.0597913 0.0520937 0.0306499
threshold=817.50000000000011 820.50000000000011 852.50000000000011 8.06350574712644
decision_type=2 2 2 2
left_child=3 -2 -3 -1
right_child=1 2 -4 -5
leaf_value=0.010292465717229913 0.21819395391901525 -0.13635355638916669 0.017642303992314697 -0.18941379021670887
leaf_weight=0.09490424837460576 0.077022511040240604 0.15104901241983626 0.93932541767307987 0.087491210461891455
leaf_count=34 9 74 390 52
internal_value=0 0.0109488 -0.00369066 -0.0855024
internal_weight=0 1.1674 1.09037 0.182395
internal_count=559 473 464 86
is_linear=0
shrinkage=0.243386


Tree=603
num_leaves=5
num_cat=0
split_feature=8 6 8 11
split_gain=0.0383115 0.0630484 0.0732315 0.00727686
threshold=19.358407079646017 181.92952511009045 17.770882882882887 45.560344827586214
decision_type=2 2 2 2
left_child=1 2 -1 -3
right_child=-2 3 -4 -5
leaf_value=0.0018375864749208101 0.14735104329963716 0.21792213398242263 -0.16298638163848581 0.079025256319858406
leaf_weight=1.039535461813393 0.10104057459911797 0.071014224538430315 0.18865810580297182 0.032600691771416113
leaf_count=346 21 50 50 92
internal_value=0 -0.00809922 -0.0234804 0.174221
internal_weight=0 1.33181 1.22819 0.103615
internal_count=559 538 396 142
is_linear=0
shrinkage=0.243386


Tree=604
num_leaves=2
num_cat=0
split_feature=8
split_gain=0.00118936
threshold=8.4783901401900224
decision_type=2
left_child=-1
right_child=-2
leaf_value=0.18318443170988588 -0.11552626061930252
leaf_weight=0.0019446429375031826 0.0013293478270017031
leaf_count=85 474
internal_value=0
internal_weight=0
internal_count=559
is_linear=0
shrinkage=0.243386


Tree=605
num_leaves=1
num_cat=0
split_feature=
split_gain=
threshold=
decision_type=
left_child=
right_child=
leaf_value=0
leaf_weight=
leaf_count=
internal_value=
internal_weight=
internal_count=
is_linear=0
shrinkage=1


Tree=606
num_leaves=8
num_cat=0
split_feature=5 10 8 8 11 9 10
split_gain=0.0281524 0.0320661 0.0482761 0.0297661 0.0294172 0.0274933 0.0125469
threshold=4.5675000000000008 939.50000000000011 16.421791089932686 15.536507936507936 44.887931034482769 3.2942016806722694 879.50000000000011
decision_type=2 2 2 2 2 2 2
left_child=3 2 -2 5 -3 -1 -5
right_child=1 4 -4 6 -6 -7 -8
leaf_value=0.034288741432179089 0.020883881347084049 0.13117553534007995 -0.075494958674155496 0.039172563523523184 -0.0224667945631007 -0.19153272900550947 0.13700207990234356
leaf_weight=0.096345236626103448 0.53506637575626437 0.14799263163113385 0.72502930522168185 0.14101573829555036 0.14728698345736824 0.047771914603378984 0.17284417876498992
leaf_count=73 109 46 101 38 36 98 58
internal_value=0 -0.0176535 -0.0345702 0.0510017 0.054538 -0.0405665 0.0930478
internal_weight=0 1.55538 1.2601 0.457977 0.29528 0.144117 0.31386
internal_count=559 292 210 267 82 171 96
is_linear=0
shrinkage=0.243386


Tree=607
num_leaves=4
num_cat=0
split_feature=12 7 9
split_gain=0.00276033 0.00133382 0.000361901
threshold=11.893211805432289 8.1169540229885069 3.4420168067226897
decision_type=2 2 2
left_child=-1 2 -2
right_child=1 -3 -4
leaf_value=-0.21648558127298825 0.099625971109572276 0.011752561806347065 0.1910488475103789
leaf_weight=0.0020224895923498373 0.0055883754282599618 0.0085811953111153416 0.0047407851934475609
leaf_count=417 58 31 53
internal_value=0 0.08267 0.141586
internal_weight=0 0.0189104 0.0103292
internal_count=559 142 111
is_linear=0
shrinkage=0.243386


Tree=608
num_leaves=4
num_cat=0
split_feature=4 8 7
split_gain=0.00173222 0.000351147 9.81347e-05
threshold=1.0000000180025095e-35 7.6637931034482767 8.0795977011494262
decision_type=2 2 2
left_child=-1 -2 -3
right_child=1 2 -4
leaf_value=-0.21634669645062932 0.19035355616793956 0.0012165032270874895 0.10032901646614652
leaf_weight=0.0011872168699117447 0.0019980811907807094 0.0011592595504706805 0.0012088808736521323
leaf_count=22 46 186 305
internal_value=0 0.115211 0.0518111
internal_weight=0 0.00436622 0.00236814
internal_count=559 537 491
is_linear=0
shrinkage=0.243386


Tree=609
num_leaves=4
num_cat=0
split_feature=7 7 9
split_gain=0.000507985 0.000598621 0.00021882
threshold=7.9422413793103459 8.5425287356321853 3.4485294117647065
decision_type=2 2 2
left_child=-1 2 -2
right_child=1 -3 -4
leaf_value=0.16934898702452555 0.0090873558242947974 0.10355041040294036 -0.1484194141343152
leaf_weight=0.0021280068647433273 0.0010267873183558499 0.0026212982353053249 0.0010638379740384868
leaf_count=76 286 14 183
internal_value=0 0.0260771 -0.0710617
internal_weight=0 0.00471192 0.00209063
internal_count=559 483 469
is_linear=0
shrinkage=0.243386


Tree=610
num_leaves=3
num_cat=0
split_feature=6 10
split_gain=0.000704801 0.000646994
threshold=113.54581243085819 918.50000000000011
decision_type=2 2
left_child=-1 -2
right_child=1 -3
leaf_value=0.21006909622349465 -0.1466405366139634 0.10297289114952106
leaf_weight=0.0015771161219930718 0.0010239955020041186 0.0015404782297155015
leaf_count=41 326 192
internal_value=0 0.00330214
internal_weight=0 0.00256447
internal_count=559 518
is_linear=0
shrinkage=0.243386


Tree=611
num_leaves=7
num_cat=0
split_feature=8 12 12 12 5 7
split_gain=0.0246736 0.0252213 0.0620072 0.0564796 0.0130823 0.0105085
threshold=14.097167584579074 10.801819808151874 10.284360450497212 10.825440036253946 4.7326436781609207 8.089367816091956
decision_type=2 2 2 2 2 2
left_child=4 2 -2 -3 5 -1
right_child=1 3 -4 -5 -6 -7
leaf_value=-0.20040521704526754 0.00030909476459043338 0.1995997935580138 -0.16066351107271148 -0.033794812776344288 0.20172336696286686 0.094626185196690221
leaf_weight=0.0101286193057189 0.75627882454645579 0.099782064120518044 0.17444967606283512 0.15974852210529278 0.051403729899703876 0.024330064741572344
leaf_count=128 163 7 82 117 41 21
internal_value=0 -0.011154 -0.0298626 0.0559387 0.12394 0.00790608
internal_weight=0 1.19026 0.930729 0.259531 0.0858624 0.0344587
internal_count=559 369 245 124 190 149
is_linear=0
shrinkage=0.243386


Tree=612
num_leaves=6
num_cat=0
split_feature=6 11 11 8 5
split_gain=0.0322841 0.032358 0.0309858 0.0647722 0.0266358
threshold=166.75855747030897 45.732758620689665 44.686781609195414 15.939030866246268 4.5744252873563225
decision_type=2 2 2 2 2
left_child=1 4 -2 -4 -1
right_child=2 -3 3 -5 -6
leaf_value=0.0071534716504290698 0.057383718620916596 0.11738517343137773 0.10485886729119939 -0.070275017336119988 -0.21795688846279554
leaf_weight=0.045547919444231866 0.54516386359682634 0.033960430570626032 0.17273501619339093 0.45357241746589239 0.098405425769528931
leaf_count=96 79 30 136 77 141
internal_value=0 -0.0963156 0.0149568 -0.0219733 -0.14673
internal_weight=0 0.177914 1.17147 0.626307 0.143953
internal_count=559 267 292 213 237
is_linear=0
shrinkage=0.243386


Tree=613
num_leaves=2
num_cat=0
split_feature=5
split_gain=0.000468177
threshold=5.1450000000000005
decision_type=2
left_child=-1
right_child=-2
leaf_value=0.015059827401567761 0.21638642281269332
leaf_weight=0.0012041832138442593 0.0015846108971118156
leaf_count=529 30
internal_value=0
internal_weight=0
internal_count=559
is_linear=0
shrinkage=0.243386


Tree=614
num_leaves=1
num_cat=0
split_feature=
split_gain=
threshold=
decision_type=
left_child=
right_child=
leaf_value=0
leaf_weight=
leaf_count=
internal_value=
internal_weight=
internal_count=
is_linear=0
shrinkage=1


Tree=615
num_leaves=5
num_cat=0
split_feature=9 12 6 9
split_gain=0.0248681 0.0355801 0.0424683 0.0156843
threshold=2.869117647058824 9.2098472519112615 173.93716164716167 2.7826050420168071
decision_type=2 2 2 2
left_child=3 -2 -3 -1
right_child=1 2 -4 -5
leaf_value=0.0093797839432916384 0.11563339211113738 0.00056614968560460895 -0.096137972479849815 0.12274349024877867
leaf_weight=0.14583457696704694 0.11996018407920384 1.1466189759488341 0.35146623002772392 0.14336595696299526
leaf_count=64 29 253 185 28
internal_value=0 -0.0119086 -0.0221216 0.0655778
internal_weight=0 1.61805 1.49809 0.289201
internal_count=559 467 438 92
is_linear=0
shrinkage=0.243386


Tree=616
num_leaves=5
num_cat=0
split_feature=8 11 10 8
split_gain=0.00363971 0.00234539 0.0035345 7.72097e-13
threshold=11.773793520634497 47.669540229885065 931.50000000000011 7.9452361969304368
decision_type=2 2 2 2
left_child=3 2 -2 -1
right_child=1 -3 -4 -5
leaf_value=-0.21636016774160033 0.12753476213253662 0.14575067825422913 -0.21652155548272306 -0.21635214619054313
leaf_weight=0.0016052112432643126 0.0038107321997646248 0.011468411246852384 0.0033007348007403139 0.0012756742314946788
leaf_count=73 248 46 108 84
internal_value=0 0.0776566 -0.0321564 -0.216357
internal_weight=0 0.0185799 0.00711147 0.00288089
internal_count=559 402 356 157
is_linear=0
shrinkage=0.243386


Tree=617
num_leaves=3
num_cat=0
split_feature=7 8
split_gain=0.00134082 0.00036227
threshold=7.9376436781609199 8.4511494252873582
decision_type=2 2
left_child=-1 -2
right_child=1 -3
leaf_value=-0.13299743652537935 0.17865924444013909 0.021244781211353356
leaf_weight=0.0012332066049533874 0.004419763411036115 0.0010770808423678779
leaf_count=74 73 412
internal_value=0 0.147815
internal_weight=0 0.00549684
internal_count=559 485
is_linear=0
shrinkage=0.243386


Tree=618
num_leaves=4
num_cat=0
split_feature=8 8 5
split_gain=0.00216048 0.000836875 0.000574328
threshold=8.838631984585744 11.13449302134647 4.0816379310344839
decision_type=2 2 2
left_child=-1 -2 -3
right_child=1 2 -4
leaf_value=-0.15458565459890777 0.20153653826391749 0.14963799742338232 -0.06207516770714655
leaf_weight=0.0022335579981444843 0.0036044154721253108 0.0013322006162574951 0.0017641504859887344
leaf_count=96 57 14 392
internal_value=0 0.121816 0.0290141
internal_weight=0 0.00670077 0.00309635
internal_count=559 463 406
is_linear=0
shrinkage=0.243386


Tree=619
num_leaves=3
num_cat=0
split_feature=8 6
split_gain=0.000524465 0.000193928
threshold=11.13449302134647 122.6786819607369
decision_type=2 2
left_child=1 -1
right_child=-2 -3
leaf_value=0.21248097080092318 -0.030615102526067483 0.082316003409388994
leaf_weight=0.0019155978396554474 0.0010962115546215775 0.0010494823140075604
leaf_count=52 406 101
internal_value=0 0.166409
internal_weight=0 0.00296508
internal_count=559 153
is_linear=0
shrinkage=0.243386


Tree=620
num_leaves=5
num_cat=0
split_feature=10 6 10 10
split_gain=0.0217711 0.0435967 0.0348215 0.0254762
threshold=990.50000000000011 169.11773768427648 820.50000000000011 852.50000000000011
decision_type=2 2 2 2
left_child=1 3 -3 -1
right_child=-2 2 -4 -5
leaf_value=-0.053664039401203137 0.092946926845088762 0.081793855161075721 -0.2173849366814814 0.031534473997843947
leaf_weight=0.30633807508738875 0.12651764713720592 0.030128640271648743 0.098016373573017512 0.64701743569084158
leaf_count=82 55 52 188 182
internal_value=0 -0.0137577 -0.147044 0.00415796
internal_weight=0 1.0815 0.128145 0.953356
internal_count=559 504 240 264
is_linear=0
shrinkage=0.243386


Tree=621
num_leaves=7
num_cat=0
split_feature=6 11 5 11 8 12
split_gain=0.0288122 0.038164 0.0294739 0.0372301 0.0191432 0.00732191
threshold=181.92952511009045 45.652298850574716 4.5502011494252885 44.686781609195414 15.30343441724516 11.200298937100628
decision_type=2 2 2 2 2 2
left_child=2 -2 4 -4 -1 -3
right_child=1 5 3 -5 -6 -7
leaf_value=0.0051821567358137166 0.21763786566011908 0.013120695010387592 0.0428242004569485 -0.048895179983326841 -0.21271718124545053 -0.21136668281656576
leaf_weight=0.036579063625580388 0.072655137895708433 0.018178093974711373 0.53560503682051275 0.51349230509968335 0.068812353325943931 0.01634555481045652
leaf_count=78 60 4 125 125 79 88
internal_value=0 0.117524 -0.0143946 -0.00206887 -0.137089 -0.093165
internal_weight=0 0.107179 1.15449 1.0491 0.105391 0.0345236
internal_count=559 152 407 250 157 92
is_linear=0
shrinkage=0.243386


Tree=622
num_leaves=3
num_cat=0
split_feature=8 5
split_gain=0.00113067 4.24128e-06
threshold=8.4783901401900224 5.1450000000000005
decision_type=2 2
left_child=1 -1
right_child=-2 -3
leaf_value=0.195529773391312 -0.091552027644389078 0.21636455399402915
leaf_weight=0.0011328289197591879 0.0011214392368980031 0.0011833775967033944
leaf_count=64 467 28
internal_value=0 0.206175
internal_weight=0 0.00231621
internal_count=559 92
is_linear=0
shrinkage=0.243386


Tree=623
num_leaves=1
num_cat=0
split_feature=
split_gain=
threshold=
decision_type=
left_child=
right_child=
leaf_value=0
leaf_weight=
leaf_count=
internal_value=
internal_weight=
internal_count=
is_linear=0
shrinkage=1


Tree=624
num_leaves=7
num_cat=0
split_feature=5 7 7 10 10 11
split_gain=0.0214867 0.072197 0.0379983 0.0748447 0.0566963 0.0122392
threshold=4.7365517241379322 8.1272988505747144 8.1100574712643692 847.50000000000011 937.50000000000011 44.738505747126446
decision_type=2 2 2 2 2 2
left_child=2 5 4 -4 -1 -2
right_child=1 -3 3 -5 -6 -7
leaf_value=-0.064526964555997962 0.085860292349712167 -0.16633488959439624 0.16929618534903892 0.0026051097121526823 0.10834572505301705 -0.019421868710176746
leaf_weight=0.51014974254198486 0.13668375638469471 0.17518431820643027 0.23033420067571342 0.51929987471013206 0.14413180117037283 0.12543353029542104
leaf_count=186 45 41 41 124 80 42
internal_value=0 -0.0453685 0.0164149 0.053823 -0.0264448 0.0354786
internal_weight=0 0.437302 1.40392 0.749634 0.654282 0.262117
internal_count=559 128 431 165 266 87
is_linear=0
shrinkage=0.243386


Tree=625
num_leaves=4
num_cat=0
split_feature=11 6 11
split_gain=0.00209775 0.00179228 0.00102796
threshold=46.39942528735633 176.78721580027999 49.646551724137943
decision_type=2 2 2
left_child=-1 -2 -3
right_child=1 2 -4
leaf_value=-0.21640595057846987 0.14412680590215374 -0.13229670962236967 0.071024633927514444
leaf_weight=0.0014904748986969306 0.010766871672420228 0.0027276867924568285 0.0032022553294677181
leaf_count=409 56 46 48
internal_value=0 0.0849485 -0.0225002
internal_weight=0 0.0166968 0.00592994
internal_count=559 150 94
is_linear=0
shrinkage=0.243386


Tree=626
num_leaves=4
num_cat=0
split_feature=9 10 7
split_gain=0.000972741 0.00035392 0.000248294
threshold=3.4362184873949584 949.50000000000011 8.0675287356321856
decision_type=2 2 2
left_child=1 2 -1
right_child=-2 -3 -4
leaf_value=-0.03329896629465541 -0.15456748895191333 0.19564895063571094 0.12116431384501178
leaf_weight=0.0013985953766454118 0.0013485780616234212 0.0011983723104623291 0.0011023458015310683
leaf_count=90 247 58 164
internal_value=0 0.0868954 0.0347842
internal_weight=0 0.00369931 0.00250094
internal_count=559 312 254
is_linear=0
shrinkage=0.243386


Tree=627
num_leaves=3
num_cat=0
split_feature=11 11
split_gain=0.000941914 0.000251927
threshold=49.893678160919542 48.988505747126446
decision_type=2 2
left_child=1 -1
right_child=-2 -3
leaf_value=0.074664959480463838 -0.015568160850957469 0.18531277348425559
leaf_weight=0.0016455661899571934 0.0026747761578903573 0.0047015328089410335
leaf_count=449 57 53
internal_value=0 0.156626
internal_weight=0 0.0063471
internal_count=559 502
is_linear=0
shrinkage=0.243386


Tree=628
num_leaves=3
num_cat=0
split_feature=6 11
split_gain=0.000691274 0.000283462
threshold=114.66692025882982 44.887931034482769
decision_type=2 2
left_child=-1 -2
right_child=1 -3
leaf_value=0.18817119990406075 0.064901226191109732 -0.10708759013196154
leaf_weight=0.0018832479304169425 0.0012931269910392285 0.0010118257865108019
leaf_count=44 232 283
internal_value=0 -0.0105982
internal_weight=0 0.00230495
internal_count=559 515
is_linear=0
shrinkage=0.243386


Tree=629
num_leaves=5
num_cat=0
split_feature=14 6 9 8
split_gain=0.0218725 0.0353564 0.0347016 0.00699931
threshold=813500.00000000012 142.50000000000003 3.1855042016806725 15.03835978835979
decision_type=2 2 2 2
left_child=-1 3 -3 -2
right_child=1 2 -4 -5
leaf_value=-0.11692132252520382 0.085686124539160385 -0.075929275230320725 0.024349084558919435 0.21792117903690861
leaf_weight=0.090314491941812958 0.049084409778131999 0.2934340844704022 0.67387933750281603 0.045869079805925139
leaf_count=75 68 161 229 26
internal_value=0 0.00784154 -0.00607031 0.149565
internal_weight=0 1.06227 0.967313 0.0949535
internal_count=559 484 390 94
is_linear=0
shrinkage=0.243386


Tree=630
num_leaves=6
num_cat=0
split_feature=8 8 8 5 6
split_gain=0.0227707 0.0414571 0.0389622 0.0526444 0.0318302
threshold=15.158782788093134 14.610289283366207 15.939030866246268 4.7365517241379322 170.70588937764913
decision_type=2 2 2 2 2
left_child=1 4 -2 -4 -1
right_child=2 -3 3 -5 -6
leaf_value=-0.12639626650740821 0.12690923210506233 -0.20492216265064564 -0.041366257773971855 0.0958875637203946 0.19183093696270415
leaf_weight=0.034573608149465973 0.15195790182863789 0.082763456993461659 0.65356645298959548 0.22168583706843492 0.04034724483646368
leaf_count=112 53 29 195 59 111
internal_value=0 -0.0861861 0.0131484 -0.00660231 0.0449791
internal_weight=0 0.157684 1.02721 0.875252 0.0749209
internal_count=559 252 307 254 223
is_linear=0
shrinkage=0.243386


Tree=631
num_leaves=2
num_cat=0
split_feature=5
split_gain=0.000357238
threshold=5.0821839080459776
decision_type=2
left_child=-1
right_child=-2
leaf_value=0.032721513270414747 0.21638142962889959
leaf_weight=0.0012730601279043238 0.0012369146395485586
leaf_count=534 25
internal_value=0
internal_weight=0
internal_count=559
is_linear=0
shrinkage=0.243386


Tree=632
num_leaves=1
num_cat=0
split_feature=
split_gain=
threshold=
decision_type=
left_child=
right_child=
leaf_value=0
leaf_weight=
leaf_count=
internal_value=
internal_weight=
internal_count=
is_linear=0
shrinkage=1


Tree=633
num_leaves=5
num_cat=0
split_feature=9 9 14 8
split_gain=0.0282778 0.0279492 0.0289392 0.0165122
threshold=2.869117647058824 2.9275210084033616 967450.00000000012 17.019350151895392
decision_type=2 2 2 2
left_child=3 -2 -3 -1
right_child=1 2 -4 -5
leaf_value=0.12861696261743671 -0.1247177061549911 -0.018385320647532601 0.078165889141770015 0.0030652605892574208
leaf_weight=0.14600820952625793 0.1210738992524617 1.1275339885485749 0.21972722721078142 0.10791280372632173
leaf_count=65 22 346 95 31
internal_value=0 -0.0127048 -0.00263861 0.0752593
internal_weight=0 1.46834 1.34726 0.253921
internal_count=559 463 441 96
is_linear=0
shrinkage=0.243386


Tree=634
num_leaves=4
num_cat=0
split_feature=11 10 6
split_gain=0.00167398 0.00118599 0.00105914
threshold=46.39942528735633 938.50000000000011 180.87624928106587
decision_type=2 2 2
left_child=-1 2 -2
right_child=1 -3 -4
leaf_value=-0.21638536818966264 0.21175135065828371 -0.00518877383688633 0.038664747340159143
leaf_weight=0.0012266054486490376 0.0048794591103780149 0.005790981549356645 0.0036687729638152367
leaf_count=411 32 40 76
internal_value=0 0.0798535 0.137465
internal_weight=0 0.0143392 0.00854823
internal_count=559 148 108
is_linear=0
shrinkage=0.243386


Tree=635
num_leaves=4
num_cat=0
split_feature=10 6 10
split_gain=0.000475828 0.000425362 0.000178459
threshold=938.50000000000011 188.04019858637159 844.50000000000011
decision_type=2 2 2
left_child=1 2 -1
right_child=-2 -3 -4
leaf_value=0.044508231415949839 0.18960784074897713 0.14769237883663455 -0.091833952016532397
leaf_weight=0.0010396973090405909 0.0016657634317250687 0.0012220335516470171 0.0012552743085356196
leaf_count=105 158 78 218
internal_value=0 0.0316984 -0.0300665
internal_weight=0 0.00351701 0.00229497
internal_count=559 401 323
is_linear=0
shrinkage=0.243386


Tree=636
num_leaves=3
num_cat=0
split_feature=5 11
split_gain=0.000828983 0.000485635
threshold=4.2805459770114949 49.382183908045981
decision_type=2 2
left_child=1 -1
right_child=-2 -3
leaf_value=0.18389200348348184 -0.1454800876905003 0.03105627301360829
leaf_weight=0.001896609616665601 0.001119089512166588 0.0035121012497656423
leaf_count=35 446 78
internal_value=0 0.0846494
internal_weight=0 0.00540871
internal_count=559 113
is_linear=0
shrinkage=0.243386


Tree=637
num_leaves=3
num_cat=0
split_feature=8 5
split_gain=0.000541663 3.57245e-05
threshold=11.13449302134647 4.459712643678162
decision_type=2 2
left_child=1 -1
right_child=-2 -3
leaf_value=0.13609828947394903 -0.03580484208025364 0.19285234191021813
leaf_weight=0.0010363511608026954 0.0010064110899231232 0.0017948318044411354
leaf_count=102 399 58
internal_value=0 0.172078
internal_weight=0 0.00283118
internal_count=559 160
is_linear=0
shrinkage=0.243386


Tree=638
num_leaves=7
num_cat=0
split_feature=12 6 7 8 11 9
split_gain=0.0174099 0.0197129 0.017909 0.0314537 0.0311606 0.0140469
threshold=11.261846804132231 158.99224028420457 8.1284482758620715 15.158782788093134 43.836206896551737 4.0926470588235295
decision_type=2 2 2 2 2 2
left_child=2 -2 3 -1 -4 -3
right_child=1 5 4 -5 -6 -7
leaf_value=0.054596943379715164 0.19864144902001135 -0.21684770337856729 0.12742365896925281 -0.070843759204571588 -0.017239708015353915 0.1072512095327431
leaf_weight=0.16088976659164445 0.050961812510990911 0.014991095119939624 0.12842058897513198 0.44845850985456082 0.28163667838086326 0.016798243980456817
leaf_count=100 24 140 15 148 105 27
internal_value=0 0.10482 -0.0112594 -0.0377229 0.0280656 -0.0455861
internal_weight=0 0.0827512 1.01941 0.609348 0.410057 0.0317893
internal_count=559 191 368 248 120 167
is_linear=0
shrinkage=0.243386


Tree=639
num_leaves=7
num_cat=0
split_feature=6 9 9 14 11 10
split_gain=0.0224256 0.0296023 0.0276419 0.0636007 0.0340858 3.40107e-07
threshold=166.75855747030897 3.659411764705883 3.1913025210084043 917450.00000000012 44.686781609195414 766.50000000000011
decision_type=2 2 2 2 2 2
left_child=1 5 4 -4 -2 -1
right_child=2 -3 3 -5 -6 -7
leaf_value=-0.21847958621057065 0.033338121749471102 0.0040228375555736336 0.18404918136358345 -0.0068380684532399517 -0.092802933172445659 -0.21698211711883836
leaf_weight=0.010942906430216032 0.27478820510441437 0.086455590848769415 0.15554621382364076 0.30838484284720868 0.23577968655217774 0.05020045310898455
leaf_count=4 27 71 57 131 71 198
internal_value=0 -0.0876402 0.0141604 0.0571624 -0.0249137 -0.21725
internal_weight=0 0.147599 0.974499 0.463931 0.510568 0.0611434
internal_count=559 273 286 188 98 202
is_linear=0
shrinkage=0.243386


Tree=640
num_leaves=2
num_cat=0
split_feature=11
split_gain=0.000277767
threshold=44.37068965517242
decision_type=2
left_child=-1
right_child=-2
leaf_value=0.19865720455739633 0.028570517335914519
leaf_weight=0.0013152907180163653 0.0010020918541017478
leaf_count=138 421
internal_value=0
internal_weight=0
internal_count=559
is_linear=0
shrinkage=0.243386


Tree=641
num_leaves=1
num_cat=0
split_feature=
split_gain=
threshold=
decision_type=
left_child=
right_child=
leaf_value=0
leaf_weight=
leaf_count=
internal_value=
internal_weight=
internal_count=
is_linear=0
shrinkage=1


Tree=642
num_leaves=7
num_cat=0
split_feature=9 6 14 13 7 10
split_gain=0.024382 0.0584537 0.0728593 0.0461817 0.0658224 0.0440376
threshold=3.1913025210084043 162.2451684170023 917450.00000000012 2014.5000000000002 8.108908045977012 916.50000000000011
decision_type=2 2 2 2 2 2
left_child=3 5 -3 -1 -5 -2
right_child=1 2 -4 4 -6 -7
leaf_value=0.1334347742918866 -0.034261860668504562 -0.20251538490274457 0.00010730275718400495 0.084619976622740067 -0.063643395921058041 0.15506053444466389
leaf_weight=0.19060240184433008 0.16295678088393634 0.19066054843227717 0.23431866556780898 0.30661319219314542 0.4208266655477928 0.13151842646580181
leaf_count=23 82 66 140 98 85 65
internal_value=0 -0.0330479 -0.0907963 0.0267915 -0.00115094 0.0502932
internal_weight=0 0.719454 0.424979 0.918042 0.72744 0.294475
internal_count=559 353 206 206 183 147
is_linear=0
shrinkage=0.243386


Tree=643
num_leaves=4
num_cat=0
split_feature=12 7 8
split_gain=0.00150828 0.000883258 0.00060068
threshold=11.893211805432289 8.121551724137932 14.169235772357725
decision_type=2 2 2
left_child=-1 2 -2
right_child=1 -3 -4
leaf_value=-0.21643760103650481 0.042172857776070535 0.011800176233433091 0.18575269807791922
leaf_weight=0.0011257210901699241 0.0027066377638633732 0.00665301780443317 0.0047640808113840194
leaf_count=415 94 24 26
internal_value=0 0.0762967 0.133734
internal_weight=0 0.0141237 0.00747072
internal_count=559 144 120
is_linear=0
shrinkage=0.243386


Tree=644
num_leaves=3
num_cat=0
split_feature=4 8
split_gain=0.0018612 0.000342936
threshold=1.0000000180025095e-35 7.9281609195402307
decision_type=2 2
left_child=-1 -2
right_child=1 -3
leaf_value=-0.21635139299792397 0.19083219388783673 0.039412239074122467
leaf_weight=0.0013682763525204589 0.0018366253497958951 0.0017117990580767864
leaf_count=32 48 479
internal_value=0 0.117786
internal_weight=0 0.00354842
internal_count=559 527
is_linear=0
shrinkage=0.243386


Tree=645
num_leaves=4
num_cat=0
split_feature=7 9 5
split_gain=0.000597815 0.000367793 0.000382549
threshold=7.9002873563218392 3.5217226890756304 4.0816379310344839
decision_type=2 2 2
left_child=-1 -2 -3
right_child=1 2 -4
leaf_value=0.1919203239674927 -0.057588857951285724 0.19888677629965376 0.0085476190186986791
leaf_weight=0.0028643819679246008 0.0013448248776989054 0.0012063655582572608 0.0012990257257116918
leaf_count=62 317 22 158
internal_value=0 0.045085 0.100197
internal_weight=0 0.00385022 0.00250539
internal_count=559 497 180
is_linear=0
shrinkage=0.243386


Tree=646
num_leaves=3
num_cat=0
split_feature=7 6
split_gain=0.000441697 0.000379766
threshold=8.0456896551724153 125.90799695447799
decision_type=2 2
left_child=1 -1
right_child=-2 -3
leaf_value=0.20421537646793725 -0.00043778804179524878 0.038532504760389032
leaf_weight=0.0034068553256805245 0.0012268890666794277 0.0010790731053218483
leaf_count=62 372 125
internal_value=0 0.164361
internal_weight=0 0.00448593
internal_count=559 187
is_linear=0
shrinkage=0.243386


Tree=647
num_leaves=7
num_cat=0
split_feature=6 9 7 12 7 8
split_gain=0.0171418 0.0274642 0.0688711 0.0333707 0.0236679 0.00107309
threshold=142.50000000000003 3.1855042016806725 8.1227011494252892 10.434205750222777 8.1250000000000018 14.823770491803279
decision_type=2 2 2 2 2 2
left_child=4 2 -2 -3 5 -1
right_child=1 3 -4 -5 -6 -7
leaf_value=0.15327099792445745 -0.21823125099548055 0.042835539280106132 0.028393920126723145 -0.082081558789462855 -0.067088811136900198 0.21788741756244312
leaf_weight=0.030852105695911902 0.11930068623537315 0.51121798620630443 0.15321529900327491 0.16841529382456111 0.034524067834354355 0.030056079425776261
leaf_count=81 113 96 64 166 22 17
internal_value=0 -0.0142942 -0.0795724 0.0118807 0.0939032 0.185157
internal_weight=0 0.952149 0.272516 0.679633 0.0954323 0.0609082
internal_count=559 439 177 262 120 98
is_linear=0
shrinkage=0.243386


Tree=648
num_leaves=6
num_cat=0
split_feature=6 11 11 5 7
split_gain=0.0284005 0.0467778 0.0327331 0.0414097 0.0193419
threshold=177.33799176277827 45.364942528735639 43.761494252873568 4.7041091954023004 8.1715517241379327
decision_type=2 2 2 2 2
left_child=2 -2 -1 -4 -3
right_child=1 4 3 -5 -6
leaf_value=0.088629177759337957 0.13159147516587447 0.013658259020660037 -0.093688978789469177 0.036576761474240979 -0.2194400878933972
leaf_weight=0.12828581537251227 0.19962176128365172 0.051292182349330417 0.39773616249976046 0.22708861226288463 0.035807977785359046
leaf_count=37 70 101 246 92 13
internal_value=0 0.0666548 -0.0233531 -0.0463447 -0.0821714
internal_weight=0 0.286722 0.753111 0.624825 0.0871002
internal_count=559 184 375 338 114
is_linear=0
shrinkage=0.243386


Tree=649
num_leaves=2
num_cat=0
split_feature=5
split_gain=0.000251779
threshold=5.1855747126436791
decision_type=2
left_child=-1
right_child=-2
leaf_value=0.055675048406682297 0.2163713566040098
leaf_weight=0.001255893864631371 0.0010693253773439437
leaf_count=533 26
internal_value=0
internal_weight=0
internal_count=559
is_linear=0
shrinkage=0.243386


Tree=650
num_leaves=1
num_cat=0
split_feature=
split_gain=
threshold=
decision_type=
left_child=
right_child=
leaf_value=0
leaf_weight=
leaf_count=
internal_value=
internal_weight=
internal_count=
is_linear=0
shrinkage=1


Tree=651
num_leaves=7
num_cat=0
split_feature=9 5 5 11 11 8
split_gain=0.0200582 0.023425 0.022934 0.022613 0.0226681 0.0186524
threshold=3.5652100840336138 4.4979310344827601 4.4374425287356329 44.410919540229891 45.652298850574716 18.456090552284838
decision_type=2 2 2 2 2 2
left_child=1 2 -1 -2 -5 -3
right_child=3 5 -4 4 -6 -7
leaf_value=0.01050216745297807 0.03551331478067888 0.012249121406689959 0.19227721718339591 -0.21834748084821234 0.016878509265708757 -0.066065965405559118
leaf_weight=0.088407049525486836 0.065918269501610741 0.92869803104602622 0.076860413057982413 0.076845297162685719 0.035469407722534152 0.22350675888446858
leaf_count=114 51 192 27 71 70 34
internal_value=0 0.0093486 0.0950397 -0.0776474 -0.144062 -0.00294258
internal_weight=0 1.31747 0.165267 0.178233 0.112315 1.1522
internal_count=559 367 141 192 141 226
is_linear=0
shrinkage=0.243386


Tree=652
num_leaves=4
num_cat=0
split_feature=5 9 8
split_gain=0.00162042 0.000797185 0.00126226
threshold=4.464425287356323 3.7797058823529412 15.380365613791509
decision_type=2 2 2
left_child=1 2 -1
right_child=-2 -3 -4
leaf_value=-0.018208168004996726 -0.14947715420000476 0.19803783016046236 0.15924769954314133
leaf_weight=0.0054794922689821272 0.0018558634303078832 0.0032489761515118567 0.0041901183016848087
leaf_count=102 367 49 41
internal_value=0 0.0937344 0.0586885
internal_weight=0 0.0129186 0.00966961
internal_count=559 192 143
is_linear=0
shrinkage=0.243386


Tree=653
num_leaves=3
num_cat=0
split_feature=10 12
split_gain=0.000766735 0.000240828
threshold=830.50000000000011 14.932621559960674
decision_type=2 2
left_child=-1 -2
right_child=1 -3
leaf_value=-0.12193085839242317 0.049990902953857594 0.18953441906875554
leaf_weight=0.0011329670894417582 0.0016076901789806846 0.0013459728352323008
leaf_count=116 414 29
internal_value=0 0.11358
internal_weight=0 0.00295366
internal_count=559 443
is_linear=0
shrinkage=0.243386


Tree=654
num_leaves=4
num_cat=0
split_feature=10 6 11
split_gain=0.000549204 0.000434862 0.000163411
threshold=728.50000000000011 186.27489590235263 49.623563218390807
decision_type=2 2 2
left_child=-1 -2 -3
right_child=1 2 -4
leaf_value=0.21628689134748211 -0.058199756142854733 0.1635320821239459 0.052068289989999864
leaf_weight=0.0014979689382541564 0.0015570424389091475 0.0013373220199606184 0.0018665842811235178
leaf_count=6 445 68 40
internal_value=0 0.0473152 0.0985937
internal_weight=0 0.00476095 0.00320391
internal_count=559 553 108
is_linear=0
shrinkage=0.243386


Tree=655
num_leaves=3
num_cat=0
split_feature=8 11
split_gain=0.000527546 8.23031e-05
threshold=11.13449302134647 45.382183908045981
decision_type=2 2
left_child=1 -1
right_child=-2 -3
leaf_value=0.2050745210140745 -0.042824886610890137 0.11406600117946182
leaf_weight=0.0014152292301319869 0.0010008858384237054 0.001007801287215615
leaf_count=52 401 106
internal_value=0 0.167222
internal_weight=0 0.00242303
internal_count=559 158
is_linear=0
shrinkage=0.243386


Tree=656
num_leaves=7
num_cat=0
split_feature=6 12 12 11 6 8
split_gain=0.0209912 0.0226474 0.0373582 0.0216089 0.0178871 0.00154401
threshold=149.40031561097331 10.051485267671277 10.097650352599439 43.78448275862069 140.46021334470845 14.883574879227053
decision_type=2 2 2 2 2 2
left_child=4 3 -3 -2 5 -1
right_child=1 2 -4 -5 -6 -7
leaf_value=0.13233355058649215 -0.0012350588630768271 0.17086869730588003 -0.016763956503194573 -0.14520833864184135 0.021471525075151463 0.21756434158170324
leaf_weight=0.019388984709380108 0.1124695296707614 0.072555939099402167 0.47026941000425737 0.13694523556289084 0.12518697723544392 0.03590851383160043
leaf_count=79 20 10 328 69 22 31
internal_value=0 -0.0195781 0.00831568 -0.0802859 0.072395 0.18768
internal_weight=0 0.79224 0.542825 0.249415 0.180484 0.0552975
internal_count=559 427 338 89 132 110
is_linear=0
shrinkage=0.243386


Tree=657
num_leaves=7
num_cat=0
split_feature=6 11 13 11 8 5
split_gain=0.0239297 0.0470142 0.0431202 0.0396454 0.0360664 0.0132966
threshold=173.93716164716167 44.721264367816097 2019.5000000000002 43.761494252873568 17.670634920634924 4.6919827586206901
decision_type=2 2 2 2 2 2
left_child=2 -2 3 -1 -3 -4
right_child=1 4 5 -5 -6 -7
leaf_value=0.16598176765014364 0.13123871354781416 -0.081330678116954547 -0.21991560478453348 -0.028404252264037116 0.13553433105384399 -0.076375821095212196
leaf_weight=0.077992518462437543 0.19997519602247849 0.18426426125528694 0.069749171681949163 0.30600657927806124 0.06029069043677282 0.084591910310658047
leaf_count=20 54 148 74 207 24 32
internal_value=0 0.0437082 -0.0325933 0.0110767 -0.0278665 -0.141244
internal_weight=0 0.44453 0.53834 0.383999 0.244555 0.154341
internal_count=559 226 333 227 172 106
is_linear=0
shrinkage=0.243386


Tree=658
num_leaves=2
num_cat=0
split_feature=11
split_gain=0.000274952
threshold=44.083333333333336
decision_type=2
left_child=-1
right_child=-2
leaf_value=0.20424226541339496 0.033413281263584969
leaf_weight=0.0011761175880449504 0.0010621488768229412
leaf_count=93 466
internal_value=0
internal_weight=0
internal_count=559
is_linear=0
shrinkage=0.243386


Tree=659
num_leaves=1
num_cat=0
split_feature=
split_gain=
threshold=
decision_type=
left_child=
right_child=
leaf_value=0
leaf_weight=
leaf_count=
internal_value=
internal_weight=
internal_count=
is_linear=0
shrinkage=1


Tree=660
num_leaves=8
num_cat=0
split_feature=9 7 12 6 11 9 7
split_gain=0.0224537 0.0284325 0.0285795 0.0246729 0.030421 0.0202293 0.00158462
threshold=3.3573529411764711 8.1048850574712663 9.7638636909135954 177.92169059568138 44.002873563218394 3.5318907563025213 8.1048850574712663
decision_type=2 2 2 2 2 2 2
left_child=3 2 -2 4 -1 -3 -5
right_child=1 5 -4 6 -6 -7 -8
leaf_value=-0.04806627905413334 0.063232581687007142 0.10372057029904534 -0.15705315228964278 -0.092119154362575201 0.060991263444441488 -0.054957217163733418 -0.043974267915817419
leaf_weight=0.19754215772270123 0.044153803482337245 0.088954695391937122 0.16624426087820718 0.081121901419578535 0.65026809694974652 0.10235377307506055 0.080864289288001601
leaf_count=25 34 28 164 59 163 63 23
internal_value=0 -0.0490803 -0.110824 0.0189511 0.0355806 0.0188248 -0.068085
internal_weight=0 0.401707 0.210398 1.0098 0.84781 0.191308 0.161986
internal_count=559 289 198 270 188 91 82
is_linear=0
shrinkage=0.243386


Tree=661
num_leaves=5
num_cat=0
split_feature=8 10 11 7
split_gain=0.0016111 0.00165286 0.00200874 0.00100284
threshold=11.773793520634497 937.50000000000011 48.137931034482762 8.1721264367816122
decision_type=2 2 2 2
left_child=-1 3 -3 -2
right_child=1 2 -4 -5
leaf_value=-0.21635103011786644 0.19187131259303908 -0.2164694561370703 0.12522798026429882 -0.02014552488541772
leaf_weight=0.0012399535856830986 0.0057818757151555976 0.0020809807946115056 0.0019972727532149293 0.0017131013214906031
leaf_count=173 238 92 9 47
internal_value=0 0.0755632 -0.0491275 0.143411
internal_weight=0 0.0115732 0.00407825 0.00749498
internal_count=559 386 101 285
is_linear=0
shrinkage=0.243386


Tree=662
num_leaves=3
num_cat=0
split_feature=9 8
split_gain=0.000281995 9.87278e-05
threshold=3.288403361344538 8.0518902398511738
decision_type=2 2
left_child=1 -1
right_child=-2 -3
leaf_value=0.16230707603132857 -0.026317849298395042 0.061569139525749689
leaf_weight=0.0012645312861536695 0.0012676165578004673 0.0010588535021494663
leaf_count=41 307 211
internal_value=0 0.116397
internal_weight=0 0.00232338
internal_count=559 252
is_linear=0
shrinkage=0.243386


Tree=663
num_leaves=4
num_cat=0
split_feature=7 5 11
split_gain=0.000640276 0.00032691 0.000292345
threshold=7.9022988505747138 4.0816379310344839 49.048850574712652
decision_type=2 2 2
left_child=-1 -2 -3
right_child=1 2 -4
leaf_value=0.2001708167243523 0.11565021642775583 0.066589530658349244 -0.10940169039855518
leaf_weight=0.0020473078424057827 0.0016054809710102091 0.0010389585789194896 0.0012106209658844236
leaf_count=53 41 404 61
internal_value=0 0.0317541 -0.0281209
internal_weight=0 0.00385506 0.00224958
internal_count=559 506 465
is_linear=0
shrinkage=0.243386


Tree=664
num_leaves=3
num_cat=0
split_feature=6 7
split_gain=0.000447201 0.000334895
threshold=110.1407908045408 7.8683908045977029
decision_type=2 2
left_child=-1 -2
right_child=1 -3
leaf_value=0.19709435384835902 0.10539135024053221 -0.088129321534183749
leaf_weight=0.001064176049808907 0.0010090197705210358 0.0011151588988538332
leaf_count=29 30 500
internal_value=0 0.00379618
internal_weight=0 0.00212418
internal_count=559 530
is_linear=0
shrinkage=0.243386


Tree=665
num_leaves=6
num_cat=0
split_feature=12 4 12 8 9
split_gain=0.0174917 0.0130536 0.0362511 0.0121257 0.00947842
threshold=11.318059747814837 0.42500000000000004 10.434205750222777 14.654836632866571 4.2652100840336145
decision_type=2 2 2 2 2
left_child=1 2 -1 4 -2
right_child=3 -3 -4 -5 -6
leaf_value=0.0021025384128458488 -0.21384952557729903 0.060542850584227051 -0.13366492178696718 0.17631177869235096 0.19887922982443623
leaf_weight=0.57838477165502777 0.0097926516419429843 0.12289962112905073 0.14588214945480615 0.049667786432118888 0.0049683632954824484
leaf_count=205 125 42 109 65 13
internal_value=0 -0.0127986 -0.0252438 0.118751 -0.0749305
internal_weight=0 0.847167 0.724267 0.0644288 0.014761
internal_count=559 356 314 203 138
is_linear=0
shrinkage=0.243386


Tree=666
num_leaves=5
num_cat=0
split_feature=9 6 11 5
split_gain=0.0208618 0.0229338 0.0250079 0.0199588
threshold=4.0130252100840345 166.75855747030897 44.37068965517242 4.5744252873563225
decision_type=2 2 2 2
left_child=1 3 -3 -1
right_child=-2 2 -4 -5
leaf_value=0.069922412893372005 0.1315084137180331 -0.064730417585088351 0.033588454609468403 -0.18653303035117075
leaf_weight=0.024102604670244082 0.068057576830193423 0.2140717130049552 0.53936304598170404 0.070724241760320855
leaf_count=105 77 40 199 138
internal_value=0 -0.00854415 0.00565334 -0.121348
internal_weight=0 0.848262 0.753435 0.0948268
internal_count=559 482 239 243
is_linear=0
shrinkage=0.243386


Tree=667
num_leaves=1
num_cat=0
split_feature=
split_gain=
threshold=
decision_type=
left_child=
right_child=
leaf_value=0
leaf_weight=
leaf_count=
internal_value=
internal_weight=
internal_count=
is_linear=0
shrinkage=1


Tree=668
num_leaves=1
num_cat=0
split_feature=
split_gain=
threshold=
decision_type=
left_child=
right_child=
leaf_value=0
leaf_weight=
leaf_count=
internal_value=
internal_weight=
internal_count=
is_linear=0
shrinkage=1


Tree=669
num_leaves=8
num_cat=0
split_feature=9 12 5 10 14 12 11
split_gain=0.0204328 0.0505858 0.0298181 0.0420872 0.029884 0.0257078 0.0250464
threshold=3.1855042016806725 10.538123157528203 4.6188218390804607 909.50000000000011 967450.00000000012 11.051108587073603 44.686781609195414
decision_type=2 2 2 2 2 2 2
left_child=1 6 4 -4 -2 -3 -1
right_child=2 5 3 -5 -6 -7 -8
leaf_value=0.025996541680917088 -0.019108822107834943 -0.12601716150065212 -0.18257606129569456 -0.0080780540635391144 0.16337199827480564 0.042792696430290447 0.14021008661871223
leaf_weight=0.26642671988771638 0.21917096801852409 0.14691313334498091 0.14126019666292475 0.19476615189434068 0.07018512486342221 0.083990738376713558 0.19845829398675097
leaf_count=57 152 34 62 71 53 81 49
internal_value=0 0.0285038 -0.0321177 -0.0814343 0.025153 -0.064613 0.074754
internal_weight=0 0.695789 0.625382 0.336026 0.289356 0.230904 0.464885
internal_count=559 221 338 133 205 115 106
is_linear=0
shrinkage=0.243386


Tree=670
num_leaves=5
num_cat=0
split_feature=12 10 9 13
split_gain=0.00101494 0.00169784 0.000795474 0.00012662
threshold=14.331098108232714 937.50000000000011 3.0275210084033621 2018.5000000000002
decision_type=2 2 2 2
left_child=1 2 -1 -3
right_child=-2 3 -4 -5
leaf_value=0.18661525706900942 0.14886880338207656 -0.21644612558410253 -0.028208193076189055 -0.10210283247605643
leaf_weight=0.0023788245062070345 0.0048285000102608056 0.0012834812046147422 0.0017889300154081073 0.0010373469225057816
leaf_count=111 80 48 229 91
internal_value=0 0.00150139 0.0944063 -0.165338
internal_weight=0 0.00648858 0.00416775 0.00232083
internal_count=559 479 340 139
is_linear=0
shrinkage=0.243386


Tree=671
num_leaves=3
num_cat=0
split_feature=10 6
split_gain=0.000317748 0.000248704
threshold=905.50000000000011 187.43037925637921
decision_type=2 2
left_child=1 -1
right_child=-2 -3
leaf_value=0.0033775912200425091 -0.081034422975784476 0.15921644776538293
leaf_weight=0.0014816113726820387 0.0013011270483911639 0.001027203129234433
leaf_count=242 261 56
internal_value=0 0.0671839
internal_weight=0 0.00250881
internal_count=559 298
is_linear=0
shrinkage=0.243386


Tree=672
num_leaves=3
num_cat=0
split_feature=7 5
split_gain=0.000529921 0.000346557
threshold=7.8956896551724149 4.1288218390804614
decision_type=2 2
left_child=-1 -2
right_child=1 -3
leaf_value=0.19410560156704507 0.087669307283123749 -0.056215578662710743
leaf_weight=0.0016349657181180532 0.0024936088817446573 0.0016462270136789743
leaf_count=55 61 443
internal_value=0 0.0304527
internal_weight=0 0.00413984
internal_count=559 504
is_linear=0
shrinkage=0.243386


Tree=673
num_leaves=2
num_cat=0
split_feature=7
split_gain=0.000120913
threshold=7.9290229885057473
decision_type=2
left_child=-1
right_child=-2
leaf_value=0.12213789961005454 0.015395525136958486
leaf_weight=0.0016568195978550193 0.001012947853873316
leaf_count=70 489
internal_value=0
internal_weight=0
internal_count=559
is_linear=0
shrinkage=0.243386


Tree=674
num_leaves=7
num_cat=0
split_feature=6 6 5 6 8 6
split_gain=0.0195066 0.0202906 0.0216263 0.0184175 0.013644 0.0347444
threshold=149.40031561097331 161.04138948148065 4.6773563218390812 170.49706174590207 17.631048387096779 140.46021334470845
decision_type=2 2 2 2 2 2
left_child=4 2 -2 -3 5 -1
right_child=1 3 -4 -5 -6 -7
leaf_value=0.18859542330967946 -0.14532995497188753 0.039358798594814469 -0.0089962102250934432 -0.08272616635964089 0.17590170483024659 -0.090712026731523981
leaf_weight=0.044747530872292884 0.12915546468332462 0.32870919038225033 0.14779234620800707 0.094167231998150025 0.051528935182432178 0.064280629708264314
leaf_count=102 62 89 25 255 10 16
internal_value=0 -0.0213657 -0.0725759 0.0121726 0.072698 0.0239218
internal_weight=0 0.699824 0.276948 0.422876 0.160557 0.109028
internal_count=559 431 87 344 128 118
is_linear=0
shrinkage=0.243386


Tree=675
num_leaves=6
num_cat=0
split_feature=6 9 11 7 12
split_gain=0.0192274 0.0256573 0.0245907 0.024583 0.00811777
threshold=181.92952511009045 2.898571428571429 45.652298850574716 8.0864942528735657 11.200298937100628
decision_type=2 2 2 2 2
left_child=1 -1 -2 -3 -4
right_child=2 3 4 -5 -6
leaf_value=-0.12224075585772955 0.21712280123776964 0.070617447865039693 0.059635521138707494 -0.02647307010014438 -0.21021854601024298
leaf_weight=0.10475210304874594 0.050424599117491198 0.23622557063784533 0.01346211472991854 0.44640807282400208 0.012961108312676384
leaf_count=72 59 168 4 167 89
internal_value=0 -0.0100854 0.117459 0.00712513 -0.0727332
internal_weight=0 0.787386 0.0768478 0.682634 0.0264232
internal_count=559 407 152 335 93
is_linear=0
shrinkage=0.243386


Tree=676
num_leaves=2
num_cat=0
split_feature=5
split_gain=0.000429095
threshold=5.1450000000000005
decision_type=2
left_child=-1
right_child=-2
leaf_value=0.022539768321831022 0.21636739932778656
leaf_weight=0.0013808914079545282 0.0013264820555605183
leaf_count=526 33
internal_value=0
internal_weight=0
internal_count=559
is_linear=0
shrinkage=0.243386


Tree=677
num_leaves=1
num_cat=0
split_feature=
split_gain=
threshold=
decision_type=
left_child=
right_child=
leaf_value=0
leaf_weight=
leaf_count=
internal_value=
internal_weight=
internal_count=
is_linear=0
shrinkage=1


Tree=678
num_leaves=5
num_cat=0
split_feature=9 12 7 9
split_gain=0.0189163 0.0260209 0.0313299 0.0115049
threshold=2.869117647058824 9.2098472519112615 8.0606321839080461 2.7826050420168071
decision_type=2 2 2 2
left_child=3 -2 -3 -1
right_child=1 2 -4 -5
leaf_value=0.012393017288350338 0.11688762545936847 -0.13245064473334897 -0.0064449111678684208 0.1316380557105957
leaf_weight=0.098887225579602167 0.084068766582443888 0.13621448554120352 0.8238246717261567 0.093007176577083683
leaf_count=61 26 179 265 28
internal_value=0 -0.0129532 -0.0243231 0.0701886
internal_weight=0 1.04411 0.960039 0.191894
internal_count=559 470 444 89
is_linear=0
shrinkage=0.243386


Tree=679
num_leaves=4
num_cat=1
split_feature=8 2 11
split_gain=0.00190437 0.00112893 0.00199016
threshold=11.773793520634497 0 47.445402298850581
decision_type=2 1 2
left_child=-1 2 -2
right_child=1 -3 -4
leaf_value=-0.21635066873800315 -0.031407730890670379 -0.093135632754027781 0.21638764952454972
leaf_weight=0.0013480912778407886 0.0029852607414297891 0.0016354640914703423 0.0053802781424678869
leaf_count=167 334 16 42
internal_value=0 0.0918053 0.127961
internal_weight=0 0.010001 0.00836554
internal_count=559 392 376
cat_boundaries=0 1
cat_threshold=2
is_linear=0
shrinkage=0.243386


Tree=680
num_leaves=3
num_cat=0
split_feature=8 14
split_gain=0.000414989 0.000242877
threshold=8.0977011494252888 868500.00000000012
decision_type=2 2
left_child=1 -1
right_child=-2 -3
leaf_value=0.19632941637488568 -0.047911605209888047 0.049558915451793167
leaf_weight=0.0012469259658196563 0.0013449682899130287 0.0014382311107361545
leaf_count=29 472 58
internal_value=0 0.117716
internal_weight=0 0.00268516
internal_count=559 87
is_linear=0
shrinkage=0.243386


Tree=681
num_leaves=3
num_cat=0
split_feature=5 11
split_gain=0.000478736 0.000287786
threshold=4.0868678160919547 49.433908045977013
decision_type=2 2
left_child=-1 -2
right_child=1 -3
leaf_value=0.16088403203955887 0.097675098547074984 -0.05192341881187186
leaf_weight=0.0030290148976489383 0.0015521803619685825 0.0014958209182751592
leaf_count=56 446 57
internal_value=0 0.0242589
internal_weight=0 0.003048
internal_count=559 503
is_linear=0
shrinkage=0.243386


Tree=682
num_leaves=2
num_cat=0
split_feature=7
split_gain=0.000266337
threshold=7.9347701149425296
decision_type=2
left_child=-1
right_child=-2
leaf_value=0.16678438472810606 0.031458214335234387
leaf_weight=0.0021739273644207913 0.0014270239818421817
leaf_count=70 489
internal_value=0
internal_weight=0
internal_count=559
is_linear=0
shrinkage=0.243386


Tree=683
num_leaves=6
num_cat=0
split_feature=6 12 5 9 12
split_gain=0.017795 0.0167472 0.0292345 0.0203454 0.00821339
threshold=148.55931141344362 10.051485267671277 4.6307758620689663 3.5724789915966393 10.219770441102204
decision_type=2 2 2 2 2
left_child=4 3 -3 -2 -1
right_child=1 2 -4 -5 -6
leaf_value=0.032671127221752215 -0.14394105731520393 -0.069512813807864643 0.056024009761629523 0.011121179350789353 0.15929992745023075
leaf_weight=0.086738727772612489 0.11825656943378954 0.18395536970176524 0.2729100687317807 0.086998895385931974 0.046666991722474904
leaf_count=62 73 234 107 21 62
internal_value=0 -0.0204678 0.00547702 -0.0782169 0.0769675
internal_weight=0 0.662121 0.456865 0.205255 0.133406
internal_count=559 435 341 94 124
is_linear=0
shrinkage=0.243386


Tree=684
num_leaves=5
num_cat=0
split_feature=8 6 8 8
split_gain=0.019719 0.0257368 0.0541902 0.0421283
threshold=19.358407079646017 173.93716164716167 17.770882882882887 17.611536358665941
decision_type=2 2 2 2
left_child=1 2 -1 -3
right_child=-2 3 -4 -5
leaf_value=-0.0028212051806543849 0.1359527351160349 0.00014594910974498668 -0.21882910999247379 0.21471315555516146
leaf_weight=0.32141391907385808 0.061373593254577585 0.28803702982752633 0.08753378347885743 0.066770208038036571
leaf_count=272 22 196 39 30
internal_value=0 -0.00744117 -0.0490569 0.0405248
internal_weight=0 0.763755 0.408948 0.354807
internal_count=559 537 311 226
is_linear=0
shrinkage=0.243386


Tree=685
num_leaves=2
num_cat=0
split_feature=8
split_gain=0.000197683
threshold=7.9971264367816106
decision_type=2
left_child=-1
right_child=-2
leaf_value=0.20870912786743681 0.067947660580169225
leaf_weight=0.0013780660668920586 0.0010347944513489221
leaf_count=87 472
internal_value=0
internal_weight=0
internal_count=559
is_linear=0
shrinkage=0.243386


Tree=686
num_leaves=2
num_cat=0
split_feature=6
split_gain=0.00016276
threshold=197.94930580104219
decision_type=2
left_child=-1
right_child=-2
leaf_value=0.076376714488240224 0.21394863626118513
leaf_weight=0.0010383358411698868 0.0010000709827913123
leaf_count=516 43
internal_value=0
internal_weight=0
internal_count=559
is_linear=0
shrinkage=0.243386


Tree=687
num_leaves=7
num_cat=0
split_feature=9 9 8 8 8 8
split_gain=0.016564 0.0237981 0.0260992 0.0191616 0.0277592 0.0175764
threshold=3.3573529411764711 3.4275210084033616 15.741050785298574 15.03835978835979 15.939030866246268 14.733865371269955
decision_type=2 2 2 2 2 2
left_child=3 -2 -3 5 -5 -1
right_child=1 2 -4 4 -6 -7
leaf_value=0.023352472009918024 -0.18152455505882248 0.12599015672529984 -0.056206041317420852 -0.08587559852668801 0.027889631499580229 0.21599702208506605
leaf_weight=0.062494858305629286 0.063396302851978392 0.059838701860418064 0.21009361181548769 0.16395760257250913 0.56442509257112761 0.05090837749230559
leaf_count=92 32 153 102 38 133 9
internal_value=0 -0.047333 -0.0158167 0.0167704 0.00228129 0.109833
internal_weight=0 0.333329 0.269932 0.841786 0.728383 0.113403
internal_count=559 287 255 272 171 101
is_linear=0
shrinkage=0.243386


Tree=688
num_leaves=5
num_cat=0
split_feature=11 13 6 5
split_gain=0.000807208 0.00102005 0.000685638 0.000261621
threshold=48.367816091954033 2017.5000000000002 183.09090101336815 4.2837643678160928
decision_type=2 2 2 2
left_child=1 -1 -2 -3
right_child=2 3 -4 -5
leaf_value=-0.2164135878417803 0.19058895726567326 0.15490156870623037 0.02108486045129707 -0.014712584635589814
leaf_weight=0.001175242278525369 0.0032378521193128229 0.0010198255321920565 0.0025089736059291101 0.0011418223643337741
leaf_count=93 46 12 78 330
internal_value=0 -0.0339133 0.116586 0.0653082
internal_weight=0 0.00333689 0.00574683 0.00216165
internal_count=559 435 124 342
is_linear=0
shrinkage=0.243386


Tree=689
num_leaves=3
num_cat=0
split_feature=4 8
split_gain=0.00134471 0.000250984
threshold=1.0000000180025095e-35 8.129310344827589
decision_type=2 2
left_child=-1 -2
right_child=1 -3
leaf_value=-0.2163484442786193 0.15213774942917815 -0.0043232616071303643
leaf_weight=0.0014062148648679162 0.0013568680982753989 0.001099435055141206
leaf_count=37 61 461
internal_value=0 0.0821062
internal_weight=0 0.0024563
internal_count=559 522
is_linear=0
shrinkage=0.243386


Tree=690
num_leaves=4
num_cat=0
split_feature=7 12 11
split_gain=0.000448354 0.000150258 0.000227466
threshold=7.8755747126436786 14.199786133881538 49.646551724137943
decision_type=2 2 2
left_child=-1 -2 -3
right_child=1 2 -4
leaf_value=0.19679747617757792 -0.030428114381494793 0.16044575140285586 -0.0025007477178881328
leaf_weight=0.0015477341587981641 0.0012078957460846989 0.0010027798507495911 0.0010274316918355009
leaf_count=42 437 26 54
internal_value=0 0.0375431 0.0779832
internal_weight=0 0.00323811 0.00203021
internal_count=559 517 80
is_linear=0
shrinkage=0.243386


Tree=691
num_leaves=3
num_cat=0
split_feature=10 7
split_gain=0.000144601 9.29253e-05
threshold=927.50000000000011 7.8979885057471266
decision_type=2 2
left_child=1 -1
right_child=-2 -3
leaf_value=0.16085512730157026 0.00077912796875419569 0.059374632246012138
leaf_weight=0.0010888355692202367 0.0010507444577169053 0.0010499308714967959
leaf_count=36 175 348
internal_value=0 0.111038
internal_weight=0 0.00213877
internal_count=559 384
is_linear=0
shrinkage=0.243386


Tree=692
num_leaves=6
num_cat=0
split_feature=10 10 8 8 7
split_gain=0.0128339 0.0180689 0.0508351 0.027087 0.0141563
threshold=817.50000000000011 873.50000000000011 17.660865617433419 17.915538132573062 8.0594827586206907
decision_type=2 2 2 2 2
left_child=4 3 -3 -2 -1
right_child=1 2 -4 -5 -6
leaf_value=-0.0011922785502468415 -0.020726993633934692 0.016902734692770805 -0.20573641299008677 0.14703044208444996 -0.1874032988263851
leaf_weight=0.053046769079210687 0.11296311258640818 0.35957996282404497 0.073101108633970568 0.11511679573135325 0.044447813619958865
leaf_count=43 122 276 54 19 45
internal_value=0 0.0085093 -0.020712 0.0639438 -0.0860859
internal_weight=0 0.660761 0.432681 0.22808 0.0974946
internal_count=559 471 330 141 88
is_linear=0
shrinkage=0.243386


Tree=693
num_leaves=5
num_cat=0
split_feature=13 11 6 8
split_gain=0.0161712 0.026095 0.0313488 0.0304867
threshold=2014.5000000000002 44.686781609195414 171.76912829079157 15.939030866246268
decision_type=2 2 2 2
left_child=-1 2 -2 -3
right_child=1 3 -4 -5
leaf_value=-0.06263852376406509 0.011615526331216399 0.10109603852955157 0.17649227122224886 -0.072742596295514564
leaf_weight=0.17194411305503643 0.17893736148623524 0.081003016110988535 0.11049378743837224 0.22787067244925507
leaf_count=77 126 198 46 112
internal_value=0 0.0220505 0.0745592 -0.0271529
internal_weight=0 0.598305 0.289431 0.308874
internal_count=559 482 172 310
is_linear=0
shrinkage=0.243386


Tree=694
num_leaves=2
num_cat=0
split_feature=5
split_gain=0.000283767
threshold=5.0821839080459776
decision_type=2
left_child=-1
right_child=-2
leaf_value=0.042368197540122721 0.21636038936167454
leaf_weight=0.0011695854031709366 0.0010571185653134307
leaf_count=521 38
internal_value=0
internal_weight=0
internal_count=559
is_linear=0
shrinkage=0.243386


Tree=695
num_leaves=1
num_cat=0
split_feature=
split_gain=
threshold=
decision_type=
left_child=
right_child=
leaf_value=0
leaf_weight=
leaf_count=
internal_value=
internal_weight=
internal_count=
is_linear=0
shrinkage=1


Tree=696
num_leaves=6
num_cat=0
split_feature=6 6 9 6 9
split_gain=0.0134434 0.0369866 0.0244795 0.016504 5.20286e-08
threshold=148.55931141344362 161.04138948148065 3.1913025210084043 140.46021334470845 2.8623109243697482
decision_type=2 2 2 2 2
left_child=3 -2 -3 4 -1
right_child=1 2 -4 -5 -6
leaf_value=-0.21759628878116843 0.098105122909936324 0.017647033582422013 -0.072258879080946081 -0.017717667455351652 -0.21698154481508511
leaf_weight=0.012715285748981574 0.2146184780749536 0.47581507997346512 0.28797311725816194 0.079996501626737881 0.022741240601475688
leaf_count=3 79 146 204 17 110
internal_value=0 0.00883404 -0.0162504 -0.0789809 -0.217202
internal_weight=0 0.978407 0.763788 0.115453 0.0354565
internal_count=559 429 350 130 113
is_linear=0
shrinkage=0.243386


Tree=697
num_leaves=4
num_cat=0
split_feature=8 11 10
split_gain=0.00112986 0.000806554 0.00109808
threshold=13.224793388429754 47.445402298850581 931.50000000000011
decision_type=2 2 2
left_child=-1 2 -2
right_child=1 -3 -4
leaf_value=-0.15617149146845619 0.10248997359229807 0.14938418418316382 -0.21640374408060351
leaf_weight=0.0013320495323911564 0.0016990130627847861 0.004621393974645116 0.0010258442411813506
leaf_count=191 232 41 95
internal_value=0 0.0874594 -0.017566
internal_weight=0 0.00734625 0.00272486
internal_count=559 368 327
is_linear=0
shrinkage=0.243386


Tree=698
num_leaves=3
num_cat=0
split_feature=8 8
split_gain=0.000430118 0.000374573
threshold=7.4281609195402307 7.6637931034482767
decision_type=2 2
left_child=-1 -2
right_child=1 -3
leaf_value=-0.093840815900892952 0.20199077541785099 0.02110668962100079
leaf_weight=0.0010194962150222864 0.0010969765298547431 0.001776192492115646
leaf_count=60 18 481
internal_value=0 0.0901683
internal_weight=0 0.00287317
internal_count=559 499
is_linear=0
shrinkage=0.243386


Tree=699
num_leaves=3
num_cat=0
split_feature=7 8
split_gain=0.000292537 0.00017436
threshold=8.0784482758620708 9.192421460628319
decision_type=2 2
left_child=1 -1
right_child=-2 -3
leaf_value=0.063868763942637713 0.0093448519758288166 0.18437120183981817
leaf_weight=0.0012345584577511913 0.0018406693578110339 0.0016781502968109489
leaf_count=136 295 128
internal_value=0 0.133296
internal_weight=0 0.00291271
internal_count=559 264
is_linear=0
shrinkage=0.243386


Tree=700
num_leaves=2
num_cat=0
split_feature=9
split_gain=0.000292626
threshold=3.9414285714285717
decision_type=2
left_child=-1
right_child=-2
leaf_value=0.02202407752830814 0.17367356235247519
leaf_weight=0.0017349518270736303 0.0013327472873160794
leaf_count=469 90
internal_value=0
internal_weight=0
internal_count=559
is_linear=0
shrinkage=0.243386


Tree=701
num_leaves=6
num_cat=0
split_feature=6 6 10 6 8
split_gain=0.0147612 0.0170613 0.0175443 0.011735 0.00168339
threshold=148.55931141344362 161.04138948148065 998.50000000000011 140.46021334470845 14.823770491803279
decision_type=2 2 2 2 2
left_child=3 -2 -3 4 -1
right_child=1 2 -4 -5 -6
leaf_value=0.11394098118945274 -0.070670332179680162 -0.0097533534141971776 0.14219253898982273 0.018587190007181689 0.21727264571281332
leaf_weight=0.014698974787284103 0.24166415188554424 0.29269674932886658 0.053195044239032541 0.080096703170056571 0.025612204223193658
leaf_count=85 79 322 28 17 28
internal_value=0 -0.0210522 0.0136146 0.0724904 0.179594
internal_weight=0 0.587556 0.345892 0.120408 0.0403112
internal_count=559 429 350 130 113
is_linear=0
shrinkage=0.243386


Tree=702
num_leaves=7
num_cat=0
split_feature=5 6 11 5 10 8
split_gain=0.0157019 0.0179943 0.0192048 0.0168259 0.0336015 0.00107266
threshold=4.544712643678162 177.01708605062635 45.652298850574716 4.5937643678160933 820.50000000000011 15.640653153153155
decision_type=2 2 2 2 2 2
left_child=1 5 -3 -2 -5 -1
right_child=3 2 -4 4 -6 -7
leaf_value=-0.13706843354459819 0.11427560165068942 0.21765618068421516 -0.13936772956502411 -0.14497614142766013 0.023093389586463349 -0.21724562647481291
leaf_weight=0.013826241968272368 0.085809839819416922 0.017276373733693617 0.018462866034664849 0.082470659035828398 0.48403506772382454 0.034670490006634191
leaf_count=73 37 9 95 41 234 70
internal_value=0 -0.0978201 0.0332179 0.0138395 -0.0013738 -0.194387
internal_weight=0 0.084236 0.0357392 0.652316 0.566506 0.0484967
internal_count=559 247 104 312 275 143
is_linear=0
shrinkage=0.243386


Tree=703
num_leaves=2
num_cat=0
split_feature=5
split_gain=0.000283038
threshold=5.1450000000000005
decision_type=2
left_child=-1
right_child=-2
leaf_value=0.047247028109954528 0.21635712531372836
leaf_weight=0.00120882381585595 0.0011383685837671464
leaf_count=526 33
internal_value=0
internal_weight=0
internal_count=559
is_linear=0
shrinkage=0.243386


Tree=704
num_leaves=1
num_cat=0
split_feature=
split_gain=
threshold=
decision_type=
left_child=
right_child=
leaf_value=0
leaf_weight=
leaf_count=
internal_value=
internal_weight=
internal_count=
is_linear=0
shrinkage=1


Tree=705
num_leaves=8
num_cat=0
split_feature=5 9 8 8 8 5 9
split_gain=0.0144409 0.0157143 0.0532689 0.0184209 0.014654 0.0134127 0.0129289
threshold=4.5675000000000008 3.4420168067226897 15.230928308823531 17.115045362903228 15.499929363565728 4.5040229885057483 3.2942016806722694
decision_type=2 2 2 2 2 2 2
left_child=4 3 -3 -2 6 -6 -1
right_child=1 2 -4 -5 5 -7 -8
leaf_value=0.029173324478697676 -0.037913891983468152 0.15299897712156757 -0.20156501324018342 0.043283542663355504 0.03144799200535088 0.16891884401840543 -0.18739838252397556
leaf_weight=0.052052207767547001 0.37804689323490548 0.035512926674765355 0.085603825651665133 0.29438884002229315 0.099334950587578685 0.072893592972775423 0.023792056250961188
leaf_count=75 105 56 74 60 70 25 94
internal_value=0 -0.0169016 -0.0976025 -0.00236608 0.0503761 0.0896308 -0.0387644
internal_weight=0 0.793552 0.121117 0.672436 0.248073 0.172229 0.0758443
internal_count=559 295 130 165 264 95 169
is_linear=0
shrinkage=0.243386


Tree=706
num_leaves=4
num_cat=1
split_feature=8 2 11
split_gain=0.00121765 0.000765794 0.00137217
threshold=11.773793520634497 0 47.445402298850581
decision_type=2 1 2
left_child=-1 2 -2
right_child=1 -3 -4
leaf_value=-0.21634731843593377 -0.024859471817659101 -0.10568341461175412 0.21638001901817727
leaf_weight=0.0010868773705836323 0.0026951516923311202 0.0013240341021513724 0.0028990622927551613
leaf_count=165 342 14 38
internal_value=0 0.0607626 0.100157
internal_weight=0 0.00691825 0.00559421
internal_count=559 394 380
cat_boundaries=0 1
cat_threshold=2
is_linear=0
shrinkage=0.243386


Tree=707
num_leaves=3
num_cat=0
split_feature=12 5
split_gain=0.00014439 0.000159456
threshold=14.577932923202532 4.2805459770114949
decision_type=2 2
left_child=1 -1
right_child=-2 -3
leaf_value=0.18973219674407737 0.036425172045572787 0.066117572212702175
leaf_weight=0.0016156763268250791 0.001073137379580591 0.0010011988598010867
leaf_count=63 60 436
internal_value=0 0.142438
internal_weight=0 0.00261688
internal_count=559 499
is_linear=0
shrinkage=0.243386


Tree=708
num_leaves=3
num_cat=0
split_feature=8 8
split_gain=0.00041067 0.000335873
threshold=8.8608683962898258 11.13449302134647
decision_type=2 2
left_child=-1 -2
right_child=1 -3
leaf_value=-0.073391499644863148 0.18891099507693446 0.026212501499058044
leaf_weight=0.0010137801645273472 0.0014700846003279366 0.0015379335525827938
leaf_count=103 59 397
internal_value=0 0.105727
internal_weight=0 0.00300802
internal_count=559 456
is_linear=0
shrinkage=0.243386


Tree=709
num_leaves=2
num_cat=0
split_feature=7
split_gain=8.48425e-05
threshold=7.9347701149425296
decision_type=2
left_child=-1
right_child=-2
leaf_value=0.12326941443706384 0.036351817690121066
leaf_weight=0.001786723767011722 0.00105988748892334
leaf_count=72 487
internal_value=0
internal_weight=0
internal_count=559
is_linear=0
shrinkage=0.243386


Tree=710
num_leaves=7
num_cat=0
split_feature=12 11 8 8 6 7
split_gain=0.0176821 0.0137622 0.0232395 0.0218169 0.00463962 0.01055
threshold=11.346319704188124 44.554597701149426 18.715410573678295 16.58724467622773 158.99224028420457 8.1037356321839109
decision_type=2 2 2 2 2 2
left_child=1 3 -3 -1 -2 -6
right_child=4 2 -4 -5 5 -7
leaf_value=0.09514796734019644 0.1942697574154128 -0.077202966746366952 0.075830457575108354 -0.042182428363654441 0.17718233152384941 -0.21666434579833874
leaf_weight=0.1399635515575568 0.031614104760848263 0.27764354402972558 0.074570040521393821 0.13425577066270478 0.011444600560359577 0.0062178668374915638
leaf_count=107 26 173 22 72 115 44
internal_value=0 -0.0129722 -0.044803 0.027912 0.138448 0.0385332
internal_weight=0 0.626433 0.352214 0.274219 0.0492766 0.0176625
internal_count=559 374 195 179 185 159
is_linear=0
shrinkage=0.243386


Tree=711
num_leaves=6
num_cat=0
split_feature=6 11 6 7 5
split_gain=0.016679 0.0223502 0.0203325 0.0224083 0.0121428
threshold=166.75855747030897 45.732758620689665 168.01472196847212 8.0709770114942554 4.5744252873563225
decision_type=2 2 2 2 2
left_child=1 4 -2 -4 -1
right_child=2 -3 3 -5 -6
leaf_value=-0.0060036252045037692 0.11829616399351431 0.13336328612106613 0.10745222814855822 -0.029806520759753645 -0.21744912854730411
leaf_weight=0.022808244310659406 0.091483114890735351 0.020017607089381662 0.084863678799017128 0.41500809087022161 0.05460669855540963
leaf_count=93 17 31 114 158 146
internal_value=0 -0.0958766 0.0128027 -0.00650398 -0.155152
internal_weight=0 0.0974325 0.591355 0.499872 0.0774149
internal_count=559 270 289 272 239
is_linear=0
shrinkage=0.243386


Tree=712
num_leaves=1
num_cat=0
split_feature=
split_gain=
threshold=
decision_type=
left_child=
right_child=
leaf_value=0
leaf_weight=
leaf_count=
internal_value=
internal_weight=
internal_count=
is_linear=0
shrinkage=1


Tree=713
num_leaves=1
num_cat=0
split_feature=
split_gain=
threshold=
decision_type=
left_child=
right_child=
leaf_value=0
leaf_weight=
leaf_count=
internal_value=
internal_weight=
internal_count=
is_linear=0
shrinkage=1


Tree=714
num_leaves=5
num_cat=0
split_feature=12 7 9 7
split_gain=0.0141112 0.0202533 0.0214524 0.0161522
threshold=9.2098472519112615 8.0606321839080461 3.1637815126050426 8.1002873563218412
decision_type=2 2 2 2
left_child=-1 2 -2 -3
right_child=1 3 -4 -5
leaf_value=0.11066538595490502 0.015086317318828974 0.068664095554164126 -0.18539171127193324 -0.013299152949414864
leaf_weight=0.063238960345823436 0.056174838833770585 0.18800334100735772 0.072326907012311398 0.58747567460806971
leaf_count=30 53 105 149 222
internal_value=0 -0.00825813 -0.0977523 0.00657162
internal_weight=0 0.903981 0.128502 0.775479
internal_count=559 529 202 327
is_linear=0
shrinkage=0.243386


Tree=715
num_leaves=4
num_cat=0
split_feature=8 5 8
split_gain=0.000528921 0.000595879 0.000372595
threshold=16.086990497624409 4.3910919540229889 14.351916292107679
decision_type=2 2 2
left_child=2 -2 -1
right_child=1 -3 -4
leaf_value=0.083979061674731251 0.1885630297913363 -0.024330483804187137 -0.076874203056567475
leaf_weight=0.001686625210046408 0.0029752943060685766 0.0010549297370656572 0.0017259830554824801
leaf_count=208 33 199 119
internal_value=0 0.132837 0.00262486
internal_weight=0 0.00403022 0.00341261
internal_count=559 232 327
is_linear=0
shrinkage=0.243386


Tree=716
num_leaves=2
num_cat=0
split_feature=10
split_gain=0.000199626
threshold=895.50000000000011
decision_type=2
left_child=-1
right_child=-2
leaf_value=-0.036589788110094688 0.092980306234353952
leaf_weight=0.0016291204290282339 0.0012408655857843796
leaf_count=275 284
internal_value=0
internal_weight=0
internal_count=559
is_linear=0
shrinkage=0.243386


Tree=717
num_leaves=3
num_cat=1
split_feature=7 2
split_gain=0.0006077 0.000381113
threshold=7.9106321839080467 0
decision_type=2 1
left_child=-1 -2
right_child=1 -3
leaf_value=0.18328865576941655 -0.10420711282595148 0.081747432732436953
leaf_weight=0.0011350744726179585 0.0016111089279039104 0.0010977048472572866
leaf_count=65 476 18
internal_value=0 -0.0288519
internal_weight=0 0.00270881
internal_count=559 494
cat_boundaries=0 1
cat_threshold=2
is_linear=0
shrinkage=0.243386


Tree=718
num_leaves=2
num_cat=0
split_feature=7
split_gain=4.93043e-05
threshold=7.9290229885057473
decision_type=2
left_child=-1
right_child=-2
leaf_value=0.13522871064840369 0.063822116302117343
leaf_weight=0.0013143197820326691 0.0010152541702260895
leaf_count=72 487
internal_value=0
internal_weight=0
internal_count=559
is_linear=0
shrinkage=0.243386


Tree=719
num_leaves=5
num_cat=0
split_feature=9 9 7 6
split_gain=0.0126766 0.013639 0.0280463 0.00548994
threshold=2.8623109243697482 2.9955882352941186 8.164655172413795 157.0792745258066
decision_type=2 2 2 2
left_child=3 -2 -3 -1
right_child=1 2 -4 -5
leaf_value=-0.037148535414242713 0.12474049694217844 0.018110770423372148 -0.1584532445228832 -0.21669511505090647
leaf_weight=0.019399473436976622 0.055934336622007086 0.47923136168337399 0.05995960805306777 0.021017236001529105
leaf_count=19 48 368 60 64
internal_value=0 0.0103436 -0.00152366 -0.130515
internal_weight=0 0.595125 0.539191 0.0404167
internal_count=559 476 428 83
is_linear=0
shrinkage=0.243386


Tree=720
num_leaves=6
num_cat=0
split_feature=6 11 14 9 12
split_gain=0.016099 0.0173892 0.01377 0.0470486 0.00594925
threshold=181.92952511009045 45.652298850574716 1065000.0000000002 3.0362184873949585 11.200298937100628
decision_type=2 2 2 2 2
left_child=2 -2 3 -1 -3
right_child=1 4 -4 -5 -6
leaf_value=-0.188862001059839 0.2170289088631959 0.057376807943044679 0.063039182800564295 0.0056107587627373763 -0.20502773957212314
leaf_weight=0.090626916778623945 0.038483358120174727 0.011487886455142871 0.11471336541772342 0.39436019841321923 0.0092305255511664908
leaf_count=83 51 4 76 254 91
internal_value=0 0.120243 -0.0127929 -0.0307293 -0.0595304
internal_weight=0 0.0592018 0.5997 0.484987 0.0207184
internal_count=559 146 413 337 95
is_linear=0
shrinkage=0.243386


Tree=721
num_leaves=1
num_cat=0
split_feature=
split_gain=
threshold=
decision_type=
left_child=
right_child=
leaf_value=0
leaf_weight=
leaf_count=
internal_value=
internal_weight=
internal_count=
is_linear=0
shrinkage=1


Tree=722
num_leaves=1
num_cat=0
split_feature=
split_gain=
threshold=
decision_type=
left_child=
right_child=
leaf_value=0
leaf_weight=
leaf_count=
internal_value=
internal_weight=
internal_count=
is_linear=0
shrinkage=1


Tree=723
num_leaves=6
num_cat=0
split_feature=9 14 10 5 10
split_gain=0.0139128 0.032866 0.0146719 0.0168704 4.42991e-07
threshold=3.659411764705883 1478950.0000000002 950.50000000000011 4.5610344827586218 1023.5000000000001
decision_type=2 2 2 2 2
left_child=2 4 3 -1 -2
right_child=1 -3 -4 -5 -6
leaf_value=0.066681260550114169 -0.21683180704172211 0.16366705929284822 0.079897228408949653 -0.024623178788590907 -0.21853190360907326
leaf_weight=0.15223131367486564 0.034154982236837411 0.018851511125241416 0.14410705084441555 0.56401414999468369 0.012366173764292304
leaf_count=141 142 16 76 174 10
internal_value=0 -0.107429 0.00903921 -0.00521727 -0.217284
internal_weight=0 0.0653727 0.860353 0.716245 0.0465212
internal_count=559 168 391 315 152
is_linear=0
shrinkage=0.243386


Tree=724
num_leaves=4
num_cat=0
split_feature=7 5 7
split_gain=0.000506356 0.000485555 0.000426251
threshold=8.161206896551727 4.3910919540229889 8.0795977011494262
decision_type=2 2 2
left_child=1 2 -1
right_child=-2 -3 -4
leaf_value=0.02916958659259717 -0.08356865932488948 -0.071268673693221291 0.20141394202880961
leaf_weight=0.0015914770017838101 0.0015622444050667813 0.0010033345886892872 0.0018293563903402088
leaf_count=99 75 352 33
internal_value=0 0.0776133 0.121281
internal_weight=0 0.00442417 0.00342083
internal_count=559 484 132
is_linear=0
shrinkage=0.243386


Tree=725
num_leaves=2
num_cat=0
split_feature=6
split_gain=0.000422847
threshold=191.00654598074823
decision_type=2
left_child=-1
right_child=-2
leaf_value=-0.033701947692901753 0.1438685905853557
leaf_weight=0.001998828931258204 0.0013183263333472334
leaf_count=476 83
internal_value=0
internal_weight=0
internal_count=559
is_linear=0
shrinkage=0.243386


Tree=726
num_leaves=3
num_cat=0
split_feature=11 7
split_gain=0.000826556 0.000693572
threshold=48.988505747126446 8.0215517241379342
decision_type=2 2
left_child=-1 -2
right_child=1 -3
leaf_value=-0.13865796887319853 0.20230167785418834 -0.0035322488277988433
leaf_weight=0.0010379904683002492 0.0020677214561151125 0.0018261637182639678
leaf_count=445 55 59
internal_value=0 0.105769
internal_weight=0 0.00389389
internal_count=559 114
is_linear=0
shrinkage=0.243386


Tree=727
num_leaves=2
num_cat=0
split_feature=7
split_gain=0.000160319
threshold=7.9267241379310356
decision_type=2
left_child=-1
right_child=-2
leaf_value=0.15036692491476422 0.022181183157896394
leaf_weight=0.0013404499270102121 0.0010160382443943619
leaf_count=76 483
internal_value=0
internal_weight=0
internal_count=559
is_linear=0
shrinkage=0.243386


Tree=728
num_leaves=4
num_cat=0
split_feature=10 14 10
split_gain=0.0120615 0.0129196 0.023156
threshold=817.50000000000011 813500.00000000012 820.50000000000011
decision_type=2 2 2
left_child=-1 -2 -3
right_child=1 2 -4
leaf_value=-0.094251789889344614 -0.11325438366186456 0.21530358110627901 0.0075501846539603934
leaf_weight=0.074152473600730406 0.045555913223936151 0.034222308308287097 0.44538016609909126
leaf_count=79 62 8 410
internal_value=0 0.0106091 0.0223745
internal_weight=0 0.525158 0.479602
internal_count=559 480 418
is_linear=0
shrinkage=0.243386


Tree=729
num_leaves=6
num_cat=0
split_feature=6 6 6 11 12
split_gain=0.0133902 0.0294863 0.0242693 0.0162736 0.0115296
threshold=166.75855747030897 167.65313102601894 171.76912829079157 45.732758620689665 9.8009123845121859
decision_type=2 2 2 2 2
left_child=3 -2 -3 4 -1
right_child=1 2 -4 -5 -6
leaf_value=0.021371417744814925 0.16655982452506318 -0.098934209026563968 0.025751669496699228 0.11715970522408016 -0.20764547903701183
leaf_weight=0.017824892041551195 0.065921277467793971 0.12557277826788082 0.35081689713924669 0.017640742517668145 0.048325472362059994
leaf_count=63 11 35 243 34 173
internal_value=0 0.0139966 -0.0071146 -0.0905447 -0.145935
internal_weight=0 0.542311 0.47639 0.0837911 0.0661504
internal_count=559 289 278 270 236
is_linear=0
shrinkage=0.243386


Tree=730
num_leaves=2
num_cat=0
split_feature=8
split_gain=0.000262935
threshold=7.6340110291674979
decision_type=2
left_child=-1
right_child=-2
leaf_value=0.20577365971238834 0.031047233815948334
leaf_weight=0.0010037994454252797 0.0010374726567052676
leaf_count=66 493
internal_value=0
internal_weight=0
internal_count=559
is_linear=0
shrinkage=0.243386


Tree=731
num_leaves=1
num_cat=0
split_feature=
split_gain=
threshold=
decision_type=
left_child=
right_child=
leaf_value=0
leaf_weight=
leaf_count=
internal_value=
internal_weight=
internal_count=
is_linear=0
shrinkage=1


Tree=732
num_leaves=7
num_cat=0
split_feature=9 5 8 5 5 5
split_gain=0.0100264 0.0140128 0.0170542 0.0136745 0.01187 0.0248888
threshold=3.5652100840336138 4.5008908045977014 15.109722222222222 4.6499425287356333 4.5040229885057483 4.5706609195402308
decision_type=2 2 2 2 2 2
left_child=1 2 -1 -3 -2 -6
right_child=4 3 -4 -5 5 -7
leaf_value=-0.026753226935312912 -0.2177209803646199 -0.042785397701086268 0.1867188059038081 0.026338258798330696 0.15430994049578142 -0.14832585298852705
leaf_weight=0.037856841093495741 0.025441007377550978 0.29571447409072915 0.053494809285894007 0.39730296522155406 0.027611242966711247 0.03860259753022896
leaf_count=93 77 96 43 128 19 103
internal_value=0 0.00865371 0.0982543 -0.0031572 -0.0764184 -0.0221264
internal_weight=0 0.784369 0.0913517 0.693017 0.0916548 0.0662138
internal_count=559 360 136 224 199 122
is_linear=0
shrinkage=0.243386


Tree=733
num_leaves=4
num_cat=0
split_feature=5 6 11
split_gain=0.000453291 0.000422048 0.000357632
threshold=3.9177011494252878 176.78721580027999 47.152298850574716
decision_type=2 2 2
left_child=-1 2 -2
right_child=1 -3 -4
leaf_value=0.21325008678624041 -0.029165214528279259 -0.068160511787812475 0.13857186830189455
leaf_weight=0.00102712238506908 0.0011180058020846323 0.0015832168528240424 0.0023059982695432524
leaf_count=12 318 188 41
internal_value=0 0.0357537 0.0838024
internal_weight=0 0.00500722 0.003424
internal_count=559 547 359
is_linear=0
shrinkage=0.243386


Tree=734
num_leaves=3
num_cat=0
split_feature=4 14
split_gain=0.00140285 0.000298341
threshold=1.0000000180025095e-35 917450.00000000012
decision_type=2 2
left_child=-1 -2
right_child=1 -3
leaf_value=-0.21634792438151815 0.19154180586982039 0.026955703961167584
leaf_weight=0.0011615547123837722 0.0012416183389357511 0.0013747800950692317
leaf_count=28 169 362
internal_value=0 0.10506
internal_weight=0 0.0026164
internal_count=559 531
is_linear=0
shrinkage=0.243386


Tree=735
num_leaves=3
num_cat=0
split_feature=10 9
split_gain=0.000578391 0.000451729
threshold=926.50000000000011 3.5188235294117649
decision_type=2 2
left_child=1 -1
right_child=-2 -3
leaf_value=-0.12459925608658205 0.17419403357618421 0.087146465493506561
leaf_weight=0.0012461970870514848 0.0013907887600639974 0.0011453167173748862
leaf_count=249 184 126
internal_value=0 -0.0231924
internal_weight=0 0.00239151
internal_count=559 375
is_linear=0
shrinkage=0.243386


Tree=736
num_leaves=2
num_cat=0
split_feature=9
split_gain=0.000118927
threshold=3.481176470588236
decision_type=2
left_child=-1
right_child=-2
leaf_value=0.11861187655722617 0.0081359059335367728
leaf_weight=0.0012296764744298 0.0010878570534142967
leaf_count=328 231
internal_value=0
internal_weight=0
internal_count=559
is_linear=0
shrinkage=0.243386


Tree=737
num_leaves=7
num_cat=0
split_feature=8 8 11 8 5 7
split_gain=0.00925102 0.00871746 0.0194203 0.0155862 0.00582815 0.00475336
threshold=14.097167584579074 15.779060066740826 44.267241379310356 16.742217130214922 4.7326436781609207 8.089367816091956
decision_type=2 2 2 2 2 2
left_child=4 2 -2 -3 5 -1
right_child=1 3 -4 -5 -6 -7
leaf_value=-0.19727416415441776 0.050278455963164707 0.082333525351088496 -0.1329930657406487 -0.023502306329296545 0.18686873376685723 0.082074753132074157
leaf_weight=0.0050334883811766476 0.056132121146049485 0.1181714881644389 0.087856274305226245 0.27249694230675359 0.023983049924865441 0.012743326951471762
leaf_count=131 26 82 76 175 49 20
internal_value=0 -0.0103559 -0.0615469 0.00851149 0.108588 0.00297737
internal_weight=0 0.534657 0.143988 0.390668 0.0417599 0.0177768
internal_count=559 359 102 257 200 151
is_linear=0
shrinkage=0.243386


Tree=738
num_leaves=4
num_cat=0
split_feature=14 10 10
split_gain=0.0105833 0.019882 0.0227884
threshold=813500.00000000012 813.50000000000011 820.50000000000011
decision_type=2 2 2
left_child=-1 -2 -3
right_child=1 2 -4
leaf_value=0.082953351392354074 0.13808899851456261 -0.2097270741884486 -0.0117709384714567
leaf_weight=0.079588243828155103 0.047185483277859208 0.037466737026081054 0.42757491238763512
leaf_count=72 66 15 406
internal_value=0 -0.0124456 -0.0277196
internal_weight=0 0.512227 0.465042
internal_count=559 487 421
is_linear=0
shrinkage=0.243386


Tree=739
num_leaves=2
num_cat=0
split_feature=7
split_gain=0.000146413
threshold=8.0152298850574724
decision_type=2
left_child=-1
right_child=-2
leaf_value=0.20362715388325628 0.081141749292282475
leaf_weight=0.0012329004088306658 0.0010884836581662206
leaf_count=133 426
internal_value=0
internal_weight=0
internal_count=559
is_linear=0
shrinkage=0.243386


Tree=740
num_leaves=1
num_cat=0
split_feature=
split_gain=
threshold=
decision_type=
left_child=
right_child=
leaf_value=0
leaf_weight=
leaf_count=
internal_value=
internal_weight=
internal_count=
is_linear=0
shrinkage=1


Tree=741
num_leaves=5
num_cat=0
split_feature=7 9 6 12
split_gain=0.0117947 0.0125977 0.0169493 0.0132143
threshold=8.2040229885057485 3.37827731092437 163.03832852553225 10.785082351924229
decision_type=2 2 2 2
left_child=1 3 -3 -1
right_child=-2 2 -4 -5
leaf_value=0.030493169195208135 0.10209784775284346 0.018750984271404703 -0.13327663047654723 -0.054520168399724227
leaf_weight=0.44581720492446542 0.063318438409512012 0.079349822283006036 0.095993406419346936 0.14306495482940074
leaf_count=141 37 113 150 118
internal_value=0 -0.00721166 -0.0644781 0.00983975
internal_weight=0 0.764225 0.175343 0.588882
internal_count=559 522 263 259
is_linear=0
shrinkage=0.243386


Tree=742
num_leaves=4
num_cat=0
split_feature=7 11 6
split_gain=0.000424577 0.000360875 5.52277e-05
threshold=8.161206896551727 48.836206896551737 167.65313102601894
decision_type=2 2 2
left_child=1 2 -1
right_child=-2 -3 -4
leaf_value=-0.0023270049275212318 -0.05331505440606657 0.18073146353799691 0.075865307891984576
leaf_weight=0.0011422704102132775 0.001403274804301349 0.0018598651992502435 0.0010066175020663566
leaf_count=232 74 95 158
internal_value=0 0.102238 0.0343011
internal_weight=0 0.00400875 0.00214889
internal_count=559 485 390
is_linear=0
shrinkage=0.243386


Tree=743
num_leaves=3
num_cat=0
split_feature=9 9
split_gain=0.00097082 0.000254279
threshold=2.8028991596638657 3.2753361344537821
decision_type=2 2
left_child=-1 -2
right_child=1 -3
leaf_value=0.1963892662911928 -0.15261932211457147 -0.0051627481565323201
leaf_weight=0.0010000233213488521 0.001472187996035655 0.0013084377682820584
leaf_count=73 179 307
internal_value=0 -0.0832329
internal_weight=0 0.00278063
internal_count=559 486
is_linear=0
shrinkage=0.243386


Tree=744
num_leaves=3
num_cat=0
split_feature=7 6
split_gain=0.000522653 0.000349621
threshold=7.9347701149425296 192.54953961104692
decision_type=2 2
left_child=-1 -2
right_child=1 -3
leaf_value=0.19173877486307367 -0.082211744663963679 0.095129353530217856
leaf_weight=0.0014876766525300511 0.0012477654929333119 0.0013944650469268627
leaf_count=71 430 58
internal_value=0 0.0113819
internal_weight=0 0.00264223
internal_count=559 488
is_linear=0
shrinkage=0.243386


Tree=745
num_leaves=2
num_cat=0
split_feature=10
split_gain=0.000124167
threshold=921.50000000000011
decision_type=2
left_child=-1
right_child=-2
leaf_value=0.051229305817902443 -0.059412275233556404
leaf_weight=0.001370069176618899 0.0010701598086827902
leaf_count=359 200
internal_value=0
internal_weight=0
internal_count=559
is_linear=0
shrinkage=0.243386


Tree=746
num_leaves=7
num_cat=0
split_feature=6 10 10 15 6 8
split_gain=0.0106225 0.00949493 0.0304703 0.0232929 0.00762396 0.00148437
threshold=148.55931141344362 852.50000000000011 853.50000000000011 95.000000000000014 140.46021334470845 14.823770491803279
decision_type=2 2 2 2 2 2
left_child=4 3 -3 -2 5 -1
right_child=1 2 -4 -5 -6 -7
leaf_value=0.1007183321227046 0.064173535576983409 0.18351078043857377 -0.02878091847431364 -0.16149452056439556 0.02407649438353537 0.21702742978096762
leaf_weight=0.010061169443193962 0.042599697073147008 0.046680789038873627 0.2819450551217727 0.074437235441191713 0.063169733080712831 0.018363165367190959
leaf_count=84 33 5 289 104 17 27
internal_value=0 -0.0198258 0.00137479 -0.0793547 0.0711789 0.175858
internal_weight=0 0.445663 0.328626 0.117037 0.0915941 0.0284243
internal_count=559 431 294 137 128 111
is_linear=0
shrinkage=0.243386


Tree=747
num_leaves=6
num_cat=0
split_feature=6 11 8 7 5
split_gain=0.0118558 0.0130773 0.0255606 0.0112273 0.00988502
threshold=166.75855747030897 44.686781609195414 15.939030866246268 8.0181034482758644 4.5744252873563225
decision_type=2 2 2 2 2
left_child=3 -2 -3 -1 -5
right_child=1 2 -4 4 -6
leaf_value=0.16386777620459858 0.057725780836885329 0.094817045166050037 -0.068721759285628362 0.019220658841904926 -0.19363674808815909
leaf_weight=0.0087970599307670289 0.21922437695417329 0.079361726530028265 0.19750850810567044 0.018430291505119115 0.043256367891749609
leaf_count=64 76 140 73 87 119
internal_value=0 0.0133172 -0.0218452 -0.0933581 -0.130041
internal_weight=0 0.496095 0.27687 0.0704837 0.0616867
internal_count=559 289 213 270 206
is_linear=0
shrinkage=0.243386


Tree=748
num_leaves=2
num_cat=0
split_feature=8
split_gain=0.000368364
threshold=7.6637931034482767
decision_type=2
left_child=-1
right_child=-2
leaf_value=0.20361317080891275 -0.0018821149546964762
leaf_weight=0.0010266603690265441 0.0010403552462204414
leaf_count=65 494
internal_value=0
internal_weight=0
internal_count=559
is_linear=0
shrinkage=0.243386


Tree=749
num_leaves=1
num_cat=0
split_feature=
split_gain=
threshold=
decision_type=
left_child=
right_child=
leaf_value=0
leaf_weight=
leaf_count=
internal_value=
internal_weight=
internal_count=
is_linear=0
shrinkage=1


Tree=750
num_leaves=7
num_cat=0
split_feature=8 9 6 12 11 6
split_gain=0.0101552 0.0391785 0.0355077 0.0288953 0.0178324 0.0123388
threshold=17.115045362903228 3.0928571428571439 168.52626518221641 10.24379015307721 44.514367816091955 169.61679864076447
decision_type=2 2 2 2 2 2
left_child=1 4 -3 -2 -1 -5
right_child=3 2 -4 5 -6 -7
leaf_value=-0.022198239398479775 -0.043294411461811927 -0.020781924359059286 -0.21400906729184269 0.034362900563548793 0.12587874863675358 0.16020258388736017
leaf_weight=0.088101551433138914 0.1598490793063263 0.16474326109584053 0.085609658891869389 0.091202383573712353 0.10630453750662028 0.093448418963511415
leaf_count=37 57 151 143 50 86 35
internal_value=0 -0.0232016 -0.0868571 0.0324647 0.0587728 0.0980481
internal_weight=0 0.444759 0.250353 0.3445 0.194406 0.184651
internal_count=559 417 294 142 123 85
is_linear=0
shrinkage=0.243386


Tree=751
num_leaves=5
num_cat=0
split_feature=6 11 7 13
split_gain=0.000353339 0.00030562 0.00021923 6.52446e-05
threshold=173.0422265131908 48.804597701149433 8.1014367816091966 2018.5000000000002
decision_type=2 2 2 2
left_child=1 3 -2 -1
right_child=2 -3 -4 -5
leaf_value=0.0047550487716500767 -0.10457300893110576 0.20472283035169231 0.043578855196071763 0.090183086126655043
leaf_weight=0.0010897363208157368 0.0010804288453579564 0.0010927404120479878 0.0013078977015464613 0.0010302674157210358
leaf_count=90 138 20 93 218
internal_value=0 0.100165 -0.0234419 0.0462709
internal_weight=0 0.00321274 0.00238833 0.00212
internal_count=559 328 231 308
is_linear=0
shrinkage=0.243386


Tree=752
num_leaves=2
num_cat=0
split_feature=10
split_gain=0.000279404
threshold=820.50000000000011
decision_type=2
left_child=-1
right_child=-2
leaf_value=0.17483114936228988 0.027532118460299775
leaf_weight=0.001262991044158531 0.0019262366715020872
leaf_count=102 457
internal_value=0
internal_weight=0
internal_count=559
is_linear=0
shrinkage=0.243386


Tree=753
num_leaves=3
num_cat=0
split_feature=8 7
split_gain=0.00107747 0.000328135
threshold=8.3178962844159319 8.0784482758620708
decision_type=2 2
left_child=-1 -2
right_child=1 -3
leaf_value=-0.19497494057293349 0.17111913187387301 0.0029872550475761421
leaf_weight=0.0010211475253591546 0.0015641806302790929 0.0012269971173257399
leaf_count=93 174 292
internal_value=0 0.0972086
internal_weight=0 0.00279118
internal_count=559 466
is_linear=0
shrinkage=0.243386


Tree=754
num_leaves=2
num_cat=0
split_feature=6
split_gain=0.000229568
threshold=117.22009390297683
decision_type=2
left_child=-1
right_child=-2
leaf_value=0.12589573625265901 -0.022694818771626137
leaf_weight=0.0011108654270248763 0.0013823482217633042
leaf_count=63 496
internal_value=0
internal_weight=0
internal_count=559
is_linear=0
shrinkage=0.243386


Tree=755
num_leaves=7
num_cat=0
split_feature=6 12 7 12 9 10
split_gain=0.00818542 0.00826073 0.0282687 0.0154685 0.00300883 0.00983248
threshold=148.55931141344362 10.434205750222777 8.1985632183908077 10.051485267671277 3.1086974789915973 891.50000000000011
decision_type=2 2 2 2 2 2
left_child=4 3 -3 -2 -1 -6
right_child=1 2 -4 -5 5 -7
leaf_value=0.017236558666124079 -0.058011860837125909 -0.1144400197409788 0.18268264158123568 0.056468795455361008 0.20373129193007991 -0.02681665605539308
leaf_weight=0.041606650486187335 0.1246546298432758 0.11672042000070609 0.022648760345380325 0.15921702277709926 0.026383100827793271 0.018742574003518087
leaf_count=21 95 246 25 65 47 60
internal_value=0 -0.0176273 -0.0661549 0.00619768 0.0644466 0.107975
internal_weight=0 0.423241 0.139369 0.283872 0.0867323 0.0451257
internal_count=559 431 271 160 128 107
is_linear=0
shrinkage=0.243386


Tree=756
num_leaves=6
num_cat=0
split_feature=6 11 9 7 11
split_gain=0.0148998 0.0121343 0.0111994 0.012343 0.000209836
threshold=181.92952511009045 45.652298850574716 2.898571428571429 8.0864942528735657 45.689655172413801
decision_type=2 2 2 2 2
left_child=2 -2 -1 -4 -3
right_child=1 4 3 -5 -6
leaf_value=-0.10837491541801164 0.21699862490152849 -0.091608701068203555 0.059247968933757993 -0.029619350109282197 -0.030584493142093112
leaf_weight=0.064059819239730642 0.031089072192941103 0.0065175156341865659 0.14139550646438193 0.26817806838451819 0.0068417328440056324
leaf_count=78 52 2 173 170 84
internal_value=0 0.133638 -0.0137413 0.00105997 -0.0603561
internal_weight=0 0.0444483 0.473633 0.409574 0.0133592
internal_count=559 138 421 343 86
is_linear=0
shrinkage=0.243386


Tree=757
num_leaves=2
num_cat=0
split_feature=5
split_gain=0.000360351
threshold=5.0821839080459776
decision_type=2
left_child=-1
right_child=-2
leaf_value=0.026463177380548299 0.21635622956950465
leaf_weight=0.001109500171872323 0.0012690778361417188
leaf_count=524 35
internal_value=0
internal_weight=0
internal_count=559
is_linear=0
shrinkage=0.243386


Tree=758
num_leaves=1
num_cat=0
split_feature=
split_gain=
threshold=
decision_type=
left_child=
right_child=
leaf_value=0
leaf_weight=
leaf_count=
internal_value=
internal_weight=
internal_count=
is_linear=0
shrinkage=1


Tree=759
num_leaves=7
num_cat=0
split_feature=5 7 9 9 5 6
split_gain=0.0110203 0.0237224 0.0158882 0.0171241 0.00441824 0.0040135
threshold=4.7365517241379322 8.1272988505747144 2.869117647058824 2.9779411764705888 4.7893678160919544 172.97674782766779
decision_type=2 2 2 2 2 2
left_child=2 4 5 -4 -2 -1
right_child=1 -3 3 -5 -6 -7
leaf_value=0.17766321341665708 0.067890490526549066 -0.15558866766786308 -0.13237015719181694 0.01925356448175863 -0.029833208960458497 0.066102693301504978
leaf_weight=0.039007796995207622 0.059308332227298727 0.073751751308236635 0.049268259311141094 0.42249150498778898 0.050948263994259196 0.037435044068391932
leaf_count=47 27 38 27 320 67 33
internal_value=0 -0.0487392 0.0200977 0.00341873 0.0227335 0.123031
internal_weight=0 0.184008 0.548203 0.47176 0.110257 0.0764428
internal_count=559 132 427 347 94 80
is_linear=0
shrinkage=0.243386


Tree=760
num_leaves=4
num_cat=0
split_feature=9 9 8
split_gain=0.000583993 0.000426856 0.000356044
threshold=3.7797058823529412 2.8808823529411769 17.242428785607199
decision_type=2 2 2
left_child=1 -1 -3
right_child=-2 2 -4
leaf_value=0.12825157981199989 0.19814578863733284 -0.11226571150147301 0.059486617087869537
leaf_weight=0.0013472613693562927 0.0013612201668810695 0.0016416989372161983 0.0012665729047442887
leaf_count=103 124 247 85
internal_value=0 0.0149984 -0.0374664
internal_weight=0 0.00425553 0.00290827
internal_count=559 435 332
is_linear=0
shrinkage=0.243386


Tree=761
num_leaves=2
num_cat=0
split_feature=11
split_gain=0.000513277
threshold=49.99712643678162
decision_type=2
left_child=-1
right_child=-2
leaf_value=-0.032427578980811687 0.15889744314786791
leaf_weight=0.0018320102678183589 0.0015195695926668029
leaf_count=507 52
internal_value=0
internal_weight=0
internal_count=559
is_linear=0
shrinkage=0.243386


Tree=762
num_leaves=2
num_cat=0
split_feature=8
split_gain=0.000174996
threshold=11.13449302134647
decision_type=2
left_child=-1
right_child=-2
leaf_value=0.082354076793373601 -0.047962787796096563
leaf_weight=0.00124513566066493 0.0011974210862806482
leaf_count=154 405
internal_value=0
internal_weight=0
internal_count=559
is_linear=0
shrinkage=0.243386


Tree=763
num_leaves=2
num_cat=0
split_feature=7
split_gain=0.00030634
threshold=7.9290229885057473
decision_type=2
left_child=-1
right_child=-2
leaf_value=0.13666948726551825 -0.040063032690672289
leaf_weight=0.0012846792462060108 0.0010606468551794647
leaf_count=63 496
internal_value=0
internal_weight=0
internal_count=559
is_linear=0
shrinkage=0.243386


Tree=764
num_leaves=7
num_cat=0
split_feature=12 12 4 9 6 5
split_gain=0.00826587 0.0121056 0.0262444 0.0185836 0.00550211 0.00734487
threshold=11.261846804132231 10.434205750222777 0.16500000000000004 3.0928571428571439 157.84098455338156 4.5706609195402308
decision_type=2 2 2 2 2 2
left_child=1 3 -3 -1 -2 -6
right_child=4 2 -4 -5 5 -7
leaf_value=-0.10750882988626562 0.18638364765387325 -0.18919887656162673 0.051056252077796627 0.036611326213422987 0.13201208843928047 -0.21654660517715149
leaf_weight=0.065889345915344677 0.021180380225516146 0.061927349130471043 0.047661226156350267 0.27091975883388386 0.0090159810898242793 0.005940875248510836
leaf_count=84 35 99 29 156 134 22
internal_value=0 -0.0144448 -0.0847094 0.00841737 0.106578 -0.0064357
internal_weight=0 0.446398 0.109589 0.336809 0.0361372 0.0149569
internal_count=559 368 128 240 191 156
is_linear=0
shrinkage=0.243386


Tree=765
num_leaves=7
num_cat=0
split_feature=6 11 9 11 6 12
split_gain=0.0111627 0.00991192 0.00985198 0.0244214 0.0162397 0.000225544
threshold=181.92952511009045 45.652298850574716 3.1913025210084043 44.704022988505756 169.11773768427648 10.801819808151874
decision_type=2 2 2 2 2 2
left_child=2 -2 3 -1 -4 -3
right_child=1 5 4 -5 -6 -7
leaf_value=0.0065915158399485144 0.21688376464764539 -0.011647308795150432 -0.06050658266298628 -0.16987997178742104 0.073799657510210157 -0.076727501044486501
leaf_weight=0.15505812190288218 0.025074568020272636 0.0058139583270531148 0.083253872490187564 0.06632173655782278 0.14837757206064239 0.0068959729703107486
leaf_count=65 48 3 174 96 81 92
internal_value=0 0.128133 -0.00956237 -0.0462764 0.0255268 -0.0469576
internal_weight=0 0.0377845 0.453011 0.22138 0.231631 0.0127099
internal_count=559 143 416 161 255 95
is_linear=0
shrinkage=0.243386


Tree=766
num_leaves=1
num_cat=0
split_feature=
split_gain=
threshold=
decision_type=
left_child=
right_child=
leaf_value=0
leaf_weight=
leaf_count=
internal_value=
internal_weight=
internal_count=
is_linear=0
shrinkage=1


Tree=767
num_leaves=1
num_cat=0
split_feature=
split_gain=
threshold=
decision_type=
left_child=
right_child=
leaf_value=0
leaf_weight=
leaf_count=
internal_value=
internal_weight=
internal_count=
is_linear=0
shrinkage=1


Tree=768
num_leaves=5
num_cat=0
split_feature=12 7 6 9
split_gain=0.00919699 0.012355 0.0136782 0.0135865
threshold=9.2098472519112615 8.0606321839080461 173.93716164716167 3.3073529411764713
decision_type=2 2 2 2
left_child=-1 3 -3 -2
right_child=1 2 -4 -5
leaf_value=0.10167807801328609 -0.016067682537883599 0.028952619726513518 -0.057537781111972747 -0.21220392052449222
leaf_weight=0.048947551545623913 0.053692905129876338 0.40335740351303462 0.14807709561936377 0.034276807960313412
leaf_count=28 76 208 126 121
internal_value=0 -0.00778563 0.00572729 -0.0924909
internal_weight=0 0.639404 0.551434 0.0879697
internal_count=559 531 334 197
is_linear=0
shrinkage=0.243386


Tree=769
num_leaves=4
num_cat=0
split_feature=10 7 11
split_gain=0.000466284 0.000306407 0.000778703
threshold=852.50000000000011 8.0669540229885079 47.669540229885065
decision_type=2 2 2
left_child=-1 -2 -3
right_child=1 2 -4
leaf_value=0.14846126096979795 0.10072372160011459 -0.21636861119997211 0.061307509562767877
leaf_weight=0.0016836282271239836 0.0010837432045012791 0.0010269137752080392 0.0014332029140634583
leaf_count=167 145 207 40
internal_value=0 -0.00710162 -0.0546014
internal_weight=0 0.00354386 0.00246012
internal_count=559 392 247
is_linear=0
shrinkage=0.243386


Tree=770
num_leaves=2
num_cat=0
split_feature=10
split_gain=0.00017891
threshold=836.50000000000011
decision_type=2
left_child=-1
right_child=-2
leaf_value=0.063879969136339282 -0.067599505523219236
leaf_weight=0.0010184531177124764 0.0015402304664880332
leaf_count=126 433
internal_value=0
internal_weight=0
internal_count=559
is_linear=0
shrinkage=0.243386


Tree=771
num_leaves=2
num_cat=0
split_feature=7
split_gain=0.000276141
threshold=8.0784482758620708
decision_type=2
left_child=-1
right_child=-2
leaf_value=0.13869712707288945 -0.011812374243900867
leaf_weight=0.0017557421830817687 0.0012265410306016218
leaf_count=257 302
internal_value=0
internal_weight=0
internal_count=559
is_linear=0
shrinkage=0.243386


Tree=772
num_leaves=2
num_cat=0
split_feature=7
split_gain=8.92462e-05
threshold=7.9106321839080467
decision_type=2
left_child=-1
right_child=-2
leaf_value=0.12675039190089052 0.026801990508990414
leaf_weight=0.0011140928762642943 0.001008050268494765
leaf_count=60 499
internal_value=0
internal_weight=0
internal_count=559
is_linear=0
shrinkage=0.243386


Tree=773
num_leaves=7
num_cat=0
split_feature=6 9 7 6 6 8
split_gain=0.00757152 0.00966075 0.0162442 0.00861368 0.00842215 0.00151377
threshold=148.55931141344362 3.1855042016806725 8.1284482758620715 140.46021334470845 161.04138948148065 15.03835978835979
decision_type=2 2 2 2 2 2
left_child=3 2 -2 5 -3 -1
right_child=1 4 -4 -5 -6 -7
leaf_value=0.098617567273631412 -0.21701680229776463 -0.045631659660404632 -0.0065507223356246315 0.0055684699480580456 0.040059298262216353 0.21709789620011163
leaf_weight=0.0099663670854344133 0.034856791574692458 0.1153531135303183 0.057653968964173852 0.050148224956274134 0.16531066216443907 0.01779095133838382
leaf_count=86 132 44 52 17 204 24
internal_value=0 -0.0176424 -0.0858515 0.0657782 0.00484022 0.174557
internal_weight=0 0.373175 0.0925108 0.0779055 0.280664 0.0277573
internal_count=559 432 184 127 248 110
is_linear=0
shrinkage=0.243386


Tree=774
num_leaves=5
num_cat=0
split_feature=9 10 6 11
split_gain=0.00935885 0.0119668 0.0164115 0.000626669
threshold=4.0130252100840345 983.50000000000011 166.75855747030897 44.755747126436795
decision_type=2 2 2 2
left_child=1 2 -1 -2
right_child=3 -3 -4 -5
leaf_value=-0.13385354270471314 0.15487717477845833 -0.12013202861205055 0.023877770361908489 0.089947153125069415
leaf_weight=0.04416816547702157 0.017065739948185832 0.050703567980678599 0.3388858873286984 0.018190896869646811
leaf_count=210 26 43 225 55
internal_value=0 -0.00901736 0.00569051 0.121376
internal_weight=0 0.433758 0.383054 0.0352566
internal_count=559 478 435 81
is_linear=0
shrinkage=0.243386


Tree=775
num_leaves=1
num_cat=0
split_feature=
split_gain=
threshold=
decision_type=
left_child=
right_child=
leaf_value=0
leaf_weight=
leaf_count=
internal_value=
internal_weight=
internal_count=
is_linear=0
shrinkage=1


Tree=776
num_leaves=1
num_cat=0
split_feature=
split_gain=
threshold=
decision_type=
left_child=
right_child=
leaf_value=0
leaf_weight=
leaf_count=
internal_value=
internal_weight=
internal_count=
is_linear=0
shrinkage=1


Tree=777
num_leaves=7
num_cat=0
split_feature=8 9 6 12 5 6
split_gain=0.00843698 0.0210143 0.0271035 0.0162423 0.0135024 0.0106269
threshold=17.115045362903228 3.0928571428571439 168.52626518221641 10.24379015307721 4.7440229885057486 169.61679864076447
decision_type=2 2 2 2 2 2
left_child=1 4 -3 -2 -1 -5
right_child=3 2 -4 5 -6 -7
leaf_value=0.096016874756725948 -0.030870610969213969 -0.019697660478982807 -0.21191944234355647 0.018385521791109201 -0.049727823282818558 0.14946176282701693
leaf_weight=0.097817869554740089 0.13688524048604478 0.14357732837138548 0.062309550247448942 0.071344485821136061 0.061221195455543831 0.075321653925319865
leaf_count=95 52 154 146 49 25 38
internal_value=0 -0.0265396 -0.0778716 0.0294256 0.0399133 0.0857008
internal_weight=0 0.364926 0.205887 0.283551 0.159039 0.146666
internal_count=559 420 300 139 120 87
is_linear=0
shrinkage=0.243386


Tree=778
num_leaves=3
num_cat=0
split_feature=9 11
split_gain=0.000393237 0.000274548
threshold=2.8808823529411769 49.048850574712652
decision_type=2 2
left_child=-1 -2
right_child=1 -3
leaf_value=0.18326130272701635 -0.047957094057577629 0.091731704714078224
leaf_weight=0.0013349302406938149 0.001551958861472432 0.0018002873159876365
leaf_count=96 369 94
internal_value=0 0.0270613
internal_weight=0 0.00335225
internal_count=559 463
is_linear=0
shrinkage=0.243386


Tree=779
num_leaves=2
num_cat=0
split_feature=5
split_gain=0.000424323
threshold=4.2758620689655187
decision_type=2
left_child=-1
right_child=-2
leaf_value=-0.073667802543886302 0.12328524384528876
leaf_weight=0.0015358244080949518 0.0011209008172446506
leaf_count=110 449
internal_value=0
internal_weight=0
internal_count=559
is_linear=0
shrinkage=0.243386


Tree=780
num_leaves=2
num_cat=0
split_feature=6
split_gain=0.000159577
threshold=191.65189283445071
decision_type=2
left_child=-1
right_child=-2
leaf_value=-0.029887477924400181 0.097709927836039018
leaf_weight=0.0013618200611566445 0.0010121048664141277
leaf_count=490 69
internal_value=0
internal_weight=0
internal_count=559
is_linear=0
shrinkage=0.243386


Tree=781
num_leaves=2
num_cat=0
split_feature=8
split_gain=0.000195483
threshold=9.5994286093947263
decision_type=2
left_child=-1
right_child=-2
leaf_value=0.14957759818163308 0.0073202816133492842
leaf_weight=0.0011711089539239092 0.0011188947891335251
leaf_count=161 398
internal_value=0
internal_weight=0
internal_count=559
is_linear=0
shrinkage=0.243386


Tree=782
num_leaves=6
num_cat=0
split_feature=8 10 6 11 10
split_gain=0.00679194 0.022679 0.0243954 0.0159566 0.0211408
threshold=16.742217130214922 875.50000000000011 156.99149020222191 43.629310344827587 998.50000000000011
decision_type=2 2 2 2 2
left_child=3 -2 -3 -1 -5
right_child=1 2 -4 4 -6
leaf_value=0.1654926890161138 0.043656908402992307 0.044348038247592515 -0.21694724502503643 -0.035647942514805978 0.19089623848348741
leaf_weight=0.041272192292112209 0.10562820623706681 0.033267308284337105 0.058185902069154971 0.1616112909686625 0.028740237065961793
leaf_count=21 66 21 84 343 24
internal_value=0 -0.0331667 -0.121898 0.0283025 -0.00144316
internal_weight=0 0.197081 0.0914532 0.231624 0.190352
internal_count=559 171 105 388 367
is_linear=0
shrinkage=0.243386


Tree=783
num_leaves=6
num_cat=0
split_feature=13 7 10 7 7
split_gain=0.0100025 0.0167491 0.0174831 0.0131625 0.0114492
threshold=2014.5000000000002 8.1364942528735664 838.50000000000011 8.1451149425287372 8.195114942528738
decision_type=2 2 2 2 2
left_child=3 2 -2 -1 -3
right_child=1 4 -4 -5 -6
leaf_value=0.020895213843384868 0.094268730685581739 0.16112390464137491 -0.05497745248640952 -0.16325561324221008 -0.013836556804834333
leaf_weight=0.046293681896258931 0.06338602062801571 0.067167787542600887 0.17447418454992045 0.045679712293477337 0.033061180045311889
leaf_count=67 84 79 271 19 39
internal_value=0 0.0199594 -0.0152057 -0.0705655 0.103412
internal_weight=0 0.338089 0.23786 0.0919734 0.100229
internal_count=559 473 355 86 118
is_linear=0
shrinkage=0.243386


Tree=784
num_leaves=1
num_cat=0
split_feature=
split_gain=
threshold=
decision_type=
left_child=
right_child=
leaf_value=0
leaf_weight=
leaf_count=
internal_value=
internal_weight=
internal_count=
is_linear=0
shrinkage=1


Tree=785
num_leaves=1
num_cat=0
split_feature=
split_gain=
threshold=
decision_type=
left_child=
right_child=
leaf_value=0
leaf_weight=
leaf_count=
internal_value=
internal_weight=
internal_count=
is_linear=0
shrinkage=1


Tree=786
num_leaves=6
num_cat=0
split_feature=13 7 11 12 5
split_gain=0.0079506 0.021117 0.0163779 0.0248989 0.0134709
threshold=2015.5000000000002 8.1451149425287372 44.686781609195414 10.61505643707766 4.6670689655172426
decision_type=2 2 2 2 2
left_child=1 -1 4 -4 -2
right_child=2 -3 3 -5 -6
leaf_value=-0.040303649860838467 -0.013330965380483976 0.16117893647903161 0.086466001016201319 -0.074929399092269644 -0.13161216056790911
leaf_weight=0.065454652983941708 0.14437850504929517 0.058224022306077927 0.15985300400532662 0.087680280110252418 0.094284374084639994
leaf_count=72 92 20 96 207 72
internal_value=0 0.054548 -0.0145654 0.0292971 -0.0600583
internal_weight=0 0.123679 0.486196 0.247533 0.238663
internal_count=559 92 467 303 164
is_linear=0
shrinkage=0.243386


Tree=787
num_leaves=4
num_cat=0
split_feature=8 7 6
split_gain=0.000388013 0.000174116 0.000132397
threshold=15.640653153153155 8.1491379310344865 177.01708605062635
decision_type=2 2 2
left_child=2 -2 -1
right_child=1 -3 -4
leaf_value=0.024598072295111986 0.045480340353773435 0.18313433172517196 -0.094241202061402976
leaf_weight=0.001088629705091199 0.0011934768306638968 0.0010007286322639237 0.0011335944023771825
leaf_count=174 189 75 121
internal_value=0 0.108261 -0.0360239
internal_weight=0 0.00219421 0.00222222
internal_count=559 264 295
is_linear=0
shrinkage=0.243386


Tree=788
num_leaves=2
num_cat=0
split_feature=7
split_gain=0.000294603
threshold=8.0192528735632198
decision_type=2
left_child=-1
right_child=-2
leaf_value=-0.092699180323898234 0.073251358973011826
leaf_weight=0.0010475368789265999 0.0016039568610961077
leaf_count=143 416
internal_value=0
internal_weight=0
internal_count=559
is_linear=0
shrinkage=0.243386


Tree=789
num_leaves=2
num_cat=0
split_feature=7
split_gain=0.000190506
threshold=7.9681034482758628
decision_type=2
left_child=-1
right_child=-2
leaf_value=0.13130482435533336 0.012678875431544287
leaf_weight=0.0017498196724236178 0.0014804012301508811
leaf_count=99 460
internal_value=0
internal_weight=0
internal_count=559
is_linear=0
shrinkage=0.243386


Tree=790
num_leaves=2
num_cat=0
split_feature=6
split_gain=3.55182e-05
threshold=123.67227794926021
decision_type=2
left_child=-1
right_child=-2
leaf_value=0.057273056544430885 -0.0052339641538775355
leaf_weight=0.0011256561471066906 0.0010323679249959767
leaf_count=83 476
internal_value=0
internal_weight=0
internal_count=559
is_linear=0
shrinkage=0.243386


Tree=791
num_leaves=7
num_cat=0
split_feature=12 11 8 5 6 8
split_gain=0.00822507 0.00692926 0.0106682 0.00831072 0.00345385 0.00382703
threshold=11.286645945092504 44.554597701149426 16.634848484848487 4.5951149425287365 160.61859623111715 17.660865617433419
decision_type=2 2 2 2 2 2
left_child=1 2 -1 -3 -2 -6
right_child=4 3 -4 -5 5 -7
leaf_value=0.082733447964644852 0.16848332048726172 -0.11514050793198914 -0.040805134882020581 -0.0087740075121680618 -0.21646349012068786 0.15084690738781434
leaf_weight=0.088706894972935935 0.022409968641717598 0.06324126720790435 0.077655959087984172 0.13948666295969048 0.0033175541600362337 0.0034047772295349166
leaf_count=103 32 66 68 118 158 14
internal_value=0 -0.0117457 0.0250673 -0.0419552 0.122585 -0.0304253
internal_weight=0 0.369091 0.166363 0.202728 0.0291323 0.00672233
internal_count=559 355 171 184 204 172
is_linear=0
shrinkage=0.243386


Tree=792
num_leaves=7
num_cat=0
split_feature=6 11 6 13 11 9
split_gain=0.00925182 0.020199 0.0130287 0.0122886 0.0161587 0.00573242
threshold=173.93716164716167 44.721264367816097 181.92952511009045 2019.5000000000002 43.761494252873568 3.2362184873949587
decision_type=2 2 2 2 2 2
left_child=3 -2 -3 4 -1 -5
right_child=1 2 -4 5 -6 -7
leaf_value=0.15831494037488097 0.13757401066476288 -0.083861275569656793 0.11308814923175223 -0.21778961613505141 -0.035405851758544778 -0.062887073474910959
leaf_weight=0.031530795167060588 0.075377606906968708 0.072021303407721504 0.027491708096662404 0.024606006759664234 0.13349078089888428 0.03330901657953006
leaf_count=26 63 47 113 41 207 62
internal_value=0 0.0425362 -0.0294515 -0.0322432 0.00160852 -0.1287
internal_weight=0 0.174891 0.099513 0.222937 0.165022 0.057915
internal_count=559 223 160 336 233 103
is_linear=0
shrinkage=0.243386


Tree=793
num_leaves=2
num_cat=0
split_feature=11
split_gain=0.000141677
threshold=44.083333333333336
decision_type=2
left_child=-1
right_child=-2
leaf_value=0.1965439003901116 0.073310335058171486
leaf_weight=0.0011752494455933293 0.0010431259261167638
leaf_count=100 459
internal_value=0
internal_weight=0
internal_count=559
is_linear=0
shrinkage=0.243386


Tree=794
num_leaves=1
num_cat=0
split_feature=
split_gain=
threshold=
decision_type=
left_child=
right_child=
leaf_value=0
leaf_weight=
leaf_count=
internal_value=
internal_weight=
internal_count=
is_linear=0
shrinkage=1


Tree=795
num_leaves=6
num_cat=0
split_feature=6 6 9 6 9
split_gain=0.00834852 0.0158203 0.011281 0.00915474 2.39592e-08
threshold=148.55931141344362 157.0792745258066 2.869117647058824 140.46021334470845 2.8623109243697482
decision_type=2 2 2 2 2
left_child=3 -2 -3 4 -1
right_child=1 2 -4 -5 -6
leaf_value=-0.21721816597090718 0.11761305939979268 0.081794016781341614 -0.024404972349615417 -0.020317664849129294 -0.21667971295141766
leaf_weight=0.0080533810533119834 0.069968065608463803 0.070790403217806386 0.36348594644935028 0.04432777053443715 0.012482519798360578
leaf_count=4 51 64 306 18 116
internal_value=0 0.0102104 -0.00709372 -0.0825529 -0.216891
internal_weight=0 0.504244 0.434276 0.0648637 0.0205359
internal_count=559 421 370 138 120
is_linear=0
shrinkage=0.243386


Tree=796
num_leaves=4
num_cat=0
split_feature=8 10 12
split_gain=0.00029477 0.000104883 6.80016e-05
threshold=15.711507936507939 926.50000000000011 14.257892744210681
decision_type=2 2 2
left_child=2 -2 -1
right_child=1 -3 -4
leaf_value=-0.073836133013572058 0.15112713501709163 0.043365228239154952 0.010854836142148848
leaf_weight=0.0010701093550726367 0.001060354038293765 0.0010798757052946815 0.0011818850134040493
leaf_count=229 177 87 66
internal_value=0 0.0967547 -0.0293889
internal_weight=0 0.00214023 0.00225199
internal_count=559 264 295
is_linear=0
shrinkage=0.243386


Tree=797
num_leaves=2
num_cat=0
split_feature=7
split_gain=0.000252015
threshold=8.0204022988505752
decision_type=2
left_child=-1
right_child=-2
leaf_value=0.1222610021372855 -0.030221410359996669
leaf_weight=0.0011676778784319953 0.0014263758419174773
leaf_count=139 420
internal_value=0
internal_weight=0
internal_count=559
is_linear=0
shrinkage=0.243386


Tree=798
num_leaves=2
num_cat=0
split_feature=6
split_gain=0.000202728
threshold=187.26004428848648
decision_type=2
left_child=-1
right_child=-2
leaf_value=0.074410707300503767 -0.057830067783901346
leaf_weight=0.0013782620822196134 0.001368613648888628
leaf_count=462 97
internal_value=0
internal_weight=0
internal_count=559
is_linear=0
shrinkage=0.243386


Tree=799
num_leaves=2
num_cat=0
split_feature=12
split_gain=7.51476e-05
threshold=10.688490760578235
decision_type=2
left_child=-1
right_child=-2
leaf_value=0.025506798293919723 0.11284694962328148
leaf_weight=0.001077984562978182 0.0012722788280086364
leaf_count=286 273
internal_value=0
internal_weight=0
internal_count=559
is_linear=0
shrinkage=0.243386


Tree=800
num_leaves=7
num_cat=0
split_feature=6 9 7 6 6 8
split_gain=0.00791924 0.00616454 0.0133783 0.00783054 0.00537433 0.00191154
threshold=148.55931141344362 3.1855042016806725 8.1985632183908077 161.04138948148065 140.46021334470845 14.823770491803279
decision_type=2 2 2 2 2 2
left_child=4 2 -2 -3 5 -1
right_child=1 3 -4 -5 -6 -7
leaf_value=0.07779118820621371 -0.14406967486864594 -0.05043605191356651 0.087794679619288024 0.038589438520403641 0.021656427929686715 0.21697012828584186
leaf_weight=0.0095168590863421443 0.053569157356023994 0.10294078798847295 0.020337236612014364 0.1356500899115988 0.044510348717949455 0.015153123681102443
leaf_count=90 152 43 14 212 18 30
internal_value=0 -0.0188464 -0.0802663 0.000179109 0.0721598 0.16328
internal_weight=0 0.312497 0.0739064 0.238591 0.0691803 0.02467
internal_count=559 421 166 255 138 120
is_linear=0
shrinkage=0.243386


Tree=801
num_leaves=7
num_cat=0
split_feature=6 6 6 10 8 7
split_gain=0.00773397 0.0114242 0.0132908 0.00984061 0.0111757 6.02328e-08
threshold=165.00187963228265 167.65313102601894 171.76912829079157 899.50000000000011 17.174801587301591 8.0215517241379342
decision_type=2 2 2 2 2 2
left_child=3 -2 -3 4 -1 -5
right_child=1 2 -4 5 -6 -7
leaf_value=-0.21662117316502993 0.12323182808402083 -0.087704576547758373 0.028672052183103092 -0.21746483572268735 0.13310609642800261 -0.21657158492668047
leaf_weight=0.0082676128456382232 0.04846428874831421 0.081402012239858434 0.20334678044281562 0.0065385439964535082 0.015673962509346495 0.014146854783526798
leaf_count=97 27 34 239 33 33 96
internal_value=0 0.0139952 -0.00459689 -0.0938973 0.0123367 -0.216854
internal_weight=0 0.333213 0.284749 0.044627 0.0239416 0.0206854
internal_count=559 300 273 259 130 129
is_linear=0
shrinkage=0.243386


Tree=802
num_leaves=2
num_cat=0
split_feature=11
split_gain=0.000292766
threshold=44.336206896551737
decision_type=2
left_child=-1
right_child=-2
leaf_value=0.18718115512677691 0.0058729630876246837
leaf_weight=0.0010583421035481599 0.0010519429383486264
leaf_count=138 421
internal_value=0
internal_weight=0
internal_count=559
is_linear=0
shrinkage=0.243386


Tree=803
num_leaves=1
num_cat=0
split_feature=
split_gain=
threshold=
decision_type=
left_child=
right_child=
leaf_value=0
leaf_weight=
leaf_count=
internal_value=
internal_weight=
internal_count=
is_linear=0
shrinkage=1


Tree=804
num_leaves=5
num_cat=0
split_feature=12 9 5 13
split_gain=0.0102359 0.0100774 0.0101661 0.00996557
threshold=9.2098472519112615 3.5652100840336138 4.5008908045977014 2018.5000000000002
decision_type=2 2 2 2
left_child=-1 2 -2 -3
right_child=1 3 -4 -5
leaf_value=0.11944013907077147 0.098211508802743749 0.0055388566315997074 -0.011984126036239664 -0.1919811030938112
leaf_weight=0.038699568818174213 0.057088951968333579 0.027522522205948689 0.37766388460796579 0.033607670102760452
leaf_count=29 146 62 204 118
internal_value=0 -0.0105242 0.00248606 -0.103052
internal_weight=0 0.495883 0.434753 0.0611302
internal_count=559 530 350 180
is_linear=0
shrinkage=0.243386


Tree=805
num_leaves=4
num_cat=0
split_feature=13 8 9
split_gain=0.000348045 0.000416711 0.000205273
threshold=2017.5000000000002 14.408298319327733 3.1724789915966394
decision_type=2 2 2
left_child=-1 -2 -3
right_child=1 2 -4
leaf_value=-0.079395419356059191 -0.038748131432181546 0.20542531002423425 0.064804360640847894
leaf_weight=0.001003139800213436 0.0011441128952915957 0.0013010385557950109 0.0011660461165475097
leaf_count=125 173 111 150
internal_value=0 0.0826593 0.138962
internal_weight=0 0.0036112 0.00246708
internal_count=559 434 261
is_linear=0
shrinkage=0.243386


Tree=806
num_leaves=2
num_cat=0
split_feature=8
split_gain=0.000207405
threshold=7.445402298850575
decision_type=2
left_child=-1
right_child=-2
leaf_value=0.14885385282662211 0.015167286662475613
leaf_weight=0.0010857076514625419 0.0018740199741890022
leaf_count=49 510
internal_value=0
internal_weight=0
internal_count=559
is_linear=0
shrinkage=0.243386


Tree=807
num_leaves=2
num_cat=0
split_feature=10
split_gain=0.000402939
threshold=844.50000000000011
decision_type=2
left_child=-1
right_child=-2
leaf_value=0.1299289193909538 -0.051387152534953191
leaf_weight=0.0012798701593396888 0.0016778092847426259
leaf_count=146 413
internal_value=0
internal_weight=0
internal_count=559
is_linear=0
shrinkage=0.243386


Tree=808
num_leaves=1
num_cat=0
split_feature=
split_gain=
threshold=
decision_type=
left_child=
right_child=
leaf_value=0
leaf_weight=
leaf_count=
internal_value=
internal_weight=
internal_count=
is_linear=0
shrinkage=1


Tree=809
num_leaves=4
num_cat=0
split_feature=12 12 7
split_gain=0.00955759 0.00977144 0.00825422
threshold=9.2098472519112615 9.2796030238684413 8.0583333333333353
decision_type=2 2 2
left_child=-1 -2 -3
right_child=1 2 -4
leaf_value=-0.14284649663234239 0.16518821636885622 0.072785675493560589 -0.022959864532160926
leaf_weight=0.02643801285651648 0.022199467049347277 0.068336933425145102 0.24299620503887157
leaf_count=29 5 204 321
internal_value=0 0.00918015 -0.00194393
internal_weight=0 0.333533 0.311333
internal_count=559 530 525
is_linear=0
shrinkage=0.243386


Tree=810
num_leaves=6
num_cat=0
split_feature=9 6 11 6 8
split_gain=0.00927714 0.0171613 0.00955745 0.0139009 0.0108376
threshold=3.7478151260504204 165.00187963228265 45.129310344827587 173.93716164716167 16.086990497624409
decision_type=2 2 2 2 2
left_child=2 -2 3 -1 -4
right_child=1 -3 4 -5 -6
leaf_value=-0.0432030119698779 -0.093607100654020337 0.19036401733013442 0.066269878224475956 0.080489645986511663 -0.13273993976785103
leaf_weight=0.12354083021326756 0.019335918782096173 0.036222481931240225 0.021426378479039193 0.095366035737924904 0.066578668864231222
leaf_count=168 59 77 137 64 54
internal_value=0 0.0915339 -0.016549 0.0106833 -0.0842875
internal_weight=0 0.0555584 0.306912 0.218907 0.088005
internal_count=559 136 423 232 191
is_linear=0
shrinkage=0.243386


Tree=811
num_leaves=2
num_cat=0
split_feature=5
split_gain=0.00032695
threshold=5.0821839080459776
decision_type=2
left_child=-1
right_child=-2
leaf_value=0.029618033860802733 0.21635565251655212
leaf_weight=0.0011514996089236102 0.0010728946397762229
leaf_count=524 35
internal_value=0
internal_weight=0
internal_count=559
is_linear=0
shrinkage=0.243386


Tree=812
num_leaves=1
num_cat=0
split_feature=
split_gain=
threshold=
decision_type=
left_child=
right_child=
leaf_value=0
leaf_weight=
leaf_count=
internal_value=
internal_weight=
internal_count=
is_linear=0
shrinkage=1


Tree=813
num_leaves=7
num_cat=0
split_feature=9 5 5 10 9 6
split_gain=0.00672175 0.0109721 0.0225603 0.0101019 0.0179284 0.0128971
threshold=3.1855042016806725 4.7262931034482767 4.6499425287356333 923.50000000000011 3.2115966386554633 163.03832852553225
decision_type=2 2 2 2 2 2
left_child=1 2 -1 4 -2 -5
right_child=3 -3 -4 5 -6 -7
leaf_value=0.0034582840313646082 -0.21772185588007609 -0.044354117735295163 0.18919684593397787 0.1420412719918811 -0.021075348484755941 -0.04639969344699979
leaf_weight=0.12470601250292124 0.035565560273700031 0.086209707328395835 0.056192765630385111 0.038814559075155547 0.12056217893366664 0.048270362313950627
leaf_count=119 12 42 34 69 200 83
internal_value=0 0.0271014 0.0611544 -0.0288256 -0.065871 0.0375902
internal_weight=0 0.267108 0.180899 0.243213 0.156128 0.0870849
internal_count=559 195 153 364 212 152
is_linear=0
shrinkage=0.243386


Tree=814
num_leaves=3
num_cat=0
split_feature=7 11
split_gain=0.000154401 0.000236354
threshold=8.154885057471267 48.137931034482762
decision_type=2 2
left_child=1 -1
right_child=-2 -3
leaf_value=0.005045415030705813 -0.029306647636309049 0.14406141713475459
leaf_weight=0.0013883080463709023 0.001105051611385563 0.0015151362434237675
leaf_count=354 85 120
internal_value=0 0.0775897
internal_weight=0 0.00290344
internal_count=559 474
is_linear=0
shrinkage=0.243386


Tree=815
num_leaves=2
num_cat=0
split_feature=5
split_gain=0.000238393
threshold=4.1525574712643687
decision_type=2
left_child=-1
right_child=-2
leaf_value=0.10562143826219823 -0.045767489714448828
leaf_weight=0.0013291503782570243 0.0011486573666799206
leaf_count=87 472
internal_value=0
internal_weight=0
internal_count=559
is_linear=0
shrinkage=0.243386


Tree=816
num_leaves=2
num_cat=0
split_feature=14
split_gain=0.000334539
threshold=1065000.0000000002
decision_type=2
left_child=-1
right_child=-2
leaf_value=0.080003782495185596 -0.09339307691719631
leaf_weight=0.0018548505791436253 0.0010224122712922724
leaf_count=448 111
internal_value=0
internal_weight=0
internal_count=559
is_linear=0
shrinkage=0.243386


Tree=817
num_leaves=2
num_cat=0
split_feature=11
split_gain=0.000159889
threshold=44.887931034482769
decision_type=2
left_child=-1
right_child=-2
leaf_value=0.10744458930274585 -0.013863723330537803
leaf_weight=0.001359970773878302 0.0012218809846768503
leaf_count=256 303
internal_value=0
internal_weight=0
internal_count=559
is_linear=0
shrinkage=0.243386


Tree=818
num_leaves=6
num_cat=0
split_feature=8 8 12 8 9
split_gain=0.00610115 0.00613819 0.00900533 0.00395045 0.00633571
threshold=14.097167584579074 18.540907563025218 10.024368186444184 13.458651205370769 3.8594117647058823
decision_type=2 2 2 2 2
left_child=3 2 -2 4 -1
right_child=1 -3 -4 -5 -6
leaf_value=-0.13772879977838887 -0.096720392047267761 0.053162906545743696 0.0019675218248568142 0.19823207177954208 0.17705231482974687
leaf_weight=0.0076502196806619849 0.081590732418212575 0.065754757821636645 0.16663786513744711 0.013768518351452652 0.0075017873747410535
leaf_count=141 88 48 215 15 52
internal_value=0 -0.0129558 -0.0304704 0.103868 0.0181199
internal_weight=0 0.313983 0.248229 0.0289205 0.015152
internal_count=559 351 303 208 193
is_linear=0
shrinkage=0.243386


Tree=819
num_leaves=5
num_cat=0
split_feature=9 6 10 4
split_gain=0.00741108 0.0115938 0.00737549 0.0100205
threshold=3.7478151260504204 165.00187963228265 983.50000000000011 0.10500000000000002
decision_type=2 2 2 2
left_child=2 -2 3 -1
right_child=1 -3 -4 -5
leaf_value=0.022670969112095773 -0.068572130525099112 0.17922496259163367 -0.12944359473527409 -0.096087338768061151
leaf_weight=0.20585604675713581 0.017664905216689286 0.030489455068758886 0.029816039509757197 0.052903679040821272
leaf_count=315 64 77 35 68
internal_value=0 0.0883233 -0.0148173 -0.00160928
internal_weight=0 0.0481544 0.288576 0.25876
internal_count=559 141 418 383
is_linear=0
shrinkage=0.243386


Tree=820
num_leaves=1
num_cat=0
split_feature=
split_gain=
threshold=
decision_type=
left_child=
right_child=
leaf_value=0
leaf_weight=
leaf_count=
internal_value=
internal_weight=
internal_count=
is_linear=0
shrinkage=1


Tree=821
num_leaves=1
num_cat=0
split_feature=
split_gain=
threshold=
decision_type=
left_child=
right_child=
leaf_value=0
leaf_weight=
leaf_count=
internal_value=
internal_weight=
internal_count=
is_linear=0
shrinkage=1


Tree=822
num_leaves=7
num_cat=0
split_feature=9 9 9 7 10 8
split_gain=0.00685799 0.0108525 0.0102953 0.00905023 0.0115435 0.00816233
threshold=3.37827731092437 3.4275210084033616 3.6782773109243698 8.1014367816091966 850.50000000000011 15.679993678887486
decision_type=2 2 2 2 2 2
left_child=3 -2 -3 5 -5 -1
right_child=1 2 -4 4 -6 -7
leaf_value=-0.011069086822641613 -0.19191299470091647 0.02847322196065637 -0.14741906428661805 0.062099163414446733 -0.050873986936437257 0.124187382533177
leaf_weight=0.041951547669033695 0.02495703527774551 0.081971547190902411 0.025953325592707216 0.084200807674221778 0.14731124398296913 0.071431184729803476
leaf_count=90 31 90 166 44 82 56
internal_value=0 -0.0472721 -0.0138246 0.0178054 -0.00978571 0.0741426
internal_weight=0 0.132882 0.107925 0.344895 0.231512 0.113383
internal_count=559 287 256 272 126 146
is_linear=0
shrinkage=0.243386


Tree=823
num_leaves=3
num_cat=0
split_feature=9 12
split_gain=0.000204641 0.000249179
threshold=2.8808823529411769 14.273134796539491
decision_type=2 2
left_child=-1 -2
right_child=1 -3
leaf_value=0.12935625863676778 -0.048483252612503032 0.095625292116927316
leaf_weight=0.0010988169747715229 0.001858290280754544 0.0011509889538121598
leaf_count=97 396 66
internal_value=0 0.00663538
internal_weight=0 0.00300928
internal_count=559 462
is_linear=0
shrinkage=0.243386


Tree=824
num_leaves=2
num_cat=0
split_feature=12
split_gain=4.01977e-05
threshold=14.331098108232714
decision_type=2
left_child=-1
right_child=-2
leaf_value=0.027288770151008192 -0.037649949618121702
leaf_weight=0.0010591904640983043 0.0012093773161209048
leaf_count=485 74
internal_value=0
internal_weight=0
internal_count=559
is_linear=0
shrinkage=0.243386


Tree=825
num_leaves=2
num_cat=0
split_feature=10
split_gain=0.000208127
threshold=926.50000000000011
decision_type=2
left_child=-1
right_child=-2
leaf_value=0.024664376989614926 0.1553789314874883
leaf_weight=0.0015540213623519742 0.0013469930387355327
leaf_count=388 171
internal_value=0
internal_weight=0
internal_count=559
is_linear=0
shrinkage=0.243386


Tree=826
num_leaves=2
num_cat=0
split_feature=12
split_gain=0.000132803
threshold=10.575080098515793
decision_type=2
left_child=-1
right_child=-2
leaf_value=0.1135461861749095 -0.0074675674543797877
leaf_weight=0.0010426001143540205 0.0011081649468982656
leaf_count=264 295
internal_value=0
internal_weight=0
internal_count=559
is_linear=0
shrinkage=0.243386


Tree=827
num_leaves=7
num_cat=0
split_feature=12 12 4 9 8 9
split_gain=0.00588548 0.00748611 0.0175154 0.00763688 0.00342139 0.0040713
threshold=11.318059747814837 10.441033534320297 0.16500000000000004 3.0928571428571439 14.654836632866571 4.2652100840336145
decision_type=2 2 2 2 2 2
left_child=1 3 -3 -1 5 -2
right_child=4 2 -4 -5 -6 -7
leaf_value=-0.083275367769305289 -0.21646854546387623 -0.18194480530895241 0.054215644079703432 0.033543461356620848 0.1707782855923943 0.20180530787123879
leaf_weight=0.040766341152111529 0.0033920023793488343 0.041963676462790644 0.033419217913547072 0.17742942545122187 0.017270201757557391 0.0023222231747581645
leaf_count=76 118 98 29 166 62 10
internal_value=0 -0.0111264 -0.0772487 0.0117178 0.116764 -0.0464848
internal_weight=0 0.293579 0.0753829 0.218196 0.0229844 0.00571423
internal_count=559 369 127 242 190 128
is_linear=0
shrinkage=0.243386


Tree=828
num_leaves=7
num_cat=0
split_feature=5 6 13 11 12 11
split_gain=0.008582 0.00798387 0.00571385 0.0102587 0.000349434 2.50826e-05
threshold=4.520574712643679 177.52967034204298 2014.5000000000002 44.686781609195414 10.670891421577279 44.62068965517242
decision_type=2 2 2 2 2 2
left_child=1 5 -2 -4 -3 -1
right_child=2 4 3 -5 -6 -7
leaf_value=-0.21691263955933826 -0.046321396169344338 0.21665824531832639 0.087989107223146207 -0.014800390542676907 0.069391620614142058 -0.19749846871386578
leaf_weight=0.01232754264839345 0.068115465197407798 0.0026549882259132565 0.10931076500617702 0.12138338771279146 0.0014901196475243794 0.0057952913304537236
leaf_count=38 49 6 123 143 109 91
internal_value=0 -0.141007 0.0156167 0.0339048 0.163718 -0.210704
internal_weight=0 0.0222679 0.29881 0.230694 0.00414511 0.0181228
internal_count=559 244 315 266 115 129
is_linear=0
shrinkage=0.243386


Tree=829
num_leaves=1
num_cat=0
split_feature=
split_gain=
threshold=
decision_type=
left_child=
right_child=
leaf_value=0
leaf_weight=
leaf_count=
internal_value=
internal_weight=
internal_count=
is_linear=0
shrinkage=1


Tree=830
num_leaves=1
num_cat=0
split_feature=
split_gain=
threshold=
decision_type=
left_child=
right_child=
leaf_value=0
leaf_weight=
leaf_count=
internal_value=
internal_weight=
internal_count=
is_linear=0
shrinkage=1


Tree=831
num_leaves=4
num_cat=0
split_feature=7 10 10
split_gain=0.00615461 0.00631555 0.0131744
threshold=8.2040229885057485 979.50000000000011 950.50000000000011
decision_type=2 2 2
left_child=1 2 -1
right_child=-2 -3 -4
leaf_value=-0.015528076462472262 0.098889473630679139 -0.10571120659188236 0.13548655609323521
leaf_weight=0.34455961897882287 0.033293052478182261 0.037095237019479699 0.037993799178491161
leaf_count=393 41 76 49
internal_value=0 -0.00982746 -0.000529858
internal_weight=0 0.419649 0.382553
internal_count=559 518 442
is_linear=0
shrinkage=0.243386


Tree=832
num_leaves=3
num_cat=0
split_feature=11 7
split_gain=0.000433268 0.000350516
threshold=47.152298850574716 8.1290229885057474
decision_type=2 2
left_child=-1 -2
right_child=1 -3
leaf_value=-0.10329134766077271 0.13944023593422891 -0.024806192406390423
leaf_weight=0.0010514772476193602 0.0020058103468441335 0.0012489064616773848
leaf_count=400 131 28
internal_value=0 0.0764153
internal_weight=0 0.00325472
internal_count=559 159
is_linear=0
shrinkage=0.243386


Tree=833
num_leaves=2
num_cat=0
split_feature=5
split_gain=0.0001607
threshold=4.1525574712643687
decision_type=2
left_child=-1
right_child=-2
leaf_value=0.069477353502560166 -0.054396066712812129
leaf_weight=0.0012032699932068988 0.0012806172791726578
leaf_count=79 480
internal_value=0
internal_weight=0
internal_count=559
is_linear=0
shrinkage=0.243386


Tree=834
num_leaves=2
num_cat=0
split_feature=5
split_gain=0.000272762
threshold=4.2758620689655187
decision_type=2
left_child=-1
right_child=-2
leaf_value=0.053179985346661122 -0.10610252250677428
leaf_weight=0.0017086357034464192 0.0010152700299008448
leaf_count=120 439
internal_value=0
internal_weight=0
internal_count=559
is_linear=0
shrinkage=0.243386


Tree=835
num_leaves=2
num_cat=0
split_feature=8
split_gain=0.000101756
threshold=9.5677031426483303
decision_type=2
left_child=-1
right_child=-2
leaf_value=0.11366938929411007 0.0068881014893909971
leaf_weight=0.0011095022306289724 0.0010097551367524587
leaf_count=159 400
internal_value=0
internal_weight=0
internal_count=559
is_linear=0
shrinkage=0.243386


Tree=836
num_leaves=6
num_cat=0
split_feature=6 9 4 6 8
split_gain=0.010652 0.0064526 0.0189147 0.0046974 0.00112293
threshold=140.46021334470845 3.0928571428571439 0.64000000000000012 151.98308312868446 14.654836632866571
decision_type=2 2 2 2 2
left_child=4 2 -2 -3 -1
right_child=1 3 -4 -5 -6
leaf_value=0.096322042564216087 -0.18361270833646026 0.088545957517513887 0.15930123139857572 -0.013333354165348681 0.21678406846308901
leaf_weight=0.007476481228275488 0.03720969697741669 0.031178929556972435 0.012808287164261856 0.19126583837601172 0.011848738125650016
leaf_count=79 153 20 6 276 25
internal_value=0 -0.0168142 -0.0958015 0.000946541 0.17018
internal_weight=0 0.272463 0.050018 0.222445 0.0193252
internal_count=559 455 159 296 104
is_linear=0
shrinkage=0.243386


Tree=837
num_leaves=7
num_cat=0
split_feature=5 6 10 9 11 8
split_gain=0.00713667 0.00587933 0.00522646 0.00728783 0.000569511 3.90747e-05
threshold=4.520574712643679 177.52967034204298 820.50000000000011 3.1913025210084043 45.816091954022994 15.589252969783944
decision_type=2 2 2 2 2 2
left_child=1 5 -2 -4 -3 -1
right_child=2 4 3 -5 -6 -7
leaf_value=-0.19059169645674812 -0.0644379737182426 0.21659359428716116 -0.019169831209967993 0.065129090051746871 0.024647153179337303 -0.21671194459827836
leaf_weight=0.0050757025660289673 0.04423513889096109 0.0021010046148148822 0.11220791287015591 0.1324693452404726 0.0016229837485103871 0.010230935514925149
leaf_count=69 45 5 103 174 106 57
internal_value=0 -0.141324 0.0125511 0.02647 0.13294 -0.20805
internal_weight=0 0.0190306 0.288912 0.244677 0.00372399 0.0153066
internal_count=559 237 322 277 111 126
is_linear=0
shrinkage=0.243386


Tree=838
num_leaves=1
num_cat=0
split_feature=
split_gain=
threshold=
decision_type=
left_child=
right_child=
leaf_value=0
leaf_weight=
leaf_count=
internal_value=
internal_weight=
internal_count=
is_linear=0
shrinkage=1


Tree=839
num_leaves=1
num_cat=0
split_feature=
split_gain=
threshold=
decision_type=
left_child=
right_child=
leaf_value=0
leaf_weight=
leaf_count=
internal_value=
internal_weight=
internal_count=
is_linear=0
shrinkage=1


Tree=840
num_leaves=8
num_cat=0
split_feature=5 11 9 5 14 5 5
split_gain=0.00553952 0.0103244 0.00930845 0.0139027 0.00860614 0.0073088 0.00245019
threshold=4.6237643678160927 45.439655172413801 3.1913025210084043 4.7262931034482767 917450.00000000012 4.7262931034482767 4.5283908045977022
decision_type=2 2 2 2 2 2 2
left_child=1 4 5 -4 -1 -2 -3
right_child=2 6 3 -5 -6 -7 -8
leaf_value=0.089679113321463527 0.065306935660064028 0.040048018323613377 -0.20609244142392777 -0.011074207043500556 -0.032455919582190421 -0.042075216895945712 0.20651455499162791
leaf_weight=0.049765839633263712 0.07465733158971942 0.0069476899017546631 0.035569655784186985 0.055350465905204718 0.10909468250815378 0.075534911416775499 0.021279961353864299
leaf_count=48 48 168 41 96 99 43 16
internal_value=0 0.029906 -0.0259054 -0.087369 0.00580502 0.0113021 0.165542
internal_weight=0 0.187088 0.241112 0.0909201 0.158861 0.150192 0.0282277
internal_count=559 331 228 137 147 91 184
is_linear=0
shrinkage=0.243386


Tree=841
num_leaves=3
num_cat=0
split_feature=10 9
split_gain=0.000180617 0.000234117
threshold=931.50000000000011 3.0144957983193281
decision_type=2 2
left_child=1 -1
right_child=-2 -3
leaf_value=0.16136479796810344 -0.052192710798795325 0.014821731683965712
leaf_weight=0.0010132628237854589 0.0010085006274835116 0.0017807189618773876
leaf_count=109 172 278
internal_value=0 0.0679669
internal_weight=0 0.00279398
internal_count=559 387
is_linear=0
shrinkage=0.243386


Tree=842
num_leaves=2
num_cat=0
split_feature=9
split_gain=0.00021003
threshold=3.3214285714285721
decision_type=2
left_child=-1
right_child=-2
leaf_value=0.090853392902788779 -0.051568196647954846
leaf_weight=0.0014462938460101352 0.0010650520252168359
leaf_count=265 294
internal_value=0
internal_weight=0
internal_count=559
is_linear=0
shrinkage=0.243386


Tree=843
num_leaves=2
num_cat=0
split_feature=9
split_gain=0.000118985
threshold=3.6782773109243698
decision_type=2
left_child=-1
right_child=-2
leaf_value=0.014294906127779693 0.1188625254656997
leaf_weight=0.0014576367008317381 0.0011556516632912554
leaf_count=401 158
internal_value=0
internal_weight=0
internal_count=559
is_linear=0
shrinkage=0.243386


Tree=844
num_leaves=1
num_cat=0
split_feature=
split_gain=
threshold=
decision_type=
left_child=
right_child=
leaf_value=0
leaf_weight=
leaf_count=
internal_value=
internal_weight=
internal_count=
is_linear=0
shrinkage=1


Tree=845
num_leaves=6
num_cat=0
split_feature=14 6 10 9 7
split_gain=0.0170278 0.0075452 0.00419059 0.0029398 2.6307e-08
threshold=967450.00000000012 148.55931141344362 852.50000000000011 3.1086974789915973 8.0721264367816108
decision_type=2 2 2 2 2
left_child=1 3 -3 -1 -2
right_child=4 2 -4 -5 -6
leaf_value=0.051199086834067105 -0.21709948363974182 -0.063413704108500155 0.014667836838626462 0.17983737963119087 -0.21654342344800956
leaf_weight=0.02438224907791664 0.0088842375214532449 0.054462670575859351 0.16131760251160299 0.018514987207790767 0.011646966826023383
leaf_count=20 50 105 238 86 60
internal_value=0 0.0134938 -0.00503985 0.106721 -0.216784
internal_weight=0 0.258678 0.21578 0.0428972 0.0205312
internal_count=559 449 343 106 110
is_linear=0
shrinkage=0.243386


Tree=846
num_leaves=6
num_cat=0
split_feature=6 11 14 9 12
split_gain=0.006422 0.0084143 0.00675989 0.0195523 0.001812
threshold=181.92952511009045 45.652298850574716 1065000.0000000002 3.0362184873949585 11.200298937100628
decision_type=2 2 2 2 2
left_child=2 -2 3 -1 -3
right_child=1 4 -4 -5 -6
leaf_value=-0.18047328100016516 0.21676147506672033 0.029032694149019978 0.068028985824268487 0.0066048135614773431 -0.2068012907143969
leaf_weight=0.04100586022133007 0.016787584415361323 0.0038159611212904556 0.052507054209681797 0.17150800343936298 0.0039046817976354786
leaf_count=85 44 4 72 240 114
internal_value=0 0.120049 -0.0101716 -0.0294931 -0.0902393
internal_weight=0 0.0245082 0.265021 0.212514 0.00772064
internal_count=559 162 397 325 118
is_linear=0
shrinkage=0.243386


Tree=847
num_leaves=1
num_cat=0
split_feature=
split_gain=
threshold=
decision_type=
left_child=
right_child=
leaf_value=0
leaf_weight=
leaf_count=
internal_value=
internal_weight=
internal_count=
is_linear=0
shrinkage=1


Tree=848
num_leaves=1
num_cat=0
split_feature=
split_gain=
threshold=
decision_type=
left_child=
right_child=
leaf_value=0
leaf_weight=
leaf_count=
internal_value=
internal_weight=
internal_count=
is_linear=0
shrinkage=1


Tree=849
num_leaves=4
num_cat=0
split_feature=12 11 7
split_gain=0.00457661 0.0066234 0.00844232
threshold=9.2098472519112615 44.017241379310356 8.0606321839080461
decision_type=2 2 2
left_child=-1 -2 -3
right_child=1 2 -4
leaf_value=0.09222397847853428 -0.081231162837708454 -0.091101467975630984 0.021425779003932267
leaf_weight=0.02779900814973979 0.064290747086504785 0.046440268624577119 0.2640673886449188
leaf_count=29 62 198 270
internal_value=0 -0.0101263 0.00459593
internal_weight=0 0.374798 0.310508
internal_count=559 530 468
is_linear=0
shrinkage=0.243386


Tree=850
num_leaves=3
num_cat=0
split_feature=8 11
split_gain=0.000188142 0.00041748
threshold=14.450416064919883 47.445402298850581
decision_type=2 2
left_child=-1 -2
right_child=1 -3
leaf_value=-0.024765159164213155 -0.0091552365382521622 0.18393751689232402
leaf_weight=0.0013553025293880352 0.0013361687992469642 0.001317072671298547
leaf_count=238 288 33
internal_value=0 0.0866963
internal_weight=0 0.00265324
internal_count=559 321
is_linear=0
shrinkage=0.243386


Tree=851
num_leaves=2
num_cat=0
split_feature=11
split_gain=0.000250198
threshold=49.956896551724149
decision_type=2
left_child=-1
right_child=-2
leaf_value=-0.036351349485089807 0.11205787650584488
leaf_weight=0.0017007611742764594 0.0011134296781428812
leaf_count=489 70
internal_value=0
internal_weight=0
internal_count=559
is_linear=0
shrinkage=0.243386


Tree=852
num_leaves=2
num_cat=0
split_feature=8
split_gain=0.000147287
threshold=9.192421460628319
decision_type=2
left_child=-1
right_child=-2
leaf_value=-0.043374171617108957 0.072166748165123293
leaf_weight=0.0010139569930577427 0.0018387307485310403
leaf_count=154 405
internal_value=0
internal_weight=0
internal_count=559
is_linear=0
shrinkage=0.243386


Tree=853
num_leaves=2
num_cat=0
split_feature=11
split_gain=5.3306e-05
threshold=44.991379310344833
decision_type=2
left_child=-1
right_child=-2
leaf_value=0.011027175121599411 0.086799004271976482
leaf_weight=0.0010480817403028158 0.0011572662988432584
leaf_count=261 298
internal_value=0
internal_weight=0
internal_count=559
is_linear=0
shrinkage=0.243386


Tree=854
num_leaves=5
num_cat=0
split_feature=14 6 5 6
split_gain=0.00436063 0.00487424 0.00457513 0.00450878
threshold=813500.00000000012 151.98308312868446 4.5008908045977014 157.0792745258066
decision_type=2 2 2 2
left_child=-1 2 -2 -3
right_child=1 3 -4 -5
leaf_value=-0.11097458142124261 -0.036009274438883285 -0.078979699523515329 0.12517079175651569 0.010989056580994591
leaf_weight=0.019268548594389229 0.014849973043043363 0.041716159446863799 0.03506577688134449 0.15785819240087681
leaf_count=70 37 37 88 327
internal_value=0 0.00919659 0.0772196 -0.00781672
internal_weight=0 0.24949 0.0499157 0.199574
internal_count=559 489 125 364
is_linear=0
shrinkage=0.243386


Tree=855
num_leaves=7
num_cat=0
split_feature=6 11 7 7 5 5
split_gain=0.00536727 0.00875368 0.00579562 0.00770418 0.00542003 0.00531497
threshold=166.75855747030897 45.732758620689665 8.06350574712644 8.0336206896551747 4.5744252873563225 4.7262931034482767
decision_type=2 2 2 2 2 2
left_child=1 4 3 -2 -1 -4
right_child=2 -3 5 -5 -6 -7
leaf_value=0.0066813896937627289 -0.054643109378848378 0.13918772679611721 -0.02423570304593552 0.21356751250671926 -0.2167555699943671 0.060560347325898857
leaf_weight=0.0094277833116819428 0.0098075725426904903 0.0081406436010150116 0.14956513000098537 0.017964134568351664 0.020232327779735371 0.061911761218318873
leaf_count=92 104 27 123 30 136 47
internal_value=0 -0.084374 0.0143166 0.118849 -0.145734 0.000589103
internal_weight=0 0.0378008 0.239249 0.0277717 0.0296601 0.211477
internal_count=559 255 304 134 228 170
is_linear=0
shrinkage=0.243386


Tree=856
num_leaves=1
num_cat=0
split_feature=
split_gain=
threshold=
decision_type=
left_child=
right_child=
leaf_value=0
leaf_weight=
leaf_count=
internal_value=
internal_weight=
internal_count=
is_linear=0
shrinkage=1


Tree=857
num_leaves=1
num_cat=0
split_feature=
split_gain=
threshold=
decision_type=
left_child=
right_child=
leaf_value=0
leaf_weight=
leaf_count=
internal_value=
internal_weight=
internal_count=
is_linear=0
shrinkage=1


Tree=858
num_leaves=5
num_cat=0
split_feature=7 9 9 7
split_gain=0.00451665 0.00462805 0.00765248 0.00655565
threshold=8.2040229885057485 3.37827731092437 3.4485294117647065 8.1014367816091966
decision_type=2 2 2 2
left_child=1 3 -3 -1
right_child=-2 2 -4 -5
leaf_value=0.05998583606676125 0.090706051282419445 -0.18570720820736034 -0.019295285569913657 -0.021426228265094115
leaf_weight=0.089006187508610002 0.028303398812165592 0.021092043879507194 0.073101799762531172 0.17145668831383887
leaf_count=153 39 29 232 106
internal_value=0 -0.0103255 -0.0565585 0.00639416
internal_weight=0 0.354657 0.0941938 0.260463
internal_count=559 520 261 259
is_linear=0
shrinkage=0.243386


Tree=859
num_leaves=2
num_cat=0
split_feature=8
split_gain=0.000199951
threshold=15.679993678887486
decision_type=2
left_child=-1
right_child=-2
leaf_value=-0.04706812143919048 0.072371399399598801
leaf_weight=0.0016669312134559148 0.0016541938024964412
leaf_count=312 247
internal_value=0
internal_weight=0
internal_count=559
is_linear=0
shrinkage=0.243386


Tree=860
num_leaves=2
num_cat=0
split_feature=10
split_gain=0.00040653
threshold=902.50000000000011
decision_type=2
left_child=-1
right_child=-2
leaf_value=-0.035683389570478133 0.12822225762126779
leaf_weight=0.0017287879541473528 0.0018616757685625009
leaf_count=303 256
internal_value=0
internal_weight=0
internal_count=559
is_linear=0
shrinkage=0.243386


Tree=861
num_leaves=3
num_cat=0
split_feature=8 5
split_gain=0.000423116 0.000234438
threshold=9.0778021393927322 4.1288218390804614
decision_type=2 2
left_child=-1 -2
right_child=1 -3
leaf_value=-0.1100445607260148 0.16033329172903146 -0.0019139447407938023
leaf_weight=0.0010737505706072768 0.0010347376739846537 0.001076284434494759
leaf_count=143 36 380
internal_value=0 0.0776131
internal_weight=0 0.00211102
internal_count=559 416
is_linear=0
shrinkage=0.243386


Tree=862
num_leaves=2
num_cat=0
split_feature=7
split_gain=0.000164795
threshold=7.8683908045977029
decision_type=2
left_child=-1
right_child=-2
leaf_value=0.13492087433938138 0.0023197801096303317
leaf_weight=0.0011131408057494241 0.0011076272642776982
leaf_count=50 509
internal_value=0
internal_weight=0
internal_count=559
is_linear=0
shrinkage=0.243386


Tree=863
num_leaves=7
num_cat=0
split_feature=6 9 12 8 9 8
split_gain=0.00563174 0.005256 0.0110425 0.00584783 0.00191786 0.00246476
threshold=140.46021334470845 3.1855042016806725 10.811758719883921 18.540907563025218 3.0867647058823535 13.665422210154768
decision_type=2 2 2 2 2 2
left_child=4 2 -2 -3 -1 -6
right_child=1 3 -4 -5 5 -7
leaf_value=0.21623844554707464 -0.13945324383185548 -0.0062324531547368793 0.070640048629291186 0.11416003637031404 -0.11668404168668697 0.19069393848422977
leaf_weight=0.0089489115298704569 0.043326897045859569 0.15127369678569025 0.022523395511019978 0.028383673971063672 0.0030319803281972932 0.0031516306294889773
leaf_count=11 101 235 93 24 71 24
internal_value=0 -0.00877181 -0.0675931 0.0127881 0.144213 0.0399788
internal_weight=0 0.245508 0.0658503 0.179657 0.0151325 0.00618361
internal_count=559 453 194 259 106 95
is_linear=0
shrinkage=0.243386


Tree=864
num_leaves=6
num_cat=0
split_feature=6 11 9 6 12
split_gain=0.00510259 0.00628924 0.00496548 0.00602402 0.00154293
threshold=181.92952511009045 45.652298850574716 2.898571428571429 169.11773768427648 11.200298937100628
decision_type=2 2 2 2 2
left_child=2 -2 -1 -4 -3
right_child=1 4 3 -5 -6
leaf_value=-0.10109693984360192 0.21669295987101442 0.035043497329631954 -0.05394699753515516 0.033710264049400404 -0.20162695133846706
leaf_weight=0.02910527648898184 0.013416850793126045 0.0035420272761257357 0.067882253917880636 0.14703074491042223 0.0030255337871686883
leaf_count=74 42 4 244 106 89
internal_value=0 0.121166 -0.00675381 0.00602291 -0.0739855
internal_weight=0 0.0199844 0.244018 0.214913 0.00656756
internal_count=559 135 424 350 93
is_linear=0
shrinkage=0.243386


Tree=865
num_leaves=1
num_cat=0
split_feature=
split_gain=
threshold=
decision_type=
left_child=
right_child=
leaf_value=0
leaf_weight=
leaf_count=
internal_value=
internal_weight=
internal_count=
is_linear=0
shrinkage=1


Tree=866
num_leaves=1
num_cat=0
split_feature=
split_gain=
threshold=
decision_type=
left_child=
right_child=
leaf_value=0
leaf_weight=
leaf_count=
internal_value=
internal_weight=
internal_count=
is_linear=0
shrinkage=1


Tree=867
num_leaves=7
num_cat=0
split_feature=5 10 8 10 7 6
split_gain=0.00418775 0.00866284 0.0073386 0.00625087 0.00641811 0.00402831
threshold=4.5675000000000008 939.50000000000011 15.779060066740826 981.50000000000011 8.1048850574712663 169.98638599548772
decision_type=2 2 2 2 2 2
left_child=3 2 -2 4 -1 -3
right_child=1 5 -4 -5 -6 -7
leaf_value=0.006105520149093136 0.031954458635598898 0.14174100744088869 -0.065669994822747824 -0.1065939896960085 0.14975859552514825 0.0095656683849879819
leaf_weight=0.039706798919246361 0.064090904232937423 0.025294940782611491 0.15820725693344539 0.013628956264270214 0.034370916353222036 0.029691964027752427
leaf_count=161 93 48 112 37 75 33
internal_value=0 -0.0161283 -0.0375238 0.0448883 0.0727583 0.0703686
internal_weight=0 0.277285 0.222298 0.0877067 0.0740777 0.0549869
internal_count=559 286 205 273 236 81
is_linear=0
shrinkage=0.243386


Tree=868
num_leaves=3
num_cat=0
split_feature=9 8
split_gain=0.000167356 0.000161659
threshold=3.7028991596638661 16.086990497624409
decision_type=2 2
left_child=1 -1
right_child=-2 -3
leaf_value=-0.080179249900266203 0.10614377900413206 0.042942152074247869
leaf_weight=0.0011133682465946735 0.0010207610242986714 0.0014602649521353712
leaf_count=234 157 168
internal_value=0 -0.0103209
internal_weight=0 0.00257363
internal_count=559 402
is_linear=0
shrinkage=0.243386


Tree=869
num_leaves=2
num_cat=0
split_feature=9
split_gain=0.000146196
threshold=3.1220588235294122
decision_type=2
left_child=-1
right_child=-2
leaf_value=-0.063716028430873109 0.059085504890860917
leaf_weight=0.0010178291217926632 0.001317788013623714
leaf_count=180 379
internal_value=0
internal_weight=0
internal_count=559
is_linear=0
shrinkage=0.243386


Tree=870
num_leaves=2
num_cat=0
split_feature=7
split_gain=0.000262844
threshold=7.9681034482758628
decision_type=2
left_child=-1
right_child=-2
leaf_value=0.12947244582298453 -0.024877507103706415
leaf_weight=0.0013472810905290611 0.0012692252427019145
leaf_count=105 454
internal_value=0
internal_weight=0
internal_count=559
is_linear=0
shrinkage=0.243386


Tree=871
num_leaves=2
num_cat=0
split_feature=6
split_gain=0.000174754
threshold=117.22009390297683
decision_type=2
left_child=-1
right_child=-2
leaf_value=0.10894810260219234 -0.023263257994494232
leaf_weight=0.0010639282414224296 0.0013357283287852718
leaf_count=66 493
internal_value=0
internal_weight=0
internal_count=559
is_linear=0
shrinkage=0.243386


Tree=872
num_leaves=6
num_cat=0
split_feature=10 10 8 8 10
split_gain=0.00385325 0.00604357 0.0123007 0.0086555 0.00379243
threshold=817.50000000000011 873.50000000000011 17.660865617433419 17.915538132573062 774.50000000000011
decision_type=2 2 2 2 2
left_child=4 3 -3 -2 -1
right_child=1 2 -4 -5 -6
leaf_value=0.0077005459143665751 -0.018483216511988945 0.0050765513065947326 -0.21070100081604198 0.15297113975989701 -0.17523859489438817
leaf_weight=0.012505930202848963 0.03537986513556704 0.13030982368429833 0.017785720194812171 0.034400228469774419 0.014490657884117764
leaf_count=35 121 275 56 19 53
internal_value=0 0.00698731 -0.0208375 0.0660404 -0.0904937
internal_weight=0 0.217876 0.148096 0.0697801 0.0269966
internal_count=559 471 331 140 88
is_linear=0
shrinkage=0.243386


Tree=873
num_leaves=5
num_cat=0
split_feature=9 6 10 6
split_gain=0.00484327 0.00869819 0.00779883 0.00786122
threshold=3.7478151260504204 165.00187963228265 983.50000000000011 173.93716164716167
decision_type=2 2 2 2
left_child=2 -2 3 -1
right_child=1 -3 -4 -5
leaf_value=-0.039014050747738838 -0.066333771185750637 0.1804213906558533 -0.14546944436410189 0.060483267470555206
leaf_weight=0.11251554354739712 0.013941052566359163 0.021532749746621338 0.023654715884846494 0.080832278832965176
leaf_count=223 68 79 39 150
internal_value=0 0.0834477 -0.0135562 0.00258246
internal_weight=0 0.0354738 0.217003 0.193348
internal_count=559 147 412 373
is_linear=0
shrinkage=0.243386


Tree=874
num_leaves=1
num_cat=0
split_feature=
split_gain=
threshold=
decision_type=
left_child=
right_child=
leaf_value=0
leaf_weight=
leaf_count=
internal_value=
internal_weight=
internal_count=
is_linear=0
shrinkage=1


Tree=875
num_leaves=1
num_cat=0
split_feature=
split_gain=
threshold=
decision_type=
left_child=
right_child=
leaf_value=0
leaf_weight=
leaf_count=
internal_value=
internal_weight=
internal_count=
is_linear=0
shrinkage=1


Tree=876
num_leaves=7
num_cat=0
split_feature=8 12 7 12 5 5
split_gain=0.00485792 0.0108402 0.0107691 0.00864377 0.01254 0.00734083
threshold=17.115045362903228 10.024368186444184 8.1250000000000018 10.24379015307721 4.6307758620689663 4.6634195402298859
decision_type=2 2 2 2 2 2
left_child=1 5 -3 -2 -5 -1
right_child=3 2 -4 4 -6 -7
leaf_value=-0.042378274691862949 -0.031436513514398558 -0.016859839161645095 -0.16837325964676461 0.19306806176017691 -0.0008099976600631257 0.10999946979170119
leaf_weight=0.032635517730903653 0.068711234557483514 0.076144005410388599 0.043758407011793302 0.035886796895854889 0.043981918528857022 0.043947744188659967
leaf_count=43 53 257 69 49 37 51
internal_value=0 -0.0264667 -0.0721547 0.0318544 0.0863037 0.0450646
internal_weight=0 0.196486 0.119902 0.14858 0.0798687 0.0765833
internal_count=559 420 326 139 86 94
is_linear=0
shrinkage=0.243386


Tree=877
num_leaves=2
num_cat=0
split_feature=8
split_gain=0.000134801
threshold=16.086990497624409
decision_type=2
left_child=-1
right_child=-2
leaf_value=-0.026074459658137837 0.067969634815736493
leaf_weight=0.0017853717488863878 0.0018265418301197066
leaf_count=348 211
internal_value=0
internal_weight=0
internal_count=559
is_linear=0
shrinkage=0.243386


Tree=878
num_leaves=2
num_cat=0
split_feature=6
split_gain=9.55084e-05
threshold=185.91798650484142
decision_type=2
left_child=-1
right_child=-2
leaf_value=0.094641116400870848 -0.00048870129540271468
leaf_weight=0.0012317685895211674 0.0012694857912560354
leaf_count=452 107
internal_value=0
internal_weight=0
internal_count=559
is_linear=0
shrinkage=0.243386


Tree=879
num_leaves=2
num_cat=0
split_feature=7
split_gain=0.000180459
threshold=7.9640804597701154
decision_type=2
left_child=-1
right_child=-2
leaf_value=0.11503276831754551 -0.020180950561269402
leaf_weight=0.0010475091630701607 0.0013233568346212711
leaf_count=89 470
internal_value=0
internal_weight=0
internal_count=559
is_linear=0
shrinkage=0.243386


Tree=880
num_leaves=1
num_cat=0
split_feature=
split_gain=
threshold=
decision_type=
left_child=
right_child=
leaf_value=0
leaf_weight=
leaf_count=
internal_value=
internal_weight=
internal_count=
is_linear=0
shrinkage=1


Tree=881
num_leaves=6
num_cat=0
split_feature=8 7 10 8 8
split_gain=0.00401966 0.00379164 0.0055662 0.0019201 0.0030821
threshold=14.097167584579074 8.0548850574712656 883.50000000000011 13.876867816091957 12.700353825740825
decision_type=2 2 2 2 2
left_child=3 -2 -3 4 -1
right_child=1 2 -4 -5 -6
leaf_value=-0.21636830440142463 -0.085487598216536148 0.052760829007650445 -0.033939502004831944 0.21213645470003223 0.10696814782934888
leaf_weight=0.002128827471882506 0.033668822778710528 0.077280354885873176 0.10144193059748113 0.0066689927933722961 0.0097195463291370743
leaf_count=200 47 133 152 8 19
internal_value=0 -0.0105644 0.00355013 0.107672 0.0488735
internal_weight=0 0.212391 0.178722 0.0185174 0.0118484
internal_count=559 332 285 227 219
is_linear=0
shrinkage=0.243386


Tree=882
num_leaves=5
num_cat=0
split_feature=8 10 10 15
split_gain=0.00570338 0.00598834 0.0104085 0.00545168
threshold=18.961084638075793 820.50000000000011 837.50000000000011 95.000000000000014
decision_type=2 2 2 2
left_child=1 3 -3 -1
right_child=-2 2 -4 -5
leaf_value=-0.21710460999433179 0.13554947611889206 0.17064744934198345 -0.014098529193422325 -0.0023236764523300165
leaf_weight=0.014706920727529979 0.017223509542178661 0.020218013396355955 0.16960839188236077 0.01335976175945551
leaf_count=16 26 36 413 68
internal_value=0 -0.00993634 0.00557838 -0.114869
internal_weight=0 0.217893 0.189826 0.0280667
internal_count=559 533 449 84
is_linear=0
shrinkage=0.243386


Tree=883
num_leaves=1
num_cat=0
split_feature=
split_gain=
threshold=
decision_type=
left_child=
right_child=
leaf_value=0
leaf_weight=
leaf_count=
internal_value=
internal_weight=
internal_count=
is_linear=0
shrinkage=1


Tree=884
num_leaves=1
num_cat=0
split_feature=
split_gain=
threshold=
decision_type=
left_child=
right_child=
leaf_value=0
leaf_weight=
leaf_count=
internal_value=
internal_weight=
internal_count=
is_linear=0
shrinkage=1


Tree=885
num_leaves=5
num_cat=0
split_feature=13 11 11 5
split_gain=0.00391533 0.00874531 0.0116688 0.006688
threshold=2014.5000000000002 44.686781609195414 44.755747126436795 4.6748275862068978
decision_type=2 2 2 2
left_child=-1 3 -3 -2
right_child=1 2 -4 -5
leaf_value=0.051610141264167755 -0.013488525130038715 0.19394664287035634 -0.0019283739275072717 -0.12567630453696718
leaf_weight=0.068239458208836035 0.079596742664418324 0.02175624407215794 0.10479726094058055 0.052067925428786271
leaf_count=79 91 14 309 66
internal_value=0 -0.0139413 0.0317452 -0.0578541
internal_weight=0 0.258218 0.126554 0.131665
internal_count=559 480 323 157
is_linear=0
shrinkage=0.243386


Tree=886
num_leaves=2
num_cat=0
split_feature=12
split_gain=9.20751e-05
threshold=13.929509020920745
decision_type=2
left_child=-1
right_child=-2
leaf_value=-0.010852450468237459 0.067395803122363054
leaf_weight=0.0017730028560052338 0.0017903102727284126
leaf_count=442 117
internal_value=0
internal_weight=0
internal_count=559
is_linear=0
shrinkage=0.243386


Tree=887
num_leaves=2
num_cat=0
split_feature=11
split_gain=0.000147643
threshold=49.451149425287362
decision_type=2
left_child=-1
right_child=-2
leaf_value=-0.054520528769746703 0.064558151492996901
leaf_weight=0.0012529523647114892 0.0012147886274742337
leaf_count=455 104
internal_value=0
internal_weight=0
internal_count=559
is_linear=0
shrinkage=0.243386


Tree=888
num_leaves=2
num_cat=0
split_feature=7
split_gain=5.7645e-05
threshold=8.0204022988505752
decision_type=2
left_child=-1
right_child=-2
leaf_value=0.072450271144898423 -0.0058745518870701209
leaf_weight=0.0011013792967053556 0.0011253309623113711
leaf_count=152 407
internal_value=0
internal_weight=0
internal_count=559
is_linear=0
shrinkage=0.243386


Tree=889
num_leaves=1
num_cat=0
split_feature=
split_gain=
threshold=
decision_type=
left_child=
right_child=
leaf_value=0
leaf_weight=
leaf_count=
internal_value=
internal_weight=
internal_count=
is_linear=0
shrinkage=1


Tree=890
num_leaves=7
num_cat=0
split_feature=12 12 4 10 7 8
split_gain=0.00475353 0.00469146 0.0088775 0.00486868 0.00273887 0.000308153
threshold=11.346319704188124 10.441033534320297 0.16500000000000004 852.50000000000011 8.1232758620689669 15.679993678887486
decision_type=2 2 2 2 2 2
left_child=1 3 -3 -1 5 -2
right_child=4 2 -4 -5 -6 -7
leaf_value=-0.066366757189917011 0.12586875981059278 -0.17120707122002229 0.03340391729329184 0.034038075825924267 -0.072412194723879053 0.20554653257585098
leaf_weight=0.038400177006777864 0.0044624375823366308 0.027350520344213258 0.023229211011837947 0.11219179416051106 0.0032856351137420586 0.0080842859626303332
leaf_count=59 148 97 26 167 42 20
internal_value=0 -0.013105 -0.0772376 0.00843536 0.125405 0.177208
internal_weight=0 0.201172 0.0505797 0.150592 0.0158324 0.0125467
internal_count=559 349 123 226 210 168
is_linear=0
shrinkage=0.243386


Tree=891
num_leaves=7
num_cat=0
split_feature=6 11 11 10 8 7
split_gain=0.00364118 0.00906758 0.00482746 0.0131014 0.00627492 8.54205e-09
threshold=158.99224028420457 45.87068965517242 44.686781609195414 896.50000000000011 15.939030866246268 8.0227011494252896
decision_type=2 2 2 2 2 2
left_child=1 5 3 -2 -4 -1
right_child=2 -3 4 -5 -6 -7
leaf_value=-0.21695352040478746 -0.036032752717172919 0.21692372680520777 0.064940203264267568 0.14246002557697576 -0.064282213656697035 -0.21651952000245986
leaf_weight=0.0040843276682888856 0.05177046115728956 0.003756427813438208 0.031386886541655196 0.046007336305173396 0.076549836783816938 0.0078489658130108803
leaf_count=55 42 11 165 54 104 128
internal_value=0 -0.112858 0.00878038 0.0479534 -0.0267057 -0.216668
internal_weight=0 0.0156897 0.205715 0.0977778 0.107937 0.0119333
internal_count=559 194 365 96 269 183
is_linear=0
shrinkage=0.243386


Tree=892
num_leaves=1
num_cat=0
split_feature=
split_gain=
threshold=
decision_type=
left_child=
right_child=
leaf_value=0
leaf_weight=
leaf_count=
internal_value=
internal_weight=
internal_count=
is_linear=0
shrinkage=1


Tree=893
num_leaves=1
num_cat=0
split_feature=
split_gain=
threshold=
decision_type=
left_child=
right_child=
leaf_value=0
leaf_weight=
leaf_count=
internal_value=
internal_weight=
internal_count=
is_linear=0
shrinkage=1


Tree=894
num_leaves=7
num_cat=0
split_feature=6 6 9 6 5 7
split_gain=0.00419088 0.00755139 0.00509783 0.00469809 0.00194627 7.6947e-10
threshold=148.55931141344362 161.04138948148065 3.1913025210084043 140.46021334470845 4.716178160919541 8.0709770114942554
decision_type=2 2 2 2 2 2
left_child=3 4 -3 5 -2 -1
right_child=1 2 -4 -5 -6 -7
leaf_value=-0.21664408079775446 0.11867312233204443 0.01522332614259341 -0.06367657399403677 -0.017443769163519009 0.03678030209706927 -0.21651200705988846
leaf_weight=0.0047956364801054509 0.035997046425080725 0.13428069072900328 0.075943991367028785 0.021018192222982179 0.032905694748478709 0.0057415201761875055
leaf_count=71 60 145 198 18 23 44
internal_value=0 0.009639 -0.0132794 -0.0839379 0.0795638 -0.216572
internal_weight=0 0.279127 0.210225 0.0315553 0.0689027 0.0105372
internal_count=559 426 343 133 83 115
is_linear=0
shrinkage=0.243386


Tree=895
num_leaves=3
num_cat=0
split_feature=11 6
split_gain=9.84093e-05 0.000104808
threshold=47.669540229885065 177.33799176277827
decision_type=2 2
left_child=-1 -2
right_child=1 -3
leaf_value=-0.011621134999771531 0.12448687830978661 0.017412130070507598
leaf_weight=0.0013546234191935212 0.001104844690523521 0.0010620625344106988
leaf_count=411 42 106
internal_value=0 0.0720065
internal_weight=0 0.00216691
internal_count=559 148
is_linear=0
shrinkage=0.243386


Tree=896
num_leaves=2
num_cat=0
split_feature=7
split_gain=6.85091e-05
threshold=8.0204022988505752
decision_type=2
left_child=-1
right_child=-2
leaf_value=0.10919698766392835 0.023001955609352566
leaf_weight=0.0011160363402719282 0.0010698551129904388
leaf_count=135 424
internal_value=0
internal_weight=0
internal_count=559
is_linear=0
shrinkage=0.243386


Tree=897
num_leaves=2
num_cat=0
split_feature=9
split_gain=0.000155093
threshold=3.5217226890756304
decision_type=2
left_child=-1
right_child=-2
leaf_value=-0.065153283570256001 0.062317923884830088
leaf_weight=0.0010134926342383653 0.0012788386082120493
leaf_count=343 216
internal_value=0
internal_weight=0
internal_count=559
is_linear=0
shrinkage=0.243386


Tree=898
num_leaves=1
num_cat=0
split_feature=
split_gain=
threshold=
decision_type=
left_child=
right_child=
leaf_value=0
leaf_weight=
leaf_count=
internal_value=
internal_weight=
internal_count=
is_linear=0
shrinkage=1


Tree=899
num_leaves=7
num_cat=0
split_feature=6 6 10 5 6 9
split_gain=0.003812 0.00379974 0.00545422 0.00432697 0.00255956 0.00115018
threshold=148.55931141344362 161.04138948148065 998.50000000000011 4.716178160919541 140.46021334470845 3.0602941176470591
decision_type=2 2 2 2 2 2
left_child=4 3 -3 -2 5 -1
right_child=1 2 -4 -5 -6 -7
leaf_value=0.21618581605451068 -0.11766845325051188 -0.011322734778954215 0.14604539700184319 -0.0014193637901417891 0.018257946905572489 0.070346800203163376
leaf_weight=0.007649093906906046 0.037450453251064247 0.081219589601467718 0.015543063149259712 0.038429709798947442 0.02103587510532634 0.0055116354028150738
leaf_count=10 60 309 34 23 18 105
internal_value=0 -0.0180194 0.0139554 -0.0587938 0.0709259 0.155109
internal_weight=0 0.172643 0.0967627 0.0758802 0.0341966 0.0131607
internal_count=559 426 343 83 133 115
is_linear=0
shrinkage=0.243386


Tree=900
num_leaves=6
num_cat=0
split_feature=6 9 7 11 5
split_gain=0.00435499 0.00514136 0.00629781 0.00462744 6.93793e-05
threshold=181.92952511009045 2.898571428571429 8.0870689655172434 45.652298850574716 4.6634195402298859
decision_type=2 2 2 2 2
left_child=1 -1 -3 -2 -5
right_child=3 2 -4 4 -6
leaf_value=-0.11547077731442063 0.21661057993318064 0.067781216788603771 -0.029910061125178512 -0.0849998999349727 -0.029897876543576569
leaf_weight=0.023909355384759967 0.010530717132908762 0.060889051532604432 0.10918817002111547 0.0029442050257666988 0.0025054614416148979
leaf_count=66 44 191 163 91 4
internal_value=0 -0.00979203 0.00506422 0.122394 -0.059667
internal_weight=0 0.193987 0.170077 0.0159804 0.00544967
internal_count=559 420 354 139 95
is_linear=0
shrinkage=0.243386


Tree=901
num_leaves=1
num_cat=0
split_feature=
split_gain=
threshold=
decision_type=
left_child=
right_child=
leaf_value=0
leaf_weight=
leaf_count=
internal_value=
internal_weight=
internal_count=
is_linear=0
shrinkage=1


Tree=902
num_leaves=1
num_cat=0
split_feature=
split_gain=
threshold=
decision_type=
left_child=
right_child=
leaf_value=0
leaf_weight=
leaf_count=
internal_value=
internal_weight=
internal_count=
is_linear=0
shrinkage=1


Tree=903
num_leaves=5
num_cat=0
split_feature=9 9 7 12
split_gain=0.00486018 0.00487671 0.0059753 0.00417263
threshold=2.869117647058824 2.9275210084033616 8.1571839080459778 10.586295112399117
decision_type=2 2 2 2
left_child=3 -2 -3 -1
right_child=1 2 -4 -5
leaf_value=0.13922170734346734 -0.12496555813899542 -0.023414735564417241 0.073606453438225847 -0.011901522212313996
leaf_weight=0.024968544547746718 0.021422800838799105 0.18394424232900758 0.047264531921498987 0.019103154949711154
leaf_count=38 20 386 62 53
internal_value=0 -0.0138745 -0.00358131 0.0737164
internal_weight=0 0.252632 0.231209 0.0440717
internal_count=559 468 448 91
is_linear=0
shrinkage=0.243386


Tree=904
num_leaves=2
num_cat=0
split_feature=7
split_gain=0.000102009
threshold=8.0669540229885079
decision_type=2
left_child=-1
right_child=-2
leaf_value=0.087437281526114935 -0.0053321971999914126
leaf_weight=0.0010927583059096562 0.0019642098678243737
leaf_count=247 312
internal_value=0
internal_weight=0
internal_count=559
is_linear=0
shrinkage=0.243386


Tree=905
num_leaves=1
num_cat=0
split_feature=
split_gain=
threshold=
decision_type=
left_child=
right_child=
leaf_value=0
leaf_weight=
leaf_count=
internal_value=
internal_weight=
internal_count=
is_linear=0
shrinkage=1


Tree=906
num_leaves=2
num_cat=0
split_feature=11
split_gain=0.00010638
threshold=49.514367816091955
decision_type=2
left_child=-1
right_child=-2
leaf_value=-0.033863994442184617 0.073995263735038369
leaf_weight=0.0011135034464419334 0.0010547667713291728
leaf_count=464 95
internal_value=0
internal_weight=0
internal_count=559
is_linear=0
shrinkage=0.243386


Tree=907
num_leaves=1
num_cat=0
split_feature=
split_gain=
threshold=
decision_type=
left_child=
right_child=
leaf_value=0
leaf_weight=
leaf_count=
internal_value=
internal_weight=
internal_count=
is_linear=0
shrinkage=1


Tree=908
num_leaves=5
num_cat=0
split_feature=12 9 11 13
split_gain=0.00475955 0.0033163 0.00800196 0.00516882
threshold=9.2098472519112615 3.0928571428571439 44.864942528735639 2018.5000000000002
decision_type=2 2 2 2
left_child=-1 2 -2 -3
right_child=1 3 -4 -5
leaf_value=-0.13787317023980203 -0.16222535283828957 -0.049478403694601068 0.074371091981395465 0.053395351649845643
leaf_weight=0.014118150594768536 0.019408199676787068 0.039943395868920276 0.015021846291413499 0.10494470654796383
leaf_count=27 66 136 98 232
internal_value=0 0.0088999 -0.0589982 0.0250347
internal_weight=0 0.179318 0.03443 0.144888
internal_count=559 532 164 368
is_linear=0
shrinkage=0.243386


Tree=909
num_leaves=6
num_cat=0
split_feature=6 6 6 9 10
split_gain=0.00357114 0.00741221 0.00690743 0.00530454 8.12038e-10
threshold=166.75855747030897 167.65313102601894 171.76912829079157 3.659411764705883 847.50000000000011
decision_type=2 2 2 2 2
left_child=3 -2 -3 4 -1
right_child=1 2 -4 -5 -6
leaf_value=-0.21656441259118786 0.14635122074045173 -0.085783726715415676 0.028651363337445657 0.0080073038413765989 -0.2164278047248491
leaf_weight=0.0055949616310358554 0.02224578148983114 0.043714585770159853 0.10954296657365514 0.015620464347669043 0.0047795423137039278
leaf_count=49 12 32 257 67 142
internal_value=0 0.0150667 -0.00398965 -0.0815934 -0.216501
internal_weight=0 0.175503 0.153258 0.025995 0.0103745
internal_count=559 301 289 258 191
is_linear=0
shrinkage=0.243386


Tree=910
num_leaves=1
num_cat=0
split_feature=
split_gain=
threshold=
decision_type=
left_child=
right_child=
leaf_value=0
leaf_weight=
leaf_count=
internal_value=
internal_weight=
internal_count=
is_linear=0
shrinkage=1


Tree=911
num_leaves=1
num_cat=0
split_feature=
split_gain=
threshold=
decision_type=
left_child=
right_child=
leaf_value=0
leaf_weight=
leaf_count=
internal_value=
internal_weight=
internal_count=
is_linear=0
shrinkage=1


Tree=912
num_leaves=6
num_cat=0
split_feature=9 11 10 6 14
split_gain=0.00466185 0.00743168 0.00566867 0.00515914 0.00277831
threshold=3.5652100840336138 44.410919540229891 950.50000000000011 173.93716164716167 1065000.0000000002
decision_type=2 2 2 2 2
left_child=2 -2 3 -1 -3
right_child=1 4 -4 -5 -6
leaf_value=0.012555793308779132 0.066625567789631343 -0.21677601128915253 0.089365503398463844 -0.082205251562016426 -0.035564400036479496
leaf_weight=0.1597562371473048 0.012769372629376583 0.016926292434415992 0.043304066790903872 0.043246755424559857 0.0071201213180820287
leaf_count=169 59 106 68 121 36
internal_value=0 -0.0834335 0.00942176 -0.00763163 -0.163119
internal_weight=0 0.0368158 0.246307 0.203003 0.0240464
internal_count=559 201 358 290 142
is_linear=0
shrinkage=0.243386


Tree=913
num_leaves=2
num_cat=0
split_feature=8
split_gain=0.000106322
threshold=16.086990497624409
decision_type=2
left_child=-1
right_child=-2
leaf_value=-0.016280555140372997 0.07258029867370612
leaf_weight=0.0014655401220864846 0.0017501090104386596
leaf_count=349 210
internal_value=0
internal_weight=0
internal_count=559
is_linear=0
shrinkage=0.243386


Tree=914
num_leaves=2
num_cat=0
split_feature=6
split_gain=8.3094e-05
threshold=185.91798650484142
decision_type=2
left_child=-1
right_child=-2
leaf_value=0.07572069506684681 -0.012598247684832774
leaf_weight=0.0012247541004835045 0.0013017284122967231
leaf_count=435 124
internal_value=0
internal_weight=0
internal_count=559
is_linear=0
shrinkage=0.243386


Tree=915
num_leaves=2
num_cat=0
split_feature=7
split_gain=6.55474e-05
threshold=8.0479885057471279
decision_type=2
left_child=-1
right_child=-2
leaf_value=0.051954155426603456 -0.029082210020007038
leaf_weight=0.0014343936374145183 0.001005922128931401
leaf_count=193 366
internal_value=0
internal_weight=0
internal_count=559
is_linear=0
shrinkage=0.243386


Tree=916
num_leaves=1
num_cat=0
split_feature=
split_gain=
threshold=
decision_type=
left_child=
right_child=
leaf_value=0
leaf_weight=
leaf_count=
internal_value=
internal_weight=
internal_count=
is_linear=0
shrinkage=1


Tree=917
num_leaves=7
num_cat=0
split_feature=12 11 8 10 7 8
split_gain=0.00366941 0.00380498 0.00529856 0.00287277 0.00192232 0.000423276
threshold=11.346319704188124 44.554597701149426 16.58724467622773 938.50000000000011 8.1261494252873572 15.679993678887486
decision_type=2 2 2 2 2 2
left_child=1 2 -1 -3 5 -2
right_child=4 3 -4 -5 -6 -7
leaf_value=0.088960811183445843 0.10347174906705817 -0.071827092912218421 -0.036824930428662202 0.025261042603206579 -0.051247518193606047 0.19967853309494635
leaf_weight=0.040267341767236647 0.004448659802344157 0.067227271960363155 0.039099623386712468 0.024681408009390893 0.0032086980838289545 0.0069272369686204094
leaf_count=102 141 137 67 50 40 22
internal_value=0 -0.0120443 0.0269933 -0.0457548 0.115128 0.162056
internal_weight=0 0.171276 0.079367 0.0919087 0.0145846 0.0113759
internal_count=559 356 169 187 203 163
is_linear=0
shrinkage=0.243386


Tree=918
num_leaves=6
num_cat=0
split_feature=9 6 11 4 14
split_gain=0.00310771 0.00787953 0.0056579 0.00661872 0.00558716
threshold=3.7478151260504204 165.00187963228265 45.146551724137943 0.10500000000000002 917450.00000000012
decision_type=2 2 2 2 2
left_child=2 -2 3 -1 -4
right_child=1 -3 4 -5 -6
leaf_value=0.046159193336854185 -0.095632901999296624 0.17806755649060851 0.058360624039202641 -0.09428531629633928 -0.13382966288681264
leaf_weight=0.094352133737104327 0.0098312108695499667 0.017013316541996115 0.012133424253915989 0.025182382871160369 0.034261567819529978
leaf_count=169 54 79 58 51 148
internal_value=0 0.0778309 -0.0114278 0.0165717 -0.0835672
internal_weight=0 0.0268445 0.16593 0.119535 0.046395
internal_count=559 133 426 220 206
is_linear=0
shrinkage=0.243386


Tree=919
num_leaves=1
num_cat=0
split_feature=
split_gain=
threshold=
decision_type=
left_child=
right_child=
leaf_value=0
leaf_weight=
leaf_count=
internal_value=
internal_weight=
internal_count=
is_linear=0
shrinkage=1


Tree=920
num_leaves=1
num_cat=0
split_feature=
split_gain=
threshold=
decision_type=
left_child=
right_child=
leaf_value=0
leaf_weight=
leaf_count=
internal_value=
internal_weight=
internal_count=
is_linear=0
shrinkage=1


Tree=921
num_leaves=4
num_cat=0
split_feature=12 11 7
split_gain=0.0034915 0.00565694 0.00813599
threshold=9.2098472519112615 44.017241379310356 8.0606321839080461
decision_type=2 2 2
left_child=-1 -2 -3
right_child=1 2 -4
leaf_value=0.099643663387010417 -0.087389240853413111 -0.10977959355028312 0.027918485496517893
leaf_weight=0.018809000262776154 0.044860221358646785 0.029715040648122831 0.17578276363778822
leaf_count=25 65 193 276
internal_value=0 -0.00908626 0.0080073
internal_weight=0 0.250358 0.205498
internal_count=559 534 469
is_linear=0
shrinkage=0.243386


Tree=922
num_leaves=3
num_cat=0
split_feature=13 11
split_gain=0.000196627 5.26335e-05
threshold=2019.5000000000002 48.988505747126446
decision_type=2 2
left_child=1 -1
right_child=-2 -3
leaf_value=-0.041645846625459872 0.11768024426117038 0.034157663607233796
leaf_weight=0.0010114170270669543 0.0013323451692862846 0.0011705658567887633
leaf_count=304 166 89
internal_value=0 -0.000979624
internal_weight=0 0.00218198
internal_count=559 393
is_linear=0
shrinkage=0.243386


Tree=923
num_leaves=2
num_cat=0
split_feature=11
split_gain=0.000147126
threshold=49.623563218390807
decision_type=2
left_child=-1
right_child=-2
leaf_value=0.05686445219045063 -0.05581087020541449
leaf_weight=0.0014600666826482217 0.0012956256379673889
leaf_count=469 90
internal_value=0
internal_weight=0
internal_count=559
is_linear=0
shrinkage=0.243386


Tree=924
num_leaves=3
num_cat=0
split_feature=7 6
split_gain=0.0004422 0.00022783
threshold=7.8755747126436786 188.43203243864619
decision_type=2 2
left_child=-1 -2
right_child=1 -3
leaf_value=0.18352524638236364 0.07439200875756892 -0.082245607695710543
leaf_weight=0.0010502786851525059 0.001041568718471234 0.0011656406709889128
leaf_count=60 408 91
internal_value=0 -0.00832927
internal_weight=0 0.00220721
internal_count=559 499
is_linear=0
shrinkage=0.243386


Tree=925
num_leaves=2
num_cat=0
split_feature=8
split_gain=3.06227e-05
threshold=9.2881868314397753
decision_type=2
left_child=-1
right_child=-2
leaf_value=-0.033867034077478722 0.026330251162687286
leaf_weight=0.0010001235904601726 0.0010022320958104635
leaf_count=161 398
internal_value=0
internal_weight=0
internal_count=559
is_linear=0
shrinkage=0.243386


Tree=926
num_leaves=4
num_cat=0
split_feature=8 8 12
split_gain=0.00303199 0.00758881 0.00571591
threshold=18.540907563025218 17.670634920634924 10.024368186444184
decision_type=2 2 2
left_child=1 2 -1
right_child=-2 -3 -4
leaf_value=-0.072084152640093171 0.067627711304110202 -0.18535526474063088 0.035961480110132109
leaf_weight=0.042932765718955768 0.029967744349180592 0.01436341725751944 0.089401755855838927
leaf_count=114 47 35 363
internal_value=0 -0.0173287 0.000908663
internal_weight=0 0.146698 0.132335
internal_count=559 512 477
is_linear=0
shrinkage=0.243386


Tree=927
num_leaves=6
num_cat=0
split_feature=12 5 14 9 15
split_gain=0.00328295 0.00602889 0.00582352 0.00498567 0.00130652
threshold=11.157520198390307 4.7570689655172425 1065000.0000000002 3.0362184873949585 86.000000000000014
decision_type=2 2 2 2 2
left_child=2 4 3 -1 -2
right_child=1 -3 -4 -5 -6
leaf_value=-0.097598226652300071 -0.056226918638586289 0.1981725970996458 0.10943608346357206 0.016227429445509093 -0.21027938373488494
leaf_weight=0.029090571133607773 0.0047870080345270649 0.0033899439064303599 0.030472495976591629 0.10532524336191618 0.010230936969831697
leaf_count=71 35 13 66 204 170
internal_value=0 -0.0949984 0.0133712 -0.00840697 -0.161175
internal_weight=0 0.0184079 0.164888 0.134416 0.0150179
internal_count=559 218 341 275 205
is_linear=0
shrinkage=0.243386


Tree=928
num_leaves=1
num_cat=0
split_feature=
split_gain=
threshold=
decision_type=
left_child=
right_child=
leaf_value=0
leaf_weight=
leaf_count=
internal_value=
internal_weight=
internal_count=
is_linear=0
shrinkage=1


Tree=929
num_leaves=1
num_cat=0
split_feature=
split_gain=
threshold=
decision_type=
left_child=
right_child=
leaf_value=0
leaf_weight=
leaf_count=
internal_value=
internal_weight=
internal_count=
is_linear=0
shrinkage=1


Tree=930
num_leaves=7
num_cat=0
split_feature=6 6 9 7 9 9
split_gain=0.00321774 0.00516703 0.00527414 0.00283373 0.00120607 0.00337338
threshold=148.55931141344362 161.04138948148065 3.1913025210084043 8.1048850574712663 3.0695378151260511 3.1913025210084043
decision_type=2 2 2 2 2 2
left_child=4 3 -3 -2 -1 -6
right_child=1 2 -4 -5 5 -7
leaf_value=-0.15332416530114076 0.010831719697120223 0.017952463341406991 -0.069702848228987507 0.12267544017335004 0.064658484702035751 -0.15471799621650739
leaf_weight=0.0093607580123329752 0.024296271851653728 0.11436570227769804 0.063094507064745314 0.029974492528708652 0.008376609850947736 0.0082333423317241146
leaf_count=12 50 144 210 37 12 94
internal_value=0 0.0068855 -0.0132127 0.0726046 -0.0834578 -0.0440837
internal_weight=0 0.231731 0.17746 0.0542708 0.0259707 0.01661
internal_count=559 441 354 87 118 106
is_linear=0
shrinkage=0.243386


Tree=931
num_leaves=3
num_cat=0
split_feature=7 11
split_gain=0.000144193 0.00014503
threshold=8.0658045977011508 49.020114942528743
decision_type=2 2
left_child=-1 -2
right_child=1 -3
leaf_value=-0.062737143983420895 -0.0026413045150259205 0.11458924326016272
leaf_weight=0.001051305567110008 0.001570303075854399 0.0010385784287790106
leaf_count=230 286 43
internal_value=0 0.0440274
internal_weight=0 0.00260888
internal_count=559 329
is_linear=0
shrinkage=0.243386


Tree=932
num_leaves=3
num_cat=0
split_feature=6 8
split_gain=0.000227494 0.000149474
threshold=181.00842742398231 7.9051724137931041
decision_type=2 2
left_child=-1 -2
right_child=1 -3
leaf_value=0.11092025659323727 -0.089571162471972179 0.037425660794779339
leaf_weight=0.0010189499307545979 0.0011361000154295198 0.0010623708215318911
leaf_count=392 48 119
internal_value=0 -0.0282023
internal_weight=0 0.00219847
internal_count=559 167
is_linear=0
shrinkage=0.243386


Tree=933
num_leaves=2
num_cat=0
split_feature=8
split_gain=9.27462e-05
threshold=9.2478406750382067
decision_type=2
left_child=-1
right_child=-2
leaf_value=-0.02973092815725728 0.064800687469087945
leaf_weight=0.0010371869843358679 0.0015096561980263695
leaf_count=152 407
internal_value=0
internal_weight=0
internal_count=559
is_linear=0
shrinkage=0.243386


Tree=934
num_leaves=1
num_cat=0
split_feature=
split_gain=
threshold=
decision_type=
left_child=
right_child=
leaf_value=0
leaf_weight=
leaf_count=
internal_value=
internal_weight=
internal_count=
is_linear=0
shrinkage=1


Tree=935
num_leaves=7
num_cat=0
split_feature=6 13 10 10 6 8
split_gain=0.00263782 0.00235818 0.00769271 0.00585131 0.0014387 0.00152206
threshold=149.40031561097331 2018.5000000000002 820.50000000000011 852.50000000000011 140.46021334470845 14.823770491803279
decision_type=2 2 2 2 2 2
left_child=4 2 -2 -3 5 -1
right_child=1 3 -4 -5 -6 -7
leaf_value=0.035035217516461631 0.103481138485345 -0.11512204025152883 -0.14675422395240217 0.030339619608713599 0.021767712156305442 0.2165578714043418
leaf_weight=0.0051144662730724655 0.010364459675445185 0.020494553809679891 0.024432417923712764 0.081619335078767133 0.019210745986434574 0.0058845935144802297
leaf_count=82 25 88 120 204 22 18
internal_value=0 -0.0175013 -0.0722201 0.00114504 0.0619572 0.132151
internal_weight=0 0.136911 0.0347969 0.102114 0.0302098 0.0109991
internal_count=559 437 145 292 122 100
is_linear=0
shrinkage=0.243386


Tree=936
num_leaves=7
num_cat=0
split_feature=6 11 11 6 9 6
split_gain=0.00400929 0.00368006 0.00332601 0.00974874 0.00703332 0.00312181
threshold=181.92952511009045 45.652298850574716 44.686781609195414 171.76912829079157 3.1913025210084043 199.96795976958452
decision_type=2 2 2 2 2 2
left_child=2 -2 3 -1 -4 -3
right_child=1 5 4 -5 -6 -7
leaf_value=-0.042883307940107182 0.21659923088609068 -0.21272089616781095 -0.13497685323490149 0.12815565001475093 0.013386399765790572 0.21632443451820413
leaf_weight=0.050482007629004108 0.0090714567438130445 0.0027510304553680096 0.03149231769400334 0.032415668812063814 0.047441058454893568 0.001582466778939029
leaf_count=133 47 103 88 36 140 12
internal_value=0 0.12846 -0.0100491 0.0239984 -0.0458066 -0.0560461
internal_weight=0 0.013405 0.161831 0.0828977 0.0789334 0.0043335
internal_count=559 162 397 169 228 115
is_linear=0
shrinkage=0.243386


Tree=937
num_leaves=1
num_cat=0
split_feature=
split_gain=
threshold=
decision_type=
left_child=
right_child=
leaf_value=0
leaf_weight=
leaf_count=
internal_value=
internal_weight=
internal_count=
is_linear=0
shrinkage=1


Tree=938
num_leaves=1
num_cat=0
split_feature=
split_gain=
threshold=
decision_type=
left_child=
right_child=
leaf_value=0
leaf_weight=
leaf_count=
internal_value=
internal_weight=
internal_count=
is_linear=0
shrinkage=1


Tree=939
num_leaves=7
num_cat=0
split_feature=9 11 5 11 8 6
split_gain=0.00369454 0.00466375 0.00447553 0.00470335 0.00455095 0.00313789
threshold=3.5652100840336138 44.410919540229891 4.5008908045977014 43.962643678160923 15.209042016806725 174.9923928057286
decision_type=2 2 2 2 2 2
left_child=2 -2 4 -4 -1 -3
right_child=1 5 3 -5 -6 -7
leaf_value=-0.01861228389887222 0.048327628759004378 -0.21668922243934791 -0.075188098236168524 0.016381419594918751 0.18024159137120718 0.004413868519740822
leaf_weight=0.011509080963925195 0.010312432782569957 0.013653227741299959 0.043214553173693743 0.14377532097484449 0.016724250006369346 0.0052698089952607522
leaf_count=106 51 68 37 174 46 77
internal_value=0 -0.0833533 0.00885694 -0.00478088 0.0991805 -0.155115
internal_weight=0 0.0292355 0.215223 0.18699 0.0282333 0.018923
internal_count=559 196 363 211 152 145
is_linear=0
shrinkage=0.243386


Tree=940
num_leaves=2
num_cat=0
split_feature=13
split_gain=9.39664e-05
threshold=2019.5000000000002
decision_type=2
left_child=-1
right_child=-2
leaf_value=-0.013518105969028532 0.077706595805284051
leaf_weight=0.0019807113876921722 0.0010098964756903137
leaf_count=395 164
internal_value=0
internal_weight=0
internal_count=559
is_linear=0
shrinkage=0.243386


Tree=941
num_leaves=2
num_cat=0
split_feature=12
split_gain=0.000236904
threshold=14.727258135727881
decision_type=2
left_child=-1
right_child=-2
leaf_value=-0.057575223626888328 0.092090035605320253
leaf_weight=0.0013980228846452356 0.0011352345011983941
leaf_count=496 63
internal_value=0
internal_weight=0
internal_count=559
is_linear=0
shrinkage=0.243386


Tree=942
num_leaves=2
num_cat=0
split_feature=9
split_gain=0.000145124
threshold=3.5115966386554631
decision_type=2
left_child=-1
right_child=-2
leaf_value=-0.049157876771289771 0.064769655764943188
leaf_weight=0.0011839224968242842 0.001503369552672095
leaf_count=343 216
internal_value=0
internal_weight=0
internal_count=559
is_linear=0
shrinkage=0.243386


Tree=943
num_leaves=1
num_cat=0
split_feature=
split_gain=
threshold=
decision_type=
left_child=
right_child=
leaf_value=0
leaf_weight=
leaf_count=
internal_value=
internal_weight=
internal_count=
is_linear=0
shrinkage=1


Tree=944
num_leaves=8
num_cat=0
split_feature=6 8 11 9 5 7 6
split_gain=0.00250956 0.00605173 0.00598662 0.0044078 0.00504268 0.00465628 9.60934e-09
threshold=169.11773768427648 16.344927536231889 45.212643678160923 3.5724789915966393 4.5951149425287365 8.0761494252873565 170.49706174590207
decision_type=2 2 2 2 2 2 2
left_child=3 2 -2 4 -1 -5 -3
right_child=1 6 -4 5 -6 -7 -8
leaf_value=-0.09882660075985096 0.11896111189736065 -0.21688002749835547 -0.21658024186680402 -0.0063377357095324126 0.022817443066330545 0.15835810831019539 -0.21640676977571199
leaf_weight=0.030069304874355302 0.01121297813266952 0.0051263708719844203 0.004380198026965495 0.019604344319802181 0.061423176678761848 0.021127315610230735 0.0050403330789397238
leaf_count=86 46 6 154 54 100 31 82
internal_value=0 -0.0705487 0.0247059 0.0124887 -0.0171613 0.0790892 -0.216645
internal_weight=0 0.0257599 0.0155932 0.132224 0.0914925 0.0407317 0.0101667
internal_count=559 288 200 271 186 85 88
is_linear=0
shrinkage=0.243386


Tree=945
num_leaves=6
num_cat=0
split_feature=8 8 5 8 6
split_gain=0.00333246 0.00683213 0.00688176 0.00663036 0.00469569
threshold=15.158782788093134 15.939030866246268 4.7365517241379322 14.610289283366207 170.70588937764913
decision_type=2 2 2 2 2
left_child=3 -2 -3 4 -1
right_child=1 2 -4 -5 -6
leaf_value=-0.14142490546387168 0.1408775919874253 -0.042589571746108307 0.092473643402084874 -0.20515711031937101 0.18390189506463628
leaf_weight=0.0043716518496036971 0.021616780814887993 0.087313372592844496 0.030033589330618393 0.012503581038518702 0.0065898195900151169
leaf_count=120 53 170 52 31 133
internal_value=0 0.0151406 -0.00802171 -0.0840219 0.0541551
internal_weight=0 0.138964 0.117347 0.0234651 0.0109615
internal_count=559 275 222 284 253
is_linear=0
shrinkage=0.243386


Tree=946
num_leaves=1
num_cat=0
split_feature=
split_gain=
threshold=
decision_type=
left_child=
right_child=
leaf_value=0
leaf_weight=
leaf_count=
internal_value=
internal_weight=
internal_count=
is_linear=0
shrinkage=1


Tree=947
num_leaves=1
num_cat=0
split_feature=
split_gain=
threshold=
decision_type=
left_child=
right_child=
leaf_value=0
leaf_weight=
leaf_count=
internal_value=
internal_weight=
internal_count=
is_linear=0
shrinkage=1


Tree=948
num_leaves=5
num_cat=0
split_feature=12 10 8 9
split_gain=0.00372346 0.00455671 0.00916205 0.00534565
threshold=9.2098472519112615 939.50000000000011 16.842747445825474 3.0449159663865548
decision_type=2 2 2 2
left_child=-1 3 -3 -2
right_child=1 2 -4 -5
leaf_value=0.10913772553201165 0.031092777286999902 -0.058346273341535811 0.15990497690033878 -0.060472573890093986
leaf_weight=0.016719554967102701 0.057740209366725415 0.021394579566468674 0.024374806794980941 0.1091918650176496
leaf_count=22 128 100 40 269
internal_value=0 -0.0101478 0.057885 -0.028801
internal_weight=0 0.212701 0.0457694 0.166932
internal_count=559 537 140 397
is_linear=0
shrinkage=0.243386


Tree=949
num_leaves=2
num_cat=0
split_feature=9
split_gain=7.06978e-05
threshold=3.0144957983193281
decision_type=2
left_child=-1
right_child=-2
leaf_value=0.067373478787240842 -0.0076752937498286
leaf_weight=0.0014787623232909372 0.0014955270036773357
leaf_count=150 409
internal_value=0
internal_weight=0
internal_count=559
is_linear=0
shrinkage=0.243386


Tree=950
num_leaves=2
num_cat=0
split_feature=5
split_gain=2.41474e-05
threshold=4.1495977011494256
decision_type=2
left_child=-1
right_child=-2
leaf_value=-0.028358999136520256 0.022959578301087715
leaf_weight=0.0010106043361608999 0.0011742085578532197
leaf_count=87 472
internal_value=0
internal_weight=0
internal_count=559
is_linear=0
shrinkage=0.243386


Tree=951
num_leaves=2
num_cat=0
split_feature=10
split_gain=9.65732e-05
threshold=872.50000000000011
decision_type=2
left_child=-1
right_child=-2
leaf_value=-0.043018178001635536 0.055957182736973234
leaf_weight=0.0011450146457489263 0.0011918178030069135
leaf_count=228 331
internal_value=0
internal_weight=0
internal_count=559
is_linear=0
shrinkage=0.243386


Tree=952
num_leaves=1
num_cat=0
split_feature=
split_gain=
threshold=
decision_type=
left_child=
right_child=
leaf_value=0
leaf_weight=
leaf_count=
internal_value=
internal_weight=
internal_count=
is_linear=0
shrinkage=1


Tree=953
num_leaves=6
num_cat=0
split_feature=9 8 12 6 5
split_gain=0.00248823 0.0028655 0.00449 0.00204514 2.32969e-10
threshold=2.8623109243697482 18.540907563025218 10.051485267671277 146.03623903419813 4.7570689655172425
decision_type=2 2 2 2 2
left_child=3 2 -2 -1 -5
right_child=1 -3 -4 4 -6
leaf_value=0.01695734597876053 -0.081331757087194895 0.081494025301412407 0.022845988647146355 -0.21639993820608711 -0.21649887456794906
leaf_weight=0.0036687836710598406 0.036251219038554439 0.024177948095240431 0.075645062459185508 0.0027292365918898257 0.0029164246857718013
leaf_count=6 99 42 323 75 14
internal_value=0 0.00551294 -0.0109046 -0.124516 -0.216451
internal_weight=0 0.136074 0.111896 0.00931444 0.00564566
internal_count=559 464 422 95 89
is_linear=0
shrinkage=0.243386


Tree=954
num_leaves=7
num_cat=0
split_feature=6 9 11 12 12 13
split_gain=0.00296148 0.0039553 0.00383174 0.00667655 0.00403645 5.36766e-10
threshold=166.75855747030897 3.659411764705883 45.364942528735639 10.33893225602562 10.129983639538091 2018.5000000000002
decision_type=2 2 2 2 2 2
left_child=1 5 4 -4 -2 -1
right_child=2 -3 3 -5 -6 -7
leaf_value=-0.21654953134961774 -0.011644081887923952 0.002678063551023012 0.12154724259251552 -0.13720922087997134 0.085039935122769972 -0.21642382055560677
leaf_weight=0.0037508683594576374 0.050350698016785586 0.012284270963810771 0.0082850865217096725 0.020578509764223443 0.051991003374702416 0.004340096915749333
leaf_count=46 46 79 12 175 62 139
internal_value=0 -0.08435 0.0153842 -0.062935 0.0374727 -0.216482
internal_weight=0 0.0203752 0.131205 0.0288636 0.102342 0.00809097
internal_count=559 264 295 187 108 185
is_linear=0
shrinkage=0.243386


Tree=955
num_leaves=2
num_cat=0
split_feature=7
split_gain=6.77458e-05
threshold=8.0278735632183924
decision_type=2
left_child=-1
right_child=-2
leaf_value=0.17672543750576478 0.087444324590928518
leaf_weight=0.0010003074085456179 0.0010135686793101312
leaf_count=173 386
internal_value=0
internal_weight=0
internal_count=559
is_linear=0
shrinkage=0.243386


Tree=956
num_leaves=1
num_cat=0
split_feature=
split_gain=
threshold=
decision_type=
left_child=
right_child=
leaf_value=0
leaf_weight=
leaf_count=
internal_value=
internal_weight=
internal_count=
is_linear=0
shrinkage=1


Tree=957
num_leaves=6
num_cat=0
split_feature=6 11 6 10 7
split_gain=0.00208449 0.00482796 0.00344332 0.00518306 0.00310666
threshold=173.93716164716167 45.364942528735639 167.65313102601894 927.50000000000011 8.2117816091954037
decision_type=2 2 2 2 2
left_child=2 -2 3 -1 -3
right_child=1 4 -4 -5 -6
leaf_value=-0.03437417249686732 -0.084795084355688319 -0.020438862126455994 0.076231701631036861 0.08530629825591228 0.20407074514146661
leaf_weight=0.09443317422990459 0.041045204121223589 0.0084024143549825958 0.038539557699316176 0.027729732563500586 0.0064565108323109697
leaf_count=179 77 129 56 97 21
internal_value=0 -0.0417605 0.0128025 -0.00720793 0.0771152
internal_weight=0 0.0559041 0.160702 0.122163 0.0148589
internal_count=559 227 332 276 150
is_linear=0
shrinkage=0.243386


Tree=958
num_leaves=3
num_cat=0
split_feature=8 11
split_gain=0.000218622 0.000263568
threshold=14.450416064919883 47.669540229885065
decision_type=2 2
left_child=-1 -2
right_child=1 -3
leaf_value=-0.044126101697750893 0.0079415768585567436 0.17018302602545607
leaf_weight=0.0012273334385738688 0.0012949977012151597 0.0010944180243583901
leaf_count=251 271 37
internal_value=0 0.0822526
internal_weight=0 0.00238942
internal_count=559 308
is_linear=0
shrinkage=0.243386


Tree=959
num_leaves=2
num_cat=0
split_feature=11
split_gain=9.57512e-05
threshold=49.40517241379311
decision_type=2
left_child=-1
right_child=-2
leaf_value=0.085464203984826626 -0.013045493218811153
leaf_weight=0.001124053396129099 0.0012176477006674707
leaf_count=453 106
internal_value=0
internal_weight=0
internal_count=559
is_linear=0
shrinkage=0.243386


Tree=960
num_leaves=2
num_cat=0
split_feature=7
split_gain=5.096e-05
threshold=8.0014367816091987
decision_type=2
left_child=-1
right_child=-2
leaf_value=0.045865439232556753 -0.028549579540491272
leaf_weight=0.0010264903336296134 0.0011624721705543347
leaf_count=136 423
internal_value=0
internal_weight=0
internal_count=559
is_linear=0
shrinkage=0.243386


Tree=961
num_leaves=1
num_cat=0
split_feature=
split_gain=
threshold=
decision_type=
left_child=
right_child=
leaf_value=0
leaf_weight=
leaf_count=
internal_value=
internal_weight=
internal_count=
is_linear=0
shrinkage=1


Tree=962
num_leaves=7
num_cat=0
split_feature=6 9 9 4 12 8
split_gain=0.00249904 0.00279171 0.0024333 0.00856382 0.00350162 0.00211959
threshold=140.46021334470845 3.1086974789915973 3.0928571428571439 0.64000000000000012 10.298337746940438 12.700353825740825
decision_type=2 2 2 2 2 2
left_child=1 -1 3 -2 -4 -3
right_child=2 5 4 -5 -6 -7
leaf_value=0.21537999039995853 -0.17923544309789813 -0.21637765906502535 0.030726004588703823 0.15108954050321685 -0.065542249508056163 0.16782771949662256
leaf_weight=0.0060424052298628794 0.016439872781449996 0.0020580728663799341 0.074038974417680592 0.0064823811233054576 0.032079092617785812 0.0014497455878199617
leaf_count=12 153 82 87 6 198 21
internal_value=0 0.115118 -0.0139088 -0.08582 0.00162447 -0.0575895
internal_weight=0 0.00955022 0.12904 0.0229223 0.106118 0.00350782
internal_count=559 115 444 159 285 103
is_linear=0
shrinkage=0.243386


Tree=963
num_leaves=6
num_cat=0
split_feature=8 8 6 8 5
split_gain=0.00313669 0.00492155 0.00373876 0.00372928 0.00454483
threshold=15.158782788093134 14.610289283366207 165.00187963228265 15.939030866246268 4.7365517241379322
decision_type=2 2 2 2 2
left_child=1 2 -1 -2 -5
right_child=3 -3 -4 4 -6
leaf_value=-0.21643753915837413 0.1188539820200563 -0.20394562620216039 0.13619209925265638 -0.031907492945644031 0.08343257477208578
leaf_weight=0.0024362340380695013 0.017646274115281302 0.010414271415814538 0.0066229147455206389 0.078133827810729806 0.02731071588247147
leaf_count=109 52 32 142 168 56
internal_value=0 -0.0898275 0.0413611 0.0152967 -0.00203378
internal_weight=0 0.0194734 0.00905915 0.123091 0.105445
internal_count=559 283 251 276 224
is_linear=0
shrinkage=0.243386


Tree=964
num_leaves=1
num_cat=0
split_feature=
split_gain=
threshold=
decision_type=
left_child=
right_child=
leaf_value=0
leaf_weight=
leaf_count=
internal_value=
internal_weight=
internal_count=
is_linear=0
shrinkage=1


Tree=965
num_leaves=1
num_cat=0
split_feature=
split_gain=
threshold=
decision_type=
left_child=
right_child=
leaf_value=0
leaf_weight=
leaf_count=
internal_value=
internal_weight=
internal_count=
is_linear=0
shrinkage=1


Tree=966
num_leaves=7
num_cat=0
split_feature=9 11 5 7 13 6
split_gain=0.00243111 0.00382891 0.00271641 0.00388025 0.00285781 0.0021719
threshold=3.5652100840336138 44.410919540229891 4.5008908045977014 8.0761494252873565 2014.5000000000002 176.78721580027999
decision_type=2 2 2 2 2 2
left_child=2 -2 3 -1 -4 -3
right_child=1 5 4 -5 -6 -7
leaf_value=-0.046869793883508683 0.046085506934700433 -0.21657799689107923 0.05782924811017183 0.15705669323593813 -0.020663576388478159 -0.0058466899567686413
leaf_weight=0.0085551057328689117 0.0093545376360372693 0.0099153780304415996 0.035576039711533614 0.015616488842194798 0.12069030569972544 0.0040931378132065292
leaf_count=90 46 76 30 62 184 71
internal_value=0 -0.0744884 0.00895122 0.0848805 -0.00279368 -0.155005
internal_weight=0 0.0233631 0.180438 0.0241716 0.156266 0.0140085
internal_count=559 193 366 152 214 147
is_linear=0
shrinkage=0.243386


Tree=967
num_leaves=2
num_cat=0
split_feature=9
split_gain=8.45162e-05
threshold=3.0275210084033621
decision_type=2
left_child=-1
right_child=-2
leaf_value=0.080239877997234088 -0.0026988564034426833
leaf_weight=0.0013262877149005814 0.001612885936397933
leaf_count=147 412
internal_value=0
internal_weight=0
internal_count=559
is_linear=0
shrinkage=0.243386


Tree=968
num_leaves=2
num_cat=0
split_feature=5
split_gain=0.000134719
threshold=4.1616091954023
decision_type=2
left_child=-1
right_child=-2
leaf_value=0.045062287121695938 -0.064636326873784317
leaf_weight=0.001325106898256496 0.0013275238096891809
leaf_count=86 473
internal_value=0
internal_weight=0
internal_count=559
is_linear=0
shrinkage=0.243386


Tree=969
num_leaves=2
num_cat=0
split_feature=6
split_gain=0.000193687
threshold=191.00654598074823
decision_type=2
left_child=-1
right_child=-2
leaf_value=-0.077563030348996143 0.063509425713447698
leaf_weight=0.0013085272332974867 0.0010305531344480673
leaf_count=471 88
internal_value=0
internal_weight=0
internal_count=559
is_linear=0
shrinkage=0.243386


Tree=970
num_leaves=1
num_cat=0
split_feature=
split_gain=
threshold=
decision_type=
left_child=
right_child=
leaf_value=0
leaf_weight=
leaf_count=
internal_value=
internal_weight=
internal_count=
is_linear=0
shrinkage=1


Tree=971
num_leaves=7
num_cat=0
split_feature=14 6 5 8 6 6
split_gain=0.00757891 0.00257721 0.0021182 0.00185907 1.4383e-09 1.6633e-10
threshold=967450.00000000012 149.40031561097331 4.5744252873563225 15.03835978835979 155.86372009539494 161.76451489639669
decision_type=2 2 2 2 2 2
left_child=1 3 -3 -1 -2 -6
right_child=4 2 -4 -5 5 -7
leaf_value=0.0028827310720688955 -0.21662759418871888 -0.06454123841851328 0.016250252170515553 0.14987952787322351 -0.21647709682257632 -0.21638311895530599
leaf_weight=0.0086666240148920853 0.0047350227900559982 0.025771639122810497 0.075653900706143251 0.012371871027109904 0.0025342185488383961 0.0019929253532860874
leaf_count=72 26 163 157 32 12 97
internal_value=0 0.0118021 -0.0042784 0.0893255 -0.216534 -0.216436
internal_weight=0 0.122464 0.101426 0.0210385 0.00926217 0.00452714
internal_count=559 424 320 104 135 109
is_linear=0
shrinkage=0.243386


end of trees

feature_importances:
max_speed=607
driver_accident_mean=598
avg_destroy_degree=462
driver_rating_mean=451
mean_rating=387
speed_avg_mean=341
speed_avg_std=272
total_work_duration=204
min_rating=115
price=104
year=45
fuel_type=15
power=14
model=12
car_type=2

parameters:
[boosting: gbdt]
[objective: multiclass]
[metric: multi_logloss]
[tree_learner: serial]
[device_type: cpu]
[data_sample_strategy: goss]
[data: ]
[valid: ]
[num_iterations: 108]
[learning_rate: 0.243386]
[num_leaves: 499]
[num_threads: 6]
[seed: 42]
[deterministic: 0]
[force_col_wise: 0]
[force_row_wise: 0]
[histogram_pool_size: -1]
[max_depth: 3]
[min_data_in_leaf: 40]
[min_sum_hessian_in_leaf: 0.001]
[bagging_fraction: 1]
[pos_bagging_fraction: 1]
[neg_bagging_fraction: 1]
[bagging_freq: 0]
[bagging_seed: 400]
[feature_fraction: 1]
[feature_fraction_bynode: 1]
[feature_fraction_seed: 30056]
[extra_trees: 0]
[extra_seed: 12879]
[early_stopping_round: 0]
[early_stopping_min_delta: 0]
[first_metric_only: 0]
[max_delta_step: 0]
[lambda_l1: 0]
[lambda_l2: 0]
[linear_lambda: 0]
[min_gain_to_split: 0]
[drop_rate: 0.1]
[max_drop: 50]
[skip_drop: 0.5]
[xgboost_dart_mode: 0]
[uniform_drop: 0]
[drop_seed: 17869]
[top_rate: 0.2]
[other_rate: 0.1]
[min_data_per_group: 100]
[max_cat_threshold: 32]
[cat_l2: 10]
[cat_smooth: 10]
[max_cat_to_onehot: 4]
[top_k: 20]
[monotone_constraints: ]
[monotone_constraints_method: basic]
[monotone_penalty: 0]
[feature_contri: ]
[forcedsplits_filename: ]
[refit_decay_rate: 0.9]
[cegb_tradeoff: 1]
[cegb_penalty_split: 0]
[cegb_penalty_feature_lazy: ]
[cegb_penalty_feature_coupled: ]
[path_smooth: 0]
[interaction_constraints: ]
[verbosity: -1]
[saved_feature_importance_type: 0]
[use_quantized_grad: 0]
[num_grad_quant_bins: 4]
[quant_train_renew_leaf: 0]
[stochastic_rounding: 1]
[linear_tree: 0]
[max_bin: 255]
[max_bin_by_feature: ]
[min_data_in_bin: 3]
[bin_construct_sample_cnt: 200000]
[data_random_seed: 175]
[is_enable_sparse: 1]
[enable_bundle: 1]
[use_missing: 1]
[zero_as_missing: 0]
[feature_pre_filter: 1]
[pre_partition: 0]
[two_round: 0]
[header: 0]
[label_column: ]
[weight_column: ]
[group_column: ]
[ignore_column: ]
[categorical_feature: 0,1,2,3]
[forcedbins_filename: ]
[precise_float_parser: 0]
[parser_config_file: ]
[objective_seed: 16083]
[num_class: 9]
[is_unbalance: 0]
[scale_pos_weight: 1]
[sigmoid: 1]
[boost_from_average: 1]
[reg_sqrt: 0]
[alpha: 0.9]
[fair_c: 1]
[poisson_max_delta_step: 0.7]
[tweedie_variance_power: 1.5]
[lambdarank_truncation_level: 30]
[lambdarank_norm: 1]
[label_gain: ]
[lambdarank_position_bias_regularization: 0]
[eval_at: ]
[multi_error_top_k: 1]
[auc_mu_weights: ]
[num_machines: 1]
[local_listen_port: 12400]
[time_out: 120]
[machine_list_filename: ]
[machines: ]
[gpu_platform_id: -1]
[gpu_device_id: -1]
[gpu_use_dp: 0]
[num_gpu: 1]

end of parameters

pandas_categorical:[["Audi A3", "Audi A4", "Audi Q3", "BMW 320i", "Fiat 500", "Hyundai Solaris", "Kia Rio", "Kia Rio X", "Kia Rio X-line", "Kia Sportage", "MINI CooperSE", "Mercedes-Benz E200", "Mercedes-Benz GLC", "Mini Cooper", "Nissan Qashqai", "Renault Kaptur", "Renault Sandero", "Skoda Rapid", "Smart Coupe", "Smart ForFour", "Smart ForTwo", "Tesla Model 3", "VW Polo", "VW Polo VI", "VW Tiguan", "Volkswagen ID.4 "], ["business", "economy", "premium", "standart"], ["electro", "petrol"], ["unknown", "\u041a\u043b\u0430\u0441\u0441\u0438\u0447\u0435\u0441\u043a\u0438\u0439 \u0430\u0432\u0442\u043e\u043c\u0430\u0442", "\u041c\u0435\u0445\u0430\u043d\u0438\u0447\u0435\u0441\u043a\u0430\u044f", "\u0420\u043e\u0431\u043e\u0442 \u0441 \u043e\u0434\u043d\u0438\u043c \u0441\u0446\u0435\u043f\u043b\u0435\u043d\u0438\u0435\u043c"]]
